<?xml version="1.0" encoding="UTF-8"?>
<gpx creator="StravaGPX" version="1.1" xmlns="http://www.topografix.com/GPX/1/1" xmlns:xsi="http://www.w3.org/2001/XMLSchema-instance" xsi:schemaLocation="http://www.topografix.com/GPX/1/1 http://www.topografix.com/GPX/1/1/gpx.xsd">
 <metadata>
  <time>2025-04-05T01:36:29Z</time>
 </metadata>
 <trk>
  <name>Rumah</name>
  <type>cycling</type>
  <trkseg>
   <trkpt lat="-6.8688520" lon="109.1284750">
    <ele>6.7</ele>
    <time>2025-04-05T01:36:29Z</time>
   </trkpt>
   <trkpt lat="-6.8688560" lon="109.1284490">
    <ele>6.7</ele>
    <time>2025-04-05T01:36:30Z</time>
   </trkpt>
   <trkpt lat="-6.8688560" lon="109.1284530">
    <ele>6.7</ele>
    <time>2025-04-05T01:36:31Z</time>
   </trkpt>
   <trkpt lat="-6.8688480" lon="109.1284610">
    <ele>6.7</ele>
    <time>2025-04-05T01:36:32Z</time>
   </trkpt>
   <trkpt lat="-6.8688420" lon="109.1284660">
    <ele>6.7</ele>
    <time>2025-04-05T01:36:33Z</time>
   </trkpt>
   <trkpt lat="-6.8688350" lon="109.1284680">
    <ele>6.7</ele>
    <time>2025-04-05T01:36:34Z</time>
   </trkpt>
   <trkpt lat="-6.8688310" lon="109.1284620">
    <ele>6.7</ele>
    <time>2025-04-05T01:36:35Z</time>
   </trkpt>
   <trkpt lat="-6.8688270" lon="109.1284520">
    <ele>6.7</ele>
    <time>2025-04-05T01:36:36Z</time>
   </trkpt>
   <trkpt lat="-6.8688180" lon="109.1284370">
    <ele>6.7</ele>
    <time>2025-04-05T01:36:37Z</time>
   </trkpt>
   <trkpt lat="-6.8688100" lon="109.1284270">
    <ele>6.7</ele>
    <time>2025-04-05T01:36:38Z</time>
   </trkpt>
   <trkpt lat="-6.8688080" lon="109.1284130">
    <ele>6.7</ele>
    <time>2025-04-05T01:36:39Z</time>
   </trkpt>
   <trkpt lat="-6.8688090" lon="109.1283980">
    <ele>6.7</ele>
    <time>2025-04-05T01:36:40Z</time>
   </trkpt>
   <trkpt lat="-6.8688100" lon="109.1283840">
    <ele>6.7</ele>
    <time>2025-04-05T01:36:41Z</time>
   </trkpt>
   <trkpt lat="-6.8688100" lon="109.1283750">
    <ele>6.7</ele>
    <time>2025-04-05T01:36:42Z</time>
   </trkpt>
   <trkpt lat="-6.8688110" lon="109.1283750">
    <ele>6.7</ele>
    <time>2025-04-05T01:36:43Z</time>
   </trkpt>
   <trkpt lat="-6.8688140" lon="109.1283800">
    <ele>6.7</ele>
    <time>2025-04-05T01:36:44Z</time>
   </trkpt>
   <trkpt lat="-6.8688140" lon="109.1283780">
    <ele>6.7</ele>
    <time>2025-04-05T01:36:45Z</time>
   </trkpt>
   <trkpt lat="-6.8688140" lon="109.1283770">
    <ele>6.7</ele>
    <time>2025-04-05T01:36:46Z</time>
   </trkpt>
   <trkpt lat="-6.8688080" lon="109.1283790">
    <ele>6.7</ele>
    <time>2025-04-05T01:36:47Z</time>
   </trkpt>
   <trkpt lat="-6.8688010" lon="109.1283820">
    <ele>6.7</ele>
    <time>2025-04-05T01:36:48Z</time>
   </trkpt>
   <trkpt lat="-6.8687890" lon="109.1283880">
    <ele>6.7</ele>
    <time>2025-04-05T01:36:49Z</time>
   </trkpt>
   <trkpt lat="-6.8687750" lon="109.1283900">
    <ele>6.7</ele>
    <time>2025-04-05T01:36:50Z</time>
   </trkpt>
   <trkpt lat="-6.8687620" lon="109.1283900">
    <ele>6.7</ele>
    <time>2025-04-05T01:36:51Z</time>
   </trkpt>
   <trkpt lat="-6.8687530" lon="109.1283870">
    <ele>6.7</ele>
    <time>2025-04-05T01:36:52Z</time>
   </trkpt>
   <trkpt lat="-6.8687490" lon="109.1283850">
    <ele>6.6</ele>
    <time>2025-04-05T01:36:53Z</time>
   </trkpt>
   <trkpt lat="-6.8687470" lon="109.1283840">
    <ele>6.6</ele>
    <time>2025-04-05T01:36:54Z</time>
   </trkpt>
   <trkpt lat="-6.8687180" lon="109.1283680">
    <ele>6.6</ele>
    <time>2025-04-05T01:36:55Z</time>
   </trkpt>
   <trkpt lat="-6.8687050" lon="109.1283630">
    <ele>6.6</ele>
    <time>2025-04-05T01:36:56Z</time>
   </trkpt>
   <trkpt lat="-6.8686750" lon="109.1283570">
    <ele>6.6</ele>
    <time>2025-04-05T01:36:57Z</time>
   </trkpt>
   <trkpt lat="-6.8686440" lon="109.1283560">
    <ele>6.6</ele>
    <time>2025-04-05T01:36:58Z</time>
   </trkpt>
   <trkpt lat="-6.8686130" lon="109.1283580">
    <ele>6.6</ele>
    <time>2025-04-05T01:36:59Z</time>
   </trkpt>
   <trkpt lat="-6.8685840" lon="109.1283620">
    <ele>6.6</ele>
    <time>2025-04-05T01:37:00Z</time>
   </trkpt>
   <trkpt lat="-6.8685520" lon="109.1283660">
    <ele>6.6</ele>
    <time>2025-04-05T01:37:01Z</time>
   </trkpt>
   <trkpt lat="-6.8685190" lon="109.1283700">
    <ele>6.6</ele>
    <time>2025-04-05T01:37:02Z</time>
   </trkpt>
   <trkpt lat="-6.8684880" lon="109.1283780">
    <ele>6.6</ele>
    <time>2025-04-05T01:37:03Z</time>
   </trkpt>
   <trkpt lat="-6.8684580" lon="109.1283860">
    <ele>6.5</ele>
    <time>2025-04-05T01:37:04Z</time>
   </trkpt>
   <trkpt lat="-6.8684270" lon="109.1283910">
    <ele>6.5</ele>
    <time>2025-04-05T01:37:05Z</time>
   </trkpt>
   <trkpt lat="-6.8683930" lon="109.1283910">
    <ele>6.5</ele>
    <time>2025-04-05T01:37:06Z</time>
   </trkpt>
   <trkpt lat="-6.8683570" lon="109.1283980">
    <ele>6.5</ele>
    <time>2025-04-05T01:37:07Z</time>
   </trkpt>
   <trkpt lat="-6.8683200" lon="109.1284090">
    <ele>6.5</ele>
    <time>2025-04-05T01:37:08Z</time>
   </trkpt>
   <trkpt lat="-6.8682810" lon="109.1284190">
    <ele>6.5</ele>
    <time>2025-04-05T01:37:09Z</time>
   </trkpt>
   <trkpt lat="-6.8682420" lon="109.1284280">
    <ele>6.4</ele>
    <time>2025-04-05T01:37:10Z</time>
   </trkpt>
   <trkpt lat="-6.8682050" lon="109.1284330">
    <ele>6.4</ele>
    <time>2025-04-05T01:37:11Z</time>
   </trkpt>
   <trkpt lat="-6.8681730" lon="109.1284310">
    <ele>6.4</ele>
    <time>2025-04-05T01:37:12Z</time>
   </trkpt>
   <trkpt lat="-6.8681420" lon="109.1284280">
    <ele>6.4</ele>
    <time>2025-04-05T01:37:13Z</time>
   </trkpt>
   <trkpt lat="-6.8681040" lon="109.1284270">
    <ele>6.4</ele>
    <time>2025-04-05T01:37:14Z</time>
   </trkpt>
   <trkpt lat="-6.8680640" lon="109.1284270">
    <ele>6.4</ele>
    <time>2025-04-05T01:37:15Z</time>
   </trkpt>
   <trkpt lat="-6.8680280" lon="109.1284290">
    <ele>6.4</ele>
    <time>2025-04-05T01:37:16Z</time>
   </trkpt>
   <trkpt lat="-6.8679950" lon="109.1284320">
    <ele>6.3</ele>
    <time>2025-04-05T01:37:17Z</time>
   </trkpt>
   <trkpt lat="-6.8679670" lon="109.1284330">
    <ele>6.3</ele>
    <time>2025-04-05T01:37:18Z</time>
   </trkpt>
   <trkpt lat="-6.8679310" lon="109.1284390">
    <ele>6.3</ele>
    <time>2025-04-05T01:37:19Z</time>
   </trkpt>
   <trkpt lat="-6.8679190" lon="109.1284410">
    <ele>6.3</ele>
    <time>2025-04-05T01:37:20Z</time>
   </trkpt>
   <trkpt lat="-6.8678900" lon="109.1284460">
    <ele>6.3</ele>
    <time>2025-04-05T01:37:21Z</time>
   </trkpt>
   <trkpt lat="-6.8678570" lon="109.1284490">
    <ele>6.3</ele>
    <time>2025-04-05T01:37:22Z</time>
   </trkpt>
   <trkpt lat="-6.8678140" lon="109.1284530">
    <ele>6.3</ele>
    <time>2025-04-05T01:37:23Z</time>
   </trkpt>
   <trkpt lat="-6.8677730" lon="109.1284540">
    <ele>6.3</ele>
    <time>2025-04-05T01:37:24Z</time>
   </trkpt>
   <trkpt lat="-6.8677350" lon="109.1284530">
    <ele>6.3</ele>
    <time>2025-04-05T01:37:25Z</time>
   </trkpt>
   <trkpt lat="-6.8677020" lon="109.1284530">
    <ele>6.3</ele>
    <time>2025-04-05T01:37:26Z</time>
   </trkpt>
   <trkpt lat="-6.8676730" lon="109.1284520">
    <ele>6.3</ele>
    <time>2025-04-05T01:37:27Z</time>
   </trkpt>
   <trkpt lat="-6.8676430" lon="109.1284310">
    <ele>6.3</ele>
    <time>2025-04-05T01:37:28Z</time>
   </trkpt>
   <trkpt lat="-6.8676360" lon="109.1284170">
    <ele>6.2</ele>
    <time>2025-04-05T01:37:29Z</time>
   </trkpt>
   <trkpt lat="-6.8676240" lon="109.1283830">
    <ele>6.1</ele>
    <time>2025-04-05T01:37:30Z</time>
   </trkpt>
   <trkpt lat="-6.8676220" lon="109.1283530">
    <ele>6.0</ele>
    <time>2025-04-05T01:37:31Z</time>
   </trkpt>
   <trkpt lat="-6.8676160" lon="109.1283220">
    <ele>6.0</ele>
    <time>2025-04-05T01:37:32Z</time>
   </trkpt>
   <trkpt lat="-6.8676150" lon="109.1282820">
    <ele>5.9</ele>
    <time>2025-04-05T01:37:33Z</time>
   </trkpt>
   <trkpt lat="-6.8676220" lon="109.1282170">
    <ele>5.8</ele>
    <time>2025-04-05T01:37:34Z</time>
   </trkpt>
   <trkpt lat="-6.8676230" lon="109.1281580">
    <ele>5.8</ele>
    <time>2025-04-05T01:37:35Z</time>
   </trkpt>
   <trkpt lat="-6.8676190" lon="109.1281030">
    <ele>5.7</ele>
    <time>2025-04-05T01:37:36Z</time>
   </trkpt>
   <trkpt lat="-6.8676170" lon="109.1280520">
    <ele>5.7</ele>
    <time>2025-04-05T01:37:37Z</time>
   </trkpt>
   <trkpt lat="-6.8676160" lon="109.1280160">
    <ele>5.7</ele>
    <time>2025-04-05T01:37:38Z</time>
   </trkpt>
   <trkpt lat="-6.8676190" lon="109.1279880">
    <ele>5.7</ele>
    <time>2025-04-05T01:37:39Z</time>
   </trkpt>
   <trkpt lat="-6.8676180" lon="109.1279570">
    <ele>5.7</ele>
    <time>2025-04-05T01:37:40Z</time>
   </trkpt>
   <trkpt lat="-6.8676140" lon="109.1279240">
    <ele>5.7</ele>
    <time>2025-04-05T01:37:41Z</time>
   </trkpt>
   <trkpt lat="-6.8676100" lon="109.1278900">
    <ele>5.7</ele>
    <time>2025-04-05T01:37:42Z</time>
   </trkpt>
   <trkpt lat="-6.8676050" lon="109.1278550">
    <ele>5.7</ele>
    <time>2025-04-05T01:37:43Z</time>
   </trkpt>
   <trkpt lat="-6.8676040" lon="109.1278210">
    <ele>5.8</ele>
    <time>2025-04-05T01:37:44Z</time>
   </trkpt>
   <trkpt lat="-6.8676030" lon="109.1277870">
    <ele>5.8</ele>
    <time>2025-04-05T01:37:45Z</time>
   </trkpt>
   <trkpt lat="-6.8676000" lon="109.1277550">
    <ele>5.8</ele>
    <time>2025-04-05T01:37:46Z</time>
   </trkpt>
   <trkpt lat="-6.8675970" lon="109.1277210">
    <ele>5.8</ele>
    <time>2025-04-05T01:37:47Z</time>
   </trkpt>
   <trkpt lat="-6.8675930" lon="109.1276910">
    <ele>5.8</ele>
    <time>2025-04-05T01:37:48Z</time>
   </trkpt>
   <trkpt lat="-6.8675880" lon="109.1276620">
    <ele>5.8</ele>
    <time>2025-04-05T01:37:49Z</time>
   </trkpt>
   <trkpt lat="-6.8675830" lon="109.1276350">
    <ele>5.8</ele>
    <time>2025-04-05T01:37:50Z</time>
   </trkpt>
   <trkpt lat="-6.8675740" lon="109.1275960">
    <ele>5.9</ele>
    <time>2025-04-05T01:37:51Z</time>
   </trkpt>
   <trkpt lat="-6.8675700" lon="109.1275820">
    <ele>5.9</ele>
    <time>2025-04-05T01:37:52Z</time>
   </trkpt>
   <trkpt lat="-6.8675590" lon="109.1275500">
    <ele>5.9</ele>
    <time>2025-04-05T01:37:53Z</time>
   </trkpt>
   <trkpt lat="-6.8675510" lon="109.1275200">
    <ele>5.9</ele>
    <time>2025-04-05T01:37:54Z</time>
   </trkpt>
   <trkpt lat="-6.8675500" lon="109.1274880">
    <ele>6.0</ele>
    <time>2025-04-05T01:37:55Z</time>
   </trkpt>
   <trkpt lat="-6.8675530" lon="109.1274570">
    <ele>6.0</ele>
    <time>2025-04-05T01:37:56Z</time>
   </trkpt>
   <trkpt lat="-6.8675520" lon="109.1274290">
    <ele>6.0</ele>
    <time>2025-04-05T01:37:57Z</time>
   </trkpt>
   <trkpt lat="-6.8675540" lon="109.1273920">
    <ele>6.1</ele>
    <time>2025-04-05T01:37:58Z</time>
   </trkpt>
   <trkpt lat="-6.8675530" lon="109.1273800">
    <ele>6.1</ele>
    <time>2025-04-05T01:37:59Z</time>
   </trkpt>
   <trkpt lat="-6.8675420" lon="109.1273450">
    <ele>6.1</ele>
    <time>2025-04-05T01:38:00Z</time>
   </trkpt>
   <trkpt lat="-6.8675360" lon="109.1273340">
    <ele>6.1</ele>
    <time>2025-04-05T01:38:01Z</time>
   </trkpt>
   <trkpt lat="-6.8675140" lon="109.1273020">
    <ele>6.1</ele>
    <time>2025-04-05T01:38:02Z</time>
   </trkpt>
   <trkpt lat="-6.8675060" lon="109.1272910">
    <ele>6.1</ele>
    <time>2025-04-05T01:38:03Z</time>
   </trkpt>
   <trkpt lat="-6.8674920" lon="109.1272670">
    <ele>6.1</ele>
    <time>2025-04-05T01:38:04Z</time>
   </trkpt>
   <trkpt lat="-6.8674830" lon="109.1272400">
    <ele>6.1</ele>
    <time>2025-04-05T01:38:05Z</time>
   </trkpt>
   <trkpt lat="-6.8674760" lon="109.1272080">
    <ele>6.1</ele>
    <time>2025-04-05T01:38:06Z</time>
   </trkpt>
   <trkpt lat="-6.8674740" lon="109.1271790">
    <ele>6.1</ele>
    <time>2025-04-05T01:38:07Z</time>
   </trkpt>
   <trkpt lat="-6.8674740" lon="109.1271500">
    <ele>6.1</ele>
    <time>2025-04-05T01:38:08Z</time>
   </trkpt>
   <trkpt lat="-6.8674760" lon="109.1271170">
    <ele>6.1</ele>
    <time>2025-04-05T01:38:09Z</time>
   </trkpt>
   <trkpt lat="-6.8674770" lon="109.1270850">
    <ele>6.1</ele>
    <time>2025-04-05T01:38:10Z</time>
   </trkpt>
   <trkpt lat="-6.8674760" lon="109.1270540">
    <ele>6.1</ele>
    <time>2025-04-05T01:38:11Z</time>
   </trkpt>
   <trkpt lat="-6.8674740" lon="109.1270220">
    <ele>6.0</ele>
    <time>2025-04-05T01:38:12Z</time>
   </trkpt>
   <trkpt lat="-6.8674720" lon="109.1269850">
    <ele>6.0</ele>
    <time>2025-04-05T01:38:13Z</time>
   </trkpt>
   <trkpt lat="-6.8674700" lon="109.1269490">
    <ele>6.0</ele>
    <time>2025-04-05T01:38:14Z</time>
   </trkpt>
   <trkpt lat="-6.8674660" lon="109.1269140">
    <ele>6.0</ele>
    <time>2025-04-05T01:38:15Z</time>
   </trkpt>
   <trkpt lat="-6.8674620" lon="109.1268800">
    <ele>6.1</ele>
    <time>2025-04-05T01:38:16Z</time>
   </trkpt>
   <trkpt lat="-6.8674580" lon="109.1268470">
    <ele>6.1</ele>
    <time>2025-04-05T01:38:17Z</time>
   </trkpt>
   <trkpt lat="-6.8674540" lon="109.1268130">
    <ele>6.1</ele>
    <time>2025-04-05T01:38:18Z</time>
   </trkpt>
   <trkpt lat="-6.8674510" lon="109.1267770">
    <ele>6.1</ele>
    <time>2025-04-05T01:38:19Z</time>
   </trkpt>
   <trkpt lat="-6.8674470" lon="109.1267420">
    <ele>6.1</ele>
    <time>2025-04-05T01:38:20Z</time>
   </trkpt>
   <trkpt lat="-6.8674420" lon="109.1267090">
    <ele>6.1</ele>
    <time>2025-04-05T01:38:21Z</time>
   </trkpt>
   <trkpt lat="-6.8674380" lon="109.1266780">
    <ele>6.1</ele>
    <time>2025-04-05T01:38:22Z</time>
   </trkpt>
   <trkpt lat="-6.8674350" lon="109.1266450">
    <ele>6.1</ele>
    <time>2025-04-05T01:38:23Z</time>
   </trkpt>
   <trkpt lat="-6.8674340" lon="109.1266150">
    <ele>6.1</ele>
    <time>2025-04-05T01:38:24Z</time>
   </trkpt>
   <trkpt lat="-6.8674310" lon="109.1265820">
    <ele>6.1</ele>
    <time>2025-04-05T01:38:25Z</time>
   </trkpt>
   <trkpt lat="-6.8674280" lon="109.1265490">
    <ele>6.0</ele>
    <time>2025-04-05T01:38:26Z</time>
   </trkpt>
   <trkpt lat="-6.8674250" lon="109.1265150">
    <ele>6.0</ele>
    <time>2025-04-05T01:38:27Z</time>
   </trkpt>
   <trkpt lat="-6.8674200" lon="109.1264830">
    <ele>6.0</ele>
    <time>2025-04-05T01:38:28Z</time>
   </trkpt>
   <trkpt lat="-6.8674180" lon="109.1264540">
    <ele>6.0</ele>
    <time>2025-04-05T01:38:29Z</time>
   </trkpt>
   <trkpt lat="-6.8674140" lon="109.1264210">
    <ele>5.9</ele>
    <time>2025-04-05T01:38:30Z</time>
   </trkpt>
   <trkpt lat="-6.8674050" lon="109.1263880">
    <ele>5.9</ele>
    <time>2025-04-05T01:38:31Z</time>
   </trkpt>
   <trkpt lat="-6.8673950" lon="109.1263520">
    <ele>5.9</ele>
    <time>2025-04-05T01:38:32Z</time>
   </trkpt>
   <trkpt lat="-6.8673890" lon="109.1263200">
    <ele>5.8</ele>
    <time>2025-04-05T01:38:33Z</time>
   </trkpt>
   <trkpt lat="-6.8673820" lon="109.1262890">
    <ele>5.8</ele>
    <time>2025-04-05T01:38:34Z</time>
   </trkpt>
   <trkpt lat="-6.8673690" lon="109.1262590">
    <ele>5.7</ele>
    <time>2025-04-05T01:38:35Z</time>
   </trkpt>
   <trkpt lat="-6.8673520" lon="109.1262270">
    <ele>5.7</ele>
    <time>2025-04-05T01:38:36Z</time>
   </trkpt>
   <trkpt lat="-6.8673330" lon="109.1261980">
    <ele>5.7</ele>
    <time>2025-04-05T01:38:37Z</time>
   </trkpt>
   <trkpt lat="-6.8673190" lon="109.1261640">
    <ele>5.6</ele>
    <time>2025-04-05T01:38:38Z</time>
   </trkpt>
   <trkpt lat="-6.8673120" lon="109.1261300">
    <ele>5.6</ele>
    <time>2025-04-05T01:38:39Z</time>
   </trkpt>
   <trkpt lat="-6.8673060" lon="109.1260990">
    <ele>5.6</ele>
    <time>2025-04-05T01:38:40Z</time>
   </trkpt>
   <trkpt lat="-6.8672990" lon="109.1260660">
    <ele>5.6</ele>
    <time>2025-04-05T01:38:41Z</time>
   </trkpt>
   <trkpt lat="-6.8672960" lon="109.1260350">
    <ele>5.5</ele>
    <time>2025-04-05T01:38:42Z</time>
   </trkpt>
   <trkpt lat="-6.8672880" lon="109.1260040">
    <ele>5.5</ele>
    <time>2025-04-05T01:38:43Z</time>
   </trkpt>
   <trkpt lat="-6.8672760" lon="109.1259750">
    <ele>5.5</ele>
    <time>2025-04-05T01:38:44Z</time>
   </trkpt>
   <trkpt lat="-6.8672630" lon="109.1259490">
    <ele>5.5</ele>
    <time>2025-04-05T01:38:45Z</time>
   </trkpt>
   <trkpt lat="-6.8672510" lon="109.1259210">
    <ele>5.4</ele>
    <time>2025-04-05T01:38:46Z</time>
   </trkpt>
   <trkpt lat="-6.8672400" lon="109.1258900">
    <ele>5.4</ele>
    <time>2025-04-05T01:38:47Z</time>
   </trkpt>
   <trkpt lat="-6.8672310" lon="109.1258610">
    <ele>5.4</ele>
    <time>2025-04-05T01:38:48Z</time>
   </trkpt>
   <trkpt lat="-6.8672190" lon="109.1258280">
    <ele>5.4</ele>
    <time>2025-04-05T01:38:49Z</time>
   </trkpt>
   <trkpt lat="-6.8672110" lon="109.1257910">
    <ele>5.3</ele>
    <time>2025-04-05T01:38:50Z</time>
   </trkpt>
   <trkpt lat="-6.8672040" lon="109.1257540">
    <ele>5.3</ele>
    <time>2025-04-05T01:38:51Z</time>
   </trkpt>
   <trkpt lat="-6.8671980" lon="109.1257200">
    <ele>5.2</ele>
    <time>2025-04-05T01:38:52Z</time>
   </trkpt>
   <trkpt lat="-6.8671880" lon="109.1256850">
    <ele>5.2</ele>
    <time>2025-04-05T01:38:53Z</time>
   </trkpt>
   <trkpt lat="-6.8671800" lon="109.1256500">
    <ele>5.1</ele>
    <time>2025-04-05T01:38:54Z</time>
   </trkpt>
   <trkpt lat="-6.8671880" lon="109.1256140">
    <ele>5.1</ele>
    <time>2025-04-05T01:38:55Z</time>
   </trkpt>
   <trkpt lat="-6.8671960" lon="109.1255640">
    <ele>5.0</ele>
    <time>2025-04-05T01:38:56Z</time>
   </trkpt>
   <trkpt lat="-6.8671970" lon="109.1255270">
    <ele>4.9</ele>
    <time>2025-04-05T01:38:57Z</time>
   </trkpt>
   <trkpt lat="-6.8671940" lon="109.1254920">
    <ele>4.9</ele>
    <time>2025-04-05T01:38:58Z</time>
   </trkpt>
   <trkpt lat="-6.8671840" lon="109.1254620">
    <ele>4.9</ele>
    <time>2025-04-05T01:38:59Z</time>
   </trkpt>
   <trkpt lat="-6.8671790" lon="109.1254350">
    <ele>4.8</ele>
    <time>2025-04-05T01:39:00Z</time>
   </trkpt>
   <trkpt lat="-6.8671710" lon="109.1253950">
    <ele>4.8</ele>
    <time>2025-04-05T01:39:01Z</time>
   </trkpt>
   <trkpt lat="-6.8671680" lon="109.1253810">
    <ele>4.8</ele>
    <time>2025-04-05T01:39:02Z</time>
   </trkpt>
   <trkpt lat="-6.8671620" lon="109.1253540">
    <ele>4.8</ele>
    <time>2025-04-05T01:39:03Z</time>
   </trkpt>
   <trkpt lat="-6.8671580" lon="109.1253260">
    <ele>4.8</ele>
    <time>2025-04-05T01:39:04Z</time>
   </trkpt>
   <trkpt lat="-6.8671520" lon="109.1252960">
    <ele>4.8</ele>
    <time>2025-04-05T01:39:05Z</time>
   </trkpt>
   <trkpt lat="-6.8671490" lon="109.1252660">
    <ele>4.8</ele>
    <time>2025-04-05T01:39:06Z</time>
   </trkpt>
   <trkpt lat="-6.8671670" lon="109.1252330">
    <ele>4.8</ele>
    <time>2025-04-05T01:39:07Z</time>
   </trkpt>
   <trkpt lat="-6.8671780" lon="109.1252240">
    <ele>4.8</ele>
    <time>2025-04-05T01:39:08Z</time>
   </trkpt>
   <trkpt lat="-6.8672030" lon="109.1252090">
    <ele>4.8</ele>
    <time>2025-04-05T01:39:09Z</time>
   </trkpt>
   <trkpt lat="-6.8672310" lon="109.1251970">
    <ele>4.9</ele>
    <time>2025-04-05T01:39:10Z</time>
   </trkpt>
   <trkpt lat="-6.8672890" lon="109.1251890">
    <ele>4.9</ele>
    <time>2025-04-05T01:39:12Z</time>
   </trkpt>
   <trkpt lat="-6.8673290" lon="109.1251880">
    <ele>5.0</ele>
    <time>2025-04-05T01:39:13Z</time>
   </trkpt>
   <trkpt lat="-6.8673420" lon="109.1251870">
    <ele>5.0</ele>
    <time>2025-04-05T01:39:14Z</time>
   </trkpt>
   <trkpt lat="-6.8673790" lon="109.1251780">
    <ele>5.1</ele>
    <time>2025-04-05T01:39:15Z</time>
   </trkpt>
   <trkpt lat="-6.8673910" lon="109.1251750">
    <ele>5.1</ele>
    <time>2025-04-05T01:39:16Z</time>
   </trkpt>
   <trkpt lat="-6.8674300" lon="109.1251790">
    <ele>5.2</ele>
    <time>2025-04-05T01:39:17Z</time>
   </trkpt>
   <trkpt lat="-6.8674430" lon="109.1251810">
    <ele>5.2</ele>
    <time>2025-04-05T01:39:18Z</time>
   </trkpt>
   <trkpt lat="-6.8674720" lon="109.1251820">
    <ele>5.2</ele>
    <time>2025-04-05T01:39:19Z</time>
   </trkpt>
   <trkpt lat="-6.8675000" lon="109.1251820">
    <ele>5.3</ele>
    <time>2025-04-05T01:39:20Z</time>
   </trkpt>
   <trkpt lat="-6.8675360" lon="109.1251800">
    <ele>5.3</ele>
    <time>2025-04-05T01:39:21Z</time>
   </trkpt>
   <trkpt lat="-6.8675480" lon="109.1251810">
    <ele>5.3</ele>
    <time>2025-04-05T01:39:22Z</time>
   </trkpt>
   <trkpt lat="-6.8675850" lon="109.1251740">
    <ele>5.4</ele>
    <time>2025-04-05T01:39:23Z</time>
   </trkpt>
   <trkpt lat="-6.8675980" lon="109.1251710">
    <ele>5.4</ele>
    <time>2025-04-05T01:39:24Z</time>
   </trkpt>
   <trkpt lat="-6.8676250" lon="109.1251620">
    <ele>5.5</ele>
    <time>2025-04-05T01:39:25Z</time>
   </trkpt>
   <trkpt lat="-6.8676530" lon="109.1251570">
    <ele>5.5</ele>
    <time>2025-04-05T01:39:26Z</time>
   </trkpt>
   <trkpt lat="-6.8676830" lon="109.1251550">
    <ele>5.6</ele>
    <time>2025-04-05T01:39:27Z</time>
   </trkpt>
   <trkpt lat="-6.8677120" lon="109.1251520">
    <ele>5.6</ele>
    <time>2025-04-05T01:39:28Z</time>
   </trkpt>
   <trkpt lat="-6.8677420" lon="109.1251480">
    <ele>5.5</ele>
    <time>2025-04-05T01:39:29Z</time>
   </trkpt>
   <trkpt lat="-6.8677730" lon="109.1251440">
    <ele>5.4</ele>
    <time>2025-04-05T01:39:30Z</time>
   </trkpt>
   <trkpt lat="-6.8678020" lon="109.1251390">
    <ele>5.3</ele>
    <time>2025-04-05T01:39:31Z</time>
   </trkpt>
   <trkpt lat="-6.8678320" lon="109.1251330">
    <ele>5.3</ele>
    <time>2025-04-05T01:39:32Z</time>
   </trkpt>
   <trkpt lat="-6.8678730" lon="109.1251310">
    <ele>5.3</ele>
    <time>2025-04-05T01:39:33Z</time>
   </trkpt>
   <trkpt lat="-6.8678870" lon="109.1251290">
    <ele>5.3</ele>
    <time>2025-04-05T01:39:34Z</time>
   </trkpt>
   <trkpt lat="-6.8679260" lon="109.1251230">
    <ele>5.3</ele>
    <time>2025-04-05T01:39:35Z</time>
   </trkpt>
   <trkpt lat="-6.8679390" lon="109.1251210">
    <ele>5.3</ele>
    <time>2025-04-05T01:39:36Z</time>
   </trkpt>
   <trkpt lat="-6.8679670" lon="109.1251170">
    <ele>5.2</ele>
    <time>2025-04-05T01:39:37Z</time>
   </trkpt>
   <trkpt lat="-6.8679960" lon="109.1251160">
    <ele>5.2</ele>
    <time>2025-04-05T01:39:38Z</time>
   </trkpt>
   <trkpt lat="-6.8680230" lon="109.1251140">
    <ele>5.2</ele>
    <time>2025-04-05T01:39:39Z</time>
   </trkpt>
   <trkpt lat="-6.8680510" lon="109.1251140">
    <ele>5.2</ele>
    <time>2025-04-05T01:39:40Z</time>
   </trkpt>
   <trkpt lat="-6.8680790" lon="109.1251110">
    <ele>5.2</ele>
    <time>2025-04-05T01:39:41Z</time>
   </trkpt>
   <trkpt lat="-6.8681060" lon="109.1251080">
    <ele>5.2</ele>
    <time>2025-04-05T01:39:42Z</time>
   </trkpt>
   <trkpt lat="-6.8681440" lon="109.1251020">
    <ele>5.2</ele>
    <time>2025-04-05T01:39:43Z</time>
   </trkpt>
   <trkpt lat="-6.8681550" lon="109.1251000">
    <ele>5.2</ele>
    <time>2025-04-05T01:39:44Z</time>
   </trkpt>
   <trkpt lat="-6.8681900" lon="109.1250940">
    <ele>5.3</ele>
    <time>2025-04-05T01:39:45Z</time>
   </trkpt>
   <trkpt lat="-6.8682020" lon="109.1250910">
    <ele>5.3</ele>
    <time>2025-04-05T01:39:46Z</time>
   </trkpt>
   <trkpt lat="-6.8682290" lon="109.1250850">
    <ele>5.4</ele>
    <time>2025-04-05T01:39:47Z</time>
   </trkpt>
   <trkpt lat="-6.8682570" lon="109.1250810">
    <ele>5.4</ele>
    <time>2025-04-05T01:39:48Z</time>
   </trkpt>
   <trkpt lat="-6.8682850" lon="109.1250770">
    <ele>5.5</ele>
    <time>2025-04-05T01:39:49Z</time>
   </trkpt>
   <trkpt lat="-6.8683220" lon="109.1250650">
    <ele>5.6</ele>
    <time>2025-04-05T01:39:50Z</time>
   </trkpt>
   <trkpt lat="-6.8683350" lon="109.1250610">
    <ele>5.6</ele>
    <time>2025-04-05T01:39:51Z</time>
   </trkpt>
   <trkpt lat="-6.8683710" lon="109.1250480">
    <ele>5.7</ele>
    <time>2025-04-05T01:39:52Z</time>
   </trkpt>
   <trkpt lat="-6.8683840" lon="109.1250420">
    <ele>5.7</ele>
    <time>2025-04-05T01:39:53Z</time>
   </trkpt>
   <trkpt lat="-6.8684130" lon="109.1250350">
    <ele>5.8</ele>
    <time>2025-04-05T01:39:54Z</time>
   </trkpt>
   <trkpt lat="-6.8684500" lon="109.1250290">
    <ele>5.8</ele>
    <time>2025-04-05T01:39:55Z</time>
   </trkpt>
   <trkpt lat="-6.8684620" lon="109.1250260">
    <ele>5.9</ele>
    <time>2025-04-05T01:39:56Z</time>
   </trkpt>
   <trkpt lat="-6.8684960" lon="109.1250140">
    <ele>5.9</ele>
    <time>2025-04-05T01:39:57Z</time>
   </trkpt>
   <trkpt lat="-6.8685060" lon="109.1250090">
    <ele>5.9</ele>
    <time>2025-04-05T01:39:58Z</time>
   </trkpt>
   <trkpt lat="-6.8685290" lon="109.1249900">
    <ele>6.0</ele>
    <time>2025-04-05T01:39:59Z</time>
   </trkpt>
   <trkpt lat="-6.8685540" lon="109.1249750">
    <ele>6.0</ele>
    <time>2025-04-05T01:40:00Z</time>
   </trkpt>
   <trkpt lat="-6.8685910" lon="109.1249660">
    <ele>6.1</ele>
    <time>2025-04-05T01:40:01Z</time>
   </trkpt>
   <trkpt lat="-6.8686030" lon="109.1249640">
    <ele>6.1</ele>
    <time>2025-04-05T01:40:02Z</time>
   </trkpt>
   <trkpt lat="-6.8686360" lon="109.1249570">
    <ele>6.2</ele>
    <time>2025-04-05T01:40:03Z</time>
   </trkpt>
   <trkpt lat="-6.8686460" lon="109.1249530">
    <ele>6.2</ele>
    <time>2025-04-05T01:40:04Z</time>
   </trkpt>
   <trkpt lat="-6.8686780" lon="109.1249410">
    <ele>6.2</ele>
    <time>2025-04-05T01:40:05Z</time>
   </trkpt>
   <trkpt lat="-6.8686890" lon="109.1249360">
    <ele>6.2</ele>
    <time>2025-04-05T01:40:06Z</time>
   </trkpt>
   <trkpt lat="-6.8687250" lon="109.1249250">
    <ele>6.3</ele>
    <time>2025-04-05T01:40:07Z</time>
   </trkpt>
   <trkpt lat="-6.8687390" lon="109.1249200">
    <ele>6.4</ele>
    <time>2025-04-05T01:40:08Z</time>
   </trkpt>
   <trkpt lat="-6.8687750" lon="109.1249100">
    <ele>6.4</ele>
    <time>2025-04-05T01:40:09Z</time>
   </trkpt>
   <trkpt lat="-6.8687860" lon="109.1249070">
    <ele>6.5</ele>
    <time>2025-04-05T01:40:10Z</time>
   </trkpt>
   <trkpt lat="-6.8688040" lon="109.1249030">
    <ele>6.5</ele>
    <time>2025-04-05T01:40:11Z</time>
   </trkpt>
   <trkpt lat="-6.8688210" lon="109.1249010">
    <ele>6.6</ele>
    <time>2025-04-05T01:40:12Z</time>
   </trkpt>
   <trkpt lat="-6.8688530" lon="109.1249110">
    <ele>6.7</ele>
    <time>2025-04-05T01:40:13Z</time>
   </trkpt>
   <trkpt lat="-6.8688840" lon="109.1249150">
    <ele>6.8</ele>
    <time>2025-04-05T01:40:14Z</time>
   </trkpt>
   <trkpt lat="-6.8688940" lon="109.1249150">
    <ele>6.8</ele>
    <time>2025-04-05T01:40:15Z</time>
   </trkpt>
   <trkpt lat="-6.8689060" lon="109.1249130">
    <ele>6.8</ele>
    <time>2025-04-05T01:40:16Z</time>
   </trkpt>
   <trkpt lat="-6.8689140" lon="109.1249120">
    <ele>6.9</ele>
    <time>2025-04-05T01:40:17Z</time>
   </trkpt>
   <trkpt lat="-6.8689170" lon="109.1249120">
    <ele>6.9</ele>
    <time>2025-04-05T01:40:18Z</time>
   </trkpt>
   <trkpt lat="-6.8689210" lon="109.1249130">
    <ele>6.9</ele>
    <time>2025-04-05T01:40:19Z</time>
   </trkpt>
   <trkpt lat="-6.8689260" lon="109.1249150">
    <ele>6.9</ele>
    <time>2025-04-05T01:40:20Z</time>
   </trkpt>
   <trkpt lat="-6.8689280" lon="109.1249180">
    <ele>6.9</ele>
    <time>2025-04-05T01:40:21Z</time>
   </trkpt>
   <trkpt lat="-6.8689270" lon="109.1249200">
    <ele>6.9</ele>
    <time>2025-04-05T01:40:22Z</time>
   </trkpt>
   <trkpt lat="-6.8689250" lon="109.1249200">
    <ele>6.9</ele>
    <time>2025-04-05T01:40:23Z</time>
   </trkpt>
   <trkpt lat="-6.8689230" lon="109.1249200">
    <ele>6.9</ele>
    <time>2025-04-05T01:40:24Z</time>
   </trkpt>
   <trkpt lat="-6.8689230" lon="109.1249200">
    <ele>6.9</ele>
    <time>2025-04-05T01:40:25Z</time>
   </trkpt>
   <trkpt lat="-6.8689230" lon="109.1249200">
    <ele>6.9</ele>
    <time>2025-04-05T01:40:26Z</time>
   </trkpt>
   <trkpt lat="-6.8689230" lon="109.1249210">
    <ele>6.9</ele>
    <time>2025-04-05T01:40:27Z</time>
   </trkpt>
   <trkpt lat="-6.8689230" lon="109.1249220">
    <ele>6.9</ele>
    <time>2025-04-05T01:40:28Z</time>
   </trkpt>
   <trkpt lat="-6.8689230" lon="109.1249220">
    <ele>6.9</ele>
    <time>2025-04-05T01:40:29Z</time>
   </trkpt>
   <trkpt lat="-6.8689230" lon="109.1249230">
    <ele>6.9</ele>
    <time>2025-04-05T01:40:30Z</time>
   </trkpt>
   <trkpt lat="-6.8689230" lon="109.1249230">
    <ele>6.9</ele>
    <time>2025-04-05T01:40:31Z</time>
   </trkpt>
   <trkpt lat="-6.8689230" lon="109.1249230">
    <ele>6.9</ele>
    <time>2025-04-05T01:40:32Z</time>
   </trkpt>
   <trkpt lat="-6.8689200" lon="109.1248620">
    <ele>6.9</ele>
    <time>2025-04-05T01:41:16Z</time>
   </trkpt>
   <trkpt lat="-6.8689230" lon="109.1248270">
    <ele>6.9</ele>
    <time>2025-04-05T01:41:17Z</time>
   </trkpt>
   <trkpt lat="-6.8689220" lon="109.1247950">
    <ele>6.9</ele>
    <time>2025-04-05T01:41:18Z</time>
   </trkpt>
   <trkpt lat="-6.8689210" lon="109.1247510">
    <ele>6.9</ele>
    <time>2025-04-05T01:41:19Z</time>
   </trkpt>
   <trkpt lat="-6.8689140" lon="109.1247170">
    <ele>6.9</ele>
    <time>2025-04-05T01:41:20Z</time>
   </trkpt>
   <trkpt lat="-6.8689080" lon="109.1246850">
    <ele>6.9</ele>
    <time>2025-04-05T01:41:21Z</time>
   </trkpt>
   <trkpt lat="-6.8688990" lon="109.1246580">
    <ele>6.9</ele>
    <time>2025-04-05T01:41:22Z</time>
   </trkpt>
   <trkpt lat="-6.8688980" lon="109.1246270">
    <ele>6.9</ele>
    <time>2025-04-05T01:41:23Z</time>
   </trkpt>
   <trkpt lat="-6.8688930" lon="109.1245960">
    <ele>6.9</ele>
    <time>2025-04-05T01:41:24Z</time>
   </trkpt>
   <trkpt lat="-6.8688850" lon="109.1245670">
    <ele>6.9</ele>
    <time>2025-04-05T01:41:25Z</time>
   </trkpt>
   <trkpt lat="-6.8688750" lon="109.1245310">
    <ele>6.9</ele>
    <time>2025-04-05T01:41:26Z</time>
   </trkpt>
   <trkpt lat="-6.8688720" lon="109.1245200">
    <ele>6.9</ele>
    <time>2025-04-05T01:41:27Z</time>
   </trkpt>
   <trkpt lat="-6.8688450" lon="109.1244930">
    <ele>6.9</ele>
    <time>2025-04-05T01:41:28Z</time>
   </trkpt>
   <trkpt lat="-6.8688210" lon="109.1244650">
    <ele>6.9</ele>
    <time>2025-04-05T01:41:29Z</time>
   </trkpt>
   <trkpt lat="-6.8688080" lon="109.1244380">
    <ele>6.9</ele>
    <time>2025-04-05T01:41:30Z</time>
   </trkpt>
   <trkpt lat="-6.8688050" lon="109.1244000">
    <ele>6.9</ele>
    <time>2025-04-05T01:41:31Z</time>
   </trkpt>
   <trkpt lat="-6.8688090" lon="109.1243590">
    <ele>6.9</ele>
    <time>2025-04-05T01:41:32Z</time>
   </trkpt>
   <trkpt lat="-6.8688140" lon="109.1243250">
    <ele>6.9</ele>
    <time>2025-04-05T01:41:33Z</time>
   </trkpt>
   <trkpt lat="-6.8688190" lon="109.1242920">
    <ele>6.9</ele>
    <time>2025-04-05T01:41:34Z</time>
   </trkpt>
   <trkpt lat="-6.8688250" lon="109.1242620">
    <ele>6.9</ele>
    <time>2025-04-05T01:41:35Z</time>
   </trkpt>
   <trkpt lat="-6.8688260" lon="109.1242250">
    <ele>6.9</ele>
    <time>2025-04-05T01:41:36Z</time>
   </trkpt>
   <trkpt lat="-6.8688270" lon="109.1241910">
    <ele>6.9</ele>
    <time>2025-04-05T01:41:37Z</time>
   </trkpt>
   <trkpt lat="-6.8688310" lon="109.1241600">
    <ele>6.9</ele>
    <time>2025-04-05T01:41:38Z</time>
   </trkpt>
   <trkpt lat="-6.8688390" lon="109.1241320">
    <ele>6.9</ele>
    <time>2025-04-05T01:41:39Z</time>
   </trkpt>
   <trkpt lat="-6.8688460" lon="109.1241050">
    <ele>6.9</ele>
    <time>2025-04-05T01:41:40Z</time>
   </trkpt>
   <trkpt lat="-6.8688470" lon="109.1240710">
    <ele>6.8</ele>
    <time>2025-04-05T01:41:41Z</time>
   </trkpt>
   <trkpt lat="-6.8688440" lon="109.1240590">
    <ele>6.8</ele>
    <time>2025-04-05T01:41:42Z</time>
   </trkpt>
   <trkpt lat="-6.8688370" lon="109.1240310">
    <ele>6.8</ele>
    <time>2025-04-05T01:41:43Z</time>
   </trkpt>
   <trkpt lat="-6.8688320" lon="109.1240020">
    <ele>6.8</ele>
    <time>2025-04-05T01:41:44Z</time>
   </trkpt>
   <trkpt lat="-6.8688280" lon="109.1239720">
    <ele>6.8</ele>
    <time>2025-04-05T01:41:45Z</time>
   </trkpt>
   <trkpt lat="-6.8688240" lon="109.1239360">
    <ele>6.8</ele>
    <time>2025-04-05T01:41:46Z</time>
   </trkpt>
   <trkpt lat="-6.8688220" lon="109.1239010">
    <ele>6.8</ele>
    <time>2025-04-05T01:41:47Z</time>
   </trkpt>
   <trkpt lat="-6.8688190" lon="109.1238630">
    <ele>6.7</ele>
    <time>2025-04-05T01:41:48Z</time>
   </trkpt>
   <trkpt lat="-6.8688170" lon="109.1238270">
    <ele>6.7</ele>
    <time>2025-04-05T01:41:49Z</time>
   </trkpt>
   <trkpt lat="-6.8688130" lon="109.1237940">
    <ele>6.7</ele>
    <time>2025-04-05T01:41:50Z</time>
   </trkpt>
   <trkpt lat="-6.8688110" lon="109.1237550">
    <ele>6.7</ele>
    <time>2025-04-05T01:41:51Z</time>
   </trkpt>
   <trkpt lat="-6.8688080" lon="109.1237150">
    <ele>6.7</ele>
    <time>2025-04-05T01:41:52Z</time>
   </trkpt>
   <trkpt lat="-6.8688040" lon="109.1236810">
    <ele>6.6</ele>
    <time>2025-04-05T01:41:53Z</time>
   </trkpt>
   <trkpt lat="-6.8688000" lon="109.1236460">
    <ele>6.6</ele>
    <time>2025-04-05T01:41:54Z</time>
   </trkpt>
   <trkpt lat="-6.8687980" lon="109.1236130">
    <ele>6.6</ele>
    <time>2025-04-05T01:41:55Z</time>
   </trkpt>
   <trkpt lat="-6.8687970" lon="109.1235770">
    <ele>6.6</ele>
    <time>2025-04-05T01:41:56Z</time>
   </trkpt>
   <trkpt lat="-6.8687930" lon="109.1235430">
    <ele>6.5</ele>
    <time>2025-04-05T01:41:57Z</time>
   </trkpt>
   <trkpt lat="-6.8687880" lon="109.1235070">
    <ele>6.5</ele>
    <time>2025-04-05T01:41:58Z</time>
   </trkpt>
   <trkpt lat="-6.8687830" lon="109.1234730">
    <ele>6.5</ele>
    <time>2025-04-05T01:41:59Z</time>
   </trkpt>
   <trkpt lat="-6.8687810" lon="109.1234380">
    <ele>6.4</ele>
    <time>2025-04-05T01:42:00Z</time>
   </trkpt>
   <trkpt lat="-6.8687800" lon="109.1234080">
    <ele>6.4</ele>
    <time>2025-04-05T01:42:01Z</time>
   </trkpt>
   <trkpt lat="-6.8687790" lon="109.1233900">
    <ele>6.4</ele>
    <time>2025-04-05T01:42:02Z</time>
   </trkpt>
   <trkpt lat="-6.8687760" lon="109.1233810">
    <ele>6.4</ele>
    <time>2025-04-05T01:42:03Z</time>
   </trkpt>
   <trkpt lat="-6.8687820" lon="109.1233830">
    <ele>6.4</ele>
    <time>2025-04-05T01:42:04Z</time>
   </trkpt>
   <trkpt lat="-6.8687870" lon="109.1233790">
    <ele>6.4</ele>
    <time>2025-04-05T01:42:05Z</time>
   </trkpt>
   <trkpt lat="-6.8687830" lon="109.1233610">
    <ele>6.4</ele>
    <time>2025-04-05T01:42:06Z</time>
   </trkpt>
   <trkpt lat="-6.8687770" lon="109.1233480">
    <ele>6.4</ele>
    <time>2025-04-05T01:42:07Z</time>
   </trkpt>
   <trkpt lat="-6.8687710" lon="109.1233360">
    <ele>6.3</ele>
    <time>2025-04-05T01:42:08Z</time>
   </trkpt>
   <trkpt lat="-6.8687550" lon="109.1233030">
    <ele>6.3</ele>
    <time>2025-04-05T01:42:09Z</time>
   </trkpt>
   <trkpt lat="-6.8687510" lon="109.1232900">
    <ele>6.3</ele>
    <time>2025-04-05T01:42:10Z</time>
   </trkpt>
   <trkpt lat="-6.8687560" lon="109.1232620">
    <ele>6.3</ele>
    <time>2025-04-05T01:42:11Z</time>
   </trkpt>
   <trkpt lat="-6.8687500" lon="109.1232250">
    <ele>6.3</ele>
    <time>2025-04-05T01:42:12Z</time>
   </trkpt>
   <trkpt lat="-6.8687460" lon="109.1232120">
    <ele>6.3</ele>
    <time>2025-04-05T01:42:13Z</time>
   </trkpt>
   <trkpt lat="-6.8687400" lon="109.1231810">
    <ele>6.2</ele>
    <time>2025-04-05T01:42:14Z</time>
   </trkpt>
   <trkpt lat="-6.8687330" lon="109.1231470">
    <ele>6.2</ele>
    <time>2025-04-05T01:42:15Z</time>
   </trkpt>
   <trkpt lat="-6.8687300" lon="109.1231090">
    <ele>6.2</ele>
    <time>2025-04-05T01:42:16Z</time>
   </trkpt>
   <trkpt lat="-6.8687180" lon="109.1230680">
    <ele>6.2</ele>
    <time>2025-04-05T01:42:17Z</time>
   </trkpt>
   <trkpt lat="-6.8687150" lon="109.1230510">
    <ele>6.2</ele>
    <time>2025-04-05T01:42:18Z</time>
   </trkpt>
   <trkpt lat="-6.8687070" lon="109.1230190">
    <ele>6.2</ele>
    <time>2025-04-05T01:42:19Z</time>
   </trkpt>
   <trkpt lat="-6.8686950" lon="109.1229800">
    <ele>6.2</ele>
    <time>2025-04-05T01:42:20Z</time>
   </trkpt>
   <trkpt lat="-6.8686920" lon="109.1229650">
    <ele>6.2</ele>
    <time>2025-04-05T01:42:21Z</time>
   </trkpt>
   <trkpt lat="-6.8686860" lon="109.1229380">
    <ele>6.1</ele>
    <time>2025-04-05T01:42:22Z</time>
   </trkpt>
   <trkpt lat="-6.8686770" lon="109.1229030">
    <ele>6.1</ele>
    <time>2025-04-05T01:42:23Z</time>
   </trkpt>
   <trkpt lat="-6.8686630" lon="109.1228680">
    <ele>6.1</ele>
    <time>2025-04-05T01:42:24Z</time>
   </trkpt>
   <trkpt lat="-6.8686500" lon="109.1228330">
    <ele>6.1</ele>
    <time>2025-04-05T01:42:25Z</time>
   </trkpt>
   <trkpt lat="-6.8686370" lon="109.1228000">
    <ele>6.1</ele>
    <time>2025-04-05T01:42:26Z</time>
   </trkpt>
   <trkpt lat="-6.8686290" lon="109.1227690">
    <ele>6.1</ele>
    <time>2025-04-05T01:42:27Z</time>
   </trkpt>
   <trkpt lat="-6.8686360" lon="109.1227330">
    <ele>6.1</ele>
    <time>2025-04-05T01:42:28Z</time>
   </trkpt>
   <trkpt lat="-6.8686480" lon="109.1226970">
    <ele>6.1</ele>
    <time>2025-04-05T01:42:29Z</time>
   </trkpt>
   <trkpt lat="-6.8686580" lon="109.1226660">
    <ele>6.1</ele>
    <time>2025-04-05T01:42:30Z</time>
   </trkpt>
   <trkpt lat="-6.8686820" lon="109.1226450">
    <ele>6.1</ele>
    <time>2025-04-05T01:42:31Z</time>
   </trkpt>
   <trkpt lat="-6.8686940" lon="109.1226150">
    <ele>6.1</ele>
    <time>2025-04-05T01:42:32Z</time>
   </trkpt>
   <trkpt lat="-6.8687140" lon="109.1225950">
    <ele>6.2</ele>
    <time>2025-04-05T01:42:33Z</time>
   </trkpt>
   <trkpt lat="-6.8687250" lon="109.1225770">
    <ele>6.2</ele>
    <time>2025-04-05T01:42:34Z</time>
   </trkpt>
   <trkpt lat="-6.8687290" lon="109.1225640">
    <ele>6.2</ele>
    <time>2025-04-05T01:42:35Z</time>
   </trkpt>
   <trkpt lat="-6.8687370" lon="109.1225590">
    <ele>6.2</ele>
    <time>2025-04-05T01:42:36Z</time>
   </trkpt>
   <trkpt lat="-6.8687440" lon="109.1225550">
    <ele>6.2</ele>
    <time>2025-04-05T01:42:37Z</time>
   </trkpt>
   <trkpt lat="-6.8687520" lon="109.1225510">
    <ele>6.2</ele>
    <time>2025-04-05T01:42:38Z</time>
   </trkpt>
   <trkpt lat="-6.8687540" lon="109.1225500">
    <ele>6.2</ele>
    <time>2025-04-05T01:42:39Z</time>
   </trkpt>
   <trkpt lat="-6.8687590" lon="109.1225480">
    <ele>6.2</ele>
    <time>2025-04-05T01:42:40Z</time>
   </trkpt>
   <trkpt lat="-6.8687640" lon="109.1225440">
    <ele>6.2</ele>
    <time>2025-04-05T01:42:41Z</time>
   </trkpt>
   <trkpt lat="-6.8687680" lon="109.1225390">
    <ele>6.2</ele>
    <time>2025-04-05T01:42:42Z</time>
   </trkpt>
   <trkpt lat="-6.8687720" lon="109.1225350">
    <ele>6.2</ele>
    <time>2025-04-05T01:42:43Z</time>
   </trkpt>
   <trkpt lat="-6.8687760" lon="109.1225310">
    <ele>6.2</ele>
    <time>2025-04-05T01:42:44Z</time>
   </trkpt>
   <trkpt lat="-6.8687810" lon="109.1225270">
    <ele>6.2</ele>
    <time>2025-04-05T01:42:45Z</time>
   </trkpt>
   <trkpt lat="-6.8687850" lon="109.1225220">
    <ele>6.2</ele>
    <time>2025-04-05T01:42:46Z</time>
   </trkpt>
   <trkpt lat="-6.8687890" lon="109.1225180">
    <ele>6.2</ele>
    <time>2025-04-05T01:42:47Z</time>
   </trkpt>
   <trkpt lat="-6.8687930" lon="109.1225140">
    <ele>6.2</ele>
    <time>2025-04-05T01:42:48Z</time>
   </trkpt>
   <trkpt lat="-6.8687980" lon="109.1225100">
    <ele>6.2</ele>
    <time>2025-04-05T01:42:54Z</time>
   </trkpt>
   <trkpt lat="-6.8688020" lon="109.1225050">
    <ele>6.2</ele>
    <time>2025-04-05T01:42:55Z</time>
   </trkpt>
   <trkpt lat="-6.8688060" lon="109.1225010">
    <ele>6.2</ele>
    <time>2025-04-05T01:42:56Z</time>
   </trkpt>
   <trkpt lat="-6.8688040" lon="109.1224600">
    <ele>6.2</ele>
    <time>2025-04-05T01:42:57Z</time>
   </trkpt>
   <trkpt lat="-6.8687920" lon="109.1224140">
    <ele>6.2</ele>
    <time>2025-04-05T01:42:58Z</time>
   </trkpt>
   <trkpt lat="-6.8687830" lon="109.1223660">
    <ele>6.2</ele>
    <time>2025-04-05T01:42:59Z</time>
   </trkpt>
   <trkpt lat="-6.8687830" lon="109.1223170">
    <ele>6.2</ele>
    <time>2025-04-05T01:43:00Z</time>
   </trkpt>
   <trkpt lat="-6.8687870" lon="109.1222710">
    <ele>6.2</ele>
    <time>2025-04-05T01:43:01Z</time>
   </trkpt>
   <trkpt lat="-6.8687900" lon="109.1222320">
    <ele>6.2</ele>
    <time>2025-04-05T01:43:02Z</time>
   </trkpt>
   <trkpt lat="-6.8687900" lon="109.1221930">
    <ele>6.3</ele>
    <time>2025-04-05T01:43:03Z</time>
   </trkpt>
   <trkpt lat="-6.8687900" lon="109.1221530">
    <ele>6.7</ele>
    <time>2025-04-05T01:43:04Z</time>
   </trkpt>
   <trkpt lat="-6.8687820" lon="109.1221120">
    <ele>7.2</ele>
    <time>2025-04-05T01:43:05Z</time>
   </trkpt>
   <trkpt lat="-6.8687760" lon="109.1220740">
    <ele>7.3</ele>
    <time>2025-04-05T01:43:06Z</time>
   </trkpt>
   <trkpt lat="-6.8687740" lon="109.1220320">
    <ele>7.3</ele>
    <time>2025-04-05T01:43:07Z</time>
   </trkpt>
   <trkpt lat="-6.8687740" lon="109.1219910">
    <ele>7.3</ele>
    <time>2025-04-05T01:43:08Z</time>
   </trkpt>
   <trkpt lat="-6.8687720" lon="109.1219490">
    <ele>7.4</ele>
    <time>2025-04-05T01:43:09Z</time>
   </trkpt>
   <trkpt lat="-6.8687740" lon="109.1219150">
    <ele>7.4</ele>
    <time>2025-04-05T01:43:10Z</time>
   </trkpt>
   <trkpt lat="-6.8687710" lon="109.1218810">
    <ele>7.4</ele>
    <time>2025-04-05T01:43:11Z</time>
   </trkpt>
   <trkpt lat="-6.8687710" lon="109.1218380">
    <ele>7.4</ele>
    <time>2025-04-05T01:43:12Z</time>
   </trkpt>
   <trkpt lat="-6.8687570" lon="109.1217940">
    <ele>7.4</ele>
    <time>2025-04-05T01:43:13Z</time>
   </trkpt>
   <trkpt lat="-6.8687460" lon="109.1217530">
    <ele>7.4</ele>
    <time>2025-04-05T01:43:14Z</time>
   </trkpt>
   <trkpt lat="-6.8687360" lon="109.1217210">
    <ele>7.3</ele>
    <time>2025-04-05T01:43:15Z</time>
   </trkpt>
   <trkpt lat="-6.8687270" lon="109.1216820">
    <ele>7.3</ele>
    <time>2025-04-05T01:43:16Z</time>
   </trkpt>
   <trkpt lat="-6.8687190" lon="109.1216400">
    <ele>7.3</ele>
    <time>2025-04-05T01:43:17Z</time>
   </trkpt>
   <trkpt lat="-6.8687110" lon="109.1216000">
    <ele>7.3</ele>
    <time>2025-04-05T01:43:18Z</time>
   </trkpt>
   <trkpt lat="-6.8687010" lon="109.1215640">
    <ele>7.2</ele>
    <time>2025-04-05T01:43:19Z</time>
   </trkpt>
   <trkpt lat="-6.8686930" lon="109.1215290">
    <ele>7.2</ele>
    <time>2025-04-05T01:43:20Z</time>
   </trkpt>
   <trkpt lat="-6.8686860" lon="109.1214920">
    <ele>7.2</ele>
    <time>2025-04-05T01:43:21Z</time>
   </trkpt>
   <trkpt lat="-6.8686770" lon="109.1214490">
    <ele>7.2</ele>
    <time>2025-04-05T01:43:22Z</time>
   </trkpt>
   <trkpt lat="-6.8686670" lon="109.1214060">
    <ele>7.1</ele>
    <time>2025-04-05T01:43:23Z</time>
   </trkpt>
   <trkpt lat="-6.8686570" lon="109.1213640">
    <ele>7.1</ele>
    <time>2025-04-05T01:43:24Z</time>
   </trkpt>
   <trkpt lat="-6.8686510" lon="109.1213220">
    <ele>7.1</ele>
    <time>2025-04-05T01:43:25Z</time>
   </trkpt>
   <trkpt lat="-6.8686440" lon="109.1212810">
    <ele>7.1</ele>
    <time>2025-04-05T01:43:26Z</time>
   </trkpt>
   <trkpt lat="-6.8686460" lon="109.1212360">
    <ele>7.1</ele>
    <time>2025-04-05T01:43:27Z</time>
   </trkpt>
   <trkpt lat="-6.8686490" lon="109.1211980">
    <ele>7.1</ele>
    <time>2025-04-05T01:43:28Z</time>
   </trkpt>
   <trkpt lat="-6.8686500" lon="109.1211580">
    <ele>7.1</ele>
    <time>2025-04-05T01:43:29Z</time>
   </trkpt>
   <trkpt lat="-6.8686510" lon="109.1211150">
    <ele>7.1</ele>
    <time>2025-04-05T01:43:30Z</time>
   </trkpt>
   <trkpt lat="-6.8686500" lon="109.1210700">
    <ele>7.1</ele>
    <time>2025-04-05T01:43:31Z</time>
   </trkpt>
   <trkpt lat="-6.8686510" lon="109.1210190">
    <ele>7.1</ele>
    <time>2025-04-05T01:43:32Z</time>
   </trkpt>
   <trkpt lat="-6.8686530" lon="109.1209740">
    <ele>7.1</ele>
    <time>2025-04-05T01:43:33Z</time>
   </trkpt>
   <trkpt lat="-6.8686570" lon="109.1209370">
    <ele>7.1</ele>
    <time>2025-04-05T01:43:34Z</time>
   </trkpt>
   <trkpt lat="-6.8686630" lon="109.1209020">
    <ele>7.1</ele>
    <time>2025-04-05T01:43:35Z</time>
   </trkpt>
   <trkpt lat="-6.8686750" lon="109.1208650">
    <ele>7.1</ele>
    <time>2025-04-05T01:43:36Z</time>
   </trkpt>
   <trkpt lat="-6.8686860" lon="109.1208360">
    <ele>7.1</ele>
    <time>2025-04-05T01:43:37Z</time>
   </trkpt>
   <trkpt lat="-6.8686950" lon="109.1208060">
    <ele>7.1</ele>
    <time>2025-04-05T01:43:38Z</time>
   </trkpt>
   <trkpt lat="-6.8687030" lon="109.1207720">
    <ele>7.1</ele>
    <time>2025-04-05T01:43:39Z</time>
   </trkpt>
   <trkpt lat="-6.8687090" lon="109.1207370">
    <ele>7.1</ele>
    <time>2025-04-05T01:43:40Z</time>
   </trkpt>
   <trkpt lat="-6.8687200" lon="109.1206930">
    <ele>7.1</ele>
    <time>2025-04-05T01:43:41Z</time>
   </trkpt>
   <trkpt lat="-6.8687350" lon="109.1206530">
    <ele>7.1</ele>
    <time>2025-04-05T01:43:42Z</time>
   </trkpt>
   <trkpt lat="-6.8687440" lon="109.1206090">
    <ele>7.1</ele>
    <time>2025-04-05T01:43:43Z</time>
   </trkpt>
   <trkpt lat="-6.8687550" lon="109.1205680">
    <ele>7.1</ele>
    <time>2025-04-05T01:43:44Z</time>
   </trkpt>
   <trkpt lat="-6.8687690" lon="109.1205330">
    <ele>7.1</ele>
    <time>2025-04-05T01:43:45Z</time>
   </trkpt>
   <trkpt lat="-6.8687840" lon="109.1204990">
    <ele>7.1</ele>
    <time>2025-04-05T01:43:46Z</time>
   </trkpt>
   <trkpt lat="-6.8688030" lon="109.1204650">
    <ele>7.1</ele>
    <time>2025-04-05T01:43:47Z</time>
   </trkpt>
   <trkpt lat="-6.8688220" lon="109.1204330">
    <ele>7.1</ele>
    <time>2025-04-05T01:43:48Z</time>
   </trkpt>
   <trkpt lat="-6.8688400" lon="109.1204010">
    <ele>7.1</ele>
    <time>2025-04-05T01:43:49Z</time>
   </trkpt>
   <trkpt lat="-6.8688580" lon="109.1203650">
    <ele>7.2</ele>
    <time>2025-04-05T01:43:50Z</time>
   </trkpt>
   <trkpt lat="-6.8688780" lon="109.1203270">
    <ele>7.2</ele>
    <time>2025-04-05T01:43:51Z</time>
   </trkpt>
   <trkpt lat="-6.8689020" lon="109.1202900">
    <ele>7.2</ele>
    <time>2025-04-05T01:43:52Z</time>
   </trkpt>
   <trkpt lat="-6.8689180" lon="109.1202530">
    <ele>7.2</ele>
    <time>2025-04-05T01:43:53Z</time>
   </trkpt>
   <trkpt lat="-6.8689330" lon="109.1202070">
    <ele>7.2</ele>
    <time>2025-04-05T01:43:54Z</time>
   </trkpt>
   <trkpt lat="-6.8689450" lon="109.1201680">
    <ele>7.2</ele>
    <time>2025-04-05T01:43:55Z</time>
   </trkpt>
   <trkpt lat="-6.8689620" lon="109.1201320">
    <ele>7.2</ele>
    <time>2025-04-05T01:43:56Z</time>
   </trkpt>
   <trkpt lat="-6.8689850" lon="109.1200920">
    <ele>7.2</ele>
    <time>2025-04-05T01:43:57Z</time>
   </trkpt>
   <trkpt lat="-6.8690040" lon="109.1200440">
    <ele>7.2</ele>
    <time>2025-04-05T01:43:58Z</time>
   </trkpt>
   <trkpt lat="-6.8690190" lon="109.1200030">
    <ele>7.2</ele>
    <time>2025-04-05T01:43:59Z</time>
   </trkpt>
   <trkpt lat="-6.8690330" lon="109.1199740">
    <ele>7.2</ele>
    <time>2025-04-05T01:44:00Z</time>
   </trkpt>
   <trkpt lat="-6.8690490" lon="109.1199440">
    <ele>7.2</ele>
    <time>2025-04-05T01:44:01Z</time>
   </trkpt>
   <trkpt lat="-6.8690600" lon="109.1199160">
    <ele>7.2</ele>
    <time>2025-04-05T01:44:02Z</time>
   </trkpt>
   <trkpt lat="-6.8690690" lon="109.1198850">
    <ele>7.2</ele>
    <time>2025-04-05T01:44:03Z</time>
   </trkpt>
   <trkpt lat="-6.8690790" lon="109.1198550">
    <ele>7.2</ele>
    <time>2025-04-05T01:44:04Z</time>
   </trkpt>
   <trkpt lat="-6.8690910" lon="109.1198230">
    <ele>7.2</ele>
    <time>2025-04-05T01:44:05Z</time>
   </trkpt>
   <trkpt lat="-6.8691020" lon="109.1197860">
    <ele>7.2</ele>
    <time>2025-04-05T01:44:06Z</time>
   </trkpt>
   <trkpt lat="-6.8691100" lon="109.1197460">
    <ele>7.2</ele>
    <time>2025-04-05T01:44:07Z</time>
   </trkpt>
   <trkpt lat="-6.8691160" lon="109.1197080">
    <ele>7.2</ele>
    <time>2025-04-05T01:44:08Z</time>
   </trkpt>
   <trkpt lat="-6.8691310" lon="109.1196750">
    <ele>7.2</ele>
    <time>2025-04-05T01:44:09Z</time>
   </trkpt>
   <trkpt lat="-6.8691480" lon="109.1196480">
    <ele>7.2</ele>
    <time>2025-04-05T01:44:10Z</time>
   </trkpt>
   <trkpt lat="-6.8691620" lon="109.1196230">
    <ele>7.2</ele>
    <time>2025-04-05T01:44:11Z</time>
   </trkpt>
   <trkpt lat="-6.8691780" lon="109.1195870">
    <ele>7.2</ele>
    <time>2025-04-05T01:44:12Z</time>
   </trkpt>
   <trkpt lat="-6.8691820" lon="109.1195740">
    <ele>7.2</ele>
    <time>2025-04-05T01:44:13Z</time>
   </trkpt>
   <trkpt lat="-6.8692040" lon="109.1195410">
    <ele>7.2</ele>
    <time>2025-04-05T01:44:14Z</time>
   </trkpt>
   <trkpt lat="-6.8692240" lon="109.1195080">
    <ele>7.3</ele>
    <time>2025-04-05T01:44:15Z</time>
   </trkpt>
   <trkpt lat="-6.8692490" lon="109.1194710">
    <ele>7.3</ele>
    <time>2025-04-05T01:44:16Z</time>
   </trkpt>
   <trkpt lat="-6.8692720" lon="109.1194360">
    <ele>7.3</ele>
    <time>2025-04-05T01:44:17Z</time>
   </trkpt>
   <trkpt lat="-6.8692920" lon="109.1193980">
    <ele>7.3</ele>
    <time>2025-04-05T01:44:18Z</time>
   </trkpt>
   <trkpt lat="-6.8693150" lon="109.1193580">
    <ele>7.3</ele>
    <time>2025-04-05T01:44:19Z</time>
   </trkpt>
   <trkpt lat="-6.8693400" lon="109.1193240">
    <ele>7.3</ele>
    <time>2025-04-05T01:44:20Z</time>
   </trkpt>
   <trkpt lat="-6.8693600" lon="109.1192910">
    <ele>7.3</ele>
    <time>2025-04-05T01:44:21Z</time>
   </trkpt>
   <trkpt lat="-6.8693700" lon="109.1192560">
    <ele>7.3</ele>
    <time>2025-04-05T01:44:22Z</time>
   </trkpt>
   <trkpt lat="-6.8693740" lon="109.1192190">
    <ele>7.3</ele>
    <time>2025-04-05T01:44:23Z</time>
   </trkpt>
   <trkpt lat="-6.8693770" lon="109.1191810">
    <ele>7.4</ele>
    <time>2025-04-05T01:44:24Z</time>
   </trkpt>
   <trkpt lat="-6.8693860" lon="109.1191400">
    <ele>7.4</ele>
    <time>2025-04-05T01:44:25Z</time>
   </trkpt>
   <trkpt lat="-6.8694110" lon="109.1191030">
    <ele>7.4</ele>
    <time>2025-04-05T01:44:26Z</time>
   </trkpt>
   <trkpt lat="-6.8694300" lon="109.1190720">
    <ele>7.4</ele>
    <time>2025-04-05T01:44:27Z</time>
   </trkpt>
   <trkpt lat="-6.8694450" lon="109.1190390">
    <ele>7.4</ele>
    <time>2025-04-05T01:44:28Z</time>
   </trkpt>
   <trkpt lat="-6.8694600" lon="109.1190010">
    <ele>7.4</ele>
    <time>2025-04-05T01:44:29Z</time>
   </trkpt>
   <trkpt lat="-6.8694760" lon="109.1189660">
    <ele>7.4</ele>
    <time>2025-04-05T01:44:30Z</time>
   </trkpt>
   <trkpt lat="-6.8694920" lon="109.1189310">
    <ele>7.4</ele>
    <time>2025-04-05T01:44:31Z</time>
   </trkpt>
   <trkpt lat="-6.8695090" lon="109.1188960">
    <ele>7.4</ele>
    <time>2025-04-05T01:44:32Z</time>
   </trkpt>
   <trkpt lat="-6.8695270" lon="109.1188620">
    <ele>7.4</ele>
    <time>2025-04-05T01:44:33Z</time>
   </trkpt>
   <trkpt lat="-6.8695440" lon="109.1188300">
    <ele>7.4</ele>
    <time>2025-04-05T01:44:34Z</time>
   </trkpt>
   <trkpt lat="-6.8695610" lon="109.1187970">
    <ele>7.4</ele>
    <time>2025-04-05T01:44:35Z</time>
   </trkpt>
   <trkpt lat="-6.8695750" lon="109.1187680">
    <ele>7.4</ele>
    <time>2025-04-05T01:44:36Z</time>
   </trkpt>
   <trkpt lat="-6.8695860" lon="109.1187380">
    <ele>7.4</ele>
    <time>2025-04-05T01:44:37Z</time>
   </trkpt>
   <trkpt lat="-6.8695990" lon="109.1187050">
    <ele>7.4</ele>
    <time>2025-04-05T01:44:38Z</time>
   </trkpt>
   <trkpt lat="-6.8696150" lon="109.1186730">
    <ele>7.4</ele>
    <time>2025-04-05T01:44:39Z</time>
   </trkpt>
   <trkpt lat="-6.8696330" lon="109.1186420">
    <ele>7.5</ele>
    <time>2025-04-05T01:44:40Z</time>
   </trkpt>
   <trkpt lat="-6.8696490" lon="109.1186110">
    <ele>7.5</ele>
    <time>2025-04-05T01:44:41Z</time>
   </trkpt>
   <trkpt lat="-6.8696590" lon="109.1185810">
    <ele>7.5</ele>
    <time>2025-04-05T01:44:42Z</time>
   </trkpt>
   <trkpt lat="-6.8696670" lon="109.1185470">
    <ele>7.5</ele>
    <time>2025-04-05T01:44:43Z</time>
   </trkpt>
   <trkpt lat="-6.8696770" lon="109.1185100">
    <ele>7.5</ele>
    <time>2025-04-05T01:44:44Z</time>
   </trkpt>
   <trkpt lat="-6.8696890" lon="109.1184750">
    <ele>7.5</ele>
    <time>2025-04-05T01:44:45Z</time>
   </trkpt>
   <trkpt lat="-6.8697030" lon="109.1184420">
    <ele>7.5</ele>
    <time>2025-04-05T01:44:46Z</time>
   </trkpt>
   <trkpt lat="-6.8697220" lon="109.1184100">
    <ele>7.5</ele>
    <time>2025-04-05T01:44:47Z</time>
   </trkpt>
   <trkpt lat="-6.8697430" lon="109.1183770">
    <ele>7.5</ele>
    <time>2025-04-05T01:44:48Z</time>
   </trkpt>
   <trkpt lat="-6.8697630" lon="109.1183410">
    <ele>7.5</ele>
    <time>2025-04-05T01:44:49Z</time>
   </trkpt>
   <trkpt lat="-6.8697810" lon="109.1183070">
    <ele>7.5</ele>
    <time>2025-04-05T01:44:50Z</time>
   </trkpt>
   <trkpt lat="-6.8697960" lon="109.1182730">
    <ele>7.6</ele>
    <time>2025-04-05T01:44:51Z</time>
   </trkpt>
   <trkpt lat="-6.8698090" lon="109.1182380">
    <ele>7.6</ele>
    <time>2025-04-05T01:44:52Z</time>
   </trkpt>
   <trkpt lat="-6.8698200" lon="109.1182050">
    <ele>7.6</ele>
    <time>2025-04-05T01:44:53Z</time>
   </trkpt>
   <trkpt lat="-6.8698290" lon="109.1181750">
    <ele>7.6</ele>
    <time>2025-04-05T01:44:54Z</time>
   </trkpt>
   <trkpt lat="-6.8698370" lon="109.1181490">
    <ele>7.7</ele>
    <time>2025-04-05T01:44:55Z</time>
   </trkpt>
   <trkpt lat="-6.8698510" lon="109.1181200">
    <ele>7.7</ele>
    <time>2025-04-05T01:44:56Z</time>
   </trkpt>
   <trkpt lat="-6.8698620" lon="109.1180930">
    <ele>7.7</ele>
    <time>2025-04-05T01:44:57Z</time>
   </trkpt>
   <trkpt lat="-6.8698800" lon="109.1180630">
    <ele>7.7</ele>
    <time>2025-04-05T01:44:58Z</time>
   </trkpt>
   <trkpt lat="-6.8698980" lon="109.1180330">
    <ele>7.7</ele>
    <time>2025-04-05T01:44:59Z</time>
   </trkpt>
   <trkpt lat="-6.8699180" lon="109.1180060">
    <ele>7.7</ele>
    <time>2025-04-05T01:45:00Z</time>
   </trkpt>
   <trkpt lat="-6.8699340" lon="109.1179760">
    <ele>7.7</ele>
    <time>2025-04-05T01:45:01Z</time>
   </trkpt>
   <trkpt lat="-6.8699500" lon="109.1179470">
    <ele>7.7</ele>
    <time>2025-04-05T01:45:02Z</time>
   </trkpt>
   <trkpt lat="-6.8699670" lon="109.1179170">
    <ele>7.7</ele>
    <time>2025-04-05T01:45:03Z</time>
   </trkpt>
   <trkpt lat="-6.8699830" lon="109.1178860">
    <ele>7.7</ele>
    <time>2025-04-05T01:45:04Z</time>
   </trkpt>
   <trkpt lat="-6.8699990" lon="109.1178510">
    <ele>7.7</ele>
    <time>2025-04-05T01:45:05Z</time>
   </trkpt>
   <trkpt lat="-6.8700180" lon="109.1178210">
    <ele>7.7</ele>
    <time>2025-04-05T01:45:06Z</time>
   </trkpt>
   <trkpt lat="-6.8700400" lon="109.1177870">
    <ele>7.7</ele>
    <time>2025-04-05T01:45:07Z</time>
   </trkpt>
   <trkpt lat="-6.8700510" lon="109.1177580">
    <ele>7.7</ele>
    <time>2025-04-05T01:45:08Z</time>
   </trkpt>
   <trkpt lat="-6.8700660" lon="109.1177190">
    <ele>7.7</ele>
    <time>2025-04-05T01:45:09Z</time>
   </trkpt>
   <trkpt lat="-6.8700720" lon="109.1177050">
    <ele>7.6</ele>
    <time>2025-04-05T01:45:10Z</time>
   </trkpt>
   <trkpt lat="-6.8700820" lon="109.1176720">
    <ele>7.6</ele>
    <time>2025-04-05T01:45:11Z</time>
   </trkpt>
   <trkpt lat="-6.8700950" lon="109.1176380">
    <ele>7.6</ele>
    <time>2025-04-05T01:45:12Z</time>
   </trkpt>
   <trkpt lat="-6.8701100" lon="109.1175990">
    <ele>7.6</ele>
    <time>2025-04-05T01:45:13Z</time>
   </trkpt>
   <trkpt lat="-6.8701350" lon="109.1175530">
    <ele>7.6</ele>
    <time>2025-04-05T01:45:14Z</time>
   </trkpt>
   <trkpt lat="-6.8701540" lon="109.1175200">
    <ele>7.5</ele>
    <time>2025-04-05T01:45:15Z</time>
   </trkpt>
   <trkpt lat="-6.8701740" lon="109.1174810">
    <ele>7.5</ele>
    <time>2025-04-05T01:45:16Z</time>
   </trkpt>
   <trkpt lat="-6.8701930" lon="109.1174400">
    <ele>7.5</ele>
    <time>2025-04-05T01:45:17Z</time>
   </trkpt>
   <trkpt lat="-6.8702100" lon="109.1173990">
    <ele>7.5</ele>
    <time>2025-04-05T01:45:18Z</time>
   </trkpt>
   <trkpt lat="-6.8702270" lon="109.1173590">
    <ele>7.5</ele>
    <time>2025-04-05T01:45:19Z</time>
   </trkpt>
   <trkpt lat="-6.8702450" lon="109.1173220">
    <ele>7.5</ele>
    <time>2025-04-05T01:45:20Z</time>
   </trkpt>
   <trkpt lat="-6.8702640" lon="109.1172850">
    <ele>7.5</ele>
    <time>2025-04-05T01:45:21Z</time>
   </trkpt>
   <trkpt lat="-6.8702820" lon="109.1172500">
    <ele>7.5</ele>
    <time>2025-04-05T01:45:22Z</time>
   </trkpt>
   <trkpt lat="-6.8702970" lon="109.1172170">
    <ele>7.5</ele>
    <time>2025-04-05T01:45:23Z</time>
   </trkpt>
   <trkpt lat="-6.8703150" lon="109.1171830">
    <ele>7.5</ele>
    <time>2025-04-05T01:45:24Z</time>
   </trkpt>
   <trkpt lat="-6.8703400" lon="109.1171480">
    <ele>7.5</ele>
    <time>2025-04-05T01:45:25Z</time>
   </trkpt>
   <trkpt lat="-6.8703600" lon="109.1171140">
    <ele>7.5</ele>
    <time>2025-04-05T01:45:26Z</time>
   </trkpt>
   <trkpt lat="-6.8703810" lon="109.1170790">
    <ele>7.4</ele>
    <time>2025-04-05T01:45:27Z</time>
   </trkpt>
   <trkpt lat="-6.8703990" lon="109.1170460">
    <ele>7.4</ele>
    <time>2025-04-05T01:45:28Z</time>
   </trkpt>
   <trkpt lat="-6.8704140" lon="109.1170120">
    <ele>7.4</ele>
    <time>2025-04-05T01:45:29Z</time>
   </trkpt>
   <trkpt lat="-6.8704290" lon="109.1169790">
    <ele>7.4</ele>
    <time>2025-04-05T01:45:30Z</time>
   </trkpt>
   <trkpt lat="-6.8704450" lon="109.1169440">
    <ele>7.4</ele>
    <time>2025-04-05T01:45:31Z</time>
   </trkpt>
   <trkpt lat="-6.8704620" lon="109.1169110">
    <ele>7.4</ele>
    <time>2025-04-05T01:45:32Z</time>
   </trkpt>
   <trkpt lat="-6.8704790" lon="109.1168800">
    <ele>7.4</ele>
    <time>2025-04-05T01:45:33Z</time>
   </trkpt>
   <trkpt lat="-6.8704930" lon="109.1168520">
    <ele>7.4</ele>
    <time>2025-04-05T01:45:34Z</time>
   </trkpt>
   <trkpt lat="-6.8705070" lon="109.1168210">
    <ele>7.3</ele>
    <time>2025-04-05T01:45:35Z</time>
   </trkpt>
   <trkpt lat="-6.8705210" lon="109.1167930">
    <ele>7.3</ele>
    <time>2025-04-05T01:45:36Z</time>
   </trkpt>
   <trkpt lat="-6.8705370" lon="109.1167630">
    <ele>7.3</ele>
    <time>2025-04-05T01:45:37Z</time>
   </trkpt>
   <trkpt lat="-6.8705560" lon="109.1167320">
    <ele>7.3</ele>
    <time>2025-04-05T01:45:38Z</time>
   </trkpt>
   <trkpt lat="-6.8705760" lon="109.1167000">
    <ele>7.3</ele>
    <time>2025-04-05T01:45:39Z</time>
   </trkpt>
   <trkpt lat="-6.8705960" lon="109.1166670">
    <ele>7.3</ele>
    <time>2025-04-05T01:45:40Z</time>
   </trkpt>
   <trkpt lat="-6.8706150" lon="109.1166320">
    <ele>7.3</ele>
    <time>2025-04-05T01:45:41Z</time>
   </trkpt>
   <trkpt lat="-6.8706330" lon="109.1165980">
    <ele>7.3</ele>
    <time>2025-04-05T01:45:42Z</time>
   </trkpt>
   <trkpt lat="-6.8706470" lon="109.1165640">
    <ele>7.2</ele>
    <time>2025-04-05T01:45:43Z</time>
   </trkpt>
   <trkpt lat="-6.8706620" lon="109.1165300">
    <ele>7.2</ele>
    <time>2025-04-05T01:45:44Z</time>
   </trkpt>
   <trkpt lat="-6.8706790" lon="109.1165010">
    <ele>7.2</ele>
    <time>2025-04-05T01:45:45Z</time>
   </trkpt>
   <trkpt lat="-6.8706980" lon="109.1164700">
    <ele>7.2</ele>
    <time>2025-04-05T01:45:46Z</time>
   </trkpt>
   <trkpt lat="-6.8707170" lon="109.1164370">
    <ele>7.2</ele>
    <time>2025-04-05T01:45:47Z</time>
   </trkpt>
   <trkpt lat="-6.8707360" lon="109.1164010">
    <ele>7.2</ele>
    <time>2025-04-05T01:45:48Z</time>
   </trkpt>
   <trkpt lat="-6.8707520" lon="109.1163680">
    <ele>7.2</ele>
    <time>2025-04-05T01:45:49Z</time>
   </trkpt>
   <trkpt lat="-6.8707680" lon="109.1163370">
    <ele>7.2</ele>
    <time>2025-04-05T01:45:50Z</time>
   </trkpt>
   <trkpt lat="-6.8707810" lon="109.1163050">
    <ele>7.1</ele>
    <time>2025-04-05T01:45:51Z</time>
   </trkpt>
   <trkpt lat="-6.8707990" lon="109.1162730">
    <ele>7.1</ele>
    <time>2025-04-05T01:45:52Z</time>
   </trkpt>
   <trkpt lat="-6.8708140" lon="109.1162430">
    <ele>7.1</ele>
    <time>2025-04-05T01:45:53Z</time>
   </trkpt>
   <trkpt lat="-6.8708240" lon="109.1162120">
    <ele>7.1</ele>
    <time>2025-04-05T01:45:54Z</time>
   </trkpt>
   <trkpt lat="-6.8708320" lon="109.1161760">
    <ele>7.1</ele>
    <time>2025-04-05T01:45:55Z</time>
   </trkpt>
   <trkpt lat="-6.8708450" lon="109.1161420">
    <ele>7.2</ele>
    <time>2025-04-05T01:45:56Z</time>
   </trkpt>
   <trkpt lat="-6.8708640" lon="109.1161070">
    <ele>7.2</ele>
    <time>2025-04-05T01:45:57Z</time>
   </trkpt>
   <trkpt lat="-6.8708820" lon="109.1160720">
    <ele>7.2</ele>
    <time>2025-04-05T01:45:58Z</time>
   </trkpt>
   <trkpt lat="-6.8708980" lon="109.1160380">
    <ele>7.2</ele>
    <time>2025-04-05T01:45:59Z</time>
   </trkpt>
   <trkpt lat="-6.8709120" lon="109.1160060">
    <ele>7.3</ele>
    <time>2025-04-05T01:46:00Z</time>
   </trkpt>
   <trkpt lat="-6.8709260" lon="109.1159750">
    <ele>7.3</ele>
    <time>2025-04-05T01:46:01Z</time>
   </trkpt>
   <trkpt lat="-6.8709520" lon="109.1159420">
    <ele>7.3</ele>
    <time>2025-04-05T01:46:02Z</time>
   </trkpt>
   <trkpt lat="-6.8709730" lon="109.1159110">
    <ele>7.3</ele>
    <time>2025-04-05T01:46:03Z</time>
   </trkpt>
   <trkpt lat="-6.8709910" lon="109.1158800">
    <ele>7.3</ele>
    <time>2025-04-05T01:46:04Z</time>
   </trkpt>
   <trkpt lat="-6.8710060" lon="109.1158540">
    <ele>7.3</ele>
    <time>2025-04-05T01:46:05Z</time>
   </trkpt>
   <trkpt lat="-6.8710230" lon="109.1158210">
    <ele>7.3</ele>
    <time>2025-04-05T01:46:06Z</time>
   </trkpt>
   <trkpt lat="-6.8710350" lon="109.1157900">
    <ele>7.3</ele>
    <time>2025-04-05T01:46:07Z</time>
   </trkpt>
   <trkpt lat="-6.8710420" lon="109.1157610">
    <ele>7.3</ele>
    <time>2025-04-05T01:46:08Z</time>
   </trkpt>
   <trkpt lat="-6.8710550" lon="109.1157250">
    <ele>7.3</ele>
    <time>2025-04-05T01:46:09Z</time>
   </trkpt>
   <trkpt lat="-6.8710750" lon="109.1156930">
    <ele>7.3</ele>
    <time>2025-04-05T01:46:10Z</time>
   </trkpt>
   <trkpt lat="-6.8711000" lon="109.1156580">
    <ele>7.3</ele>
    <time>2025-04-05T01:46:11Z</time>
   </trkpt>
   <trkpt lat="-6.8711210" lon="109.1156250">
    <ele>7.3</ele>
    <time>2025-04-05T01:46:12Z</time>
   </trkpt>
   <trkpt lat="-6.8711360" lon="109.1155910">
    <ele>7.3</ele>
    <time>2025-04-05T01:46:13Z</time>
   </trkpt>
   <trkpt lat="-6.8711490" lon="109.1155580">
    <ele>7.3</ele>
    <time>2025-04-05T01:46:14Z</time>
   </trkpt>
   <trkpt lat="-6.8711660" lon="109.1155250">
    <ele>7.3</ele>
    <time>2025-04-05T01:46:15Z</time>
   </trkpt>
   <trkpt lat="-6.8711860" lon="109.1154940">
    <ele>7.3</ele>
    <time>2025-04-05T01:46:16Z</time>
   </trkpt>
   <trkpt lat="-6.8712050" lon="109.1154630">
    <ele>7.2</ele>
    <time>2025-04-05T01:46:17Z</time>
   </trkpt>
   <trkpt lat="-6.8712300" lon="109.1154360">
    <ele>7.2</ele>
    <time>2025-04-05T01:46:18Z</time>
   </trkpt>
   <trkpt lat="-6.8712420" lon="109.1154110">
    <ele>7.2</ele>
    <time>2025-04-05T01:46:19Z</time>
   </trkpt>
   <trkpt lat="-6.8712520" lon="109.1153810">
    <ele>7.2</ele>
    <time>2025-04-05T01:46:20Z</time>
   </trkpt>
   <trkpt lat="-6.8712650" lon="109.1153480">
    <ele>7.2</ele>
    <time>2025-04-05T01:46:21Z</time>
   </trkpt>
   <trkpt lat="-6.8712820" lon="109.1153100">
    <ele>7.2</ele>
    <time>2025-04-05T01:46:22Z</time>
   </trkpt>
   <trkpt lat="-6.8712980" lon="109.1152700">
    <ele>7.2</ele>
    <time>2025-04-05T01:46:23Z</time>
   </trkpt>
   <trkpt lat="-6.8713170" lon="109.1152250">
    <ele>7.2</ele>
    <time>2025-04-05T01:46:24Z</time>
   </trkpt>
   <trkpt lat="-6.8713370" lon="109.1151860">
    <ele>7.2</ele>
    <time>2025-04-05T01:46:25Z</time>
   </trkpt>
   <trkpt lat="-6.8713540" lon="109.1151520">
    <ele>7.2</ele>
    <time>2025-04-05T01:46:26Z</time>
   </trkpt>
   <trkpt lat="-6.8713720" lon="109.1151200">
    <ele>7.2</ele>
    <time>2025-04-05T01:46:27Z</time>
   </trkpt>
   <trkpt lat="-6.8713890" lon="109.1150960">
    <ele>7.2</ele>
    <time>2025-04-05T01:46:28Z</time>
   </trkpt>
   <trkpt lat="-6.8714060" lon="109.1150690">
    <ele>7.2</ele>
    <time>2025-04-05T01:46:29Z</time>
   </trkpt>
   <trkpt lat="-6.8714190" lon="109.1150370">
    <ele>7.2</ele>
    <time>2025-04-05T01:46:30Z</time>
   </trkpt>
   <trkpt lat="-6.8714290" lon="109.1150070">
    <ele>7.2</ele>
    <time>2025-04-05T01:46:31Z</time>
   </trkpt>
   <trkpt lat="-6.8714430" lon="109.1149720">
    <ele>7.2</ele>
    <time>2025-04-05T01:46:32Z</time>
   </trkpt>
   <trkpt lat="-6.8714530" lon="109.1149410">
    <ele>7.2</ele>
    <time>2025-04-05T01:46:33Z</time>
   </trkpt>
   <trkpt lat="-6.8714640" lon="109.1149120">
    <ele>7.2</ele>
    <time>2025-04-05T01:46:34Z</time>
   </trkpt>
   <trkpt lat="-6.8714780" lon="109.1148760">
    <ele>7.2</ele>
    <time>2025-04-05T01:46:35Z</time>
   </trkpt>
   <trkpt lat="-6.8715000" lon="109.1148330">
    <ele>7.2</ele>
    <time>2025-04-05T01:46:36Z</time>
   </trkpt>
   <trkpt lat="-6.8715310" lon="109.1147970">
    <ele>7.2</ele>
    <time>2025-04-05T01:46:37Z</time>
   </trkpt>
   <trkpt lat="-6.8715590" lon="109.1147650">
    <ele>7.2</ele>
    <time>2025-04-05T01:46:38Z</time>
   </trkpt>
   <trkpt lat="-6.8715800" lon="109.1147290">
    <ele>7.2</ele>
    <time>2025-04-05T01:46:39Z</time>
   </trkpt>
   <trkpt lat="-6.8715970" lon="109.1146930">
    <ele>7.2</ele>
    <time>2025-04-05T01:46:40Z</time>
   </trkpt>
   <trkpt lat="-6.8716100" lon="109.1146560">
    <ele>7.2</ele>
    <time>2025-04-05T01:46:41Z</time>
   </trkpt>
   <trkpt lat="-6.8716210" lon="109.1146180">
    <ele>7.2</ele>
    <time>2025-04-05T01:46:42Z</time>
   </trkpt>
   <trkpt lat="-6.8716370" lon="109.1145780">
    <ele>7.1</ele>
    <time>2025-04-05T01:46:43Z</time>
   </trkpt>
   <trkpt lat="-6.8716600" lon="109.1145470">
    <ele>7.1</ele>
    <time>2025-04-05T01:46:44Z</time>
   </trkpt>
   <trkpt lat="-6.8716770" lon="109.1145120">
    <ele>7.1</ele>
    <time>2025-04-05T01:46:45Z</time>
   </trkpt>
   <trkpt lat="-6.8716970" lon="109.1144870">
    <ele>7.1</ele>
    <time>2025-04-05T01:46:46Z</time>
   </trkpt>
   <trkpt lat="-6.8717200" lon="109.1144670">
    <ele>7.1</ele>
    <time>2025-04-05T01:46:47Z</time>
   </trkpt>
   <trkpt lat="-6.8717400" lon="109.1144420">
    <ele>7.1</ele>
    <time>2025-04-05T01:46:48Z</time>
   </trkpt>
   <trkpt lat="-6.8717580" lon="109.1144140">
    <ele>7.1</ele>
    <time>2025-04-05T01:46:49Z</time>
   </trkpt>
   <trkpt lat="-6.8717710" lon="109.1143760">
    <ele>7.1</ele>
    <time>2025-04-05T01:46:50Z</time>
   </trkpt>
   <trkpt lat="-6.8717830" lon="109.1143400">
    <ele>7.2</ele>
    <time>2025-04-05T01:46:51Z</time>
   </trkpt>
   <trkpt lat="-6.8717920" lon="109.1143090">
    <ele>7.2</ele>
    <time>2025-04-05T01:46:52Z</time>
   </trkpt>
   <trkpt lat="-6.8718100" lon="109.1142760">
    <ele>7.2</ele>
    <time>2025-04-05T01:46:53Z</time>
   </trkpt>
   <trkpt lat="-6.8718240" lon="109.1142430">
    <ele>7.2</ele>
    <time>2025-04-05T01:46:54Z</time>
   </trkpt>
   <trkpt lat="-6.8718350" lon="109.1142110">
    <ele>7.2</ele>
    <time>2025-04-05T01:46:55Z</time>
   </trkpt>
   <trkpt lat="-6.8718490" lon="109.1141800">
    <ele>7.2</ele>
    <time>2025-04-05T01:46:56Z</time>
   </trkpt>
   <trkpt lat="-6.8718630" lon="109.1141490">
    <ele>7.2</ele>
    <time>2025-04-05T01:46:57Z</time>
   </trkpt>
   <trkpt lat="-6.8718760" lon="109.1141140">
    <ele>7.2</ele>
    <time>2025-04-05T01:46:58Z</time>
   </trkpt>
   <trkpt lat="-6.8718960" lon="109.1140820">
    <ele>7.2</ele>
    <time>2025-04-05T01:46:59Z</time>
   </trkpt>
   <trkpt lat="-6.8719150" lon="109.1140510">
    <ele>7.2</ele>
    <time>2025-04-05T01:47:00Z</time>
   </trkpt>
   <trkpt lat="-6.8719320" lon="109.1140150">
    <ele>7.2</ele>
    <time>2025-04-05T01:47:01Z</time>
   </trkpt>
   <trkpt lat="-6.8719470" lon="109.1139810">
    <ele>7.2</ele>
    <time>2025-04-05T01:47:02Z</time>
   </trkpt>
   <trkpt lat="-6.8719640" lon="109.1139430">
    <ele>7.2</ele>
    <time>2025-04-05T01:47:03Z</time>
   </trkpt>
   <trkpt lat="-6.8719820" lon="109.1139070">
    <ele>7.2</ele>
    <time>2025-04-05T01:47:04Z</time>
   </trkpt>
   <trkpt lat="-6.8720020" lon="109.1138740">
    <ele>7.1</ele>
    <time>2025-04-05T01:47:05Z</time>
   </trkpt>
   <trkpt lat="-6.8720230" lon="109.1138440">
    <ele>7.1</ele>
    <time>2025-04-05T01:47:06Z</time>
   </trkpt>
   <trkpt lat="-6.8720430" lon="109.1138160">
    <ele>7.1</ele>
    <time>2025-04-05T01:47:07Z</time>
   </trkpt>
   <trkpt lat="-6.8720590" lon="109.1137860">
    <ele>7.1</ele>
    <time>2025-04-05T01:47:08Z</time>
   </trkpt>
   <trkpt lat="-6.8720760" lon="109.1137540">
    <ele>7.1</ele>
    <time>2025-04-05T01:47:09Z</time>
   </trkpt>
   <trkpt lat="-6.8721100" lon="109.1137290">
    <ele>7.1</ele>
    <time>2025-04-05T01:47:10Z</time>
   </trkpt>
   <trkpt lat="-6.8721400" lon="109.1137060">
    <ele>7.0</ele>
    <time>2025-04-05T01:47:11Z</time>
   </trkpt>
   <trkpt lat="-6.8721560" lon="109.1136750">
    <ele>7.0</ele>
    <time>2025-04-05T01:47:12Z</time>
   </trkpt>
   <trkpt lat="-6.8721710" lon="109.1136420">
    <ele>7.0</ele>
    <time>2025-04-05T01:47:13Z</time>
   </trkpt>
   <trkpt lat="-6.8721870" lon="109.1136070">
    <ele>7.0</ele>
    <time>2025-04-05T01:47:14Z</time>
   </trkpt>
   <trkpt lat="-6.8722050" lon="109.1135720">
    <ele>7.0</ele>
    <time>2025-04-05T01:47:15Z</time>
   </trkpt>
   <trkpt lat="-6.8722190" lon="109.1135420">
    <ele>7.0</ele>
    <time>2025-04-05T01:47:16Z</time>
   </trkpt>
   <trkpt lat="-6.8722340" lon="109.1135130">
    <ele>7.0</ele>
    <time>2025-04-05T01:47:17Z</time>
   </trkpt>
   <trkpt lat="-6.8722580" lon="109.1134800">
    <ele>7.0</ele>
    <time>2025-04-05T01:47:18Z</time>
   </trkpt>
   <trkpt lat="-6.8722820" lon="109.1134480">
    <ele>7.0</ele>
    <time>2025-04-05T01:47:19Z</time>
   </trkpt>
   <trkpt lat="-6.8723000" lon="109.1134140">
    <ele>7.0</ele>
    <time>2025-04-05T01:47:20Z</time>
   </trkpt>
   <trkpt lat="-6.8723190" lon="109.1133790">
    <ele>7.0</ele>
    <time>2025-04-05T01:47:21Z</time>
   </trkpt>
   <trkpt lat="-6.8723310" lon="109.1133460">
    <ele>7.0</ele>
    <time>2025-04-05T01:47:22Z</time>
   </trkpt>
   <trkpt lat="-6.8723460" lon="109.1133090">
    <ele>7.0</ele>
    <time>2025-04-05T01:47:23Z</time>
   </trkpt>
   <trkpt lat="-6.8723630" lon="109.1132650">
    <ele>7.0</ele>
    <time>2025-04-05T01:47:24Z</time>
   </trkpt>
   <trkpt lat="-6.8723760" lon="109.1132270">
    <ele>7.0</ele>
    <time>2025-04-05T01:47:25Z</time>
   </trkpt>
   <trkpt lat="-6.8723870" lon="109.1131910">
    <ele>7.0</ele>
    <time>2025-04-05T01:47:26Z</time>
   </trkpt>
   <trkpt lat="-6.8724050" lon="109.1131550">
    <ele>7.0</ele>
    <time>2025-04-05T01:47:27Z</time>
   </trkpt>
   <trkpt lat="-6.8724320" lon="109.1131220">
    <ele>6.9</ele>
    <time>2025-04-05T01:47:28Z</time>
   </trkpt>
   <trkpt lat="-6.8724550" lon="109.1130880">
    <ele>6.9</ele>
    <time>2025-04-05T01:47:29Z</time>
   </trkpt>
   <trkpt lat="-6.8724760" lon="109.1130530">
    <ele>6.9</ele>
    <time>2025-04-05T01:47:30Z</time>
   </trkpt>
   <trkpt lat="-6.8724930" lon="109.1130160">
    <ele>6.9</ele>
    <time>2025-04-05T01:47:31Z</time>
   </trkpt>
   <trkpt lat="-6.8725090" lon="109.1129780">
    <ele>6.9</ele>
    <time>2025-04-05T01:47:32Z</time>
   </trkpt>
   <trkpt lat="-6.8725400" lon="109.1129290">
    <ele>7.0</ele>
    <time>2025-04-05T01:47:33Z</time>
   </trkpt>
   <trkpt lat="-6.8725610" lon="109.1128920">
    <ele>7.0</ele>
    <time>2025-04-05T01:47:34Z</time>
   </trkpt>
   <trkpt lat="-6.8725840" lon="109.1128550">
    <ele>7.0</ele>
    <time>2025-04-05T01:47:35Z</time>
   </trkpt>
   <trkpt lat="-6.8726060" lon="109.1128190">
    <ele>7.0</ele>
    <time>2025-04-05T01:47:36Z</time>
   </trkpt>
   <trkpt lat="-6.8726260" lon="109.1127800">
    <ele>7.0</ele>
    <time>2025-04-05T01:47:37Z</time>
   </trkpt>
   <trkpt lat="-6.8726430" lon="109.1127440">
    <ele>7.0</ele>
    <time>2025-04-05T01:47:38Z</time>
   </trkpt>
   <trkpt lat="-6.8726610" lon="109.1127180">
    <ele>7.1</ele>
    <time>2025-04-05T01:47:39Z</time>
   </trkpt>
   <trkpt lat="-6.8726820" lon="109.1126910">
    <ele>7.1</ele>
    <time>2025-04-05T01:47:40Z</time>
   </trkpt>
   <trkpt lat="-6.8727020" lon="109.1126690">
    <ele>7.1</ele>
    <time>2025-04-05T01:47:41Z</time>
   </trkpt>
   <trkpt lat="-6.8727210" lon="109.1126480">
    <ele>7.1</ele>
    <time>2025-04-05T01:47:42Z</time>
   </trkpt>
   <trkpt lat="-6.8727410" lon="109.1126200">
    <ele>7.1</ele>
    <time>2025-04-05T01:47:43Z</time>
   </trkpt>
   <trkpt lat="-6.8727630" lon="109.1125890">
    <ele>7.1</ele>
    <time>2025-04-05T01:47:44Z</time>
   </trkpt>
   <trkpt lat="-6.8727800" lon="109.1125560">
    <ele>7.2</ele>
    <time>2025-04-05T01:47:45Z</time>
   </trkpt>
   <trkpt lat="-6.8727930" lon="109.1125250">
    <ele>7.2</ele>
    <time>2025-04-05T01:47:46Z</time>
   </trkpt>
   <trkpt lat="-6.8728090" lon="109.1124890">
    <ele>7.2</ele>
    <time>2025-04-05T01:47:47Z</time>
   </trkpt>
   <trkpt lat="-6.8728360" lon="109.1124580">
    <ele>7.2</ele>
    <time>2025-04-05T01:47:48Z</time>
   </trkpt>
   <trkpt lat="-6.8728650" lon="109.1124310">
    <ele>7.2</ele>
    <time>2025-04-05T01:47:49Z</time>
   </trkpt>
   <trkpt lat="-6.8728920" lon="109.1124040">
    <ele>7.2</ele>
    <time>2025-04-05T01:47:50Z</time>
   </trkpt>
   <trkpt lat="-6.8729250" lon="109.1123820">
    <ele>7.2</ele>
    <time>2025-04-05T01:47:51Z</time>
   </trkpt>
   <trkpt lat="-6.8729520" lon="109.1123540">
    <ele>7.2</ele>
    <time>2025-04-05T01:47:52Z</time>
   </trkpt>
   <trkpt lat="-6.8729750" lon="109.1123210">
    <ele>7.2</ele>
    <time>2025-04-05T01:47:53Z</time>
   </trkpt>
   <trkpt lat="-6.8729940" lon="109.1122890">
    <ele>7.2</ele>
    <time>2025-04-05T01:47:54Z</time>
   </trkpt>
   <trkpt lat="-6.8730110" lon="109.1122550">
    <ele>7.2</ele>
    <time>2025-04-05T01:47:55Z</time>
   </trkpt>
   <trkpt lat="-6.8730240" lon="109.1122200">
    <ele>7.2</ele>
    <time>2025-04-05T01:47:56Z</time>
   </trkpt>
   <trkpt lat="-6.8730370" lon="109.1121880">
    <ele>7.2</ele>
    <time>2025-04-05T01:47:57Z</time>
   </trkpt>
   <trkpt lat="-6.8730520" lon="109.1121560">
    <ele>7.2</ele>
    <time>2025-04-05T01:47:58Z</time>
   </trkpt>
   <trkpt lat="-6.8730710" lon="109.1121270">
    <ele>7.2</ele>
    <time>2025-04-05T01:47:59Z</time>
   </trkpt>
   <trkpt lat="-6.8730910" lon="109.1121000">
    <ele>7.2</ele>
    <time>2025-04-05T01:48:00Z</time>
   </trkpt>
   <trkpt lat="-6.8731070" lon="109.1120720">
    <ele>7.2</ele>
    <time>2025-04-05T01:48:01Z</time>
   </trkpt>
   <trkpt lat="-6.8731200" lon="109.1120430">
    <ele>7.2</ele>
    <time>2025-04-05T01:48:02Z</time>
   </trkpt>
   <trkpt lat="-6.8731320" lon="109.1120120">
    <ele>7.2</ele>
    <time>2025-04-05T01:48:03Z</time>
   </trkpt>
   <trkpt lat="-6.8731440" lon="109.1119810">
    <ele>7.2</ele>
    <time>2025-04-05T01:48:04Z</time>
   </trkpt>
   <trkpt lat="-6.8731500" lon="109.1119610">
    <ele>7.2</ele>
    <time>2025-04-05T01:48:05Z</time>
   </trkpt>
   <trkpt lat="-6.8731500" lon="109.1119510">
    <ele>7.2</ele>
    <time>2025-04-05T01:48:06Z</time>
   </trkpt>
   <trkpt lat="-6.8731420" lon="109.1119530">
    <ele>7.2</ele>
    <time>2025-04-05T01:48:07Z</time>
   </trkpt>
   <trkpt lat="-6.8731360" lon="109.1119570">
    <ele>7.2</ele>
    <time>2025-04-05T01:48:08Z</time>
   </trkpt>
   <trkpt lat="-6.8731350" lon="109.1119580">
    <ele>7.2</ele>
    <time>2025-04-05T01:48:09Z</time>
   </trkpt>
   <trkpt lat="-6.8731350" lon="109.1119580">
    <ele>7.2</ele>
    <time>2025-04-05T01:48:10Z</time>
   </trkpt>
   <trkpt lat="-6.8731380" lon="109.1119520">
    <ele>7.2</ele>
    <time>2025-04-05T01:48:11Z</time>
   </trkpt>
   <trkpt lat="-6.8731460" lon="109.1119410">
    <ele>7.2</ele>
    <time>2025-04-05T01:48:12Z</time>
   </trkpt>
   <trkpt lat="-6.8731540" lon="109.1119230">
    <ele>7.2</ele>
    <time>2025-04-05T01:48:13Z</time>
   </trkpt>
   <trkpt lat="-6.8731680" lon="109.1118880">
    <ele>7.2</ele>
    <time>2025-04-05T01:48:14Z</time>
   </trkpt>
   <trkpt lat="-6.8731730" lon="109.1118740">
    <ele>7.2</ele>
    <time>2025-04-05T01:48:15Z</time>
   </trkpt>
   <trkpt lat="-6.8731840" lon="109.1118460">
    <ele>7.2</ele>
    <time>2025-04-05T01:48:16Z</time>
   </trkpt>
   <trkpt lat="-6.8731940" lon="109.1118170">
    <ele>7.2</ele>
    <time>2025-04-05T01:48:17Z</time>
   </trkpt>
   <trkpt lat="-6.8732070" lon="109.1117900">
    <ele>7.2</ele>
    <time>2025-04-05T01:48:18Z</time>
   </trkpt>
   <trkpt lat="-6.8732230" lon="109.1117630">
    <ele>7.3</ele>
    <time>2025-04-05T01:48:19Z</time>
   </trkpt>
   <trkpt lat="-6.8732360" lon="109.1117330">
    <ele>7.3</ele>
    <time>2025-04-05T01:48:20Z</time>
   </trkpt>
   <trkpt lat="-6.8732480" lon="109.1117010">
    <ele>7.3</ele>
    <time>2025-04-05T01:48:21Z</time>
   </trkpt>
   <trkpt lat="-6.8732590" lon="109.1116710">
    <ele>7.3</ele>
    <time>2025-04-05T01:48:22Z</time>
   </trkpt>
   <trkpt lat="-6.8732770" lon="109.1116460">
    <ele>7.3</ele>
    <time>2025-04-05T01:48:23Z</time>
   </trkpt>
   <trkpt lat="-6.8732970" lon="109.1116260">
    <ele>7.3</ele>
    <time>2025-04-05T01:48:24Z</time>
   </trkpt>
   <trkpt lat="-6.8733190" lon="109.1116000">
    <ele>7.3</ele>
    <time>2025-04-05T01:48:25Z</time>
   </trkpt>
   <trkpt lat="-6.8733390" lon="109.1115710">
    <ele>7.3</ele>
    <time>2025-04-05T01:48:26Z</time>
   </trkpt>
   <trkpt lat="-6.8733540" lon="109.1115430">
    <ele>7.3</ele>
    <time>2025-04-05T01:48:27Z</time>
   </trkpt>
   <trkpt lat="-6.8733620" lon="109.1115110">
    <ele>7.3</ele>
    <time>2025-04-05T01:48:28Z</time>
   </trkpt>
   <trkpt lat="-6.8733660" lon="109.1114810">
    <ele>7.3</ele>
    <time>2025-04-05T01:48:29Z</time>
   </trkpt>
   <trkpt lat="-6.8733740" lon="109.1114510">
    <ele>7.3</ele>
    <time>2025-04-05T01:48:30Z</time>
   </trkpt>
   <trkpt lat="-6.8733820" lon="109.1114180">
    <ele>7.3</ele>
    <time>2025-04-05T01:48:31Z</time>
   </trkpt>
   <trkpt lat="-6.8733870" lon="109.1113860">
    <ele>7.3</ele>
    <time>2025-04-05T01:48:32Z</time>
   </trkpt>
   <trkpt lat="-6.8733920" lon="109.1113530">
    <ele>7.3</ele>
    <time>2025-04-05T01:48:33Z</time>
   </trkpt>
   <trkpt lat="-6.8734010" lon="109.1113220">
    <ele>7.3</ele>
    <time>2025-04-05T01:48:34Z</time>
   </trkpt>
   <trkpt lat="-6.8734100" lon="109.1112940">
    <ele>7.3</ele>
    <time>2025-04-05T01:48:35Z</time>
   </trkpt>
   <trkpt lat="-6.8734200" lon="109.1112630">
    <ele>7.3</ele>
    <time>2025-04-05T01:48:36Z</time>
   </trkpt>
   <trkpt lat="-6.8734330" lon="109.1112280">
    <ele>7.3</ele>
    <time>2025-04-05T01:48:37Z</time>
   </trkpt>
   <trkpt lat="-6.8734520" lon="109.1111900">
    <ele>7.3</ele>
    <time>2025-04-05T01:48:38Z</time>
   </trkpt>
   <trkpt lat="-6.8734750" lon="109.1111490">
    <ele>7.2</ele>
    <time>2025-04-05T01:48:39Z</time>
   </trkpt>
   <trkpt lat="-6.8734980" lon="109.1111090">
    <ele>7.2</ele>
    <time>2025-04-05T01:48:40Z</time>
   </trkpt>
   <trkpt lat="-6.8735140" lon="109.1110750">
    <ele>7.2</ele>
    <time>2025-04-05T01:48:41Z</time>
   </trkpt>
   <trkpt lat="-6.8735280" lon="109.1110390">
    <ele>7.2</ele>
    <time>2025-04-05T01:48:42Z</time>
   </trkpt>
   <trkpt lat="-6.8735400" lon="109.1110010">
    <ele>7.2</ele>
    <time>2025-04-05T01:48:43Z</time>
   </trkpt>
   <trkpt lat="-6.8735520" lon="109.1109650">
    <ele>7.2</ele>
    <time>2025-04-05T01:48:44Z</time>
   </trkpt>
   <trkpt lat="-6.8735610" lon="109.1109310">
    <ele>7.1</ele>
    <time>2025-04-05T01:48:45Z</time>
   </trkpt>
   <trkpt lat="-6.8735680" lon="109.1108980">
    <ele>7.1</ele>
    <time>2025-04-05T01:48:46Z</time>
   </trkpt>
   <trkpt lat="-6.8735760" lon="109.1108640">
    <ele>7.1</ele>
    <time>2025-04-05T01:48:47Z</time>
   </trkpt>
   <trkpt lat="-6.8735840" lon="109.1108330">
    <ele>7.1</ele>
    <time>2025-04-05T01:48:48Z</time>
   </trkpt>
   <trkpt lat="-6.8735950" lon="109.1108030">
    <ele>7.0</ele>
    <time>2025-04-05T01:48:49Z</time>
   </trkpt>
   <trkpt lat="-6.8736080" lon="109.1107740">
    <ele>7.0</ele>
    <time>2025-04-05T01:48:50Z</time>
   </trkpt>
   <trkpt lat="-6.8736200" lon="109.1107410">
    <ele>7.0</ele>
    <time>2025-04-05T01:48:51Z</time>
   </trkpt>
   <trkpt lat="-6.8736300" lon="109.1107110">
    <ele>7.0</ele>
    <time>2025-04-05T01:48:52Z</time>
   </trkpt>
   <trkpt lat="-6.8736420" lon="109.1106780">
    <ele>7.0</ele>
    <time>2025-04-05T01:48:53Z</time>
   </trkpt>
   <trkpt lat="-6.8736530" lon="109.1106490">
    <ele>7.0</ele>
    <time>2025-04-05T01:48:54Z</time>
   </trkpt>
   <trkpt lat="-6.8736610" lon="109.1106170">
    <ele>6.9</ele>
    <time>2025-04-05T01:48:55Z</time>
   </trkpt>
   <trkpt lat="-6.8736670" lon="109.1105830">
    <ele>6.9</ele>
    <time>2025-04-05T01:48:56Z</time>
   </trkpt>
   <trkpt lat="-6.8736690" lon="109.1105490">
    <ele>6.9</ele>
    <time>2025-04-05T01:48:57Z</time>
   </trkpt>
   <trkpt lat="-6.8736730" lon="109.1105140">
    <ele>6.9</ele>
    <time>2025-04-05T01:48:58Z</time>
   </trkpt>
   <trkpt lat="-6.8736820" lon="109.1104800">
    <ele>6.9</ele>
    <time>2025-04-05T01:48:59Z</time>
   </trkpt>
   <trkpt lat="-6.8737010" lon="109.1104370">
    <ele>6.9</ele>
    <time>2025-04-05T01:49:00Z</time>
   </trkpt>
   <trkpt lat="-6.8737200" lon="109.1103980">
    <ele>6.8</ele>
    <time>2025-04-05T01:49:01Z</time>
   </trkpt>
   <trkpt lat="-6.8737360" lon="109.1103640">
    <ele>6.8</ele>
    <time>2025-04-05T01:49:02Z</time>
   </trkpt>
   <trkpt lat="-6.8737510" lon="109.1103240">
    <ele>6.8</ele>
    <time>2025-04-05T01:49:03Z</time>
   </trkpt>
   <trkpt lat="-6.8737610" lon="109.1102880">
    <ele>6.8</ele>
    <time>2025-04-05T01:49:04Z</time>
   </trkpt>
   <trkpt lat="-6.8737690" lon="109.1102550">
    <ele>6.8</ele>
    <time>2025-04-05T01:49:05Z</time>
   </trkpt>
   <trkpt lat="-6.8737760" lon="109.1102210">
    <ele>6.8</ele>
    <time>2025-04-05T01:49:06Z</time>
   </trkpt>
   <trkpt lat="-6.8737880" lon="109.1101890">
    <ele>6.8</ele>
    <time>2025-04-05T01:49:07Z</time>
   </trkpt>
   <trkpt lat="-6.8738010" lon="109.1101570">
    <ele>6.8</ele>
    <time>2025-04-05T01:49:08Z</time>
   </trkpt>
   <trkpt lat="-6.8738130" lon="109.1101250">
    <ele>6.8</ele>
    <time>2025-04-05T01:49:09Z</time>
   </trkpt>
   <trkpt lat="-6.8738240" lon="109.1100910">
    <ele>6.8</ele>
    <time>2025-04-05T01:49:10Z</time>
   </trkpt>
   <trkpt lat="-6.8738330" lon="109.1100570">
    <ele>6.8</ele>
    <time>2025-04-05T01:49:11Z</time>
   </trkpt>
   <trkpt lat="-6.8738440" lon="109.1100190">
    <ele>6.8</ele>
    <time>2025-04-05T01:49:12Z</time>
   </trkpt>
   <trkpt lat="-6.8738570" lon="109.1099820">
    <ele>6.8</ele>
    <time>2025-04-05T01:49:13Z</time>
   </trkpt>
   <trkpt lat="-6.8738710" lon="109.1099430">
    <ele>6.8</ele>
    <time>2025-04-05T01:49:14Z</time>
   </trkpt>
   <trkpt lat="-6.8738840" lon="109.1099090">
    <ele>6.8</ele>
    <time>2025-04-05T01:49:15Z</time>
   </trkpt>
   <trkpt lat="-6.8738920" lon="109.1098800">
    <ele>6.8</ele>
    <time>2025-04-05T01:49:16Z</time>
   </trkpt>
   <trkpt lat="-6.8739040" lon="109.1098390">
    <ele>6.8</ele>
    <time>2025-04-05T01:49:17Z</time>
   </trkpt>
   <trkpt lat="-6.8739080" lon="109.1098240">
    <ele>6.8</ele>
    <time>2025-04-05T01:49:18Z</time>
   </trkpt>
   <trkpt lat="-6.8739160" lon="109.1097900">
    <ele>6.8</ele>
    <time>2025-04-05T01:49:19Z</time>
   </trkpt>
   <trkpt lat="-6.8739230" lon="109.1097540">
    <ele>6.9</ele>
    <time>2025-04-05T01:49:20Z</time>
   </trkpt>
   <trkpt lat="-6.8739320" lon="109.1097150">
    <ele>6.9</ele>
    <time>2025-04-05T01:49:21Z</time>
   </trkpt>
   <trkpt lat="-6.8739410" lon="109.1096770">
    <ele>6.9</ele>
    <time>2025-04-05T01:49:22Z</time>
   </trkpt>
   <trkpt lat="-6.8739510" lon="109.1096390">
    <ele>7.0</ele>
    <time>2025-04-05T01:49:23Z</time>
   </trkpt>
   <trkpt lat="-6.8739640" lon="109.1096050">
    <ele>7.0</ele>
    <time>2025-04-05T01:49:24Z</time>
   </trkpt>
   <trkpt lat="-6.8739760" lon="109.1095710">
    <ele>7.0</ele>
    <time>2025-04-05T01:49:25Z</time>
   </trkpt>
   <trkpt lat="-6.8739840" lon="109.1095410">
    <ele>7.0</ele>
    <time>2025-04-05T01:49:26Z</time>
   </trkpt>
   <trkpt lat="-6.8739870" lon="109.1095090">
    <ele>7.1</ele>
    <time>2025-04-05T01:49:27Z</time>
   </trkpt>
   <trkpt lat="-6.8739890" lon="109.1094790">
    <ele>7.1</ele>
    <time>2025-04-05T01:49:28Z</time>
   </trkpt>
   <trkpt lat="-6.8739940" lon="109.1094470">
    <ele>7.1</ele>
    <time>2025-04-05T01:49:29Z</time>
   </trkpt>
   <trkpt lat="-6.8739980" lon="109.1094150">
    <ele>7.1</ele>
    <time>2025-04-05T01:49:30Z</time>
   </trkpt>
   <trkpt lat="-6.8740020" lon="109.1093840">
    <ele>7.1</ele>
    <time>2025-04-05T01:49:31Z</time>
   </trkpt>
   <trkpt lat="-6.8740080" lon="109.1093520">
    <ele>7.1</ele>
    <time>2025-04-05T01:49:32Z</time>
   </trkpt>
   <trkpt lat="-6.8740190" lon="109.1093210">
    <ele>7.1</ele>
    <time>2025-04-05T01:49:33Z</time>
   </trkpt>
   <trkpt lat="-6.8740330" lon="109.1092870">
    <ele>7.1</ele>
    <time>2025-04-05T01:49:34Z</time>
   </trkpt>
   <trkpt lat="-6.8740470" lon="109.1092530">
    <ele>7.1</ele>
    <time>2025-04-05T01:49:35Z</time>
   </trkpt>
   <trkpt lat="-6.8740630" lon="109.1092190">
    <ele>7.1</ele>
    <time>2025-04-05T01:49:36Z</time>
   </trkpt>
   <trkpt lat="-6.8740800" lon="109.1091830">
    <ele>7.1</ele>
    <time>2025-04-05T01:49:37Z</time>
   </trkpt>
   <trkpt lat="-6.8740960" lon="109.1091470">
    <ele>7.1</ele>
    <time>2025-04-05T01:49:38Z</time>
   </trkpt>
   <trkpt lat="-6.8741100" lon="109.1091130">
    <ele>7.1</ele>
    <time>2025-04-05T01:49:39Z</time>
   </trkpt>
   <trkpt lat="-6.8741200" lon="109.1090800">
    <ele>7.1</ele>
    <time>2025-04-05T01:49:40Z</time>
   </trkpt>
   <trkpt lat="-6.8741300" lon="109.1090470">
    <ele>7.1</ele>
    <time>2025-04-05T01:49:41Z</time>
   </trkpt>
   <trkpt lat="-6.8741410" lon="109.1090140">
    <ele>7.1</ele>
    <time>2025-04-05T01:49:42Z</time>
   </trkpt>
   <trkpt lat="-6.8741500" lon="109.1089850">
    <ele>7.1</ele>
    <time>2025-04-05T01:49:43Z</time>
   </trkpt>
   <trkpt lat="-6.8741570" lon="109.1089580">
    <ele>7.1</ele>
    <time>2025-04-05T01:49:44Z</time>
   </trkpt>
   <trkpt lat="-6.8741660" lon="109.1089310">
    <ele>7.1</ele>
    <time>2025-04-05T01:49:45Z</time>
   </trkpt>
   <trkpt lat="-6.8741710" lon="109.1089040">
    <ele>7.1</ele>
    <time>2025-04-05T01:49:46Z</time>
   </trkpt>
   <trkpt lat="-6.8741720" lon="109.1088760">
    <ele>7.1</ele>
    <time>2025-04-05T01:49:47Z</time>
   </trkpt>
   <trkpt lat="-6.8741780" lon="109.1088370">
    <ele>7.1</ele>
    <time>2025-04-05T01:49:48Z</time>
   </trkpt>
   <trkpt lat="-6.8741810" lon="109.1088220">
    <ele>7.1</ele>
    <time>2025-04-05T01:49:49Z</time>
   </trkpt>
   <trkpt lat="-6.8741890" lon="109.1087880">
    <ele>7.1</ele>
    <time>2025-04-05T01:49:50Z</time>
   </trkpt>
   <trkpt lat="-6.8741980" lon="109.1087530">
    <ele>7.1</ele>
    <time>2025-04-05T01:49:51Z</time>
   </trkpt>
   <trkpt lat="-6.8742100" lon="109.1087220">
    <ele>7.1</ele>
    <time>2025-04-05T01:49:52Z</time>
   </trkpt>
   <trkpt lat="-6.8742260" lon="109.1086930">
    <ele>7.1</ele>
    <time>2025-04-05T01:49:53Z</time>
   </trkpt>
   <trkpt lat="-6.8742450" lon="109.1086680">
    <ele>7.1</ele>
    <time>2025-04-05T01:49:54Z</time>
   </trkpt>
   <trkpt lat="-6.8742500" lon="109.1086630">
    <ele>7.1</ele>
    <time>2025-04-05T01:49:55Z</time>
   </trkpt>
   <trkpt lat="-6.8742550" lon="109.1086620">
    <ele>7.1</ele>
    <time>2025-04-05T01:49:56Z</time>
   </trkpt>
   <trkpt lat="-6.8742550" lon="109.1086630">
    <ele>7.1</ele>
    <time>2025-04-05T01:49:57Z</time>
   </trkpt>
   <trkpt lat="-6.8742550" lon="109.1086630">
    <ele>7.1</ele>
    <time>2025-04-05T01:49:58Z</time>
   </trkpt>
   <trkpt lat="-6.8742550" lon="109.1086630">
    <ele>7.1</ele>
    <time>2025-04-05T01:49:59Z</time>
   </trkpt>
   <trkpt lat="-6.8742550" lon="109.1086630">
    <ele>7.1</ele>
    <time>2025-04-05T01:50:00Z</time>
   </trkpt>
   <trkpt lat="-6.8742550" lon="109.1086630">
    <ele>7.1</ele>
    <time>2025-04-05T01:50:01Z</time>
   </trkpt>
   <trkpt lat="-6.8742550" lon="109.1086630">
    <ele>7.1</ele>
    <time>2025-04-05T01:50:02Z</time>
   </trkpt>
   <trkpt lat="-6.8742550" lon="109.1086630">
    <ele>7.1</ele>
    <time>2025-04-05T01:50:03Z</time>
   </trkpt>
   <trkpt lat="-6.8742550" lon="109.1086630">
    <ele>7.1</ele>
    <time>2025-04-05T01:50:04Z</time>
   </trkpt>
   <trkpt lat="-6.8742550" lon="109.1086630">
    <ele>7.1</ele>
    <time>2025-04-05T01:50:05Z</time>
   </trkpt>
   <trkpt lat="-6.8742730" lon="109.1086340">
    <ele>7.0</ele>
    <time>2025-04-05T01:50:09Z</time>
   </trkpt>
   <trkpt lat="-6.8742860" lon="109.1086080">
    <ele>7.0</ele>
    <time>2025-04-05T01:50:10Z</time>
   </trkpt>
   <trkpt lat="-6.8742920" lon="109.1085700">
    <ele>7.0</ele>
    <time>2025-04-05T01:50:11Z</time>
   </trkpt>
   <trkpt lat="-6.8742920" lon="109.1085570">
    <ele>7.0</ele>
    <time>2025-04-05T01:50:12Z</time>
   </trkpt>
   <trkpt lat="-6.8742930" lon="109.1085280">
    <ele>7.0</ele>
    <time>2025-04-05T01:50:13Z</time>
   </trkpt>
   <trkpt lat="-6.8742960" lon="109.1084990">
    <ele>7.0</ele>
    <time>2025-04-05T01:50:14Z</time>
   </trkpt>
   <trkpt lat="-6.8743020" lon="109.1084640">
    <ele>7.0</ele>
    <time>2025-04-05T01:50:15Z</time>
   </trkpt>
   <trkpt lat="-6.8743090" lon="109.1084260">
    <ele>7.0</ele>
    <time>2025-04-05T01:50:16Z</time>
   </trkpt>
   <trkpt lat="-6.8743110" lon="109.1084110">
    <ele>7.0</ele>
    <time>2025-04-05T01:50:17Z</time>
   </trkpt>
   <trkpt lat="-6.8743180" lon="109.1083760">
    <ele>7.1</ele>
    <time>2025-04-05T01:50:18Z</time>
   </trkpt>
   <trkpt lat="-6.8743270" lon="109.1083430">
    <ele>7.1</ele>
    <time>2025-04-05T01:50:19Z</time>
   </trkpt>
   <trkpt lat="-6.8743350" lon="109.1083120">
    <ele>7.1</ele>
    <time>2025-04-05T01:50:20Z</time>
   </trkpt>
   <trkpt lat="-6.8743440" lon="109.1082810">
    <ele>7.1</ele>
    <time>2025-04-05T01:50:21Z</time>
   </trkpt>
   <trkpt lat="-6.8743590" lon="109.1082470">
    <ele>7.1</ele>
    <time>2025-04-05T01:50:22Z</time>
   </trkpt>
   <trkpt lat="-6.8743780" lon="109.1082130">
    <ele>7.1</ele>
    <time>2025-04-05T01:50:23Z</time>
   </trkpt>
   <trkpt lat="-6.8743960" lon="109.1081790">
    <ele>7.1</ele>
    <time>2025-04-05T01:50:24Z</time>
   </trkpt>
   <trkpt lat="-6.8744100" lon="109.1081440">
    <ele>7.1</ele>
    <time>2025-04-05T01:50:25Z</time>
   </trkpt>
   <trkpt lat="-6.8744170" lon="109.1081100">
    <ele>7.1</ele>
    <time>2025-04-05T01:50:26Z</time>
   </trkpt>
   <trkpt lat="-6.8744190" lon="109.1080810">
    <ele>7.1</ele>
    <time>2025-04-05T01:50:27Z</time>
   </trkpt>
   <trkpt lat="-6.8744220" lon="109.1080510">
    <ele>7.2</ele>
    <time>2025-04-05T01:50:28Z</time>
   </trkpt>
   <trkpt lat="-6.8744270" lon="109.1080180">
    <ele>7.2</ele>
    <time>2025-04-05T01:50:29Z</time>
   </trkpt>
   <trkpt lat="-6.8744350" lon="109.1079820">
    <ele>7.2</ele>
    <time>2025-04-05T01:50:30Z</time>
   </trkpt>
   <trkpt lat="-6.8744440" lon="109.1079470">
    <ele>7.2</ele>
    <time>2025-04-05T01:50:31Z</time>
   </trkpt>
   <trkpt lat="-6.8744540" lon="109.1079110">
    <ele>7.2</ele>
    <time>2025-04-05T01:50:32Z</time>
   </trkpt>
   <trkpt lat="-6.8744660" lon="109.1078750">
    <ele>7.2</ele>
    <time>2025-04-05T01:50:33Z</time>
   </trkpt>
   <trkpt lat="-6.8744840" lon="109.1078410">
    <ele>7.2</ele>
    <time>2025-04-05T01:50:34Z</time>
   </trkpt>
   <trkpt lat="-6.8745010" lon="109.1078090">
    <ele>7.2</ele>
    <time>2025-04-05T01:50:35Z</time>
   </trkpt>
   <trkpt lat="-6.8745130" lon="109.1077790">
    <ele>7.2</ele>
    <time>2025-04-05T01:50:36Z</time>
   </trkpt>
   <trkpt lat="-6.8745230" lon="109.1077470">
    <ele>7.2</ele>
    <time>2025-04-05T01:50:37Z</time>
   </trkpt>
   <trkpt lat="-6.8745340" lon="109.1077140">
    <ele>7.2</ele>
    <time>2025-04-05T01:50:38Z</time>
   </trkpt>
   <trkpt lat="-6.8745460" lon="109.1076820">
    <ele>7.2</ele>
    <time>2025-04-05T01:50:39Z</time>
   </trkpt>
   <trkpt lat="-6.8745580" lon="109.1076550">
    <ele>7.2</ele>
    <time>2025-04-05T01:50:40Z</time>
   </trkpt>
   <trkpt lat="-6.8745690" lon="109.1076220">
    <ele>7.2</ele>
    <time>2025-04-05T01:50:41Z</time>
   </trkpt>
   <trkpt lat="-6.8745770" lon="109.1075870">
    <ele>7.2</ele>
    <time>2025-04-05T01:50:42Z</time>
   </trkpt>
   <trkpt lat="-6.8745860" lon="109.1075540">
    <ele>7.2</ele>
    <time>2025-04-05T01:50:43Z</time>
   </trkpt>
   <trkpt lat="-6.8745970" lon="109.1075200">
    <ele>7.2</ele>
    <time>2025-04-05T01:50:44Z</time>
   </trkpt>
   <trkpt lat="-6.8746120" lon="109.1074860">
    <ele>7.2</ele>
    <time>2025-04-05T01:50:45Z</time>
   </trkpt>
   <trkpt lat="-6.8746250" lon="109.1074500">
    <ele>7.2</ele>
    <time>2025-04-05T01:50:46Z</time>
   </trkpt>
   <trkpt lat="-6.8746390" lon="109.1074170">
    <ele>7.2</ele>
    <time>2025-04-05T01:50:47Z</time>
   </trkpt>
   <trkpt lat="-6.8746490" lon="109.1073850">
    <ele>7.2</ele>
    <time>2025-04-05T01:50:48Z</time>
   </trkpt>
   <trkpt lat="-6.8746590" lon="109.1073530">
    <ele>7.2</ele>
    <time>2025-04-05T01:50:49Z</time>
   </trkpt>
   <trkpt lat="-6.8746690" lon="109.1073200">
    <ele>7.2</ele>
    <time>2025-04-05T01:50:50Z</time>
   </trkpt>
   <trkpt lat="-6.8746710" lon="109.1073120">
    <ele>7.2</ele>
    <time>2025-04-05T01:50:51Z</time>
   </trkpt>
   <trkpt lat="-6.8746690" lon="109.1073040">
    <ele>7.2</ele>
    <time>2025-04-05T01:50:52Z</time>
   </trkpt>
   <trkpt lat="-6.8746680" lon="109.1073000">
    <ele>7.2</ele>
    <time>2025-04-05T01:50:53Z</time>
   </trkpt>
   <trkpt lat="-6.8746660" lon="109.1072960">
    <ele>7.2</ele>
    <time>2025-04-05T01:50:54Z</time>
   </trkpt>
   <trkpt lat="-6.8746640" lon="109.1072920">
    <ele>7.2</ele>
    <time>2025-04-05T01:50:55Z</time>
   </trkpt>
   <trkpt lat="-6.8746630" lon="109.1072880">
    <ele>7.2</ele>
    <time>2025-04-05T01:50:56Z</time>
   </trkpt>
   <trkpt lat="-6.8746610" lon="109.1072850">
    <ele>7.2</ele>
    <time>2025-04-05T01:50:57Z</time>
   </trkpt>
   <trkpt lat="-6.8746600" lon="109.1072810">
    <ele>7.2</ele>
    <time>2025-04-05T01:50:58Z</time>
   </trkpt>
   <trkpt lat="-6.8746580" lon="109.1072770">
    <ele>7.2</ele>
    <time>2025-04-05T01:50:59Z</time>
   </trkpt>
   <trkpt lat="-6.8746560" lon="109.1072730">
    <ele>7.2</ele>
    <time>2025-04-05T01:51:00Z</time>
   </trkpt>
   <trkpt lat="-6.8746550" lon="109.1072690">
    <ele>7.2</ele>
    <time>2025-04-05T01:51:01Z</time>
   </trkpt>
   <trkpt lat="-6.8746530" lon="109.1072650">
    <ele>7.2</ele>
    <time>2025-04-05T01:51:02Z</time>
   </trkpt>
   <trkpt lat="-6.8746540" lon="109.1072310">
    <ele>7.3</ele>
    <time>2025-04-05T01:51:03Z</time>
   </trkpt>
   <trkpt lat="-6.8746610" lon="109.1072010">
    <ele>7.3</ele>
    <time>2025-04-05T01:51:04Z</time>
   </trkpt>
   <trkpt lat="-6.8746750" lon="109.1071630">
    <ele>7.3</ele>
    <time>2025-04-05T01:51:05Z</time>
   </trkpt>
   <trkpt lat="-6.8746910" lon="109.1071300">
    <ele>7.3</ele>
    <time>2025-04-05T01:51:06Z</time>
   </trkpt>
   <trkpt lat="-6.8747110" lon="109.1070930">
    <ele>7.4</ele>
    <time>2025-04-05T01:51:07Z</time>
   </trkpt>
   <trkpt lat="-6.8747290" lon="109.1070640">
    <ele>7.4</ele>
    <time>2025-04-05T01:51:08Z</time>
   </trkpt>
   <trkpt lat="-6.8747400" lon="109.1070380">
    <ele>7.4</ele>
    <time>2025-04-05T01:51:09Z</time>
   </trkpt>
   <trkpt lat="-6.8747570" lon="109.1070010">
    <ele>7.5</ele>
    <time>2025-04-05T01:51:10Z</time>
   </trkpt>
   <trkpt lat="-6.8747630" lon="109.1069880">
    <ele>7.5</ele>
    <time>2025-04-05T01:51:11Z</time>
   </trkpt>
   <trkpt lat="-6.8747770" lon="109.1069620">
    <ele>7.5</ele>
    <time>2025-04-05T01:51:12Z</time>
   </trkpt>
   <trkpt lat="-6.8747900" lon="109.1069370">
    <ele>7.6</ele>
    <time>2025-04-05T01:51:13Z</time>
   </trkpt>
   <trkpt lat="-6.8748020" lon="109.1069130">
    <ele>7.6</ele>
    <time>2025-04-05T01:51:14Z</time>
   </trkpt>
   <trkpt lat="-6.8748110" lon="109.1068840">
    <ele>7.7</ele>
    <time>2025-04-05T01:51:15Z</time>
   </trkpt>
   <trkpt lat="-6.8748120" lon="109.1068750">
    <ele>7.7</ele>
    <time>2025-04-05T01:51:16Z</time>
   </trkpt>
   <trkpt lat="-6.8748130" lon="109.1068390">
    <ele>7.7</ele>
    <time>2025-04-05T01:51:17Z</time>
   </trkpt>
   <trkpt lat="-6.8748150" lon="109.1068260">
    <ele>7.7</ele>
    <time>2025-04-05T01:51:18Z</time>
   </trkpt>
   <trkpt lat="-6.8748260" lon="109.1067980">
    <ele>7.8</ele>
    <time>2025-04-05T01:51:19Z</time>
   </trkpt>
   <trkpt lat="-6.8748450" lon="109.1067640">
    <ele>7.8</ele>
    <time>2025-04-05T01:51:20Z</time>
   </trkpt>
   <trkpt lat="-6.8748520" lon="109.1067510">
    <ele>7.8</ele>
    <time>2025-04-05T01:51:21Z</time>
   </trkpt>
   <trkpt lat="-6.8748660" lon="109.1067220">
    <ele>7.8</ele>
    <time>2025-04-05T01:51:22Z</time>
   </trkpt>
   <trkpt lat="-6.8748810" lon="109.1066880">
    <ele>7.9</ele>
    <time>2025-04-05T01:51:23Z</time>
   </trkpt>
   <trkpt lat="-6.8748980" lon="109.1066570">
    <ele>7.9</ele>
    <time>2025-04-05T01:51:24Z</time>
   </trkpt>
   <trkpt lat="-6.8749120" lon="109.1066230">
    <ele>7.9</ele>
    <time>2025-04-05T01:51:25Z</time>
   </trkpt>
   <trkpt lat="-6.8749280" lon="109.1065940">
    <ele>8.0</ele>
    <time>2025-04-05T01:51:26Z</time>
   </trkpt>
   <trkpt lat="-6.8749360" lon="109.1065620">
    <ele>8.0</ele>
    <time>2025-04-05T01:51:27Z</time>
   </trkpt>
   <trkpt lat="-6.8749440" lon="109.1065310">
    <ele>8.0</ele>
    <time>2025-04-05T01:51:28Z</time>
   </trkpt>
   <trkpt lat="-6.8749540" lon="109.1064970">
    <ele>8.0</ele>
    <time>2025-04-05T01:51:29Z</time>
   </trkpt>
   <trkpt lat="-6.8749640" lon="109.1064610">
    <ele>8.1</ele>
    <time>2025-04-05T01:51:30Z</time>
   </trkpt>
   <trkpt lat="-6.8749670" lon="109.1064270">
    <ele>8.1</ele>
    <time>2025-04-05T01:51:31Z</time>
   </trkpt>
   <trkpt lat="-6.8749720" lon="109.1063880">
    <ele>8.1</ele>
    <time>2025-04-05T01:51:32Z</time>
   </trkpt>
   <trkpt lat="-6.8749830" lon="109.1063530">
    <ele>8.0</ele>
    <time>2025-04-05T01:51:33Z</time>
   </trkpt>
   <trkpt lat="-6.8749930" lon="109.1063160">
    <ele>8.0</ele>
    <time>2025-04-05T01:51:34Z</time>
   </trkpt>
   <trkpt lat="-6.8750000" lon="109.1062810">
    <ele>8.0</ele>
    <time>2025-04-05T01:51:35Z</time>
   </trkpt>
   <trkpt lat="-6.8750100" lon="109.1062480">
    <ele>7.9</ele>
    <time>2025-04-05T01:51:36Z</time>
   </trkpt>
   <trkpt lat="-6.8750220" lon="109.1062090">
    <ele>7.9</ele>
    <time>2025-04-05T01:51:37Z</time>
   </trkpt>
   <trkpt lat="-6.8750330" lon="109.1061680">
    <ele>7.8</ele>
    <time>2025-04-05T01:51:38Z</time>
   </trkpt>
   <trkpt lat="-6.8750440" lon="109.1061300">
    <ele>7.7</ele>
    <time>2025-04-05T01:51:39Z</time>
   </trkpt>
   <trkpt lat="-6.8750550" lon="109.1060910">
    <ele>7.7</ele>
    <time>2025-04-05T01:51:40Z</time>
   </trkpt>
   <trkpt lat="-6.8750660" lon="109.1060460">
    <ele>7.6</ele>
    <time>2025-04-05T01:51:41Z</time>
   </trkpt>
   <trkpt lat="-6.8750790" lon="109.1060000">
    <ele>7.5</ele>
    <time>2025-04-05T01:51:42Z</time>
   </trkpt>
   <trkpt lat="-6.8750880" lon="109.1059560">
    <ele>7.4</ele>
    <time>2025-04-05T01:51:43Z</time>
   </trkpt>
   <trkpt lat="-6.8750970" lon="109.1059130">
    <ele>7.4</ele>
    <time>2025-04-05T01:51:44Z</time>
   </trkpt>
   <trkpt lat="-6.8751070" lon="109.1058690">
    <ele>7.3</ele>
    <time>2025-04-05T01:51:45Z</time>
   </trkpt>
   <trkpt lat="-6.8751160" lon="109.1058260">
    <ele>7.2</ele>
    <time>2025-04-05T01:51:46Z</time>
   </trkpt>
   <trkpt lat="-6.8751270" lon="109.1057820">
    <ele>7.2</ele>
    <time>2025-04-05T01:51:47Z</time>
   </trkpt>
   <trkpt lat="-6.8751380" lon="109.1057380">
    <ele>7.2</ele>
    <time>2025-04-05T01:51:48Z</time>
   </trkpt>
   <trkpt lat="-6.8751490" lon="109.1056960">
    <ele>7.2</ele>
    <time>2025-04-05T01:51:49Z</time>
   </trkpt>
   <trkpt lat="-6.8751620" lon="109.1056570">
    <ele>7.2</ele>
    <time>2025-04-05T01:51:50Z</time>
   </trkpt>
   <trkpt lat="-6.8751760" lon="109.1056160">
    <ele>7.3</ele>
    <time>2025-04-05T01:51:51Z</time>
   </trkpt>
   <trkpt lat="-6.8751900" lon="109.1055770">
    <ele>7.3</ele>
    <time>2025-04-05T01:51:52Z</time>
   </trkpt>
   <trkpt lat="-6.8751990" lon="109.1055440">
    <ele>7.3</ele>
    <time>2025-04-05T01:51:53Z</time>
   </trkpt>
   <trkpt lat="-6.8752070" lon="109.1055100">
    <ele>7.3</ele>
    <time>2025-04-05T01:51:54Z</time>
   </trkpt>
   <trkpt lat="-6.8752160" lon="109.1054720">
    <ele>7.3</ele>
    <time>2025-04-05T01:51:55Z</time>
   </trkpt>
   <trkpt lat="-6.8752270" lon="109.1054340">
    <ele>7.3</ele>
    <time>2025-04-05T01:51:56Z</time>
   </trkpt>
   <trkpt lat="-6.8752360" lon="109.1053940">
    <ele>7.2</ele>
    <time>2025-04-05T01:51:57Z</time>
   </trkpt>
   <trkpt lat="-6.8752460" lon="109.1053540">
    <ele>7.2</ele>
    <time>2025-04-05T01:51:58Z</time>
   </trkpt>
   <trkpt lat="-6.8752580" lon="109.1053090">
    <ele>7.2</ele>
    <time>2025-04-05T01:51:59Z</time>
   </trkpt>
   <trkpt lat="-6.8752710" lon="109.1052670">
    <ele>7.2</ele>
    <time>2025-04-05T01:52:00Z</time>
   </trkpt>
   <trkpt lat="-6.8752840" lon="109.1052270">
    <ele>7.2</ele>
    <time>2025-04-05T01:52:01Z</time>
   </trkpt>
   <trkpt lat="-6.8752950" lon="109.1051900">
    <ele>7.2</ele>
    <time>2025-04-05T01:52:02Z</time>
   </trkpt>
   <trkpt lat="-6.8753040" lon="109.1051540">
    <ele>7.2</ele>
    <time>2025-04-05T01:52:03Z</time>
   </trkpt>
   <trkpt lat="-6.8753140" lon="109.1051110">
    <ele>7.2</ele>
    <time>2025-04-05T01:52:04Z</time>
   </trkpt>
   <trkpt lat="-6.8753240" lon="109.1050720">
    <ele>7.2</ele>
    <time>2025-04-05T01:52:05Z</time>
   </trkpt>
   <trkpt lat="-6.8753360" lon="109.1050340">
    <ele>7.2</ele>
    <time>2025-04-05T01:52:06Z</time>
   </trkpt>
   <trkpt lat="-6.8753500" lon="109.1050010">
    <ele>7.2</ele>
    <time>2025-04-05T01:52:07Z</time>
   </trkpt>
   <trkpt lat="-6.8753620" lon="109.1049700">
    <ele>7.2</ele>
    <time>2025-04-05T01:52:08Z</time>
   </trkpt>
   <trkpt lat="-6.8753740" lon="109.1049370">
    <ele>7.2</ele>
    <time>2025-04-05T01:52:09Z</time>
   </trkpt>
   <trkpt lat="-6.8753870" lon="109.1049010">
    <ele>7.2</ele>
    <time>2025-04-05T01:52:10Z</time>
   </trkpt>
   <trkpt lat="-6.8753980" lon="109.1048610">
    <ele>7.1</ele>
    <time>2025-04-05T01:52:11Z</time>
   </trkpt>
   <trkpt lat="-6.8754120" lon="109.1048230">
    <ele>7.1</ele>
    <time>2025-04-05T01:52:12Z</time>
   </trkpt>
   <trkpt lat="-6.8754210" lon="109.1047910">
    <ele>7.1</ele>
    <time>2025-04-05T01:52:13Z</time>
   </trkpt>
   <trkpt lat="-6.8754300" lon="109.1047560">
    <ele>7.1</ele>
    <time>2025-04-05T01:52:14Z</time>
   </trkpt>
   <trkpt lat="-6.8754390" lon="109.1047190">
    <ele>7.1</ele>
    <time>2025-04-05T01:52:15Z</time>
   </trkpt>
   <trkpt lat="-6.8754510" lon="109.1046860">
    <ele>7.1</ele>
    <time>2025-04-05T01:52:16Z</time>
   </trkpt>
   <trkpt lat="-6.8754620" lon="109.1046600">
    <ele>7.1</ele>
    <time>2025-04-05T01:52:17Z</time>
   </trkpt>
   <trkpt lat="-6.8754690" lon="109.1046440">
    <ele>7.1</ele>
    <time>2025-04-05T01:52:18Z</time>
   </trkpt>
   <trkpt lat="-6.8754730" lon="109.1046380">
    <ele>7.1</ele>
    <time>2025-04-05T01:52:19Z</time>
   </trkpt>
   <trkpt lat="-6.8754770" lon="109.1046400">
    <ele>7.1</ele>
    <time>2025-04-05T01:52:20Z</time>
   </trkpt>
   <trkpt lat="-6.8754840" lon="109.1046410">
    <ele>7.1</ele>
    <time>2025-04-05T01:52:21Z</time>
   </trkpt>
   <trkpt lat="-6.8754940" lon="109.1046300">
    <ele>7.1</ele>
    <time>2025-04-05T01:52:22Z</time>
   </trkpt>
   <trkpt lat="-6.8755020" lon="109.1046130">
    <ele>7.1</ele>
    <time>2025-04-05T01:52:23Z</time>
   </trkpt>
   <trkpt lat="-6.8755070" lon="109.1045750">
    <ele>7.1</ele>
    <time>2025-04-05T01:52:24Z</time>
   </trkpt>
   <trkpt lat="-6.8755090" lon="109.1045610">
    <ele>7.1</ele>
    <time>2025-04-05T01:52:25Z</time>
   </trkpt>
   <trkpt lat="-6.8755160" lon="109.1045320">
    <ele>7.1</ele>
    <time>2025-04-05T01:52:26Z</time>
   </trkpt>
   <trkpt lat="-6.8755220" lon="109.1044980">
    <ele>7.1</ele>
    <time>2025-04-05T01:52:27Z</time>
   </trkpt>
   <trkpt lat="-6.8755250" lon="109.1044630">
    <ele>7.1</ele>
    <time>2025-04-05T01:52:28Z</time>
   </trkpt>
   <trkpt lat="-6.8755260" lon="109.1044320">
    <ele>7.1</ele>
    <time>2025-04-05T01:52:29Z</time>
   </trkpt>
   <trkpt lat="-6.8755330" lon="109.1043960">
    <ele>7.1</ele>
    <time>2025-04-05T01:52:30Z</time>
   </trkpt>
   <trkpt lat="-6.8755360" lon="109.1043850">
    <ele>7.1</ele>
    <time>2025-04-05T01:52:31Z</time>
   </trkpt>
   <trkpt lat="-6.8755470" lon="109.1043500">
    <ele>7.1</ele>
    <time>2025-04-05T01:52:32Z</time>
   </trkpt>
   <trkpt lat="-6.8755500" lon="109.1043380">
    <ele>7.1</ele>
    <time>2025-04-05T01:52:33Z</time>
   </trkpt>
   <trkpt lat="-6.8755630" lon="109.1043050">
    <ele>7.1</ele>
    <time>2025-04-05T01:52:34Z</time>
   </trkpt>
   <trkpt lat="-6.8755670" lon="109.1042950">
    <ele>7.1</ele>
    <time>2025-04-05T01:52:35Z</time>
   </trkpt>
   <trkpt lat="-6.8755810" lon="109.1042690">
    <ele>7.1</ele>
    <time>2025-04-05T01:52:36Z</time>
   </trkpt>
   <trkpt lat="-6.8755850" lon="109.1042600">
    <ele>7.1</ele>
    <time>2025-04-05T01:52:37Z</time>
   </trkpt>
   <trkpt lat="-6.8756000" lon="109.1042250">
    <ele>7.2</ele>
    <time>2025-04-05T01:52:38Z</time>
   </trkpt>
   <trkpt lat="-6.8756050" lon="109.1042110">
    <ele>7.2</ele>
    <time>2025-04-05T01:52:39Z</time>
   </trkpt>
   <trkpt lat="-6.8756160" lon="109.1041830">
    <ele>7.1</ele>
    <time>2025-04-05T01:52:40Z</time>
   </trkpt>
   <trkpt lat="-6.8756260" lon="109.1041570">
    <ele>7.1</ele>
    <time>2025-04-05T01:52:41Z</time>
   </trkpt>
   <trkpt lat="-6.8756380" lon="109.1041250">
    <ele>7.1</ele>
    <time>2025-04-05T01:52:42Z</time>
   </trkpt>
   <trkpt lat="-6.8756550" lon="109.1040920">
    <ele>7.1</ele>
    <time>2025-04-05T01:52:43Z</time>
   </trkpt>
   <trkpt lat="-6.8756680" lon="109.1040620">
    <ele>7.1</ele>
    <time>2025-04-05T01:52:44Z</time>
   </trkpt>
   <trkpt lat="-6.8756780" lon="109.1040370">
    <ele>7.1</ele>
    <time>2025-04-05T01:52:45Z</time>
   </trkpt>
   <trkpt lat="-6.8756860" lon="109.1040100">
    <ele>7.1</ele>
    <time>2025-04-05T01:52:46Z</time>
   </trkpt>
   <trkpt lat="-6.8756940" lon="109.1039820">
    <ele>7.1</ele>
    <time>2025-04-05T01:52:47Z</time>
   </trkpt>
   <trkpt lat="-6.8757010" lon="109.1039510">
    <ele>7.1</ele>
    <time>2025-04-05T01:52:48Z</time>
   </trkpt>
   <trkpt lat="-6.8757100" lon="109.1039190">
    <ele>7.1</ele>
    <time>2025-04-05T01:52:49Z</time>
   </trkpt>
   <trkpt lat="-6.8757190" lon="109.1038830">
    <ele>7.0</ele>
    <time>2025-04-05T01:52:50Z</time>
   </trkpt>
   <trkpt lat="-6.8757280" lon="109.1038480">
    <ele>7.0</ele>
    <time>2025-04-05T01:52:51Z</time>
   </trkpt>
   <trkpt lat="-6.8757390" lon="109.1038110">
    <ele>7.1</ele>
    <time>2025-04-05T01:52:52Z</time>
   </trkpt>
   <trkpt lat="-6.8757520" lon="109.1037710">
    <ele>7.1</ele>
    <time>2025-04-05T01:52:53Z</time>
   </trkpt>
   <trkpt lat="-6.8757630" lon="109.1037290">
    <ele>7.1</ele>
    <time>2025-04-05T01:52:54Z</time>
   </trkpt>
   <trkpt lat="-6.8757690" lon="109.1036850">
    <ele>7.1</ele>
    <time>2025-04-05T01:52:55Z</time>
   </trkpt>
   <trkpt lat="-6.8757720" lon="109.1036450">
    <ele>7.1</ele>
    <time>2025-04-05T01:52:56Z</time>
   </trkpt>
   <trkpt lat="-6.8757710" lon="109.1036090">
    <ele>7.1</ele>
    <time>2025-04-05T01:52:57Z</time>
   </trkpt>
   <trkpt lat="-6.8757810" lon="109.1035690">
    <ele>7.1</ele>
    <time>2025-04-05T01:52:58Z</time>
   </trkpt>
   <trkpt lat="-6.8757880" lon="109.1035380">
    <ele>7.1</ele>
    <time>2025-04-05T01:52:59Z</time>
   </trkpt>
   <trkpt lat="-6.8758040" lon="109.1035080">
    <ele>7.1</ele>
    <time>2025-04-05T01:53:00Z</time>
   </trkpt>
   <trkpt lat="-6.8758180" lon="109.1034770">
    <ele>7.1</ele>
    <time>2025-04-05T01:53:01Z</time>
   </trkpt>
   <trkpt lat="-6.8758420" lon="109.1034360">
    <ele>7.1</ele>
    <time>2025-04-05T01:53:02Z</time>
   </trkpt>
   <trkpt lat="-6.8758620" lon="109.1033960">
    <ele>7.1</ele>
    <time>2025-04-05T01:53:03Z</time>
   </trkpt>
   <trkpt lat="-6.8758800" lon="109.1033580">
    <ele>7.1</ele>
    <time>2025-04-05T01:53:04Z</time>
   </trkpt>
   <trkpt lat="-6.8758940" lon="109.1033260">
    <ele>7.1</ele>
    <time>2025-04-05T01:53:05Z</time>
   </trkpt>
   <trkpt lat="-6.8759060" lon="109.1032910">
    <ele>7.1</ele>
    <time>2025-04-05T01:53:06Z</time>
   </trkpt>
   <trkpt lat="-6.8759190" lon="109.1032560">
    <ele>7.1</ele>
    <time>2025-04-05T01:53:07Z</time>
   </trkpt>
   <trkpt lat="-6.8759290" lon="109.1032170">
    <ele>7.1</ele>
    <time>2025-04-05T01:53:08Z</time>
   </trkpt>
   <trkpt lat="-6.8759380" lon="109.1031780">
    <ele>7.1</ele>
    <time>2025-04-05T01:53:09Z</time>
   </trkpt>
   <trkpt lat="-6.8759500" lon="109.1031440">
    <ele>7.0</ele>
    <time>2025-04-05T01:53:10Z</time>
   </trkpt>
   <trkpt lat="-6.8759610" lon="109.1031090">
    <ele>7.0</ele>
    <time>2025-04-05T01:53:11Z</time>
   </trkpt>
   <trkpt lat="-6.8759720" lon="109.1030710">
    <ele>7.0</ele>
    <time>2025-04-05T01:53:12Z</time>
   </trkpt>
   <trkpt lat="-6.8759820" lon="109.1030350">
    <ele>7.0</ele>
    <time>2025-04-05T01:53:13Z</time>
   </trkpt>
   <trkpt lat="-6.8759930" lon="109.1030020">
    <ele>7.0</ele>
    <time>2025-04-05T01:53:14Z</time>
   </trkpt>
   <trkpt lat="-6.8760060" lon="109.1029680">
    <ele>6.9</ele>
    <time>2025-04-05T01:53:15Z</time>
   </trkpt>
   <trkpt lat="-6.8760190" lon="109.1029320">
    <ele>6.9</ele>
    <time>2025-04-05T01:53:16Z</time>
   </trkpt>
   <trkpt lat="-6.8760320" lon="109.1028970">
    <ele>6.9</ele>
    <time>2025-04-05T01:53:17Z</time>
   </trkpt>
   <trkpt lat="-6.8760420" lon="109.1028630">
    <ele>6.9</ele>
    <time>2025-04-05T01:53:18Z</time>
   </trkpt>
   <trkpt lat="-6.8760510" lon="109.1028280">
    <ele>6.9</ele>
    <time>2025-04-05T01:53:19Z</time>
   </trkpt>
   <trkpt lat="-6.8760580" lon="109.1027910">
    <ele>6.9</ele>
    <time>2025-04-05T01:53:20Z</time>
   </trkpt>
   <trkpt lat="-6.8760710" lon="109.1027510">
    <ele>6.9</ele>
    <time>2025-04-05T01:53:21Z</time>
   </trkpt>
   <trkpt lat="-6.8760870" lon="109.1027100">
    <ele>6.9</ele>
    <time>2025-04-05T01:53:22Z</time>
   </trkpt>
   <trkpt lat="-6.8760990" lon="109.1026720">
    <ele>6.9</ele>
    <time>2025-04-05T01:53:23Z</time>
   </trkpt>
   <trkpt lat="-6.8761030" lon="109.1026410">
    <ele>6.9</ele>
    <time>2025-04-05T01:53:24Z</time>
   </trkpt>
   <trkpt lat="-6.8761060" lon="109.1026050">
    <ele>6.9</ele>
    <time>2025-04-05T01:53:25Z</time>
   </trkpt>
   <trkpt lat="-6.8761110" lon="109.1025620">
    <ele>7.0</ele>
    <time>2025-04-05T01:53:26Z</time>
   </trkpt>
   <trkpt lat="-6.8761190" lon="109.1025180">
    <ele>7.0</ele>
    <time>2025-04-05T01:53:27Z</time>
   </trkpt>
   <trkpt lat="-6.8761270" lon="109.1024750">
    <ele>7.0</ele>
    <time>2025-04-05T01:53:28Z</time>
   </trkpt>
   <trkpt lat="-6.8761370" lon="109.1024320">
    <ele>7.0</ele>
    <time>2025-04-05T01:53:29Z</time>
   </trkpt>
   <trkpt lat="-6.8761540" lon="109.1023950">
    <ele>7.0</ele>
    <time>2025-04-05T01:53:30Z</time>
   </trkpt>
   <trkpt lat="-6.8761720" lon="109.1023650">
    <ele>7.0</ele>
    <time>2025-04-05T01:53:31Z</time>
   </trkpt>
   <trkpt lat="-6.8761870" lon="109.1023320">
    <ele>7.0</ele>
    <time>2025-04-05T01:53:32Z</time>
   </trkpt>
   <trkpt lat="-6.8762010" lon="109.1023020">
    <ele>7.0</ele>
    <time>2025-04-05T01:53:33Z</time>
   </trkpt>
   <trkpt lat="-6.8762130" lon="109.1022670">
    <ele>7.0</ele>
    <time>2025-04-05T01:53:34Z</time>
   </trkpt>
   <trkpt lat="-6.8762240" lon="109.1022270">
    <ele>7.0</ele>
    <time>2025-04-05T01:53:35Z</time>
   </trkpt>
   <trkpt lat="-6.8762310" lon="109.1021830">
    <ele>7.0</ele>
    <time>2025-04-05T01:53:36Z</time>
   </trkpt>
   <trkpt lat="-6.8762390" lon="109.1021380">
    <ele>6.9</ele>
    <time>2025-04-05T01:53:37Z</time>
   </trkpt>
   <trkpt lat="-6.8762450" lon="109.1020950">
    <ele>6.9</ele>
    <time>2025-04-05T01:53:38Z</time>
   </trkpt>
   <trkpt lat="-6.8762480" lon="109.1020570">
    <ele>6.9</ele>
    <time>2025-04-05T01:53:39Z</time>
   </trkpt>
   <trkpt lat="-6.8762520" lon="109.1020160">
    <ele>6.9</ele>
    <time>2025-04-05T01:53:40Z</time>
   </trkpt>
   <trkpt lat="-6.8762660" lon="109.1019730">
    <ele>6.9</ele>
    <time>2025-04-05T01:53:41Z</time>
   </trkpt>
   <trkpt lat="-6.8762820" lon="109.1019370">
    <ele>6.9</ele>
    <time>2025-04-05T01:53:42Z</time>
   </trkpt>
   <trkpt lat="-6.8762980" lon="109.1019000">
    <ele>6.9</ele>
    <time>2025-04-05T01:53:43Z</time>
   </trkpt>
   <trkpt lat="-6.8763140" lon="109.1018650">
    <ele>6.9</ele>
    <time>2025-04-05T01:53:44Z</time>
   </trkpt>
   <trkpt lat="-6.8763270" lon="109.1018280">
    <ele>6.9</ele>
    <time>2025-04-05T01:53:45Z</time>
   </trkpt>
   <trkpt lat="-6.8763390" lon="109.1017890">
    <ele>6.9</ele>
    <time>2025-04-05T01:53:46Z</time>
   </trkpt>
   <trkpt lat="-6.8763470" lon="109.1017500">
    <ele>6.9</ele>
    <time>2025-04-05T01:53:47Z</time>
   </trkpt>
   <trkpt lat="-6.8763550" lon="109.1017130">
    <ele>6.9</ele>
    <time>2025-04-05T01:53:48Z</time>
   </trkpt>
   <trkpt lat="-6.8763660" lon="109.1016770">
    <ele>6.9</ele>
    <time>2025-04-05T01:53:49Z</time>
   </trkpt>
   <trkpt lat="-6.8763780" lon="109.1016450">
    <ele>6.9</ele>
    <time>2025-04-05T01:53:50Z</time>
   </trkpt>
   <trkpt lat="-6.8763870" lon="109.1016120">
    <ele>6.9</ele>
    <time>2025-04-05T01:53:51Z</time>
   </trkpt>
   <trkpt lat="-6.8763920" lon="109.1015770">
    <ele>6.9</ele>
    <time>2025-04-05T01:53:52Z</time>
   </trkpt>
   <trkpt lat="-6.8763940" lon="109.1015420">
    <ele>6.9</ele>
    <time>2025-04-05T01:53:53Z</time>
   </trkpt>
   <trkpt lat="-6.8763990" lon="109.1015080">
    <ele>6.9</ele>
    <time>2025-04-05T01:53:54Z</time>
   </trkpt>
   <trkpt lat="-6.8764130" lon="109.1014740">
    <ele>6.9</ele>
    <time>2025-04-05T01:53:55Z</time>
   </trkpt>
   <trkpt lat="-6.8764240" lon="109.1014360">
    <ele>6.9</ele>
    <time>2025-04-05T01:53:56Z</time>
   </trkpt>
   <trkpt lat="-6.8764320" lon="109.1014010">
    <ele>6.9</ele>
    <time>2025-04-05T01:53:57Z</time>
   </trkpt>
   <trkpt lat="-6.8764440" lon="109.1013620">
    <ele>6.8</ele>
    <time>2025-04-05T01:53:58Z</time>
   </trkpt>
   <trkpt lat="-6.8764540" lon="109.1013210">
    <ele>6.8</ele>
    <time>2025-04-05T01:53:59Z</time>
   </trkpt>
   <trkpt lat="-6.8764650" lon="109.1012730">
    <ele>6.8</ele>
    <time>2025-04-05T01:54:00Z</time>
   </trkpt>
   <trkpt lat="-6.8764770" lon="109.1012290">
    <ele>6.8</ele>
    <time>2025-04-05T01:54:01Z</time>
   </trkpt>
   <trkpt lat="-6.8764890" lon="109.1011860">
    <ele>6.8</ele>
    <time>2025-04-05T01:54:02Z</time>
   </trkpt>
   <trkpt lat="-6.8765010" lon="109.1011460">
    <ele>6.8</ele>
    <time>2025-04-05T01:54:03Z</time>
   </trkpt>
   <trkpt lat="-6.8765120" lon="109.1011070">
    <ele>6.8</ele>
    <time>2025-04-05T01:54:04Z</time>
   </trkpt>
   <trkpt lat="-6.8765220" lon="109.1010720">
    <ele>6.8</ele>
    <time>2025-04-05T01:54:05Z</time>
   </trkpt>
   <trkpt lat="-6.8765280" lon="109.1010380">
    <ele>6.8</ele>
    <time>2025-04-05T01:54:06Z</time>
   </trkpt>
   <trkpt lat="-6.8765330" lon="109.1010020">
    <ele>6.8</ele>
    <time>2025-04-05T01:54:07Z</time>
   </trkpt>
   <trkpt lat="-6.8765400" lon="109.1009660">
    <ele>6.8</ele>
    <time>2025-04-05T01:54:08Z</time>
   </trkpt>
   <trkpt lat="-6.8765470" lon="109.1009320">
    <ele>6.8</ele>
    <time>2025-04-05T01:54:09Z</time>
   </trkpt>
   <trkpt lat="-6.8765550" lon="109.1008980">
    <ele>6.8</ele>
    <time>2025-04-05T01:54:10Z</time>
   </trkpt>
   <trkpt lat="-6.8765660" lon="109.1008660">
    <ele>6.8</ele>
    <time>2025-04-05T01:54:11Z</time>
   </trkpt>
   <trkpt lat="-6.8765780" lon="109.1008310">
    <ele>6.8</ele>
    <time>2025-04-05T01:54:12Z</time>
   </trkpt>
   <trkpt lat="-6.8765920" lon="109.1007940">
    <ele>6.8</ele>
    <time>2025-04-05T01:54:13Z</time>
   </trkpt>
   <trkpt lat="-6.8766060" lon="109.1007570">
    <ele>6.9</ele>
    <time>2025-04-05T01:54:14Z</time>
   </trkpt>
   <trkpt lat="-6.8766190" lon="109.1007190">
    <ele>6.9</ele>
    <time>2025-04-05T01:54:15Z</time>
   </trkpt>
   <trkpt lat="-6.8766290" lon="109.1006860">
    <ele>6.9</ele>
    <time>2025-04-05T01:54:16Z</time>
   </trkpt>
   <trkpt lat="-6.8766350" lon="109.1006560">
    <ele>6.9</ele>
    <time>2025-04-05T01:54:17Z</time>
   </trkpt>
   <trkpt lat="-6.8766340" lon="109.1006250">
    <ele>6.9</ele>
    <time>2025-04-05T01:54:18Z</time>
   </trkpt>
   <trkpt lat="-6.8766340" lon="109.1005940">
    <ele>6.9</ele>
    <time>2025-04-05T01:54:19Z</time>
   </trkpt>
   <trkpt lat="-6.8766390" lon="109.1005610">
    <ele>6.9</ele>
    <time>2025-04-05T01:54:20Z</time>
   </trkpt>
   <trkpt lat="-6.8766440" lon="109.1005260">
    <ele>6.9</ele>
    <time>2025-04-05T01:54:21Z</time>
   </trkpt>
   <trkpt lat="-6.8766460" lon="109.1004940">
    <ele>6.9</ele>
    <time>2025-04-05T01:54:22Z</time>
   </trkpt>
   <trkpt lat="-6.8766480" lon="109.1004560">
    <ele>6.9</ele>
    <time>2025-04-05T01:54:23Z</time>
   </trkpt>
   <trkpt lat="-6.8766490" lon="109.1004200">
    <ele>6.9</ele>
    <time>2025-04-05T01:54:24Z</time>
   </trkpt>
   <trkpt lat="-6.8766640" lon="109.1003740">
    <ele>6.9</ele>
    <time>2025-04-05T01:54:25Z</time>
   </trkpt>
   <trkpt lat="-6.8766950" lon="109.1003350">
    <ele>6.9</ele>
    <time>2025-04-05T01:54:26Z</time>
   </trkpt>
   <trkpt lat="-6.8767200" lon="109.1003000">
    <ele>6.9</ele>
    <time>2025-04-05T01:54:27Z</time>
   </trkpt>
   <trkpt lat="-6.8767350" lon="109.1002690">
    <ele>6.9</ele>
    <time>2025-04-05T01:54:28Z</time>
   </trkpt>
   <trkpt lat="-6.8767470" lon="109.1002390">
    <ele>6.9</ele>
    <time>2025-04-05T01:54:29Z</time>
   </trkpt>
   <trkpt lat="-6.8767550" lon="109.1002050">
    <ele>6.9</ele>
    <time>2025-04-05T01:54:30Z</time>
   </trkpt>
   <trkpt lat="-6.8767600" lon="109.1001690">
    <ele>6.9</ele>
    <time>2025-04-05T01:54:31Z</time>
   </trkpt>
   <trkpt lat="-6.8767690" lon="109.1001360">
    <ele>6.9</ele>
    <time>2025-04-05T01:54:32Z</time>
   </trkpt>
   <trkpt lat="-6.8767780" lon="109.1001020">
    <ele>6.9</ele>
    <time>2025-04-05T01:54:33Z</time>
   </trkpt>
   <trkpt lat="-6.8767850" lon="109.1000670">
    <ele>6.9</ele>
    <time>2025-04-05T01:54:34Z</time>
   </trkpt>
   <trkpt lat="-6.8767970" lon="109.1000310">
    <ele>6.9</ele>
    <time>2025-04-05T01:54:35Z</time>
   </trkpt>
   <trkpt lat="-6.8768080" lon="109.0999980">
    <ele>6.9</ele>
    <time>2025-04-05T01:54:36Z</time>
   </trkpt>
   <trkpt lat="-6.8768180" lon="109.0999640">
    <ele>6.9</ele>
    <time>2025-04-05T01:54:37Z</time>
   </trkpt>
   <trkpt lat="-6.8768290" lon="109.0999260">
    <ele>6.9</ele>
    <time>2025-04-05T01:54:38Z</time>
   </trkpt>
   <trkpt lat="-6.8768420" lon="109.0998840">
    <ele>6.9</ele>
    <time>2025-04-05T01:54:39Z</time>
   </trkpt>
   <trkpt lat="-6.8768530" lon="109.0998390">
    <ele>6.9</ele>
    <time>2025-04-05T01:54:40Z</time>
   </trkpt>
   <trkpt lat="-6.8768640" lon="109.0997950">
    <ele>6.9</ele>
    <time>2025-04-05T01:54:41Z</time>
   </trkpt>
   <trkpt lat="-6.8768710" lon="109.0997560">
    <ele>6.9</ele>
    <time>2025-04-05T01:54:42Z</time>
   </trkpt>
   <trkpt lat="-6.8768770" lon="109.0997140">
    <ele>6.9</ele>
    <time>2025-04-05T01:54:43Z</time>
   </trkpt>
   <trkpt lat="-6.8768850" lon="109.0996750">
    <ele>6.9</ele>
    <time>2025-04-05T01:54:44Z</time>
   </trkpt>
   <trkpt lat="-6.8768920" lon="109.0996410">
    <ele>6.9</ele>
    <time>2025-04-05T01:54:45Z</time>
   </trkpt>
   <trkpt lat="-6.8768990" lon="109.0996060">
    <ele>6.9</ele>
    <time>2025-04-05T01:54:46Z</time>
   </trkpt>
   <trkpt lat="-6.8769060" lon="109.0995740">
    <ele>6.9</ele>
    <time>2025-04-05T01:54:47Z</time>
   </trkpt>
   <trkpt lat="-6.8769140" lon="109.0995400">
    <ele>6.9</ele>
    <time>2025-04-05T01:54:48Z</time>
   </trkpt>
   <trkpt lat="-6.8769240" lon="109.0995090">
    <ele>6.9</ele>
    <time>2025-04-05T01:54:49Z</time>
   </trkpt>
   <trkpt lat="-6.8769320" lon="109.0994780">
    <ele>6.9</ele>
    <time>2025-04-05T01:54:50Z</time>
   </trkpt>
   <trkpt lat="-6.8769400" lon="109.0994410">
    <ele>7.0</ele>
    <time>2025-04-05T01:54:51Z</time>
   </trkpt>
   <trkpt lat="-6.8769430" lon="109.0994030">
    <ele>7.0</ele>
    <time>2025-04-05T01:54:52Z</time>
   </trkpt>
   <trkpt lat="-6.8769490" lon="109.0993680">
    <ele>7.0</ele>
    <time>2025-04-05T01:54:53Z</time>
   </trkpt>
   <trkpt lat="-6.8769620" lon="109.0993260">
    <ele>7.0</ele>
    <time>2025-04-05T01:54:54Z</time>
   </trkpt>
   <trkpt lat="-6.8769770" lon="109.0992880">
    <ele>7.0</ele>
    <time>2025-04-05T01:54:55Z</time>
   </trkpt>
   <trkpt lat="-6.8769870" lon="109.0992520">
    <ele>7.0</ele>
    <time>2025-04-05T01:54:56Z</time>
   </trkpt>
   <trkpt lat="-6.8769950" lon="109.0992170">
    <ele>7.0</ele>
    <time>2025-04-05T01:54:57Z</time>
   </trkpt>
   <trkpt lat="-6.8770020" lon="109.0991860">
    <ele>7.0</ele>
    <time>2025-04-05T01:54:58Z</time>
   </trkpt>
   <trkpt lat="-6.8770110" lon="109.0991580">
    <ele>7.0</ele>
    <time>2025-04-05T01:54:59Z</time>
   </trkpt>
   <trkpt lat="-6.8770240" lon="109.0991190">
    <ele>7.0</ele>
    <time>2025-04-05T01:55:00Z</time>
   </trkpt>
   <trkpt lat="-6.8770380" lon="109.0990740">
    <ele>7.0</ele>
    <time>2025-04-05T01:55:01Z</time>
   </trkpt>
   <trkpt lat="-6.8770500" lon="109.0990350">
    <ele>7.0</ele>
    <time>2025-04-05T01:55:02Z</time>
   </trkpt>
   <trkpt lat="-6.8770590" lon="109.0989930">
    <ele>7.0</ele>
    <time>2025-04-05T01:55:03Z</time>
   </trkpt>
   <trkpt lat="-6.8770670" lon="109.0989520">
    <ele>7.0</ele>
    <time>2025-04-05T01:55:04Z</time>
   </trkpt>
   <trkpt lat="-6.8770740" lon="109.0989110">
    <ele>7.0</ele>
    <time>2025-04-05T01:55:05Z</time>
   </trkpt>
   <trkpt lat="-6.8770820" lon="109.0988710">
    <ele>7.0</ele>
    <time>2025-04-05T01:55:06Z</time>
   </trkpt>
   <trkpt lat="-6.8770880" lon="109.0988290">
    <ele>7.0</ele>
    <time>2025-04-05T01:55:07Z</time>
   </trkpt>
   <trkpt lat="-6.8770970" lon="109.0987930">
    <ele>7.0</ele>
    <time>2025-04-05T01:55:08Z</time>
   </trkpt>
   <trkpt lat="-6.8771080" lon="109.0987560">
    <ele>7.0</ele>
    <time>2025-04-05T01:55:09Z</time>
   </trkpt>
   <trkpt lat="-6.8771170" lon="109.0987200">
    <ele>7.0</ele>
    <time>2025-04-05T01:55:10Z</time>
   </trkpt>
   <trkpt lat="-6.8771260" lon="109.0986860">
    <ele>7.0</ele>
    <time>2025-04-05T01:55:11Z</time>
   </trkpt>
   <trkpt lat="-6.8771350" lon="109.0986500">
    <ele>7.0</ele>
    <time>2025-04-05T01:55:12Z</time>
   </trkpt>
   <trkpt lat="-6.8771440" lon="109.0986130">
    <ele>7.0</ele>
    <time>2025-04-05T01:55:13Z</time>
   </trkpt>
   <trkpt lat="-6.8771510" lon="109.0985800">
    <ele>7.0</ele>
    <time>2025-04-05T01:55:14Z</time>
   </trkpt>
   <trkpt lat="-6.8771580" lon="109.0985490">
    <ele>7.0</ele>
    <time>2025-04-05T01:55:15Z</time>
   </trkpt>
   <trkpt lat="-6.8771670" lon="109.0985080">
    <ele>7.0</ele>
    <time>2025-04-05T01:55:16Z</time>
   </trkpt>
   <trkpt lat="-6.8771730" lon="109.0984650">
    <ele>7.0</ele>
    <time>2025-04-05T01:55:17Z</time>
   </trkpt>
   <trkpt lat="-6.8771810" lon="109.0984250">
    <ele>7.0</ele>
    <time>2025-04-05T01:55:18Z</time>
   </trkpt>
   <trkpt lat="-6.8771900" lon="109.0983850">
    <ele>7.0</ele>
    <time>2025-04-05T01:55:19Z</time>
   </trkpt>
   <trkpt lat="-6.8771960" lon="109.0983420">
    <ele>7.0</ele>
    <time>2025-04-05T01:55:20Z</time>
   </trkpt>
   <trkpt lat="-6.8772030" lon="109.0983050">
    <ele>7.0</ele>
    <time>2025-04-05T01:55:21Z</time>
   </trkpt>
   <trkpt lat="-6.8772110" lon="109.0982670">
    <ele>7.0</ele>
    <time>2025-04-05T01:55:22Z</time>
   </trkpt>
   <trkpt lat="-6.8772180" lon="109.0982290">
    <ele>7.0</ele>
    <time>2025-04-05T01:55:23Z</time>
   </trkpt>
   <trkpt lat="-6.8772230" lon="109.0981960">
    <ele>7.0</ele>
    <time>2025-04-05T01:55:24Z</time>
   </trkpt>
   <trkpt lat="-6.8772270" lon="109.0981650">
    <ele>7.0</ele>
    <time>2025-04-05T01:55:25Z</time>
   </trkpt>
   <trkpt lat="-6.8772320" lon="109.0981340">
    <ele>7.0</ele>
    <time>2025-04-05T01:55:26Z</time>
   </trkpt>
   <trkpt lat="-6.8772360" lon="109.0981000">
    <ele>7.0</ele>
    <time>2025-04-05T01:55:27Z</time>
   </trkpt>
   <trkpt lat="-6.8772380" lon="109.0980680">
    <ele>7.0</ele>
    <time>2025-04-05T01:55:28Z</time>
   </trkpt>
   <trkpt lat="-6.8772390" lon="109.0980350">
    <ele>7.0</ele>
    <time>2025-04-05T01:55:29Z</time>
   </trkpt>
   <trkpt lat="-6.8772460" lon="109.0979980">
    <ele>7.0</ele>
    <time>2025-04-05T01:55:30Z</time>
   </trkpt>
   <trkpt lat="-6.8772530" lon="109.0979590">
    <ele>7.0</ele>
    <time>2025-04-05T01:55:31Z</time>
   </trkpt>
   <trkpt lat="-6.8772600" lon="109.0979180">
    <ele>7.0</ele>
    <time>2025-04-05T01:55:32Z</time>
   </trkpt>
   <trkpt lat="-6.8772650" lon="109.0978780">
    <ele>7.0</ele>
    <time>2025-04-05T01:55:33Z</time>
   </trkpt>
   <trkpt lat="-6.8772700" lon="109.0978410">
    <ele>7.1</ele>
    <time>2025-04-05T01:55:34Z</time>
   </trkpt>
   <trkpt lat="-6.8772840" lon="109.0978060">
    <ele>7.1</ele>
    <time>2025-04-05T01:55:35Z</time>
   </trkpt>
   <trkpt lat="-6.8772970" lon="109.0977640">
    <ele>7.1</ele>
    <time>2025-04-05T01:55:36Z</time>
   </trkpt>
   <trkpt lat="-6.8773080" lon="109.0977220">
    <ele>7.1</ele>
    <time>2025-04-05T01:55:37Z</time>
   </trkpt>
   <trkpt lat="-6.8773180" lon="109.0976810">
    <ele>7.1</ele>
    <time>2025-04-05T01:55:38Z</time>
   </trkpt>
   <trkpt lat="-6.8773270" lon="109.0976380">
    <ele>7.1</ele>
    <time>2025-04-05T01:55:39Z</time>
   </trkpt>
   <trkpt lat="-6.8773390" lon="109.0975990">
    <ele>7.1</ele>
    <time>2025-04-05T01:55:40Z</time>
   </trkpt>
   <trkpt lat="-6.8773500" lon="109.0975660">
    <ele>7.1</ele>
    <time>2025-04-05T01:55:41Z</time>
   </trkpt>
   <trkpt lat="-6.8773580" lon="109.0975330">
    <ele>7.1</ele>
    <time>2025-04-05T01:55:42Z</time>
   </trkpt>
   <trkpt lat="-6.8773690" lon="109.0974990">
    <ele>7.1</ele>
    <time>2025-04-05T01:55:43Z</time>
   </trkpt>
   <trkpt lat="-6.8773740" lon="109.0974710">
    <ele>7.1</ele>
    <time>2025-04-05T01:55:44Z</time>
   </trkpt>
   <trkpt lat="-6.8773830" lon="109.0974390">
    <ele>7.1</ele>
    <time>2025-04-05T01:55:45Z</time>
   </trkpt>
   <trkpt lat="-6.8773880" lon="109.0974070">
    <ele>7.1</ele>
    <time>2025-04-05T01:55:46Z</time>
   </trkpt>
   <trkpt lat="-6.8773910" lon="109.0973740">
    <ele>7.1</ele>
    <time>2025-04-05T01:55:47Z</time>
   </trkpt>
   <trkpt lat="-6.8773920" lon="109.0973390">
    <ele>7.1</ele>
    <time>2025-04-05T01:55:48Z</time>
   </trkpt>
   <trkpt lat="-6.8773950" lon="109.0972980">
    <ele>7.1</ele>
    <time>2025-04-05T01:55:49Z</time>
   </trkpt>
   <trkpt lat="-6.8774020" lon="109.0972530">
    <ele>7.1</ele>
    <time>2025-04-05T01:55:50Z</time>
   </trkpt>
   <trkpt lat="-6.8774060" lon="109.0972080">
    <ele>7.1</ele>
    <time>2025-04-05T01:55:51Z</time>
   </trkpt>
   <trkpt lat="-6.8774110" lon="109.0971650">
    <ele>7.1</ele>
    <time>2025-04-05T01:55:52Z</time>
   </trkpt>
   <trkpt lat="-6.8774170" lon="109.0971260">
    <ele>7.1</ele>
    <time>2025-04-05T01:55:53Z</time>
   </trkpt>
   <trkpt lat="-6.8774230" lon="109.0970870">
    <ele>7.1</ele>
    <time>2025-04-05T01:55:54Z</time>
   </trkpt>
   <trkpt lat="-6.8774320" lon="109.0970450">
    <ele>7.1</ele>
    <time>2025-04-05T01:55:55Z</time>
   </trkpt>
   <trkpt lat="-6.8774410" lon="109.0970040">
    <ele>7.2</ele>
    <time>2025-04-05T01:55:56Z</time>
   </trkpt>
   <trkpt lat="-6.8774520" lon="109.0969550">
    <ele>7.2</ele>
    <time>2025-04-05T01:55:57Z</time>
   </trkpt>
   <trkpt lat="-6.8774600" lon="109.0969160">
    <ele>7.2</ele>
    <time>2025-04-05T01:55:58Z</time>
   </trkpt>
   <trkpt lat="-6.8774690" lon="109.0968790">
    <ele>7.2</ele>
    <time>2025-04-05T01:55:59Z</time>
   </trkpt>
   <trkpt lat="-6.8774790" lon="109.0968480">
    <ele>7.2</ele>
    <time>2025-04-05T01:56:00Z</time>
   </trkpt>
   <trkpt lat="-6.8774890" lon="109.0968150">
    <ele>7.2</ele>
    <time>2025-04-05T01:56:01Z</time>
   </trkpt>
   <trkpt lat="-6.8775070" lon="109.0967850">
    <ele>7.2</ele>
    <time>2025-04-05T01:56:02Z</time>
   </trkpt>
   <trkpt lat="-6.8775210" lon="109.0967460">
    <ele>7.2</ele>
    <time>2025-04-05T01:56:03Z</time>
   </trkpt>
   <trkpt lat="-6.8775330" lon="109.0967020">
    <ele>7.2</ele>
    <time>2025-04-05T01:56:04Z</time>
   </trkpt>
   <trkpt lat="-6.8775410" lon="109.0966590">
    <ele>7.2</ele>
    <time>2025-04-05T01:56:05Z</time>
   </trkpt>
   <trkpt lat="-6.8775450" lon="109.0966180">
    <ele>7.2</ele>
    <time>2025-04-05T01:56:06Z</time>
   </trkpt>
   <trkpt lat="-6.8775510" lon="109.0965770">
    <ele>7.2</ele>
    <time>2025-04-05T01:56:07Z</time>
   </trkpt>
   <trkpt lat="-6.8775580" lon="109.0965360">
    <ele>7.2</ele>
    <time>2025-04-05T01:56:08Z</time>
   </trkpt>
   <trkpt lat="-6.8775630" lon="109.0964950">
    <ele>7.2</ele>
    <time>2025-04-05T01:56:09Z</time>
   </trkpt>
   <trkpt lat="-6.8775690" lon="109.0964570">
    <ele>7.2</ele>
    <time>2025-04-05T01:56:10Z</time>
   </trkpt>
   <trkpt lat="-6.8775750" lon="109.0964210">
    <ele>7.2</ele>
    <time>2025-04-05T01:56:11Z</time>
   </trkpt>
   <trkpt lat="-6.8775810" lon="109.0963860">
    <ele>7.2</ele>
    <time>2025-04-05T01:56:12Z</time>
   </trkpt>
   <trkpt lat="-6.8775870" lon="109.0963510">
    <ele>7.2</ele>
    <time>2025-04-05T01:56:13Z</time>
   </trkpt>
   <trkpt lat="-6.8775910" lon="109.0963130">
    <ele>7.2</ele>
    <time>2025-04-05T01:56:14Z</time>
   </trkpt>
   <trkpt lat="-6.8775920" lon="109.0962770">
    <ele>7.2</ele>
    <time>2025-04-05T01:56:15Z</time>
   </trkpt>
   <trkpt lat="-6.8775920" lon="109.0962440">
    <ele>7.2</ele>
    <time>2025-04-05T01:56:16Z</time>
   </trkpt>
   <trkpt lat="-6.8775940" lon="109.0962100">
    <ele>7.2</ele>
    <time>2025-04-05T01:56:17Z</time>
   </trkpt>
   <trkpt lat="-6.8775960" lon="109.0961730">
    <ele>7.2</ele>
    <time>2025-04-05T01:56:18Z</time>
   </trkpt>
   <trkpt lat="-6.8776000" lon="109.0961370">
    <ele>7.2</ele>
    <time>2025-04-05T01:56:19Z</time>
   </trkpt>
   <trkpt lat="-6.8776060" lon="109.0961000">
    <ele>7.2</ele>
    <time>2025-04-05T01:56:20Z</time>
   </trkpt>
   <trkpt lat="-6.8776300" lon="109.0960510">
    <ele>7.2</ele>
    <time>2025-04-05T01:56:21Z</time>
   </trkpt>
   <trkpt lat="-6.8776470" lon="109.0960070">
    <ele>7.2</ele>
    <time>2025-04-05T01:56:22Z</time>
   </trkpt>
   <trkpt lat="-6.8776620" lon="109.0959670">
    <ele>7.2</ele>
    <time>2025-04-05T01:56:23Z</time>
   </trkpt>
   <trkpt lat="-6.8776780" lon="109.0959330">
    <ele>7.2</ele>
    <time>2025-04-05T01:56:24Z</time>
   </trkpt>
   <trkpt lat="-6.8776910" lon="109.0958930">
    <ele>7.2</ele>
    <time>2025-04-05T01:56:25Z</time>
   </trkpt>
   <trkpt lat="-6.8777020" lon="109.0958560">
    <ele>7.2</ele>
    <time>2025-04-05T01:56:26Z</time>
   </trkpt>
   <trkpt lat="-6.8777070" lon="109.0958190">
    <ele>7.2</ele>
    <time>2025-04-05T01:56:27Z</time>
   </trkpt>
   <trkpt lat="-6.8777110" lon="109.0957750">
    <ele>7.2</ele>
    <time>2025-04-05T01:56:28Z</time>
   </trkpt>
   <trkpt lat="-6.8777160" lon="109.0957340">
    <ele>7.2</ele>
    <time>2025-04-05T01:56:29Z</time>
   </trkpt>
   <trkpt lat="-6.8777300" lon="109.0956970">
    <ele>7.2</ele>
    <time>2025-04-05T01:56:30Z</time>
   </trkpt>
   <trkpt lat="-6.8777420" lon="109.0956650">
    <ele>7.1</ele>
    <time>2025-04-05T01:56:31Z</time>
   </trkpt>
   <trkpt lat="-6.8777520" lon="109.0956360">
    <ele>7.1</ele>
    <time>2025-04-05T01:56:32Z</time>
   </trkpt>
   <trkpt lat="-6.8777620" lon="109.0956040">
    <ele>7.1</ele>
    <time>2025-04-05T01:56:33Z</time>
   </trkpt>
   <trkpt lat="-6.8777710" lon="109.0955700">
    <ele>7.1</ele>
    <time>2025-04-05T01:56:34Z</time>
   </trkpt>
   <trkpt lat="-6.8777810" lon="109.0955330">
    <ele>7.1</ele>
    <time>2025-04-05T01:56:35Z</time>
   </trkpt>
   <trkpt lat="-6.8777900" lon="109.0954940">
    <ele>7.1</ele>
    <time>2025-04-05T01:56:36Z</time>
   </trkpt>
   <trkpt lat="-6.8777980" lon="109.0954590">
    <ele>7.1</ele>
    <time>2025-04-05T01:56:37Z</time>
   </trkpt>
   <trkpt lat="-6.8778030" lon="109.0954230">
    <ele>7.1</ele>
    <time>2025-04-05T01:56:38Z</time>
   </trkpt>
   <trkpt lat="-6.8778090" lon="109.0953840">
    <ele>7.1</ele>
    <time>2025-04-05T01:56:39Z</time>
   </trkpt>
   <trkpt lat="-6.8778160" lon="109.0953430">
    <ele>7.1</ele>
    <time>2025-04-05T01:56:40Z</time>
   </trkpt>
   <trkpt lat="-6.8778240" lon="109.0953050">
    <ele>7.1</ele>
    <time>2025-04-05T01:56:41Z</time>
   </trkpt>
   <trkpt lat="-6.8778320" lon="109.0952650">
    <ele>7.2</ele>
    <time>2025-04-05T01:56:42Z</time>
   </trkpt>
   <trkpt lat="-6.8778380" lon="109.0952240">
    <ele>7.2</ele>
    <time>2025-04-05T01:56:43Z</time>
   </trkpt>
   <trkpt lat="-6.8778430" lon="109.0951850">
    <ele>7.2</ele>
    <time>2025-04-05T01:56:44Z</time>
   </trkpt>
   <trkpt lat="-6.8778470" lon="109.0951440">
    <ele>7.1</ele>
    <time>2025-04-05T01:56:45Z</time>
   </trkpt>
   <trkpt lat="-6.8778540" lon="109.0951040">
    <ele>7.1</ele>
    <time>2025-04-05T01:56:46Z</time>
   </trkpt>
   <trkpt lat="-6.8778600" lon="109.0950650">
    <ele>7.1</ele>
    <time>2025-04-05T01:56:47Z</time>
   </trkpt>
   <trkpt lat="-6.8778680" lon="109.0950230">
    <ele>7.1</ele>
    <time>2025-04-05T01:56:48Z</time>
   </trkpt>
   <trkpt lat="-6.8778750" lon="109.0949820">
    <ele>7.1</ele>
    <time>2025-04-05T01:56:49Z</time>
   </trkpt>
   <trkpt lat="-6.8778820" lon="109.0949410">
    <ele>7.1</ele>
    <time>2025-04-05T01:56:50Z</time>
   </trkpt>
   <trkpt lat="-6.8778860" lon="109.0949060">
    <ele>7.1</ele>
    <time>2025-04-05T01:56:51Z</time>
   </trkpt>
   <trkpt lat="-6.8778910" lon="109.0948710">
    <ele>7.1</ele>
    <time>2025-04-05T01:56:52Z</time>
   </trkpt>
   <trkpt lat="-6.8778950" lon="109.0948370">
    <ele>7.1</ele>
    <time>2025-04-05T01:56:53Z</time>
   </trkpt>
   <trkpt lat="-6.8779020" lon="109.0948030">
    <ele>7.1</ele>
    <time>2025-04-05T01:56:54Z</time>
   </trkpt>
   <trkpt lat="-6.8779080" lon="109.0947670">
    <ele>7.1</ele>
    <time>2025-04-05T01:56:55Z</time>
   </trkpt>
   <trkpt lat="-6.8779120" lon="109.0947310">
    <ele>7.1</ele>
    <time>2025-04-05T01:56:56Z</time>
   </trkpt>
   <trkpt lat="-6.8779130" lon="109.0946910">
    <ele>7.1</ele>
    <time>2025-04-05T01:56:57Z</time>
   </trkpt>
   <trkpt lat="-6.8779160" lon="109.0946490">
    <ele>7.1</ele>
    <time>2025-04-05T01:56:58Z</time>
   </trkpt>
   <trkpt lat="-6.8779250" lon="109.0946040">
    <ele>7.1</ele>
    <time>2025-04-05T01:56:59Z</time>
   </trkpt>
   <trkpt lat="-6.8779320" lon="109.0945630">
    <ele>7.1</ele>
    <time>2025-04-05T01:57:00Z</time>
   </trkpt>
   <trkpt lat="-6.8779390" lon="109.0945220">
    <ele>7.1</ele>
    <time>2025-04-05T01:57:01Z</time>
   </trkpt>
   <trkpt lat="-6.8779520" lon="109.0944780">
    <ele>7.1</ele>
    <time>2025-04-05T01:57:02Z</time>
   </trkpt>
   <trkpt lat="-6.8779640" lon="109.0944360">
    <ele>7.1</ele>
    <time>2025-04-05T01:57:03Z</time>
   </trkpt>
   <trkpt lat="-6.8779760" lon="109.0943970">
    <ele>7.1</ele>
    <time>2025-04-05T01:57:04Z</time>
   </trkpt>
   <trkpt lat="-6.8779870" lon="109.0943560">
    <ele>7.1</ele>
    <time>2025-04-05T01:57:05Z</time>
   </trkpt>
   <trkpt lat="-6.8779970" lon="109.0943120">
    <ele>7.1</ele>
    <time>2025-04-05T01:57:06Z</time>
   </trkpt>
   <trkpt lat="-6.8780080" lon="109.0942710">
    <ele>7.1</ele>
    <time>2025-04-05T01:57:07Z</time>
   </trkpt>
   <trkpt lat="-6.8780170" lon="109.0942320">
    <ele>7.1</ele>
    <time>2025-04-05T01:57:08Z</time>
   </trkpt>
   <trkpt lat="-6.8780250" lon="109.0941920">
    <ele>7.1</ele>
    <time>2025-04-05T01:57:09Z</time>
   </trkpt>
   <trkpt lat="-6.8780320" lon="109.0941520">
    <ele>7.1</ele>
    <time>2025-04-05T01:57:10Z</time>
   </trkpt>
   <trkpt lat="-6.8780390" lon="109.0941120">
    <ele>7.1</ele>
    <time>2025-04-05T01:57:11Z</time>
   </trkpt>
   <trkpt lat="-6.8780470" lon="109.0940730">
    <ele>7.1</ele>
    <time>2025-04-05T01:57:12Z</time>
   </trkpt>
   <trkpt lat="-6.8780560" lon="109.0940320">
    <ele>7.1</ele>
    <time>2025-04-05T01:57:13Z</time>
   </trkpt>
   <trkpt lat="-6.8780620" lon="109.0939950">
    <ele>7.1</ele>
    <time>2025-04-05T01:57:14Z</time>
   </trkpt>
   <trkpt lat="-6.8780660" lon="109.0939600">
    <ele>7.1</ele>
    <time>2025-04-05T01:57:15Z</time>
   </trkpt>
   <trkpt lat="-6.8780690" lon="109.0939220">
    <ele>7.1</ele>
    <time>2025-04-05T01:57:16Z</time>
   </trkpt>
   <trkpt lat="-6.8780740" lon="109.0938880">
    <ele>7.1</ele>
    <time>2025-04-05T01:57:17Z</time>
   </trkpt>
   <trkpt lat="-6.8780810" lon="109.0938560">
    <ele>7.1</ele>
    <time>2025-04-05T01:57:18Z</time>
   </trkpt>
   <trkpt lat="-6.8780900" lon="109.0938260">
    <ele>7.1</ele>
    <time>2025-04-05T01:57:19Z</time>
   </trkpt>
   <trkpt lat="-6.8780970" lon="109.0937940">
    <ele>7.1</ele>
    <time>2025-04-05T01:57:20Z</time>
   </trkpt>
   <trkpt lat="-6.8781030" lon="109.0937590">
    <ele>7.1</ele>
    <time>2025-04-05T01:57:21Z</time>
   </trkpt>
   <trkpt lat="-6.8781080" lon="109.0937210">
    <ele>7.1</ele>
    <time>2025-04-05T01:57:22Z</time>
   </trkpt>
   <trkpt lat="-6.8781150" lon="109.0936790">
    <ele>7.1</ele>
    <time>2025-04-05T01:57:23Z</time>
   </trkpt>
   <trkpt lat="-6.8781230" lon="109.0936390">
    <ele>7.1</ele>
    <time>2025-04-05T01:57:24Z</time>
   </trkpt>
   <trkpt lat="-6.8781300" lon="109.0935980">
    <ele>7.2</ele>
    <time>2025-04-05T01:57:25Z</time>
   </trkpt>
   <trkpt lat="-6.8781360" lon="109.0935600">
    <ele>7.2</ele>
    <time>2025-04-05T01:57:26Z</time>
   </trkpt>
   <trkpt lat="-6.8781420" lon="109.0935190">
    <ele>7.2</ele>
    <time>2025-04-05T01:57:27Z</time>
   </trkpt>
   <trkpt lat="-6.8781510" lon="109.0934740">
    <ele>7.2</ele>
    <time>2025-04-05T01:57:28Z</time>
   </trkpt>
   <trkpt lat="-6.8781590" lon="109.0934340">
    <ele>7.2</ele>
    <time>2025-04-05T01:57:29Z</time>
   </trkpt>
   <trkpt lat="-6.8781660" lon="109.0933950">
    <ele>7.2</ele>
    <time>2025-04-05T01:57:30Z</time>
   </trkpt>
   <trkpt lat="-6.8781720" lon="109.0933560">
    <ele>7.2</ele>
    <time>2025-04-05T01:57:31Z</time>
   </trkpt>
   <trkpt lat="-6.8781810" lon="109.0933140">
    <ele>7.2</ele>
    <time>2025-04-05T01:57:32Z</time>
   </trkpt>
   <trkpt lat="-6.8781900" lon="109.0932730">
    <ele>7.2</ele>
    <time>2025-04-05T01:57:33Z</time>
   </trkpt>
   <trkpt lat="-6.8781960" lon="109.0932340">
    <ele>7.2</ele>
    <time>2025-04-05T01:57:34Z</time>
   </trkpt>
   <trkpt lat="-6.8782020" lon="109.0931990">
    <ele>7.2</ele>
    <time>2025-04-05T01:57:35Z</time>
   </trkpt>
   <trkpt lat="-6.8782040" lon="109.0931650">
    <ele>7.2</ele>
    <time>2025-04-05T01:57:36Z</time>
   </trkpt>
   <trkpt lat="-6.8782030" lon="109.0931290">
    <ele>7.2</ele>
    <time>2025-04-05T01:57:37Z</time>
   </trkpt>
   <trkpt lat="-6.8782020" lon="109.0930940">
    <ele>7.3</ele>
    <time>2025-04-05T01:57:38Z</time>
   </trkpt>
   <trkpt lat="-6.8782060" lon="109.0930580">
    <ele>7.3</ele>
    <time>2025-04-05T01:57:39Z</time>
   </trkpt>
   <trkpt lat="-6.8782100" lon="109.0930200">
    <ele>7.3</ele>
    <time>2025-04-05T01:57:40Z</time>
   </trkpt>
   <trkpt lat="-6.8782180" lon="109.0929840">
    <ele>7.3</ele>
    <time>2025-04-05T01:57:41Z</time>
   </trkpt>
   <trkpt lat="-6.8782250" lon="109.0929460">
    <ele>7.3</ele>
    <time>2025-04-05T01:57:42Z</time>
   </trkpt>
   <trkpt lat="-6.8782310" lon="109.0929040">
    <ele>7.3</ele>
    <time>2025-04-05T01:57:43Z</time>
   </trkpt>
   <trkpt lat="-6.8782370" lon="109.0928630">
    <ele>7.3</ele>
    <time>2025-04-05T01:57:44Z</time>
   </trkpt>
   <trkpt lat="-6.8782410" lon="109.0928200">
    <ele>7.3</ele>
    <time>2025-04-05T01:57:45Z</time>
   </trkpt>
   <trkpt lat="-6.8782410" lon="109.0927760">
    <ele>7.3</ele>
    <time>2025-04-05T01:57:46Z</time>
   </trkpt>
   <trkpt lat="-6.8782450" lon="109.0927300">
    <ele>7.3</ele>
    <time>2025-04-05T01:57:47Z</time>
   </trkpt>
   <trkpt lat="-6.8782490" lon="109.0926850">
    <ele>7.3</ele>
    <time>2025-04-05T01:57:48Z</time>
   </trkpt>
   <trkpt lat="-6.8782540" lon="109.0926450">
    <ele>7.3</ele>
    <time>2025-04-05T01:57:49Z</time>
   </trkpt>
   <trkpt lat="-6.8782580" lon="109.0926060">
    <ele>7.2</ele>
    <time>2025-04-05T01:57:50Z</time>
   </trkpt>
   <trkpt lat="-6.8782630" lon="109.0925650">
    <ele>7.2</ele>
    <time>2025-04-05T01:57:51Z</time>
   </trkpt>
   <trkpt lat="-6.8782690" lon="109.0925300">
    <ele>7.2</ele>
    <time>2025-04-05T01:57:52Z</time>
   </trkpt>
   <trkpt lat="-6.8782730" lon="109.0924910">
    <ele>7.2</ele>
    <time>2025-04-05T01:57:53Z</time>
   </trkpt>
   <trkpt lat="-6.8782790" lon="109.0924510">
    <ele>7.2</ele>
    <time>2025-04-05T01:57:54Z</time>
   </trkpt>
   <trkpt lat="-6.8782870" lon="109.0924120">
    <ele>7.2</ele>
    <time>2025-04-05T01:57:55Z</time>
   </trkpt>
   <trkpt lat="-6.8782950" lon="109.0923750">
    <ele>7.2</ele>
    <time>2025-04-05T01:57:56Z</time>
   </trkpt>
   <trkpt lat="-6.8783090" lon="109.0923370">
    <ele>7.2</ele>
    <time>2025-04-05T01:57:57Z</time>
   </trkpt>
   <trkpt lat="-6.8783230" lon="109.0923030">
    <ele>7.2</ele>
    <time>2025-04-05T01:57:58Z</time>
   </trkpt>
   <trkpt lat="-6.8783340" lon="109.0922660">
    <ele>7.2</ele>
    <time>2025-04-05T01:57:59Z</time>
   </trkpt>
   <trkpt lat="-6.8783410" lon="109.0922310">
    <ele>7.2</ele>
    <time>2025-04-05T01:58:00Z</time>
   </trkpt>
   <trkpt lat="-6.8783470" lon="109.0921930">
    <ele>7.2</ele>
    <time>2025-04-05T01:58:01Z</time>
   </trkpt>
   <trkpt lat="-6.8783540" lon="109.0921550">
    <ele>7.2</ele>
    <time>2025-04-05T01:58:02Z</time>
   </trkpt>
   <trkpt lat="-6.8783610" lon="109.0921180">
    <ele>7.2</ele>
    <time>2025-04-05T01:58:03Z</time>
   </trkpt>
   <trkpt lat="-6.8783680" lon="109.0920790">
    <ele>7.2</ele>
    <time>2025-04-05T01:58:04Z</time>
   </trkpt>
   <trkpt lat="-6.8783770" lon="109.0920420">
    <ele>7.2</ele>
    <time>2025-04-05T01:58:05Z</time>
   </trkpt>
   <trkpt lat="-6.8783860" lon="109.0920060">
    <ele>7.2</ele>
    <time>2025-04-05T01:58:06Z</time>
   </trkpt>
   <trkpt lat="-6.8783930" lon="109.0919700">
    <ele>7.1</ele>
    <time>2025-04-05T01:58:07Z</time>
   </trkpt>
   <trkpt lat="-6.8784000" lon="109.0919290">
    <ele>7.1</ele>
    <time>2025-04-05T01:58:08Z</time>
   </trkpt>
   <trkpt lat="-6.8784040" lon="109.0918940">
    <ele>7.1</ele>
    <time>2025-04-05T01:58:09Z</time>
   </trkpt>
   <trkpt lat="-6.8784100" lon="109.0918530">
    <ele>7.1</ele>
    <time>2025-04-05T01:58:10Z</time>
   </trkpt>
   <trkpt lat="-6.8784150" lon="109.0918150">
    <ele>7.1</ele>
    <time>2025-04-05T01:58:11Z</time>
   </trkpt>
   <trkpt lat="-6.8784210" lon="109.0917750">
    <ele>7.1</ele>
    <time>2025-04-05T01:58:12Z</time>
   </trkpt>
   <trkpt lat="-6.8784260" lon="109.0917370">
    <ele>7.1</ele>
    <time>2025-04-05T01:58:13Z</time>
   </trkpt>
   <trkpt lat="-6.8784300" lon="109.0917010">
    <ele>7.1</ele>
    <time>2025-04-05T01:58:14Z</time>
   </trkpt>
   <trkpt lat="-6.8784340" lon="109.0916650">
    <ele>7.1</ele>
    <time>2025-04-05T01:58:15Z</time>
   </trkpt>
   <trkpt lat="-6.8784400" lon="109.0916310">
    <ele>7.1</ele>
    <time>2025-04-05T01:58:16Z</time>
   </trkpt>
   <trkpt lat="-6.8784450" lon="109.0915970">
    <ele>7.1</ele>
    <time>2025-04-05T01:58:17Z</time>
   </trkpt>
   <trkpt lat="-6.8784490" lon="109.0915630">
    <ele>7.1</ele>
    <time>2025-04-05T01:58:18Z</time>
   </trkpt>
   <trkpt lat="-6.8784480" lon="109.0915280">
    <ele>7.1</ele>
    <time>2025-04-05T01:58:19Z</time>
   </trkpt>
   <trkpt lat="-6.8784490" lon="109.0914940">
    <ele>7.1</ele>
    <time>2025-04-05T01:58:20Z</time>
   </trkpt>
   <trkpt lat="-6.8784520" lon="109.0914610">
    <ele>7.0</ele>
    <time>2025-04-05T01:58:21Z</time>
   </trkpt>
   <trkpt lat="-6.8784560" lon="109.0914260">
    <ele>7.0</ele>
    <time>2025-04-05T01:58:22Z</time>
   </trkpt>
   <trkpt lat="-6.8784640" lon="109.0913900">
    <ele>7.0</ele>
    <time>2025-04-05T01:58:23Z</time>
   </trkpt>
   <trkpt lat="-6.8784700" lon="109.0913530">
    <ele>7.0</ele>
    <time>2025-04-05T01:58:24Z</time>
   </trkpt>
   <trkpt lat="-6.8784790" lon="109.0913110">
    <ele>7.0</ele>
    <time>2025-04-05T01:58:25Z</time>
   </trkpt>
   <trkpt lat="-6.8784850" lon="109.0912670">
    <ele>7.0</ele>
    <time>2025-04-05T01:58:26Z</time>
   </trkpt>
   <trkpt lat="-6.8784880" lon="109.0912230">
    <ele>7.0</ele>
    <time>2025-04-05T01:58:27Z</time>
   </trkpt>
   <trkpt lat="-6.8784900" lon="109.0911850">
    <ele>7.0</ele>
    <time>2025-04-05T01:58:28Z</time>
   </trkpt>
   <trkpt lat="-6.8784930" lon="109.0911440">
    <ele>6.9</ele>
    <time>2025-04-05T01:58:29Z</time>
   </trkpt>
   <trkpt lat="-6.8784950" lon="109.0911100">
    <ele>6.9</ele>
    <time>2025-04-05T01:58:30Z</time>
   </trkpt>
   <trkpt lat="-6.8785010" lon="109.0910740">
    <ele>6.9</ele>
    <time>2025-04-05T01:58:31Z</time>
   </trkpt>
   <trkpt lat="-6.8785090" lon="109.0910390">
    <ele>6.9</ele>
    <time>2025-04-05T01:58:32Z</time>
   </trkpt>
   <trkpt lat="-6.8785130" lon="109.0910000">
    <ele>6.9</ele>
    <time>2025-04-05T01:58:33Z</time>
   </trkpt>
   <trkpt lat="-6.8785190" lon="109.0909640">
    <ele>6.9</ele>
    <time>2025-04-05T01:58:34Z</time>
   </trkpt>
   <trkpt lat="-6.8785250" lon="109.0909280">
    <ele>6.9</ele>
    <time>2025-04-05T01:58:35Z</time>
   </trkpt>
   <trkpt lat="-6.8785300" lon="109.0908920">
    <ele>6.9</ele>
    <time>2025-04-05T01:58:36Z</time>
   </trkpt>
   <trkpt lat="-6.8785340" lon="109.0908530">
    <ele>6.9</ele>
    <time>2025-04-05T01:58:37Z</time>
   </trkpt>
   <trkpt lat="-6.8785380" lon="109.0908160">
    <ele>6.9</ele>
    <time>2025-04-05T01:58:38Z</time>
   </trkpt>
   <trkpt lat="-6.8785460" lon="109.0907760">
    <ele>6.9</ele>
    <time>2025-04-05T01:58:39Z</time>
   </trkpt>
   <trkpt lat="-6.8785530" lon="109.0907330">
    <ele>6.9</ele>
    <time>2025-04-05T01:58:40Z</time>
   </trkpt>
   <trkpt lat="-6.8785600" lon="109.0906970">
    <ele>6.9</ele>
    <time>2025-04-05T01:58:41Z</time>
   </trkpt>
   <trkpt lat="-6.8785680" lon="109.0906560">
    <ele>6.9</ele>
    <time>2025-04-05T01:58:42Z</time>
   </trkpt>
   <trkpt lat="-6.8785770" lon="109.0906180">
    <ele>6.9</ele>
    <time>2025-04-05T01:58:43Z</time>
   </trkpt>
   <trkpt lat="-6.8785830" lon="109.0905820">
    <ele>6.9</ele>
    <time>2025-04-05T01:58:44Z</time>
   </trkpt>
   <trkpt lat="-6.8785880" lon="109.0905440">
    <ele>6.9</ele>
    <time>2025-04-05T01:58:45Z</time>
   </trkpt>
   <trkpt lat="-6.8785940" lon="109.0905080">
    <ele>6.9</ele>
    <time>2025-04-05T01:58:46Z</time>
   </trkpt>
   <trkpt lat="-6.8786000" lon="109.0904760">
    <ele>6.9</ele>
    <time>2025-04-05T01:58:47Z</time>
   </trkpt>
   <trkpt lat="-6.8786040" lon="109.0904450">
    <ele>6.9</ele>
    <time>2025-04-05T01:58:48Z</time>
   </trkpt>
   <trkpt lat="-6.8786090" lon="109.0904140">
    <ele>6.9</ele>
    <time>2025-04-05T01:58:49Z</time>
   </trkpt>
   <trkpt lat="-6.8786140" lon="109.0903800">
    <ele>6.9</ele>
    <time>2025-04-05T01:58:50Z</time>
   </trkpt>
   <trkpt lat="-6.8786170" lon="109.0903440">
    <ele>6.9</ele>
    <time>2025-04-05T01:58:51Z</time>
   </trkpt>
   <trkpt lat="-6.8786160" lon="109.0903070">
    <ele>6.9</ele>
    <time>2025-04-05T01:58:52Z</time>
   </trkpt>
   <trkpt lat="-6.8786140" lon="109.0902700">
    <ele>6.9</ele>
    <time>2025-04-05T01:58:53Z</time>
   </trkpt>
   <trkpt lat="-6.8786100" lon="109.0902350">
    <ele>6.9</ele>
    <time>2025-04-05T01:58:54Z</time>
   </trkpt>
   <trkpt lat="-6.8786070" lon="109.0902040">
    <ele>6.9</ele>
    <time>2025-04-05T01:58:55Z</time>
   </trkpt>
   <trkpt lat="-6.8786110" lon="109.0901730">
    <ele>6.9</ele>
    <time>2025-04-05T01:58:56Z</time>
   </trkpt>
   <trkpt lat="-6.8786170" lon="109.0901390">
    <ele>6.9</ele>
    <time>2025-04-05T01:58:57Z</time>
   </trkpt>
   <trkpt lat="-6.8786240" lon="109.0901040">
    <ele>6.9</ele>
    <time>2025-04-05T01:58:58Z</time>
   </trkpt>
   <trkpt lat="-6.8786270" lon="109.0900650">
    <ele>6.9</ele>
    <time>2025-04-05T01:58:59Z</time>
   </trkpt>
   <trkpt lat="-6.8786310" lon="109.0900220">
    <ele>6.9</ele>
    <time>2025-04-05T01:59:00Z</time>
   </trkpt>
   <trkpt lat="-6.8786400" lon="109.0899810">
    <ele>6.9</ele>
    <time>2025-04-05T01:59:01Z</time>
   </trkpt>
   <trkpt lat="-6.8786480" lon="109.0899370">
    <ele>6.8</ele>
    <time>2025-04-05T01:59:02Z</time>
   </trkpt>
   <trkpt lat="-6.8786540" lon="109.0898970">
    <ele>6.8</ele>
    <time>2025-04-05T01:59:03Z</time>
   </trkpt>
   <trkpt lat="-6.8786570" lon="109.0898590">
    <ele>6.8</ele>
    <time>2025-04-05T01:59:04Z</time>
   </trkpt>
   <trkpt lat="-6.8786610" lon="109.0898190">
    <ele>6.8</ele>
    <time>2025-04-05T01:59:05Z</time>
   </trkpt>
   <trkpt lat="-6.8786630" lon="109.0897770">
    <ele>6.8</ele>
    <time>2025-04-05T01:59:06Z</time>
   </trkpt>
   <trkpt lat="-6.8786670" lon="109.0897350">
    <ele>6.8</ele>
    <time>2025-04-05T01:59:07Z</time>
   </trkpt>
   <trkpt lat="-6.8786770" lon="109.0896980">
    <ele>6.8</ele>
    <time>2025-04-05T01:59:08Z</time>
   </trkpt>
   <trkpt lat="-6.8786870" lon="109.0896640">
    <ele>6.8</ele>
    <time>2025-04-05T01:59:09Z</time>
   </trkpt>
   <trkpt lat="-6.8786920" lon="109.0896320">
    <ele>6.8</ele>
    <time>2025-04-05T01:59:10Z</time>
   </trkpt>
   <trkpt lat="-6.8786970" lon="109.0895980">
    <ele>6.7</ele>
    <time>2025-04-05T01:59:11Z</time>
   </trkpt>
   <trkpt lat="-6.8787010" lon="109.0895640">
    <ele>6.7</ele>
    <time>2025-04-05T01:59:12Z</time>
   </trkpt>
   <trkpt lat="-6.8787080" lon="109.0895280">
    <ele>6.7</ele>
    <time>2025-04-05T01:59:13Z</time>
   </trkpt>
   <trkpt lat="-6.8787140" lon="109.0894910">
    <ele>6.7</ele>
    <time>2025-04-05T01:59:14Z</time>
   </trkpt>
   <trkpt lat="-6.8787190" lon="109.0894570">
    <ele>6.7</ele>
    <time>2025-04-05T01:59:15Z</time>
   </trkpt>
   <trkpt lat="-6.8787210" lon="109.0894220">
    <ele>6.7</ele>
    <time>2025-04-05T01:59:16Z</time>
   </trkpt>
   <trkpt lat="-6.8787250" lon="109.0893850">
    <ele>6.7</ele>
    <time>2025-04-05T01:59:17Z</time>
   </trkpt>
   <trkpt lat="-6.8787290" lon="109.0893450">
    <ele>6.7</ele>
    <time>2025-04-05T01:59:18Z</time>
   </trkpt>
   <trkpt lat="-6.8787320" lon="109.0893100">
    <ele>6.7</ele>
    <time>2025-04-05T01:59:19Z</time>
   </trkpt>
   <trkpt lat="-6.8787380" lon="109.0892770">
    <ele>6.7</ele>
    <time>2025-04-05T01:59:20Z</time>
   </trkpt>
   <trkpt lat="-6.8787440" lon="109.0892360">
    <ele>6.7</ele>
    <time>2025-04-05T01:59:21Z</time>
   </trkpt>
   <trkpt lat="-6.8787520" lon="109.0891970">
    <ele>6.7</ele>
    <time>2025-04-05T01:59:22Z</time>
   </trkpt>
   <trkpt lat="-6.8787570" lon="109.0891550">
    <ele>6.7</ele>
    <time>2025-04-05T01:59:23Z</time>
   </trkpt>
   <trkpt lat="-6.8787580" lon="109.0891140">
    <ele>6.7</ele>
    <time>2025-04-05T01:59:24Z</time>
   </trkpt>
   <trkpt lat="-6.8787580" lon="109.0890750">
    <ele>6.7</ele>
    <time>2025-04-05T01:59:25Z</time>
   </trkpt>
   <trkpt lat="-6.8787560" lon="109.0890350">
    <ele>6.7</ele>
    <time>2025-04-05T01:59:26Z</time>
   </trkpt>
   <trkpt lat="-6.8787550" lon="109.0889930">
    <ele>6.7</ele>
    <time>2025-04-05T01:59:27Z</time>
   </trkpt>
   <trkpt lat="-6.8787530" lon="109.0889480">
    <ele>6.7</ele>
    <time>2025-04-05T01:59:28Z</time>
   </trkpt>
   <trkpt lat="-6.8787540" lon="109.0889040">
    <ele>6.7</ele>
    <time>2025-04-05T01:59:29Z</time>
   </trkpt>
   <trkpt lat="-6.8787580" lon="109.0888640">
    <ele>6.7</ele>
    <time>2025-04-05T01:59:30Z</time>
   </trkpt>
   <trkpt lat="-6.8787640" lon="109.0888330">
    <ele>6.7</ele>
    <time>2025-04-05T01:59:31Z</time>
   </trkpt>
   <trkpt lat="-6.8787720" lon="109.0887990">
    <ele>6.7</ele>
    <time>2025-04-05T01:59:32Z</time>
   </trkpt>
   <trkpt lat="-6.8787780" lon="109.0887660">
    <ele>6.7</ele>
    <time>2025-04-05T01:59:33Z</time>
   </trkpt>
   <trkpt lat="-6.8787780" lon="109.0887320">
    <ele>6.8</ele>
    <time>2025-04-05T01:59:34Z</time>
   </trkpt>
   <trkpt lat="-6.8787780" lon="109.0886970">
    <ele>6.8</ele>
    <time>2025-04-05T01:59:35Z</time>
   </trkpt>
   <trkpt lat="-6.8787820" lon="109.0886590">
    <ele>6.8</ele>
    <time>2025-04-05T01:59:36Z</time>
   </trkpt>
   <trkpt lat="-6.8787890" lon="109.0886200">
    <ele>6.8</ele>
    <time>2025-04-05T01:59:37Z</time>
   </trkpt>
   <trkpt lat="-6.8787940" lon="109.0885810">
    <ele>6.8</ele>
    <time>2025-04-05T01:59:38Z</time>
   </trkpt>
   <trkpt lat="-6.8787940" lon="109.0885400">
    <ele>6.8</ele>
    <time>2025-04-05T01:59:39Z</time>
   </trkpt>
   <trkpt lat="-6.8787950" lon="109.0884930">
    <ele>6.8</ele>
    <time>2025-04-05T01:59:40Z</time>
   </trkpt>
   <trkpt lat="-6.8788070" lon="109.0884410">
    <ele>6.8</ele>
    <time>2025-04-05T01:59:41Z</time>
   </trkpt>
   <trkpt lat="-6.8788160" lon="109.0883960">
    <ele>6.7</ele>
    <time>2025-04-05T01:59:42Z</time>
   </trkpt>
   <trkpt lat="-6.8788270" lon="109.0883520">
    <ele>6.7</ele>
    <time>2025-04-05T01:59:43Z</time>
   </trkpt>
   <trkpt lat="-6.8788310" lon="109.0883080">
    <ele>6.7</ele>
    <time>2025-04-05T01:59:44Z</time>
   </trkpt>
   <trkpt lat="-6.8788320" lon="109.0882650">
    <ele>6.7</ele>
    <time>2025-04-05T01:59:45Z</time>
   </trkpt>
   <trkpt lat="-6.8788340" lon="109.0882260">
    <ele>6.7</ele>
    <time>2025-04-05T01:59:46Z</time>
   </trkpt>
   <trkpt lat="-6.8788370" lon="109.0881850">
    <ele>6.7</ele>
    <time>2025-04-05T01:59:47Z</time>
   </trkpt>
   <trkpt lat="-6.8788380" lon="109.0881450">
    <ele>6.7</ele>
    <time>2025-04-05T01:59:48Z</time>
   </trkpt>
   <trkpt lat="-6.8788380" lon="109.0881050">
    <ele>6.7</ele>
    <time>2025-04-05T01:59:49Z</time>
   </trkpt>
   <trkpt lat="-6.8788370" lon="109.0880650">
    <ele>6.7</ele>
    <time>2025-04-05T01:59:50Z</time>
   </trkpt>
   <trkpt lat="-6.8788390" lon="109.0880250">
    <ele>6.7</ele>
    <time>2025-04-05T01:59:51Z</time>
   </trkpt>
   <trkpt lat="-6.8788400" lon="109.0879880">
    <ele>6.7</ele>
    <time>2025-04-05T01:59:52Z</time>
   </trkpt>
   <trkpt lat="-6.8788410" lon="109.0879490">
    <ele>6.7</ele>
    <time>2025-04-05T01:59:53Z</time>
   </trkpt>
   <trkpt lat="-6.8788420" lon="109.0879080">
    <ele>6.7</ele>
    <time>2025-04-05T01:59:54Z</time>
   </trkpt>
   <trkpt lat="-6.8788420" lon="109.0878660">
    <ele>6.7</ele>
    <time>2025-04-05T01:59:55Z</time>
   </trkpt>
   <trkpt lat="-6.8788390" lon="109.0878230">
    <ele>6.7</ele>
    <time>2025-04-05T01:59:56Z</time>
   </trkpt>
   <trkpt lat="-6.8788380" lon="109.0877800">
    <ele>6.7</ele>
    <time>2025-04-05T01:59:57Z</time>
   </trkpt>
   <trkpt lat="-6.8788350" lon="109.0877430">
    <ele>6.7</ele>
    <time>2025-04-05T01:59:58Z</time>
   </trkpt>
   <trkpt lat="-6.8788330" lon="109.0877060">
    <ele>6.7</ele>
    <time>2025-04-05T01:59:59Z</time>
   </trkpt>
   <trkpt lat="-6.8788340" lon="109.0876710">
    <ele>6.7</ele>
    <time>2025-04-05T02:00:00Z</time>
   </trkpt>
   <trkpt lat="-6.8788320" lon="109.0876290">
    <ele>6.7</ele>
    <time>2025-04-05T02:00:01Z</time>
   </trkpt>
   <trkpt lat="-6.8788310" lon="109.0875920">
    <ele>6.7</ele>
    <time>2025-04-05T02:00:02Z</time>
   </trkpt>
   <trkpt lat="-6.8788310" lon="109.0875500">
    <ele>6.7</ele>
    <time>2025-04-05T02:00:03Z</time>
   </trkpt>
   <trkpt lat="-6.8788310" lon="109.0875110">
    <ele>6.7</ele>
    <time>2025-04-05T02:00:04Z</time>
   </trkpt>
   <trkpt lat="-6.8788280" lon="109.0874760">
    <ele>6.7</ele>
    <time>2025-04-05T02:00:05Z</time>
   </trkpt>
   <trkpt lat="-6.8788270" lon="109.0874400">
    <ele>6.7</ele>
    <time>2025-04-05T02:00:06Z</time>
   </trkpt>
   <trkpt lat="-6.8788320" lon="109.0874030">
    <ele>6.7</ele>
    <time>2025-04-05T02:00:07Z</time>
   </trkpt>
   <trkpt lat="-6.8788380" lon="109.0873670">
    <ele>6.6</ele>
    <time>2025-04-05T02:00:08Z</time>
   </trkpt>
   <trkpt lat="-6.8788370" lon="109.0873300">
    <ele>6.6</ele>
    <time>2025-04-05T02:00:09Z</time>
   </trkpt>
   <trkpt lat="-6.8788400" lon="109.0872700">
    <ele>6.6</ele>
    <time>2025-04-05T02:00:10Z</time>
   </trkpt>
   <trkpt lat="-6.8788440" lon="109.0872240">
    <ele>6.6</ele>
    <time>2025-04-05T02:00:11Z</time>
   </trkpt>
   <trkpt lat="-6.8788530" lon="109.0871910">
    <ele>6.6</ele>
    <time>2025-04-05T02:00:12Z</time>
   </trkpt>
   <trkpt lat="-6.8788610" lon="109.0871550">
    <ele>6.6</ele>
    <time>2025-04-05T02:00:13Z</time>
   </trkpt>
   <trkpt lat="-6.8788660" lon="109.0871190">
    <ele>6.6</ele>
    <time>2025-04-05T02:00:14Z</time>
   </trkpt>
   <trkpt lat="-6.8788680" lon="109.0870820">
    <ele>6.6</ele>
    <time>2025-04-05T02:00:15Z</time>
   </trkpt>
   <trkpt lat="-6.8788680" lon="109.0870450">
    <ele>6.6</ele>
    <time>2025-04-05T02:00:16Z</time>
   </trkpt>
   <trkpt lat="-6.8788660" lon="109.0870110">
    <ele>6.5</ele>
    <time>2025-04-05T02:00:17Z</time>
   </trkpt>
   <trkpt lat="-6.8788640" lon="109.0869760">
    <ele>6.5</ele>
    <time>2025-04-05T02:00:18Z</time>
   </trkpt>
   <trkpt lat="-6.8788630" lon="109.0869400">
    <ele>6.5</ele>
    <time>2025-04-05T02:00:19Z</time>
   </trkpt>
   <trkpt lat="-6.8788650" lon="109.0869050">
    <ele>6.5</ele>
    <time>2025-04-05T02:00:20Z</time>
   </trkpt>
   <trkpt lat="-6.8788680" lon="109.0868710">
    <ele>6.6</ele>
    <time>2025-04-05T02:00:21Z</time>
   </trkpt>
   <trkpt lat="-6.8788710" lon="109.0868330">
    <ele>6.6</ele>
    <time>2025-04-05T02:00:22Z</time>
   </trkpt>
   <trkpt lat="-6.8788720" lon="109.0867970">
    <ele>6.6</ele>
    <time>2025-04-05T02:00:23Z</time>
   </trkpt>
   <trkpt lat="-6.8788690" lon="109.0867620">
    <ele>6.6</ele>
    <time>2025-04-05T02:00:24Z</time>
   </trkpt>
   <trkpt lat="-6.8788660" lon="109.0867290">
    <ele>6.6</ele>
    <time>2025-04-05T02:00:25Z</time>
   </trkpt>
   <trkpt lat="-6.8788640" lon="109.0867000">
    <ele>6.6</ele>
    <time>2025-04-05T02:00:26Z</time>
   </trkpt>
   <trkpt lat="-6.8788640" lon="109.0866690">
    <ele>6.6</ele>
    <time>2025-04-05T02:00:27Z</time>
   </trkpt>
   <trkpt lat="-6.8788690" lon="109.0866340">
    <ele>6.6</ele>
    <time>2025-04-05T02:00:28Z</time>
   </trkpt>
   <trkpt lat="-6.8788740" lon="109.0865990">
    <ele>6.6</ele>
    <time>2025-04-05T02:00:29Z</time>
   </trkpt>
   <trkpt lat="-6.8788740" lon="109.0865620">
    <ele>6.6</ele>
    <time>2025-04-05T02:00:30Z</time>
   </trkpt>
   <trkpt lat="-6.8788690" lon="109.0865210">
    <ele>6.6</ele>
    <time>2025-04-05T02:00:31Z</time>
   </trkpt>
   <trkpt lat="-6.8788640" lon="109.0864820">
    <ele>6.6</ele>
    <time>2025-04-05T02:00:32Z</time>
   </trkpt>
   <trkpt lat="-6.8788660" lon="109.0864450">
    <ele>6.6</ele>
    <time>2025-04-05T02:00:33Z</time>
   </trkpt>
   <trkpt lat="-6.8788670" lon="109.0864110">
    <ele>6.6</ele>
    <time>2025-04-05T02:00:34Z</time>
   </trkpt>
   <trkpt lat="-6.8788780" lon="109.0863800">
    <ele>6.7</ele>
    <time>2025-04-05T02:00:35Z</time>
   </trkpt>
   <trkpt lat="-6.8788850" lon="109.0863500">
    <ele>6.7</ele>
    <time>2025-04-05T02:00:36Z</time>
   </trkpt>
   <trkpt lat="-6.8788840" lon="109.0863150">
    <ele>6.7</ele>
    <time>2025-04-05T02:00:37Z</time>
   </trkpt>
   <trkpt lat="-6.8788780" lon="109.0862780">
    <ele>6.7</ele>
    <time>2025-04-05T02:00:38Z</time>
   </trkpt>
   <trkpt lat="-6.8788740" lon="109.0862480">
    <ele>6.7</ele>
    <time>2025-04-05T02:00:39Z</time>
   </trkpt>
   <trkpt lat="-6.8788700" lon="109.0862150">
    <ele>6.7</ele>
    <time>2025-04-05T02:00:40Z</time>
   </trkpt>
   <trkpt lat="-6.8788680" lon="109.0861770">
    <ele>6.7</ele>
    <time>2025-04-05T02:00:41Z</time>
   </trkpt>
   <trkpt lat="-6.8788720" lon="109.0861400">
    <ele>6.7</ele>
    <time>2025-04-05T02:00:42Z</time>
   </trkpt>
   <trkpt lat="-6.8788740" lon="109.0861010">
    <ele>6.7</ele>
    <time>2025-04-05T02:00:43Z</time>
   </trkpt>
   <trkpt lat="-6.8788770" lon="109.0860630">
    <ele>6.7</ele>
    <time>2025-04-05T02:00:44Z</time>
   </trkpt>
   <trkpt lat="-6.8788820" lon="109.0860280">
    <ele>6.7</ele>
    <time>2025-04-05T02:00:45Z</time>
   </trkpt>
   <trkpt lat="-6.8788860" lon="109.0859950">
    <ele>6.7</ele>
    <time>2025-04-05T02:00:46Z</time>
   </trkpt>
   <trkpt lat="-6.8788900" lon="109.0859630">
    <ele>6.7</ele>
    <time>2025-04-05T02:00:47Z</time>
   </trkpt>
   <trkpt lat="-6.8788950" lon="109.0859280">
    <ele>6.7</ele>
    <time>2025-04-05T02:00:48Z</time>
   </trkpt>
   <trkpt lat="-6.8788990" lon="109.0858940">
    <ele>6.7</ele>
    <time>2025-04-05T02:00:49Z</time>
   </trkpt>
   <trkpt lat="-6.8789010" lon="109.0858590">
    <ele>6.7</ele>
    <time>2025-04-05T02:00:50Z</time>
   </trkpt>
   <trkpt lat="-6.8789020" lon="109.0858220">
    <ele>6.7</ele>
    <time>2025-04-05T02:00:51Z</time>
   </trkpt>
   <trkpt lat="-6.8789060" lon="109.0857890">
    <ele>6.7</ele>
    <time>2025-04-05T02:00:52Z</time>
   </trkpt>
   <trkpt lat="-6.8789080" lon="109.0857520">
    <ele>6.7</ele>
    <time>2025-04-05T02:00:53Z</time>
   </trkpt>
   <trkpt lat="-6.8789090" lon="109.0857150">
    <ele>6.7</ele>
    <time>2025-04-05T02:00:54Z</time>
   </trkpt>
   <trkpt lat="-6.8789070" lon="109.0856810">
    <ele>6.6</ele>
    <time>2025-04-05T02:00:55Z</time>
   </trkpt>
   <trkpt lat="-6.8789010" lon="109.0856460">
    <ele>6.6</ele>
    <time>2025-04-05T02:00:56Z</time>
   </trkpt>
   <trkpt lat="-6.8788970" lon="109.0856130">
    <ele>6.6</ele>
    <time>2025-04-05T02:00:57Z</time>
   </trkpt>
   <trkpt lat="-6.8788920" lon="109.0855820">
    <ele>6.6</ele>
    <time>2025-04-05T02:00:58Z</time>
   </trkpt>
   <trkpt lat="-6.8788910" lon="109.0855470">
    <ele>6.6</ele>
    <time>2025-04-05T02:00:59Z</time>
   </trkpt>
   <trkpt lat="-6.8788910" lon="109.0855110">
    <ele>6.6</ele>
    <time>2025-04-05T02:01:00Z</time>
   </trkpt>
   <trkpt lat="-6.8788900" lon="109.0854700">
    <ele>6.6</ele>
    <time>2025-04-05T02:01:01Z</time>
   </trkpt>
   <trkpt lat="-6.8788870" lon="109.0854300">
    <ele>6.6</ele>
    <time>2025-04-05T02:01:02Z</time>
   </trkpt>
   <trkpt lat="-6.8788860" lon="109.0853890">
    <ele>6.6</ele>
    <time>2025-04-05T02:01:03Z</time>
   </trkpt>
   <trkpt lat="-6.8788860" lon="109.0853500">
    <ele>6.6</ele>
    <time>2025-04-05T02:01:04Z</time>
   </trkpt>
   <trkpt lat="-6.8788870" lon="109.0853130">
    <ele>6.6</ele>
    <time>2025-04-05T02:01:05Z</time>
   </trkpt>
   <trkpt lat="-6.8788870" lon="109.0852690">
    <ele>6.6</ele>
    <time>2025-04-05T02:01:06Z</time>
   </trkpt>
   <trkpt lat="-6.8788900" lon="109.0852320">
    <ele>6.5</ele>
    <time>2025-04-05T02:01:07Z</time>
   </trkpt>
   <trkpt lat="-6.8788930" lon="109.0851960">
    <ele>6.5</ele>
    <time>2025-04-05T02:01:08Z</time>
   </trkpt>
   <trkpt lat="-6.8788930" lon="109.0851600">
    <ele>6.5</ele>
    <time>2025-04-05T02:01:09Z</time>
   </trkpt>
   <trkpt lat="-6.8788900" lon="109.0851250">
    <ele>6.5</ele>
    <time>2025-04-05T02:01:10Z</time>
   </trkpt>
   <trkpt lat="-6.8788890" lon="109.0850900">
    <ele>6.5</ele>
    <time>2025-04-05T02:01:11Z</time>
   </trkpt>
   <trkpt lat="-6.8788880" lon="109.0850570">
    <ele>6.5</ele>
    <time>2025-04-05T02:01:12Z</time>
   </trkpt>
   <trkpt lat="-6.8788890" lon="109.0850240">
    <ele>6.5</ele>
    <time>2025-04-05T02:01:13Z</time>
   </trkpt>
   <trkpt lat="-6.8788910" lon="109.0849890">
    <ele>6.5</ele>
    <time>2025-04-05T02:01:14Z</time>
   </trkpt>
   <trkpt lat="-6.8788890" lon="109.0849540">
    <ele>6.5</ele>
    <time>2025-04-05T02:01:15Z</time>
   </trkpt>
   <trkpt lat="-6.8788830" lon="109.0849240">
    <ele>6.5</ele>
    <time>2025-04-05T02:01:16Z</time>
   </trkpt>
   <trkpt lat="-6.8788780" lon="109.0848910">
    <ele>6.5</ele>
    <time>2025-04-05T02:01:17Z</time>
   </trkpt>
   <trkpt lat="-6.8788730" lon="109.0848570">
    <ele>6.5</ele>
    <time>2025-04-05T02:01:18Z</time>
   </trkpt>
   <trkpt lat="-6.8788730" lon="109.0848110">
    <ele>6.5</ele>
    <time>2025-04-05T02:01:19Z</time>
   </trkpt>
   <trkpt lat="-6.8788710" lon="109.0847700">
    <ele>6.5</ele>
    <time>2025-04-05T02:01:20Z</time>
   </trkpt>
   <trkpt lat="-6.8788710" lon="109.0847250">
    <ele>6.5</ele>
    <time>2025-04-05T02:01:21Z</time>
   </trkpt>
   <trkpt lat="-6.8788720" lon="109.0846820">
    <ele>6.5</ele>
    <time>2025-04-05T02:01:22Z</time>
   </trkpt>
   <trkpt lat="-6.8788700" lon="109.0846390">
    <ele>6.5</ele>
    <time>2025-04-05T02:01:23Z</time>
   </trkpt>
   <trkpt lat="-6.8788740" lon="109.0845950">
    <ele>6.5</ele>
    <time>2025-04-05T02:01:24Z</time>
   </trkpt>
   <trkpt lat="-6.8788800" lon="109.0845560">
    <ele>6.5</ele>
    <time>2025-04-05T02:01:25Z</time>
   </trkpt>
   <trkpt lat="-6.8788860" lon="109.0845210">
    <ele>6.5</ele>
    <time>2025-04-05T02:01:26Z</time>
   </trkpt>
   <trkpt lat="-6.8788900" lon="109.0844890">
    <ele>6.5</ele>
    <time>2025-04-05T02:01:27Z</time>
   </trkpt>
   <trkpt lat="-6.8788900" lon="109.0844560">
    <ele>6.5</ele>
    <time>2025-04-05T02:01:28Z</time>
   </trkpt>
   <trkpt lat="-6.8788870" lon="109.0844200">
    <ele>6.5</ele>
    <time>2025-04-05T02:01:29Z</time>
   </trkpt>
   <trkpt lat="-6.8788800" lon="109.0843820">
    <ele>6.5</ele>
    <time>2025-04-05T02:01:30Z</time>
   </trkpt>
   <trkpt lat="-6.8788740" lon="109.0843460">
    <ele>6.5</ele>
    <time>2025-04-05T02:01:31Z</time>
   </trkpt>
   <trkpt lat="-6.8788690" lon="109.0843080">
    <ele>6.5</ele>
    <time>2025-04-05T02:01:32Z</time>
   </trkpt>
   <trkpt lat="-6.8788660" lon="109.0842710">
    <ele>6.5</ele>
    <time>2025-04-05T02:01:33Z</time>
   </trkpt>
   <trkpt lat="-6.8788640" lon="109.0842320">
    <ele>6.5</ele>
    <time>2025-04-05T02:01:34Z</time>
   </trkpt>
   <trkpt lat="-6.8788660" lon="109.0842050">
    <ele>6.5</ele>
    <time>2025-04-05T02:01:35Z</time>
   </trkpt>
   <trkpt lat="-6.8788660" lon="109.0841630">
    <ele>6.4</ele>
    <time>2025-04-05T02:01:36Z</time>
   </trkpt>
   <trkpt lat="-6.8788640" lon="109.0841490">
    <ele>6.4</ele>
    <time>2025-04-05T02:01:37Z</time>
   </trkpt>
   <trkpt lat="-6.8788660" lon="109.0841120">
    <ele>6.4</ele>
    <time>2025-04-05T02:01:38Z</time>
   </trkpt>
   <trkpt lat="-6.8788650" lon="109.0840700">
    <ele>6.4</ele>
    <time>2025-04-05T02:01:39Z</time>
   </trkpt>
   <trkpt lat="-6.8788650" lon="109.0840280">
    <ele>6.4</ele>
    <time>2025-04-05T02:01:40Z</time>
   </trkpt>
   <trkpt lat="-6.8788620" lon="109.0839900">
    <ele>6.4</ele>
    <time>2025-04-05T02:01:41Z</time>
   </trkpt>
   <trkpt lat="-6.8788560" lon="109.0839500">
    <ele>6.4</ele>
    <time>2025-04-05T02:01:42Z</time>
   </trkpt>
   <trkpt lat="-6.8788520" lon="109.0839060">
    <ele>6.4</ele>
    <time>2025-04-05T02:01:43Z</time>
   </trkpt>
   <trkpt lat="-6.8788480" lon="109.0838640">
    <ele>6.4</ele>
    <time>2025-04-05T02:01:44Z</time>
   </trkpt>
   <trkpt lat="-6.8788460" lon="109.0838230">
    <ele>6.4</ele>
    <time>2025-04-05T02:01:45Z</time>
   </trkpt>
   <trkpt lat="-6.8788480" lon="109.0837850">
    <ele>6.4</ele>
    <time>2025-04-05T02:01:46Z</time>
   </trkpt>
   <trkpt lat="-6.8788540" lon="109.0837520">
    <ele>6.4</ele>
    <time>2025-04-05T02:01:47Z</time>
   </trkpt>
   <trkpt lat="-6.8788580" lon="109.0837200">
    <ele>6.4</ele>
    <time>2025-04-05T02:01:48Z</time>
   </trkpt>
   <trkpt lat="-6.8788570" lon="109.0836870">
    <ele>6.4</ele>
    <time>2025-04-05T02:01:49Z</time>
   </trkpt>
   <trkpt lat="-6.8788550" lon="109.0836520">
    <ele>6.4</ele>
    <time>2025-04-05T02:01:50Z</time>
   </trkpt>
   <trkpt lat="-6.8788530" lon="109.0836150">
    <ele>6.3</ele>
    <time>2025-04-05T02:01:51Z</time>
   </trkpt>
   <trkpt lat="-6.8788490" lon="109.0835770">
    <ele>6.3</ele>
    <time>2025-04-05T02:01:52Z</time>
   </trkpt>
   <trkpt lat="-6.8788430" lon="109.0835340">
    <ele>6.3</ele>
    <time>2025-04-05T02:01:53Z</time>
   </trkpt>
   <trkpt lat="-6.8788390" lon="109.0834900">
    <ele>6.3</ele>
    <time>2025-04-05T02:01:54Z</time>
   </trkpt>
   <trkpt lat="-6.8788360" lon="109.0834500">
    <ele>6.3</ele>
    <time>2025-04-05T02:01:55Z</time>
   </trkpt>
   <trkpt lat="-6.8788330" lon="109.0834090">
    <ele>6.3</ele>
    <time>2025-04-05T02:01:56Z</time>
   </trkpt>
   <trkpt lat="-6.8788270" lon="109.0833720">
    <ele>6.3</ele>
    <time>2025-04-05T02:01:57Z</time>
   </trkpt>
   <trkpt lat="-6.8788270" lon="109.0833400">
    <ele>6.3</ele>
    <time>2025-04-05T02:01:58Z</time>
   </trkpt>
   <trkpt lat="-6.8788290" lon="109.0833090">
    <ele>6.2</ele>
    <time>2025-04-05T02:01:59Z</time>
   </trkpt>
   <trkpt lat="-6.8788270" lon="109.0832670">
    <ele>6.2</ele>
    <time>2025-04-05T02:02:00Z</time>
   </trkpt>
   <trkpt lat="-6.8788300" lon="109.0832220">
    <ele>6.2</ele>
    <time>2025-04-05T02:02:01Z</time>
   </trkpt>
   <trkpt lat="-6.8788270" lon="109.0831810">
    <ele>6.2</ele>
    <time>2025-04-05T02:02:02Z</time>
   </trkpt>
   <trkpt lat="-6.8788250" lon="109.0831440">
    <ele>6.2</ele>
    <time>2025-04-05T02:02:03Z</time>
   </trkpt>
   <trkpt lat="-6.8788210" lon="109.0831080">
    <ele>6.2</ele>
    <time>2025-04-05T02:02:04Z</time>
   </trkpt>
   <trkpt lat="-6.8788170" lon="109.0830700">
    <ele>6.2</ele>
    <time>2025-04-05T02:02:05Z</time>
   </trkpt>
   <trkpt lat="-6.8788180" lon="109.0830360">
    <ele>6.2</ele>
    <time>2025-04-05T02:02:06Z</time>
   </trkpt>
   <trkpt lat="-6.8788180" lon="109.0829990">
    <ele>6.2</ele>
    <time>2025-04-05T02:02:07Z</time>
   </trkpt>
   <trkpt lat="-6.8788180" lon="109.0829590">
    <ele>6.2</ele>
    <time>2025-04-05T02:02:08Z</time>
   </trkpt>
   <trkpt lat="-6.8788160" lon="109.0829220">
    <ele>6.2</ele>
    <time>2025-04-05T02:02:09Z</time>
   </trkpt>
   <trkpt lat="-6.8788160" lon="109.0828910">
    <ele>6.3</ele>
    <time>2025-04-05T02:02:10Z</time>
   </trkpt>
   <trkpt lat="-6.8788130" lon="109.0828570">
    <ele>6.3</ele>
    <time>2025-04-05T02:02:11Z</time>
   </trkpt>
   <trkpt lat="-6.8788100" lon="109.0828210">
    <ele>6.3</ele>
    <time>2025-04-05T02:02:12Z</time>
   </trkpt>
   <trkpt lat="-6.8788020" lon="109.0827840">
    <ele>6.3</ele>
    <time>2025-04-05T02:02:13Z</time>
   </trkpt>
   <trkpt lat="-6.8787950" lon="109.0827450">
    <ele>6.3</ele>
    <time>2025-04-05T02:02:14Z</time>
   </trkpt>
   <trkpt lat="-6.8787910" lon="109.0827050">
    <ele>6.3</ele>
    <time>2025-04-05T02:02:15Z</time>
   </trkpt>
   <trkpt lat="-6.8787900" lon="109.0826710">
    <ele>6.3</ele>
    <time>2025-04-05T02:02:16Z</time>
   </trkpt>
   <trkpt lat="-6.8787850" lon="109.0826350">
    <ele>6.3</ele>
    <time>2025-04-05T02:02:17Z</time>
   </trkpt>
   <trkpt lat="-6.8787860" lon="109.0826080">
    <ele>6.3</ele>
    <time>2025-04-05T02:02:18Z</time>
   </trkpt>
   <trkpt lat="-6.8787870" lon="109.0825770">
    <ele>6.4</ele>
    <time>2025-04-05T02:02:19Z</time>
   </trkpt>
   <trkpt lat="-6.8787870" lon="109.0825660">
    <ele>6.4</ele>
    <time>2025-04-05T02:02:20Z</time>
   </trkpt>
   <trkpt lat="-6.8787810" lon="109.0825240">
    <ele>6.4</ele>
    <time>2025-04-05T02:02:21Z</time>
   </trkpt>
   <trkpt lat="-6.8787790" lon="109.0825080">
    <ele>6.4</ele>
    <time>2025-04-05T02:02:22Z</time>
   </trkpt>
   <trkpt lat="-6.8787770" lon="109.0824800">
    <ele>6.4</ele>
    <time>2025-04-05T02:02:23Z</time>
   </trkpt>
   <trkpt lat="-6.8787740" lon="109.0824520">
    <ele>6.4</ele>
    <time>2025-04-05T02:02:24Z</time>
   </trkpt>
   <trkpt lat="-6.8787690" lon="109.0824110">
    <ele>6.4</ele>
    <time>2025-04-05T02:02:25Z</time>
   </trkpt>
   <trkpt lat="-6.8787670" lon="109.0823960">
    <ele>6.4</ele>
    <time>2025-04-05T02:02:26Z</time>
   </trkpt>
   <trkpt lat="-6.8787630" lon="109.0823630">
    <ele>6.4</ele>
    <time>2025-04-05T02:02:27Z</time>
   </trkpt>
   <trkpt lat="-6.8787590" lon="109.0823330">
    <ele>6.4</ele>
    <time>2025-04-05T02:02:28Z</time>
   </trkpt>
   <trkpt lat="-6.8787530" lon="109.0823010">
    <ele>6.4</ele>
    <time>2025-04-05T02:02:29Z</time>
   </trkpt>
   <trkpt lat="-6.8787510" lon="109.0822720">
    <ele>6.4</ele>
    <time>2025-04-05T02:02:30Z</time>
   </trkpt>
   <trkpt lat="-6.8787460" lon="109.0822340">
    <ele>6.4</ele>
    <time>2025-04-05T02:02:31Z</time>
   </trkpt>
   <trkpt lat="-6.8787430" lon="109.0822230">
    <ele>6.4</ele>
    <time>2025-04-05T02:02:32Z</time>
   </trkpt>
   <trkpt lat="-6.8787350" lon="109.0821870">
    <ele>6.4</ele>
    <time>2025-04-05T02:02:33Z</time>
   </trkpt>
   <trkpt lat="-6.8787330" lon="109.0821730">
    <ele>6.4</ele>
    <time>2025-04-05T02:02:34Z</time>
   </trkpt>
   <trkpt lat="-6.8787290" lon="109.0821420">
    <ele>6.3</ele>
    <time>2025-04-05T02:02:35Z</time>
   </trkpt>
   <trkpt lat="-6.8787280" lon="109.0821010">
    <ele>6.3</ele>
    <time>2025-04-05T02:02:36Z</time>
   </trkpt>
   <trkpt lat="-6.8787310" lon="109.0820650">
    <ele>6.3</ele>
    <time>2025-04-05T02:02:37Z</time>
   </trkpt>
   <trkpt lat="-6.8787330" lon="109.0820330">
    <ele>6.3</ele>
    <time>2025-04-05T02:02:38Z</time>
   </trkpt>
   <trkpt lat="-6.8787290" lon="109.0820030">
    <ele>6.3</ele>
    <time>2025-04-05T02:02:39Z</time>
   </trkpt>
   <trkpt lat="-6.8787260" lon="109.0819660">
    <ele>6.3</ele>
    <time>2025-04-05T02:02:40Z</time>
   </trkpt>
   <trkpt lat="-6.8787260" lon="109.0819530">
    <ele>6.3</ele>
    <time>2025-04-05T02:02:41Z</time>
   </trkpt>
   <trkpt lat="-6.8787220" lon="109.0819200">
    <ele>6.3</ele>
    <time>2025-04-05T02:02:42Z</time>
   </trkpt>
   <trkpt lat="-6.8787170" lon="109.0818850">
    <ele>6.3</ele>
    <time>2025-04-05T02:02:43Z</time>
   </trkpt>
   <trkpt lat="-6.8787120" lon="109.0818470">
    <ele>6.3</ele>
    <time>2025-04-05T02:02:44Z</time>
   </trkpt>
   <trkpt lat="-6.8787070" lon="109.0818030">
    <ele>6.3</ele>
    <time>2025-04-05T02:02:45Z</time>
   </trkpt>
   <trkpt lat="-6.8787040" lon="109.0817530">
    <ele>6.3</ele>
    <time>2025-04-05T02:02:46Z</time>
   </trkpt>
   <trkpt lat="-6.8787020" lon="109.0817000">
    <ele>6.3</ele>
    <time>2025-04-05T02:02:47Z</time>
   </trkpt>
   <trkpt lat="-6.8786990" lon="109.0816500">
    <ele>6.3</ele>
    <time>2025-04-05T02:02:48Z</time>
   </trkpt>
   <trkpt lat="-6.8786970" lon="109.0815980">
    <ele>6.3</ele>
    <time>2025-04-05T02:02:49Z</time>
   </trkpt>
   <trkpt lat="-6.8786950" lon="109.0815570">
    <ele>6.4</ele>
    <time>2025-04-05T02:02:50Z</time>
   </trkpt>
   <trkpt lat="-6.8786910" lon="109.0815240">
    <ele>6.4</ele>
    <time>2025-04-05T02:02:51Z</time>
   </trkpt>
   <trkpt lat="-6.8786830" lon="109.0814940">
    <ele>6.4</ele>
    <time>2025-04-05T02:02:52Z</time>
   </trkpt>
   <trkpt lat="-6.8786740" lon="109.0814620">
    <ele>6.4</ele>
    <time>2025-04-05T02:02:53Z</time>
   </trkpt>
   <trkpt lat="-6.8786610" lon="109.0814290">
    <ele>6.4</ele>
    <time>2025-04-05T02:02:54Z</time>
   </trkpt>
   <trkpt lat="-6.8786480" lon="109.0813930">
    <ele>6.4</ele>
    <time>2025-04-05T02:02:55Z</time>
   </trkpt>
   <trkpt lat="-6.8786390" lon="109.0813460">
    <ele>6.4</ele>
    <time>2025-04-05T02:02:56Z</time>
   </trkpt>
   <trkpt lat="-6.8786320" lon="109.0813040">
    <ele>6.4</ele>
    <time>2025-04-05T02:02:57Z</time>
   </trkpt>
   <trkpt lat="-6.8786270" lon="109.0812630">
    <ele>6.4</ele>
    <time>2025-04-05T02:02:58Z</time>
   </trkpt>
   <trkpt lat="-6.8786210" lon="109.0812210">
    <ele>6.4</ele>
    <time>2025-04-05T02:02:59Z</time>
   </trkpt>
   <trkpt lat="-6.8786140" lon="109.0811790">
    <ele>6.4</ele>
    <time>2025-04-05T02:03:00Z</time>
   </trkpt>
   <trkpt lat="-6.8786070" lon="109.0811410">
    <ele>6.4</ele>
    <time>2025-04-05T02:03:01Z</time>
   </trkpt>
   <trkpt lat="-6.8786020" lon="109.0811110">
    <ele>6.4</ele>
    <time>2025-04-05T02:03:02Z</time>
   </trkpt>
   <trkpt lat="-6.8785950" lon="109.0810780">
    <ele>6.4</ele>
    <time>2025-04-05T02:03:03Z</time>
   </trkpt>
   <trkpt lat="-6.8785860" lon="109.0810370">
    <ele>6.4</ele>
    <time>2025-04-05T02:03:04Z</time>
   </trkpt>
   <trkpt lat="-6.8785770" lon="109.0809950">
    <ele>6.4</ele>
    <time>2025-04-05T02:03:05Z</time>
   </trkpt>
   <trkpt lat="-6.8785680" lon="109.0809560">
    <ele>6.4</ele>
    <time>2025-04-05T02:03:06Z</time>
   </trkpt>
   <trkpt lat="-6.8785700" lon="109.0809230">
    <ele>6.4</ele>
    <time>2025-04-05T02:03:07Z</time>
   </trkpt>
   <trkpt lat="-6.8785750" lon="109.0808860">
    <ele>6.4</ele>
    <time>2025-04-05T02:03:08Z</time>
   </trkpt>
   <trkpt lat="-6.8785820" lon="109.0808450">
    <ele>6.4</ele>
    <time>2025-04-05T02:03:09Z</time>
   </trkpt>
   <trkpt lat="-6.8785850" lon="109.0808070">
    <ele>6.4</ele>
    <time>2025-04-05T02:03:10Z</time>
   </trkpt>
   <trkpt lat="-6.8785840" lon="109.0807690">
    <ele>6.4</ele>
    <time>2025-04-05T02:03:11Z</time>
   </trkpt>
   <trkpt lat="-6.8785810" lon="109.0807300">
    <ele>6.4</ele>
    <time>2025-04-05T02:03:12Z</time>
   </trkpt>
   <trkpt lat="-6.8785760" lon="109.0806930">
    <ele>6.4</ele>
    <time>2025-04-05T02:03:13Z</time>
   </trkpt>
   <trkpt lat="-6.8785680" lon="109.0806560">
    <ele>6.4</ele>
    <time>2025-04-05T02:03:14Z</time>
   </trkpt>
   <trkpt lat="-6.8785600" lon="109.0806210">
    <ele>6.4</ele>
    <time>2025-04-05T02:03:15Z</time>
   </trkpt>
   <trkpt lat="-6.8785520" lon="109.0805890">
    <ele>6.4</ele>
    <time>2025-04-05T02:03:16Z</time>
   </trkpt>
   <trkpt lat="-6.8785470" lon="109.0805540">
    <ele>6.4</ele>
    <time>2025-04-05T02:03:17Z</time>
   </trkpt>
   <trkpt lat="-6.8785470" lon="109.0805170">
    <ele>6.4</ele>
    <time>2025-04-05T02:03:18Z</time>
   </trkpt>
   <trkpt lat="-6.8785440" lon="109.0804780">
    <ele>6.5</ele>
    <time>2025-04-05T02:03:19Z</time>
   </trkpt>
   <trkpt lat="-6.8785420" lon="109.0804360">
    <ele>6.5</ele>
    <time>2025-04-05T02:03:20Z</time>
   </trkpt>
   <trkpt lat="-6.8785380" lon="109.0803940">
    <ele>6.5</ele>
    <time>2025-04-05T02:03:21Z</time>
   </trkpt>
   <trkpt lat="-6.8785310" lon="109.0803550">
    <ele>6.5</ele>
    <time>2025-04-05T02:03:22Z</time>
   </trkpt>
   <trkpt lat="-6.8785220" lon="109.0803160">
    <ele>6.6</ele>
    <time>2025-04-05T02:03:23Z</time>
   </trkpt>
   <trkpt lat="-6.8785130" lon="109.0802800">
    <ele>6.6</ele>
    <time>2025-04-05T02:03:24Z</time>
   </trkpt>
   <trkpt lat="-6.8785090" lon="109.0802450">
    <ele>6.6</ele>
    <time>2025-04-05T02:03:25Z</time>
   </trkpt>
   <trkpt lat="-6.8785030" lon="109.0802070">
    <ele>6.6</ele>
    <time>2025-04-05T02:03:26Z</time>
   </trkpt>
   <trkpt lat="-6.8785020" lon="109.0801660">
    <ele>6.6</ele>
    <time>2025-04-05T02:03:27Z</time>
   </trkpt>
   <trkpt lat="-6.8785000" lon="109.0801280">
    <ele>6.6</ele>
    <time>2025-04-05T02:03:28Z</time>
   </trkpt>
   <trkpt lat="-6.8784940" lon="109.0800920">
    <ele>6.6</ele>
    <time>2025-04-05T02:03:29Z</time>
   </trkpt>
   <trkpt lat="-6.8784880" lon="109.0800600">
    <ele>6.6</ele>
    <time>2025-04-05T02:03:30Z</time>
   </trkpt>
   <trkpt lat="-6.8784800" lon="109.0800200">
    <ele>6.6</ele>
    <time>2025-04-05T02:03:31Z</time>
   </trkpt>
   <trkpt lat="-6.8784770" lon="109.0800050">
    <ele>6.6</ele>
    <time>2025-04-05T02:03:32Z</time>
   </trkpt>
   <trkpt lat="-6.8784700" lon="109.0799690">
    <ele>6.6</ele>
    <time>2025-04-05T02:03:33Z</time>
   </trkpt>
   <trkpt lat="-6.8784630" lon="109.0799310">
    <ele>6.5</ele>
    <time>2025-04-05T02:03:34Z</time>
   </trkpt>
   <trkpt lat="-6.8784580" lon="109.0798910">
    <ele>6.5</ele>
    <time>2025-04-05T02:03:35Z</time>
   </trkpt>
   <trkpt lat="-6.8784540" lon="109.0798550">
    <ele>6.5</ele>
    <time>2025-04-05T02:03:36Z</time>
   </trkpt>
   <trkpt lat="-6.8784510" lon="109.0798160">
    <ele>6.5</ele>
    <time>2025-04-05T02:03:37Z</time>
   </trkpt>
   <trkpt lat="-6.8784470" lon="109.0797770">
    <ele>6.5</ele>
    <time>2025-04-05T02:03:38Z</time>
   </trkpt>
   <trkpt lat="-6.8784420" lon="109.0797390">
    <ele>6.5</ele>
    <time>2025-04-05T02:03:39Z</time>
   </trkpt>
   <trkpt lat="-6.8784390" lon="109.0797000">
    <ele>6.4</ele>
    <time>2025-04-05T02:03:40Z</time>
   </trkpt>
   <trkpt lat="-6.8784330" lon="109.0796650">
    <ele>6.4</ele>
    <time>2025-04-05T02:03:41Z</time>
   </trkpt>
   <trkpt lat="-6.8784250" lon="109.0796260">
    <ele>6.4</ele>
    <time>2025-04-05T02:03:42Z</time>
   </trkpt>
   <trkpt lat="-6.8784270" lon="109.0795860">
    <ele>6.4</ele>
    <time>2025-04-05T02:03:43Z</time>
   </trkpt>
   <trkpt lat="-6.8784260" lon="109.0795480">
    <ele>6.4</ele>
    <time>2025-04-05T02:03:44Z</time>
   </trkpt>
   <trkpt lat="-6.8784240" lon="109.0795110">
    <ele>6.4</ele>
    <time>2025-04-05T02:03:45Z</time>
   </trkpt>
   <trkpt lat="-6.8784210" lon="109.0794760">
    <ele>6.4</ele>
    <time>2025-04-05T02:03:46Z</time>
   </trkpt>
   <trkpt lat="-6.8784160" lon="109.0794410">
    <ele>6.4</ele>
    <time>2025-04-05T02:03:47Z</time>
   </trkpt>
   <trkpt lat="-6.8784050" lon="109.0794070">
    <ele>6.4</ele>
    <time>2025-04-05T02:03:48Z</time>
   </trkpt>
   <trkpt lat="-6.8783940" lon="109.0793720">
    <ele>6.5</ele>
    <time>2025-04-05T02:03:49Z</time>
   </trkpt>
   <trkpt lat="-6.8783870" lon="109.0793400">
    <ele>6.5</ele>
    <time>2025-04-05T02:03:50Z</time>
   </trkpt>
   <trkpt lat="-6.8783810" lon="109.0793070">
    <ele>6.5</ele>
    <time>2025-04-05T02:03:51Z</time>
   </trkpt>
   <trkpt lat="-6.8783740" lon="109.0792710">
    <ele>6.5</ele>
    <time>2025-04-05T02:03:52Z</time>
   </trkpt>
   <trkpt lat="-6.8783680" lon="109.0792380">
    <ele>6.5</ele>
    <time>2025-04-05T02:03:53Z</time>
   </trkpt>
   <trkpt lat="-6.8783590" lon="109.0792060">
    <ele>6.5</ele>
    <time>2025-04-05T02:03:54Z</time>
   </trkpt>
   <trkpt lat="-6.8783500" lon="109.0791690">
    <ele>6.5</ele>
    <time>2025-04-05T02:03:55Z</time>
   </trkpt>
   <trkpt lat="-6.8783430" lon="109.0791350">
    <ele>6.5</ele>
    <time>2025-04-05T02:03:56Z</time>
   </trkpt>
   <trkpt lat="-6.8783360" lon="109.0791020">
    <ele>6.5</ele>
    <time>2025-04-05T02:03:57Z</time>
   </trkpt>
   <trkpt lat="-6.8783290" lon="109.0790680">
    <ele>6.5</ele>
    <time>2025-04-05T02:03:58Z</time>
   </trkpt>
   <trkpt lat="-6.8783260" lon="109.0790220">
    <ele>6.5</ele>
    <time>2025-04-05T02:03:59Z</time>
   </trkpt>
   <trkpt lat="-6.8783180" lon="109.0789790">
    <ele>6.5</ele>
    <time>2025-04-05T02:04:00Z</time>
   </trkpt>
   <trkpt lat="-6.8783090" lon="109.0789340">
    <ele>6.5</ele>
    <time>2025-04-05T02:04:01Z</time>
   </trkpt>
   <trkpt lat="-6.8783040" lon="109.0788930">
    <ele>6.5</ele>
    <time>2025-04-05T02:04:02Z</time>
   </trkpt>
   <trkpt lat="-6.8783000" lon="109.0788570">
    <ele>6.5</ele>
    <time>2025-04-05T02:04:03Z</time>
   </trkpt>
   <trkpt lat="-6.8782970" lon="109.0788200">
    <ele>6.5</ele>
    <time>2025-04-05T02:04:04Z</time>
   </trkpt>
   <trkpt lat="-6.8782900" lon="109.0787810">
    <ele>6.5</ele>
    <time>2025-04-05T02:04:05Z</time>
   </trkpt>
   <trkpt lat="-6.8782840" lon="109.0787400">
    <ele>6.5</ele>
    <time>2025-04-05T02:04:06Z</time>
   </trkpt>
   <trkpt lat="-6.8782810" lon="109.0786900">
    <ele>6.5</ele>
    <time>2025-04-05T02:04:07Z</time>
   </trkpt>
   <trkpt lat="-6.8782840" lon="109.0786430">
    <ele>6.5</ele>
    <time>2025-04-05T02:04:08Z</time>
   </trkpt>
   <trkpt lat="-6.8782950" lon="109.0786060">
    <ele>6.5</ele>
    <time>2025-04-05T02:04:09Z</time>
   </trkpt>
   <trkpt lat="-6.8783040" lon="109.0785690">
    <ele>6.5</ele>
    <time>2025-04-05T02:04:10Z</time>
   </trkpt>
   <trkpt lat="-6.8783090" lon="109.0785290">
    <ele>6.5</ele>
    <time>2025-04-05T02:04:11Z</time>
   </trkpt>
   <trkpt lat="-6.8783140" lon="109.0784970">
    <ele>6.5</ele>
    <time>2025-04-05T02:04:12Z</time>
   </trkpt>
   <trkpt lat="-6.8783150" lon="109.0784660">
    <ele>6.5</ele>
    <time>2025-04-05T02:04:13Z</time>
   </trkpt>
   <trkpt lat="-6.8783140" lon="109.0784300">
    <ele>6.5</ele>
    <time>2025-04-05T02:04:14Z</time>
   </trkpt>
   <trkpt lat="-6.8783120" lon="109.0783940">
    <ele>6.5</ele>
    <time>2025-04-05T02:04:15Z</time>
   </trkpt>
   <trkpt lat="-6.8783070" lon="109.0783540">
    <ele>6.5</ele>
    <time>2025-04-05T02:04:16Z</time>
   </trkpt>
   <trkpt lat="-6.8783010" lon="109.0783140">
    <ele>6.4</ele>
    <time>2025-04-05T02:04:17Z</time>
   </trkpt>
   <trkpt lat="-6.8782920" lon="109.0782800">
    <ele>6.4</ele>
    <time>2025-04-05T02:04:18Z</time>
   </trkpt>
   <trkpt lat="-6.8782840" lon="109.0782480">
    <ele>6.4</ele>
    <time>2025-04-05T02:04:19Z</time>
   </trkpt>
   <trkpt lat="-6.8782740" lon="109.0782130">
    <ele>6.4</ele>
    <time>2025-04-05T02:04:20Z</time>
   </trkpt>
   <trkpt lat="-6.8782680" lon="109.0781780">
    <ele>6.4</ele>
    <time>2025-04-05T02:04:21Z</time>
   </trkpt>
   <trkpt lat="-6.8782610" lon="109.0781400">
    <ele>6.4</ele>
    <time>2025-04-05T02:04:22Z</time>
   </trkpt>
   <trkpt lat="-6.8782530" lon="109.0781000">
    <ele>6.4</ele>
    <time>2025-04-05T02:04:23Z</time>
   </trkpt>
   <trkpt lat="-6.8782500" lon="109.0780620">
    <ele>6.4</ele>
    <time>2025-04-05T02:04:24Z</time>
   </trkpt>
   <trkpt lat="-6.8782490" lon="109.0780270">
    <ele>6.5</ele>
    <time>2025-04-05T02:04:25Z</time>
   </trkpt>
   <trkpt lat="-6.8782490" lon="109.0779910">
    <ele>6.5</ele>
    <time>2025-04-05T02:04:26Z</time>
   </trkpt>
   <trkpt lat="-6.8782450" lon="109.0779550">
    <ele>6.5</ele>
    <time>2025-04-05T02:04:27Z</time>
   </trkpt>
   <trkpt lat="-6.8782390" lon="109.0779220">
    <ele>6.5</ele>
    <time>2025-04-05T02:04:28Z</time>
   </trkpt>
   <trkpt lat="-6.8782340" lon="109.0778910">
    <ele>6.5</ele>
    <time>2025-04-05T02:04:29Z</time>
   </trkpt>
   <trkpt lat="-6.8782260" lon="109.0778610">
    <ele>6.5</ele>
    <time>2025-04-05T02:04:30Z</time>
   </trkpt>
   <trkpt lat="-6.8782170" lon="109.0778250">
    <ele>6.5</ele>
    <time>2025-04-05T02:04:31Z</time>
   </trkpt>
   <trkpt lat="-6.8782100" lon="109.0777850">
    <ele>6.5</ele>
    <time>2025-04-05T02:04:32Z</time>
   </trkpt>
   <trkpt lat="-6.8782110" lon="109.0777400">
    <ele>6.5</ele>
    <time>2025-04-05T02:04:33Z</time>
   </trkpt>
   <trkpt lat="-6.8782120" lon="109.0777050">
    <ele>6.5</ele>
    <time>2025-04-05T02:04:34Z</time>
   </trkpt>
   <trkpt lat="-6.8782110" lon="109.0776650">
    <ele>6.5</ele>
    <time>2025-04-05T02:04:35Z</time>
   </trkpt>
   <trkpt lat="-6.8782050" lon="109.0776270">
    <ele>6.5</ele>
    <time>2025-04-05T02:04:36Z</time>
   </trkpt>
   <trkpt lat="-6.8781990" lon="109.0775890">
    <ele>6.5</ele>
    <time>2025-04-05T02:04:37Z</time>
   </trkpt>
   <trkpt lat="-6.8781940" lon="109.0775520">
    <ele>6.5</ele>
    <time>2025-04-05T02:04:38Z</time>
   </trkpt>
   <trkpt lat="-6.8781910" lon="109.0775170">
    <ele>6.5</ele>
    <time>2025-04-05T02:04:39Z</time>
   </trkpt>
   <trkpt lat="-6.8781910" lon="109.0774750">
    <ele>6.5</ele>
    <time>2025-04-05T02:04:40Z</time>
   </trkpt>
   <trkpt lat="-6.8781880" lon="109.0774430">
    <ele>6.5</ele>
    <time>2025-04-05T02:04:41Z</time>
   </trkpt>
   <trkpt lat="-6.8781830" lon="109.0774070">
    <ele>6.5</ele>
    <time>2025-04-05T02:04:42Z</time>
   </trkpt>
   <trkpt lat="-6.8781770" lon="109.0773700">
    <ele>6.6</ele>
    <time>2025-04-05T02:04:43Z</time>
   </trkpt>
   <trkpt lat="-6.8781730" lon="109.0773320">
    <ele>6.6</ele>
    <time>2025-04-05T02:04:44Z</time>
   </trkpt>
   <trkpt lat="-6.8781690" lon="109.0772970">
    <ele>6.6</ele>
    <time>2025-04-05T02:04:45Z</time>
   </trkpt>
   <trkpt lat="-6.8781670" lon="109.0772640">
    <ele>6.6</ele>
    <time>2025-04-05T02:04:46Z</time>
   </trkpt>
   <trkpt lat="-6.8781640" lon="109.0772310">
    <ele>6.6</ele>
    <time>2025-04-05T02:04:47Z</time>
   </trkpt>
   <trkpt lat="-6.8781600" lon="109.0771980">
    <ele>6.7</ele>
    <time>2025-04-05T02:04:48Z</time>
   </trkpt>
   <trkpt lat="-6.8781580" lon="109.0771630">
    <ele>6.7</ele>
    <time>2025-04-05T02:04:49Z</time>
   </trkpt>
   <trkpt lat="-6.8781560" lon="109.0771260">
    <ele>6.7</ele>
    <time>2025-04-05T02:04:50Z</time>
   </trkpt>
   <trkpt lat="-6.8781490" lon="109.0770900">
    <ele>6.7</ele>
    <time>2025-04-05T02:04:51Z</time>
   </trkpt>
   <trkpt lat="-6.8781340" lon="109.0770580">
    <ele>6.7</ele>
    <time>2025-04-05T02:04:52Z</time>
   </trkpt>
   <trkpt lat="-6.8781210" lon="109.0770270">
    <ele>6.7</ele>
    <time>2025-04-05T02:04:53Z</time>
   </trkpt>
   <trkpt lat="-6.8781150" lon="109.0769880">
    <ele>6.7</ele>
    <time>2025-04-05T02:04:54Z</time>
   </trkpt>
   <trkpt lat="-6.8781130" lon="109.0769540">
    <ele>6.8</ele>
    <time>2025-04-05T02:04:55Z</time>
   </trkpt>
   <trkpt lat="-6.8781130" lon="109.0769210">
    <ele>6.8</ele>
    <time>2025-04-05T02:04:56Z</time>
   </trkpt>
   <trkpt lat="-6.8781100" lon="109.0768880">
    <ele>6.8</ele>
    <time>2025-04-05T02:04:57Z</time>
   </trkpt>
   <trkpt lat="-6.8781080" lon="109.0768510">
    <ele>6.8</ele>
    <time>2025-04-05T02:04:58Z</time>
   </trkpt>
   <trkpt lat="-6.8781050" lon="109.0768130">
    <ele>6.8</ele>
    <time>2025-04-05T02:04:59Z</time>
   </trkpt>
   <trkpt lat="-6.8781060" lon="109.0767620">
    <ele>6.8</ele>
    <time>2025-04-05T02:05:00Z</time>
   </trkpt>
   <trkpt lat="-6.8781090" lon="109.0767240">
    <ele>6.8</ele>
    <time>2025-04-05T02:05:01Z</time>
   </trkpt>
   <trkpt lat="-6.8781160" lon="109.0766910">
    <ele>6.8</ele>
    <time>2025-04-05T02:05:02Z</time>
   </trkpt>
   <trkpt lat="-6.8781150" lon="109.0766560">
    <ele>6.7</ele>
    <time>2025-04-05T02:05:03Z</time>
   </trkpt>
   <trkpt lat="-6.8781230" lon="109.0766150">
    <ele>6.7</ele>
    <time>2025-04-05T02:05:04Z</time>
   </trkpt>
   <trkpt lat="-6.8781280" lon="109.0765790">
    <ele>6.7</ele>
    <time>2025-04-05T02:05:05Z</time>
   </trkpt>
   <trkpt lat="-6.8781270" lon="109.0765480">
    <ele>6.7</ele>
    <time>2025-04-05T02:05:06Z</time>
   </trkpt>
   <trkpt lat="-6.8781260" lon="109.0765170">
    <ele>6.7</ele>
    <time>2025-04-05T02:05:07Z</time>
   </trkpt>
   <trkpt lat="-6.8781250" lon="109.0764870">
    <ele>6.7</ele>
    <time>2025-04-05T02:05:08Z</time>
   </trkpt>
   <trkpt lat="-6.8781220" lon="109.0764490">
    <ele>6.7</ele>
    <time>2025-04-05T02:05:09Z</time>
   </trkpt>
   <trkpt lat="-6.8781150" lon="109.0764190">
    <ele>6.7</ele>
    <time>2025-04-05T02:05:10Z</time>
   </trkpt>
   <trkpt lat="-6.8781100" lon="109.0763860">
    <ele>6.7</ele>
    <time>2025-04-05T02:05:11Z</time>
   </trkpt>
   <trkpt lat="-6.8781030" lon="109.0763510">
    <ele>6.7</ele>
    <time>2025-04-05T02:05:12Z</time>
   </trkpt>
   <trkpt lat="-6.8781000" lon="109.0763130">
    <ele>6.7</ele>
    <time>2025-04-05T02:05:13Z</time>
   </trkpt>
   <trkpt lat="-6.8780960" lon="109.0762790">
    <ele>6.7</ele>
    <time>2025-04-05T02:05:14Z</time>
   </trkpt>
   <trkpt lat="-6.8780930" lon="109.0762460">
    <ele>6.7</ele>
    <time>2025-04-05T02:05:15Z</time>
   </trkpt>
   <trkpt lat="-6.8780900" lon="109.0762120">
    <ele>6.7</ele>
    <time>2025-04-05T02:05:16Z</time>
   </trkpt>
   <trkpt lat="-6.8780860" lon="109.0761800">
    <ele>6.7</ele>
    <time>2025-04-05T02:05:17Z</time>
   </trkpt>
   <trkpt lat="-6.8780820" lon="109.0761460">
    <ele>6.7</ele>
    <time>2025-04-05T02:05:18Z</time>
   </trkpt>
   <trkpt lat="-6.8780800" lon="109.0761130">
    <ele>6.7</ele>
    <time>2025-04-05T02:05:19Z</time>
   </trkpt>
   <trkpt lat="-6.8780730" lon="109.0760850">
    <ele>6.8</ele>
    <time>2025-04-05T02:05:20Z</time>
   </trkpt>
   <trkpt lat="-6.8780650" lon="109.0760470">
    <ele>6.8</ele>
    <time>2025-04-05T02:05:21Z</time>
   </trkpt>
   <trkpt lat="-6.8780630" lon="109.0760340">
    <ele>6.8</ele>
    <time>2025-04-05T02:05:22Z</time>
   </trkpt>
   <trkpt lat="-6.8780570" lon="109.0760020">
    <ele>6.8</ele>
    <time>2025-04-05T02:05:23Z</time>
   </trkpt>
   <trkpt lat="-6.8780520" lon="109.0759620">
    <ele>6.8</ele>
    <time>2025-04-05T02:05:24Z</time>
   </trkpt>
   <trkpt lat="-6.8780490" lon="109.0759240">
    <ele>6.9</ele>
    <time>2025-04-05T02:05:25Z</time>
   </trkpt>
   <trkpt lat="-6.8780510" lon="109.0758900">
    <ele>6.9</ele>
    <time>2025-04-05T02:05:26Z</time>
   </trkpt>
   <trkpt lat="-6.8780570" lon="109.0758610">
    <ele>7.0</ele>
    <time>2025-04-05T02:05:27Z</time>
   </trkpt>
   <trkpt lat="-6.8780650" lon="109.0758250">
    <ele>7.1</ele>
    <time>2025-04-05T02:05:28Z</time>
   </trkpt>
   <trkpt lat="-6.8780670" lon="109.0758130">
    <ele>7.1</ele>
    <time>2025-04-05T02:05:29Z</time>
   </trkpt>
   <trkpt lat="-6.8780680" lon="109.0757800">
    <ele>7.2</ele>
    <time>2025-04-05T02:05:30Z</time>
   </trkpt>
   <trkpt lat="-6.8780670" lon="109.0757680">
    <ele>7.2</ele>
    <time>2025-04-05T02:05:31Z</time>
   </trkpt>
   <trkpt lat="-6.8780630" lon="109.0757320">
    <ele>7.3</ele>
    <time>2025-04-05T02:05:32Z</time>
   </trkpt>
   <trkpt lat="-6.8780620" lon="109.0757200">
    <ele>7.3</ele>
    <time>2025-04-05T02:05:33Z</time>
   </trkpt>
   <trkpt lat="-6.8780600" lon="109.0756850">
    <ele>7.4</ele>
    <time>2025-04-05T02:05:34Z</time>
   </trkpt>
   <trkpt lat="-6.8780590" lon="109.0756740">
    <ele>7.4</ele>
    <time>2025-04-05T02:05:35Z</time>
   </trkpt>
   <trkpt lat="-6.8780520" lon="109.0756460">
    <ele>7.5</ele>
    <time>2025-04-05T02:05:36Z</time>
   </trkpt>
   <trkpt lat="-6.8780490" lon="109.0756360">
    <ele>7.5</ele>
    <time>2025-04-05T02:05:37Z</time>
   </trkpt>
   <trkpt lat="-6.8780420" lon="109.0756040">
    <ele>7.6</ele>
    <time>2025-04-05T02:05:38Z</time>
   </trkpt>
   <trkpt lat="-6.8780400" lon="109.0755920">
    <ele>7.6</ele>
    <time>2025-04-05T02:05:39Z</time>
   </trkpt>
   <trkpt lat="-6.8780270" lon="109.0755520">
    <ele>7.7</ele>
    <time>2025-04-05T02:05:40Z</time>
   </trkpt>
   <trkpt lat="-6.8780230" lon="109.0755380">
    <ele>7.7</ele>
    <time>2025-04-05T02:05:41Z</time>
   </trkpt>
   <trkpt lat="-6.8780200" lon="109.0755010">
    <ele>7.8</ele>
    <time>2025-04-05T02:05:42Z</time>
   </trkpt>
   <trkpt lat="-6.8780200" lon="109.0754890">
    <ele>7.8</ele>
    <time>2025-04-05T02:05:43Z</time>
   </trkpt>
   <trkpt lat="-6.8780210" lon="109.0754550">
    <ele>7.9</ele>
    <time>2025-04-05T02:05:44Z</time>
   </trkpt>
   <trkpt lat="-6.8780210" lon="109.0754420">
    <ele>7.9</ele>
    <time>2025-04-05T02:05:45Z</time>
   </trkpt>
   <trkpt lat="-6.8780190" lon="109.0754130">
    <ele>7.9</ele>
    <time>2025-04-05T02:05:46Z</time>
   </trkpt>
   <trkpt lat="-6.8780180" lon="109.0753850">
    <ele>8.0</ele>
    <time>2025-04-05T02:05:47Z</time>
   </trkpt>
   <trkpt lat="-6.8780130" lon="109.0753490">
    <ele>8.0</ele>
    <time>2025-04-05T02:05:48Z</time>
   </trkpt>
   <trkpt lat="-6.8780100" lon="109.0753380">
    <ele>8.0</ele>
    <time>2025-04-05T02:05:49Z</time>
   </trkpt>
   <trkpt lat="-6.8780060" lon="109.0752990">
    <ele>8.1</ele>
    <time>2025-04-05T02:05:50Z</time>
   </trkpt>
   <trkpt lat="-6.8780060" lon="109.0752850">
    <ele>8.1</ele>
    <time>2025-04-05T02:05:51Z</time>
   </trkpt>
   <trkpt lat="-6.8780080" lon="109.0752540">
    <ele>8.1</ele>
    <time>2025-04-05T02:05:52Z</time>
   </trkpt>
   <trkpt lat="-6.8780080" lon="109.0752210">
    <ele>8.1</ele>
    <time>2025-04-05T02:05:53Z</time>
   </trkpt>
   <trkpt lat="-6.8780060" lon="109.0752000">
    <ele>8.1</ele>
    <time>2025-04-05T02:05:54Z</time>
   </trkpt>
   <trkpt lat="-6.8780020" lon="109.0751870">
    <ele>8.1</ele>
    <time>2025-04-05T02:05:55Z</time>
   </trkpt>
   <trkpt lat="-6.8779940" lon="109.0751620">
    <ele>8.1</ele>
    <time>2025-04-05T02:05:56Z</time>
   </trkpt>
   <trkpt lat="-6.8779920" lon="109.0751500">
    <ele>8.2</ele>
    <time>2025-04-05T02:05:57Z</time>
   </trkpt>
   <trkpt lat="-6.8779900" lon="109.0751160">
    <ele>8.2</ele>
    <time>2025-04-05T02:05:58Z</time>
   </trkpt>
   <trkpt lat="-6.8779860" lon="109.0750810">
    <ele>8.2</ele>
    <time>2025-04-05T02:05:59Z</time>
   </trkpt>
   <trkpt lat="-6.8779800" lon="109.0750520">
    <ele>8.2</ele>
    <time>2025-04-05T02:06:00Z</time>
   </trkpt>
   <trkpt lat="-6.8779740" lon="109.0750180">
    <ele>8.2</ele>
    <time>2025-04-05T02:06:01Z</time>
   </trkpt>
   <trkpt lat="-6.8779710" lon="109.0750090">
    <ele>8.2</ele>
    <time>2025-04-05T02:06:02Z</time>
   </trkpt>
   <trkpt lat="-6.8779710" lon="109.0750000">
    <ele>8.2</ele>
    <time>2025-04-05T02:06:03Z</time>
   </trkpt>
   <trkpt lat="-6.8779700" lon="109.0750010">
    <ele>8.2</ele>
    <time>2025-04-05T02:06:04Z</time>
   </trkpt>
   <trkpt lat="-6.8779690" lon="109.0750030">
    <ele>8.2</ele>
    <time>2025-04-05T02:06:05Z</time>
   </trkpt>
   <trkpt lat="-6.8779710" lon="109.0750020">
    <ele>8.2</ele>
    <time>2025-04-05T02:06:06Z</time>
   </trkpt>
   <trkpt lat="-6.8779760" lon="109.0750050">
    <ele>8.2</ele>
    <time>2025-04-05T02:06:07Z</time>
   </trkpt>
   <trkpt lat="-6.8779770" lon="109.0749940">
    <ele>8.2</ele>
    <time>2025-04-05T02:06:08Z</time>
   </trkpt>
   <trkpt lat="-6.8779740" lon="109.0749730">
    <ele>8.2</ele>
    <time>2025-04-05T02:06:09Z</time>
   </trkpt>
   <trkpt lat="-6.8779660" lon="109.0749430">
    <ele>8.2</ele>
    <time>2025-04-05T02:06:10Z</time>
   </trkpt>
   <trkpt lat="-6.8779560" lon="109.0749100">
    <ele>8.2</ele>
    <time>2025-04-05T02:06:11Z</time>
   </trkpt>
   <trkpt lat="-6.8779510" lon="109.0748760">
    <ele>8.2</ele>
    <time>2025-04-05T02:06:12Z</time>
   </trkpt>
   <trkpt lat="-6.8779470" lon="109.0748470">
    <ele>8.1</ele>
    <time>2025-04-05T02:06:13Z</time>
   </trkpt>
   <trkpt lat="-6.8779440" lon="109.0748190">
    <ele>8.1</ele>
    <time>2025-04-05T02:06:14Z</time>
   </trkpt>
   <trkpt lat="-6.8779410" lon="109.0747880">
    <ele>8.1</ele>
    <time>2025-04-05T02:06:15Z</time>
   </trkpt>
   <trkpt lat="-6.8779360" lon="109.0747560">
    <ele>8.1</ele>
    <time>2025-04-05T02:06:16Z</time>
   </trkpt>
   <trkpt lat="-6.8779330" lon="109.0747230">
    <ele>8.0</ele>
    <time>2025-04-05T02:06:17Z</time>
   </trkpt>
   <trkpt lat="-6.8779260" lon="109.0746890">
    <ele>8.0</ele>
    <time>2025-04-05T02:06:18Z</time>
   </trkpt>
   <trkpt lat="-6.8779190" lon="109.0746520">
    <ele>7.9</ele>
    <time>2025-04-05T02:06:19Z</time>
   </trkpt>
   <trkpt lat="-6.8779120" lon="109.0746180">
    <ele>7.9</ele>
    <time>2025-04-05T02:06:20Z</time>
   </trkpt>
   <trkpt lat="-6.8779060" lon="109.0745840">
    <ele>7.9</ele>
    <time>2025-04-05T02:06:21Z</time>
   </trkpt>
   <trkpt lat="-6.8778980" lon="109.0745520">
    <ele>7.8</ele>
    <time>2025-04-05T02:06:22Z</time>
   </trkpt>
   <trkpt lat="-6.8778900" lon="109.0745230">
    <ele>7.8</ele>
    <time>2025-04-05T02:06:23Z</time>
   </trkpt>
   <trkpt lat="-6.8777990" lon="109.0738690">
    <ele>6.9</ele>
    <time>2025-04-05T02:06:39Z</time>
   </trkpt>
   <trkpt lat="-6.8776720" lon="109.0733380">
    <ele>6.6</ele>
    <time>2025-04-05T02:06:55Z</time>
   </trkpt>
   <trkpt lat="-6.8776650" lon="109.0732990">
    <ele>6.6</ele>
    <time>2025-04-05T02:06:56Z</time>
   </trkpt>
   <trkpt lat="-6.8776520" lon="109.0732620">
    <ele>6.6</ele>
    <time>2025-04-05T02:06:57Z</time>
   </trkpt>
   <trkpt lat="-6.8776380" lon="109.0732260">
    <ele>6.6</ele>
    <time>2025-04-05T02:06:58Z</time>
   </trkpt>
   <trkpt lat="-6.8776250" lon="109.0731920">
    <ele>6.6</ele>
    <time>2025-04-05T02:06:59Z</time>
   </trkpt>
   <trkpt lat="-6.8776160" lon="109.0731510">
    <ele>6.6</ele>
    <time>2025-04-05T02:07:00Z</time>
   </trkpt>
   <trkpt lat="-6.8776150" lon="109.0731130">
    <ele>6.6</ele>
    <time>2025-04-05T02:07:01Z</time>
   </trkpt>
   <trkpt lat="-6.8776170" lon="109.0730750">
    <ele>6.6</ele>
    <time>2025-04-05T02:07:02Z</time>
   </trkpt>
   <trkpt lat="-6.8776170" lon="109.0730430">
    <ele>6.6</ele>
    <time>2025-04-05T02:07:03Z</time>
   </trkpt>
   <trkpt lat="-6.8776170" lon="109.0730100">
    <ele>6.6</ele>
    <time>2025-04-05T02:07:04Z</time>
   </trkpt>
   <trkpt lat="-6.8776190" lon="109.0729800">
    <ele>6.6</ele>
    <time>2025-04-05T02:07:05Z</time>
   </trkpt>
   <trkpt lat="-6.8776160" lon="109.0729510">
    <ele>6.6</ele>
    <time>2025-04-05T02:07:06Z</time>
   </trkpt>
   <trkpt lat="-6.8776080" lon="109.0729220">
    <ele>6.6</ele>
    <time>2025-04-05T02:07:07Z</time>
   </trkpt>
   <trkpt lat="-6.8776000" lon="109.0728930">
    <ele>6.6</ele>
    <time>2025-04-05T02:07:08Z</time>
   </trkpt>
   <trkpt lat="-6.8775940" lon="109.0728620">
    <ele>6.6</ele>
    <time>2025-04-05T02:07:09Z</time>
   </trkpt>
   <trkpt lat="-6.8775920" lon="109.0728320">
    <ele>6.6</ele>
    <time>2025-04-05T02:07:10Z</time>
   </trkpt>
   <trkpt lat="-6.8775890" lon="109.0727990">
    <ele>6.7</ele>
    <time>2025-04-05T02:07:11Z</time>
   </trkpt>
   <trkpt lat="-6.8775830" lon="109.0727610">
    <ele>6.7</ele>
    <time>2025-04-05T02:07:12Z</time>
   </trkpt>
   <trkpt lat="-6.8775760" lon="109.0727190">
    <ele>6.7</ele>
    <time>2025-04-05T02:07:13Z</time>
   </trkpt>
   <trkpt lat="-6.8775700" lon="109.0726800">
    <ele>6.7</ele>
    <time>2025-04-05T02:07:14Z</time>
   </trkpt>
   <trkpt lat="-6.8775650" lon="109.0726420">
    <ele>6.7</ele>
    <time>2025-04-05T02:07:15Z</time>
   </trkpt>
   <trkpt lat="-6.8775600" lon="109.0726050">
    <ele>6.7</ele>
    <time>2025-04-05T02:07:16Z</time>
   </trkpt>
   <trkpt lat="-6.8775540" lon="109.0725690">
    <ele>6.7</ele>
    <time>2025-04-05T02:07:17Z</time>
   </trkpt>
   <trkpt lat="-6.8775490" lon="109.0725350">
    <ele>6.7</ele>
    <time>2025-04-05T02:07:18Z</time>
   </trkpt>
   <trkpt lat="-6.8775440" lon="109.0725040">
    <ele>6.7</ele>
    <time>2025-04-05T02:07:19Z</time>
   </trkpt>
   <trkpt lat="-6.8775370" lon="109.0724710">
    <ele>6.7</ele>
    <time>2025-04-05T02:07:20Z</time>
   </trkpt>
   <trkpt lat="-6.8775300" lon="109.0724360">
    <ele>6.7</ele>
    <time>2025-04-05T02:07:21Z</time>
   </trkpt>
   <trkpt lat="-6.8775230" lon="109.0724030">
    <ele>6.7</ele>
    <time>2025-04-05T02:07:22Z</time>
   </trkpt>
   <trkpt lat="-6.8775130" lon="109.0723640">
    <ele>6.7</ele>
    <time>2025-04-05T02:07:23Z</time>
   </trkpt>
   <trkpt lat="-6.8775010" lon="109.0723280">
    <ele>6.7</ele>
    <time>2025-04-05T02:07:24Z</time>
   </trkpt>
   <trkpt lat="-6.8774880" lon="109.0722870">
    <ele>6.7</ele>
    <time>2025-04-05T02:07:25Z</time>
   </trkpt>
   <trkpt lat="-6.8774760" lon="109.0722440">
    <ele>6.7</ele>
    <time>2025-04-05T02:07:26Z</time>
   </trkpt>
   <trkpt lat="-6.8774670" lon="109.0722030">
    <ele>6.7</ele>
    <time>2025-04-05T02:07:27Z</time>
   </trkpt>
   <trkpt lat="-6.8774600" lon="109.0721650">
    <ele>6.7</ele>
    <time>2025-04-05T02:07:28Z</time>
   </trkpt>
   <trkpt lat="-6.8774550" lon="109.0721320">
    <ele>6.7</ele>
    <time>2025-04-05T02:07:29Z</time>
   </trkpt>
   <trkpt lat="-6.8774580" lon="109.0721000">
    <ele>6.7</ele>
    <time>2025-04-05T02:07:30Z</time>
   </trkpt>
   <trkpt lat="-6.8774570" lon="109.0720630">
    <ele>6.7</ele>
    <time>2025-04-05T02:07:31Z</time>
   </trkpt>
   <trkpt lat="-6.8774550" lon="109.0720240">
    <ele>6.7</ele>
    <time>2025-04-05T02:07:32Z</time>
   </trkpt>
   <trkpt lat="-6.8774460" lon="109.0719830">
    <ele>6.7</ele>
    <time>2025-04-05T02:07:33Z</time>
   </trkpt>
   <trkpt lat="-6.8774410" lon="109.0719440">
    <ele>6.7</ele>
    <time>2025-04-05T02:07:34Z</time>
   </trkpt>
   <trkpt lat="-6.8774340" lon="109.0719100">
    <ele>6.7</ele>
    <time>2025-04-05T02:07:35Z</time>
   </trkpt>
   <trkpt lat="-6.8774260" lon="109.0718740">
    <ele>6.7</ele>
    <time>2025-04-05T02:07:36Z</time>
   </trkpt>
   <trkpt lat="-6.8774260" lon="109.0718270">
    <ele>6.7</ele>
    <time>2025-04-05T02:07:37Z</time>
   </trkpt>
   <trkpt lat="-6.8774260" lon="109.0717980">
    <ele>6.7</ele>
    <time>2025-04-05T02:07:38Z</time>
   </trkpt>
   <trkpt lat="-6.8774270" lon="109.0717670">
    <ele>6.7</ele>
    <time>2025-04-05T02:07:39Z</time>
   </trkpt>
   <trkpt lat="-6.8774250" lon="109.0717330">
    <ele>6.7</ele>
    <time>2025-04-05T02:07:40Z</time>
   </trkpt>
   <trkpt lat="-6.8774200" lon="109.0716960">
    <ele>6.7</ele>
    <time>2025-04-05T02:07:41Z</time>
   </trkpt>
   <trkpt lat="-6.8774140" lon="109.0716580">
    <ele>6.7</ele>
    <time>2025-04-05T02:07:42Z</time>
   </trkpt>
   <trkpt lat="-6.8774080" lon="109.0716210">
    <ele>6.7</ele>
    <time>2025-04-05T02:07:43Z</time>
   </trkpt>
   <trkpt lat="-6.8774020" lon="109.0715880">
    <ele>6.7</ele>
    <time>2025-04-05T02:07:44Z</time>
   </trkpt>
   <trkpt lat="-6.8773970" lon="109.0715550">
    <ele>6.7</ele>
    <time>2025-04-05T02:07:45Z</time>
   </trkpt>
   <trkpt lat="-6.8773930" lon="109.0715210">
    <ele>6.7</ele>
    <time>2025-04-05T02:07:46Z</time>
   </trkpt>
   <trkpt lat="-6.8773860" lon="109.0714830">
    <ele>6.7</ele>
    <time>2025-04-05T02:07:47Z</time>
   </trkpt>
   <trkpt lat="-6.8773790" lon="109.0714460">
    <ele>6.7</ele>
    <time>2025-04-05T02:07:48Z</time>
   </trkpt>
   <trkpt lat="-6.8773680" lon="109.0714040">
    <ele>6.7</ele>
    <time>2025-04-05T02:07:49Z</time>
   </trkpt>
   <trkpt lat="-6.8773540" lon="109.0713680">
    <ele>6.6</ele>
    <time>2025-04-05T02:07:50Z</time>
   </trkpt>
   <trkpt lat="-6.8773410" lon="109.0713350">
    <ele>6.6</ele>
    <time>2025-04-05T02:07:51Z</time>
   </trkpt>
   <trkpt lat="-6.8773320" lon="109.0713010">
    <ele>6.6</ele>
    <time>2025-04-05T02:07:52Z</time>
   </trkpt>
   <trkpt lat="-6.8773300" lon="109.0712640">
    <ele>6.6</ele>
    <time>2025-04-05T02:07:53Z</time>
   </trkpt>
   <trkpt lat="-6.8773230" lon="109.0712320">
    <ele>6.5</ele>
    <time>2025-04-05T02:07:54Z</time>
   </trkpt>
   <trkpt lat="-6.8773130" lon="109.0711990">
    <ele>6.5</ele>
    <time>2025-04-05T02:07:55Z</time>
   </trkpt>
   <trkpt lat="-6.8773040" lon="109.0711600">
    <ele>6.5</ele>
    <time>2025-04-05T02:07:56Z</time>
   </trkpt>
   <trkpt lat="-6.8772920" lon="109.0711170">
    <ele>6.5</ele>
    <time>2025-04-05T02:07:57Z</time>
   </trkpt>
   <trkpt lat="-6.8772760" lon="109.0710760">
    <ele>6.5</ele>
    <time>2025-04-05T02:07:58Z</time>
   </trkpt>
   <trkpt lat="-6.8772600" lon="109.0710370">
    <ele>6.5</ele>
    <time>2025-04-05T02:07:59Z</time>
   </trkpt>
   <trkpt lat="-6.8772470" lon="109.0710040">
    <ele>6.5</ele>
    <time>2025-04-05T02:08:00Z</time>
   </trkpt>
   <trkpt lat="-6.8772420" lon="109.0709710">
    <ele>6.5</ele>
    <time>2025-04-05T02:08:01Z</time>
   </trkpt>
   <trkpt lat="-6.8772420" lon="109.0709250">
    <ele>6.5</ele>
    <time>2025-04-05T02:08:02Z</time>
   </trkpt>
   <trkpt lat="-6.8772420" lon="109.0708820">
    <ele>6.5</ele>
    <time>2025-04-05T02:08:03Z</time>
   </trkpt>
   <trkpt lat="-6.8772410" lon="109.0708390">
    <ele>6.5</ele>
    <time>2025-04-05T02:08:04Z</time>
   </trkpt>
   <trkpt lat="-6.8772410" lon="109.0708030">
    <ele>6.5</ele>
    <time>2025-04-05T02:08:05Z</time>
   </trkpt>
   <trkpt lat="-6.8772400" lon="109.0707670">
    <ele>6.5</ele>
    <time>2025-04-05T02:08:06Z</time>
   </trkpt>
   <trkpt lat="-6.8772400" lon="109.0707270">
    <ele>6.5</ele>
    <time>2025-04-05T02:08:07Z</time>
   </trkpt>
   <trkpt lat="-6.8772420" lon="109.0706900">
    <ele>6.5</ele>
    <time>2025-04-05T02:08:08Z</time>
   </trkpt>
   <trkpt lat="-6.8772360" lon="109.0706520">
    <ele>6.5</ele>
    <time>2025-04-05T02:08:09Z</time>
   </trkpt>
   <trkpt lat="-6.8772280" lon="109.0706130">
    <ele>6.5</ele>
    <time>2025-04-05T02:08:10Z</time>
   </trkpt>
   <trkpt lat="-6.8772190" lon="109.0705710">
    <ele>6.5</ele>
    <time>2025-04-05T02:08:11Z</time>
   </trkpt>
   <trkpt lat="-6.8772110" lon="109.0705300">
    <ele>6.5</ele>
    <time>2025-04-05T02:08:12Z</time>
   </trkpt>
   <trkpt lat="-6.8772050" lon="109.0704870">
    <ele>6.5</ele>
    <time>2025-04-05T02:08:13Z</time>
   </trkpt>
   <trkpt lat="-6.8772020" lon="109.0704470">
    <ele>6.5</ele>
    <time>2025-04-05T02:08:14Z</time>
   </trkpt>
   <trkpt lat="-6.8771970" lon="109.0704050">
    <ele>6.5</ele>
    <time>2025-04-05T02:08:15Z</time>
   </trkpt>
   <trkpt lat="-6.8771900" lon="109.0703620">
    <ele>6.5</ele>
    <time>2025-04-05T02:08:16Z</time>
   </trkpt>
   <trkpt lat="-6.8771810" lon="109.0703240">
    <ele>6.5</ele>
    <time>2025-04-05T02:08:17Z</time>
   </trkpt>
   <trkpt lat="-6.8771740" lon="109.0702900">
    <ele>6.5</ele>
    <time>2025-04-05T02:08:18Z</time>
   </trkpt>
   <trkpt lat="-6.8771650" lon="109.0702620">
    <ele>6.6</ele>
    <time>2025-04-05T02:08:19Z</time>
   </trkpt>
   <trkpt lat="-6.8771470" lon="109.0702190">
    <ele>6.6</ele>
    <time>2025-04-05T02:08:20Z</time>
   </trkpt>
   <trkpt lat="-6.8771400" lon="109.0702000">
    <ele>6.6</ele>
    <time>2025-04-05T02:08:21Z</time>
   </trkpt>
   <trkpt lat="-6.8771370" lon="109.0701620">
    <ele>6.6</ele>
    <time>2025-04-05T02:08:22Z</time>
   </trkpt>
   <trkpt lat="-6.8771350" lon="109.0701240">
    <ele>6.6</ele>
    <time>2025-04-05T02:08:23Z</time>
   </trkpt>
   <trkpt lat="-6.8771340" lon="109.0700850">
    <ele>6.6</ele>
    <time>2025-04-05T02:08:24Z</time>
   </trkpt>
   <trkpt lat="-6.8771300" lon="109.0700490">
    <ele>6.6</ele>
    <time>2025-04-05T02:08:25Z</time>
   </trkpt>
   <trkpt lat="-6.8771240" lon="109.0700120">
    <ele>6.6</ele>
    <time>2025-04-05T02:08:26Z</time>
   </trkpt>
   <trkpt lat="-6.8771190" lon="109.0699730">
    <ele>6.6</ele>
    <time>2025-04-05T02:08:27Z</time>
   </trkpt>
   <trkpt lat="-6.8771130" lon="109.0699330">
    <ele>6.6</ele>
    <time>2025-04-05T02:08:28Z</time>
   </trkpt>
   <trkpt lat="-6.8771080" lon="109.0698890">
    <ele>6.6</ele>
    <time>2025-04-05T02:08:29Z</time>
   </trkpt>
   <trkpt lat="-6.8771030" lon="109.0698460">
    <ele>6.6</ele>
    <time>2025-04-05T02:08:30Z</time>
   </trkpt>
   <trkpt lat="-6.8770950" lon="109.0698060">
    <ele>6.6</ele>
    <time>2025-04-05T02:08:31Z</time>
   </trkpt>
   <trkpt lat="-6.8770860" lon="109.0697700">
    <ele>6.6</ele>
    <time>2025-04-05T02:08:32Z</time>
   </trkpt>
   <trkpt lat="-6.8770780" lon="109.0697330">
    <ele>6.5</ele>
    <time>2025-04-05T02:08:33Z</time>
   </trkpt>
   <trkpt lat="-6.8770700" lon="109.0696940">
    <ele>6.5</ele>
    <time>2025-04-05T02:08:34Z</time>
   </trkpt>
   <trkpt lat="-6.8770650" lon="109.0696580">
    <ele>6.5</ele>
    <time>2025-04-05T02:08:35Z</time>
   </trkpt>
   <trkpt lat="-6.8770600" lon="109.0696250">
    <ele>6.5</ele>
    <time>2025-04-05T02:08:36Z</time>
   </trkpt>
   <trkpt lat="-6.8770520" lon="109.0695910">
    <ele>6.5</ele>
    <time>2025-04-05T02:08:37Z</time>
   </trkpt>
   <trkpt lat="-6.8770400" lon="109.0695510">
    <ele>6.5</ele>
    <time>2025-04-05T02:08:38Z</time>
   </trkpt>
   <trkpt lat="-6.8770270" lon="109.0695100">
    <ele>6.5</ele>
    <time>2025-04-05T02:08:39Z</time>
   </trkpt>
   <trkpt lat="-6.8770150" lon="109.0694670">
    <ele>6.5</ele>
    <time>2025-04-05T02:08:40Z</time>
   </trkpt>
   <trkpt lat="-6.8770030" lon="109.0694260">
    <ele>6.5</ele>
    <time>2025-04-05T02:08:41Z</time>
   </trkpt>
   <trkpt lat="-6.8769920" lon="109.0693880">
    <ele>6.5</ele>
    <time>2025-04-05T02:08:42Z</time>
   </trkpt>
   <trkpt lat="-6.8769820" lon="109.0693490">
    <ele>6.5</ele>
    <time>2025-04-05T02:08:43Z</time>
   </trkpt>
   <trkpt lat="-6.8769780" lon="109.0693110">
    <ele>6.5</ele>
    <time>2025-04-05T02:08:44Z</time>
   </trkpt>
   <trkpt lat="-6.8769740" lon="109.0692740">
    <ele>6.5</ele>
    <time>2025-04-05T02:08:45Z</time>
   </trkpt>
   <trkpt lat="-6.8769680" lon="109.0692430">
    <ele>6.5</ele>
    <time>2025-04-05T02:08:46Z</time>
   </trkpt>
   <trkpt lat="-6.8769640" lon="109.0692030">
    <ele>6.5</ele>
    <time>2025-04-05T02:08:47Z</time>
   </trkpt>
   <trkpt lat="-6.8769660" lon="109.0691630">
    <ele>6.5</ele>
    <time>2025-04-05T02:08:48Z</time>
   </trkpt>
   <trkpt lat="-6.8769680" lon="109.0691210">
    <ele>6.5</ele>
    <time>2025-04-05T02:08:49Z</time>
   </trkpt>
   <trkpt lat="-6.8769670" lon="109.0690840">
    <ele>6.5</ele>
    <time>2025-04-05T02:08:50Z</time>
   </trkpt>
   <trkpt lat="-6.8769620" lon="109.0690440">
    <ele>6.5</ele>
    <time>2025-04-05T02:08:51Z</time>
   </trkpt>
   <trkpt lat="-6.8769640" lon="109.0690080">
    <ele>6.6</ele>
    <time>2025-04-05T02:08:52Z</time>
   </trkpt>
   <trkpt lat="-6.8769620" lon="109.0689750">
    <ele>6.6</ele>
    <time>2025-04-05T02:08:53Z</time>
   </trkpt>
   <trkpt lat="-6.8769530" lon="109.0689350">
    <ele>6.6</ele>
    <time>2025-04-05T02:08:54Z</time>
   </trkpt>
   <trkpt lat="-6.8769450" lon="109.0688940">
    <ele>6.6</ele>
    <time>2025-04-05T02:08:55Z</time>
   </trkpt>
   <trkpt lat="-6.8769390" lon="109.0688620">
    <ele>6.6</ele>
    <time>2025-04-05T02:08:56Z</time>
   </trkpt>
   <trkpt lat="-6.8769340" lon="109.0688330">
    <ele>6.6</ele>
    <time>2025-04-05T02:08:57Z</time>
   </trkpt>
   <trkpt lat="-6.8769250" lon="109.0688030">
    <ele>6.6</ele>
    <time>2025-04-05T02:08:58Z</time>
   </trkpt>
   <trkpt lat="-6.8769180" lon="109.0687710">
    <ele>6.6</ele>
    <time>2025-04-05T02:08:59Z</time>
   </trkpt>
   <trkpt lat="-6.8769130" lon="109.0687330">
    <ele>6.6</ele>
    <time>2025-04-05T02:09:00Z</time>
   </trkpt>
   <trkpt lat="-6.8769080" lon="109.0687000">
    <ele>6.6</ele>
    <time>2025-04-05T02:09:01Z</time>
   </trkpt>
   <trkpt lat="-6.8769010" lon="109.0686640">
    <ele>6.6</ele>
    <time>2025-04-05T02:09:02Z</time>
   </trkpt>
   <trkpt lat="-6.8768920" lon="109.0686310">
    <ele>6.6</ele>
    <time>2025-04-05T02:09:03Z</time>
   </trkpt>
   <trkpt lat="-6.8768820" lon="109.0685970">
    <ele>6.6</ele>
    <time>2025-04-05T02:09:04Z</time>
   </trkpt>
   <trkpt lat="-6.8768720" lon="109.0685620">
    <ele>6.6</ele>
    <time>2025-04-05T02:09:05Z</time>
   </trkpt>
   <trkpt lat="-6.8768700" lon="109.0685510">
    <ele>6.6</ele>
    <time>2025-04-05T02:09:06Z</time>
   </trkpt>
   <trkpt lat="-6.8768620" lon="109.0685210">
    <ele>6.6</ele>
    <time>2025-04-05T02:09:07Z</time>
   </trkpt>
   <trkpt lat="-6.8768580" lon="109.0685100">
    <ele>6.6</ele>
    <time>2025-04-05T02:09:08Z</time>
   </trkpt>
   <trkpt lat="-6.8768490" lon="109.0684830">
    <ele>6.6</ele>
    <time>2025-04-05T02:09:09Z</time>
   </trkpt>
   <trkpt lat="-6.8768420" lon="109.0684500">
    <ele>6.6</ele>
    <time>2025-04-05T02:09:10Z</time>
   </trkpt>
   <trkpt lat="-6.8768410" lon="109.0684120">
    <ele>6.6</ele>
    <time>2025-04-05T02:09:11Z</time>
   </trkpt>
   <trkpt lat="-6.8768400" lon="109.0683780">
    <ele>6.6</ele>
    <time>2025-04-05T02:09:12Z</time>
   </trkpt>
   <trkpt lat="-6.8768340" lon="109.0683430">
    <ele>6.6</ele>
    <time>2025-04-05T02:09:13Z</time>
   </trkpt>
   <trkpt lat="-6.8768280" lon="109.0683100">
    <ele>6.6</ele>
    <time>2025-04-05T02:09:14Z</time>
   </trkpt>
   <trkpt lat="-6.8768190" lon="109.0682740">
    <ele>6.6</ele>
    <time>2025-04-05T02:09:15Z</time>
   </trkpt>
   <trkpt lat="-6.8768150" lon="109.0682430">
    <ele>6.6</ele>
    <time>2025-04-05T02:09:16Z</time>
   </trkpt>
   <trkpt lat="-6.8768160" lon="109.0682150">
    <ele>6.6</ele>
    <time>2025-04-05T02:09:17Z</time>
   </trkpt>
   <trkpt lat="-6.8768130" lon="109.0681870">
    <ele>6.6</ele>
    <time>2025-04-05T02:09:18Z</time>
   </trkpt>
   <trkpt lat="-6.8768070" lon="109.0681480">
    <ele>6.6</ele>
    <time>2025-04-05T02:09:19Z</time>
   </trkpt>
   <trkpt lat="-6.8768060" lon="109.0680980">
    <ele>6.6</ele>
    <time>2025-04-05T02:09:20Z</time>
   </trkpt>
   <trkpt lat="-6.8768080" lon="109.0680620">
    <ele>6.6</ele>
    <time>2025-04-05T02:09:21Z</time>
   </trkpt>
   <trkpt lat="-6.8768050" lon="109.0680280">
    <ele>6.6</ele>
    <time>2025-04-05T02:09:22Z</time>
   </trkpt>
   <trkpt lat="-6.8767970" lon="109.0679990">
    <ele>6.6</ele>
    <time>2025-04-05T02:09:23Z</time>
   </trkpt>
   <trkpt lat="-6.8767890" lon="109.0679660">
    <ele>6.6</ele>
    <time>2025-04-05T02:09:24Z</time>
   </trkpt>
   <trkpt lat="-6.8767840" lon="109.0679350">
    <ele>6.7</ele>
    <time>2025-04-05T02:09:25Z</time>
   </trkpt>
   <trkpt lat="-6.8767870" lon="109.0679040">
    <ele>6.7</ele>
    <time>2025-04-05T02:09:26Z</time>
   </trkpt>
   <trkpt lat="-6.8767920" lon="109.0678700">
    <ele>6.7</ele>
    <time>2025-04-05T02:09:27Z</time>
   </trkpt>
   <trkpt lat="-6.8767940" lon="109.0678320">
    <ele>6.7</ele>
    <time>2025-04-05T02:09:28Z</time>
   </trkpt>
   <trkpt lat="-6.8767910" lon="109.0677890">
    <ele>6.7</ele>
    <time>2025-04-05T02:09:29Z</time>
   </trkpt>
   <trkpt lat="-6.8767860" lon="109.0677470">
    <ele>6.7</ele>
    <time>2025-04-05T02:09:30Z</time>
   </trkpt>
   <trkpt lat="-6.8767830" lon="109.0677050">
    <ele>6.7</ele>
    <time>2025-04-05T02:09:31Z</time>
   </trkpt>
   <trkpt lat="-6.8767820" lon="109.0676630">
    <ele>6.8</ele>
    <time>2025-04-05T02:09:32Z</time>
   </trkpt>
   <trkpt lat="-6.8767830" lon="109.0676270">
    <ele>6.8</ele>
    <time>2025-04-05T02:09:33Z</time>
   </trkpt>
   <trkpt lat="-6.8767830" lon="109.0675930">
    <ele>6.8</ele>
    <time>2025-04-05T02:09:34Z</time>
   </trkpt>
   <trkpt lat="-6.8767850" lon="109.0675540">
    <ele>6.8</ele>
    <time>2025-04-05T02:09:35Z</time>
   </trkpt>
   <trkpt lat="-6.8767810" lon="109.0675140">
    <ele>6.8</ele>
    <time>2025-04-05T02:09:36Z</time>
   </trkpt>
   <trkpt lat="-6.8767790" lon="109.0675010">
    <ele>6.8</ele>
    <time>2025-04-05T02:09:37Z</time>
   </trkpt>
   <trkpt lat="-6.8767730" lon="109.0674700">
    <ele>6.8</ele>
    <time>2025-04-05T02:09:38Z</time>
   </trkpt>
   <trkpt lat="-6.8767620" lon="109.0674340">
    <ele>6.8</ele>
    <time>2025-04-05T02:09:39Z</time>
   </trkpt>
   <trkpt lat="-6.8767530" lon="109.0673920">
    <ele>6.8</ele>
    <time>2025-04-05T02:09:40Z</time>
   </trkpt>
   <trkpt lat="-6.8767440" lon="109.0673480">
    <ele>6.8</ele>
    <time>2025-04-05T02:09:41Z</time>
   </trkpt>
   <trkpt lat="-6.8767370" lon="109.0673070">
    <ele>6.8</ele>
    <time>2025-04-05T02:09:42Z</time>
   </trkpt>
   <trkpt lat="-6.8767350" lon="109.0672650">
    <ele>6.8</ele>
    <time>2025-04-05T02:09:43Z</time>
   </trkpt>
   <trkpt lat="-6.8767360" lon="109.0672220">
    <ele>6.8</ele>
    <time>2025-04-05T02:09:44Z</time>
   </trkpt>
   <trkpt lat="-6.8767370" lon="109.0671840">
    <ele>6.8</ele>
    <time>2025-04-05T02:09:45Z</time>
   </trkpt>
   <trkpt lat="-6.8767370" lon="109.0671450">
    <ele>6.8</ele>
    <time>2025-04-05T02:09:46Z</time>
   </trkpt>
   <trkpt lat="-6.8767310" lon="109.0671110">
    <ele>6.8</ele>
    <time>2025-04-05T02:09:47Z</time>
   </trkpt>
   <trkpt lat="-6.8767260" lon="109.0670740">
    <ele>6.8</ele>
    <time>2025-04-05T02:09:48Z</time>
   </trkpt>
   <trkpt lat="-6.8767260" lon="109.0670310">
    <ele>6.8</ele>
    <time>2025-04-05T02:09:49Z</time>
   </trkpt>
   <trkpt lat="-6.8767250" lon="109.0669890">
    <ele>6.8</ele>
    <time>2025-04-05T02:09:50Z</time>
   </trkpt>
   <trkpt lat="-6.8767220" lon="109.0669490">
    <ele>6.8</ele>
    <time>2025-04-05T02:09:51Z</time>
   </trkpt>
   <trkpt lat="-6.8767160" lon="109.0669070">
    <ele>6.8</ele>
    <time>2025-04-05T02:09:52Z</time>
   </trkpt>
   <trkpt lat="-6.8767050" lon="109.0668620">
    <ele>6.8</ele>
    <time>2025-04-05T02:09:53Z</time>
   </trkpt>
   <trkpt lat="-6.8766950" lon="109.0668180">
    <ele>6.8</ele>
    <time>2025-04-05T02:09:54Z</time>
   </trkpt>
   <trkpt lat="-6.8766840" lon="109.0667730">
    <ele>6.8</ele>
    <time>2025-04-05T02:09:55Z</time>
   </trkpt>
   <trkpt lat="-6.8766810" lon="109.0667340">
    <ele>6.8</ele>
    <time>2025-04-05T02:09:56Z</time>
   </trkpt>
   <trkpt lat="-6.8766800" lon="109.0667050">
    <ele>6.8</ele>
    <time>2025-04-05T02:09:57Z</time>
   </trkpt>
   <trkpt lat="-6.8766790" lon="109.0666730">
    <ele>6.8</ele>
    <time>2025-04-05T02:09:58Z</time>
   </trkpt>
   <trkpt lat="-6.8766750" lon="109.0666440">
    <ele>6.8</ele>
    <time>2025-04-05T02:09:59Z</time>
   </trkpt>
   <trkpt lat="-6.8766670" lon="109.0666120">
    <ele>6.8</ele>
    <time>2025-04-05T02:10:00Z</time>
   </trkpt>
   <trkpt lat="-6.8766590" lon="109.0665830">
    <ele>6.9</ele>
    <time>2025-04-05T02:10:01Z</time>
   </trkpt>
   <trkpt lat="-6.8766460" lon="109.0665520">
    <ele>6.9</ele>
    <time>2025-04-05T02:10:02Z</time>
   </trkpt>
   <trkpt lat="-6.8766380" lon="109.0665190">
    <ele>6.9</ele>
    <time>2025-04-05T02:10:03Z</time>
   </trkpt>
   <trkpt lat="-6.8766330" lon="109.0664860">
    <ele>6.9</ele>
    <time>2025-04-05T02:10:04Z</time>
   </trkpt>
   <trkpt lat="-6.8766320" lon="109.0664520">
    <ele>6.9</ele>
    <time>2025-04-05T02:10:05Z</time>
   </trkpt>
   <trkpt lat="-6.8766290" lon="109.0664180">
    <ele>6.9</ele>
    <time>2025-04-05T02:10:06Z</time>
   </trkpt>
   <trkpt lat="-6.8766220" lon="109.0663860">
    <ele>6.9</ele>
    <time>2025-04-05T02:10:07Z</time>
   </trkpt>
   <trkpt lat="-6.8766140" lon="109.0663530">
    <ele>6.9</ele>
    <time>2025-04-05T02:10:08Z</time>
   </trkpt>
   <trkpt lat="-6.8766070" lon="109.0663170">
    <ele>6.9</ele>
    <time>2025-04-05T02:10:09Z</time>
   </trkpt>
   <trkpt lat="-6.8765990" lon="109.0662800">
    <ele>6.9</ele>
    <time>2025-04-05T02:10:10Z</time>
   </trkpt>
   <trkpt lat="-6.8765920" lon="109.0662430">
    <ele>6.9</ele>
    <time>2025-04-05T02:10:11Z</time>
   </trkpt>
   <trkpt lat="-6.8765860" lon="109.0662080">
    <ele>6.9</ele>
    <time>2025-04-05T02:10:12Z</time>
   </trkpt>
   <trkpt lat="-6.8765790" lon="109.0661680">
    <ele>6.9</ele>
    <time>2025-04-05T02:10:13Z</time>
   </trkpt>
   <trkpt lat="-6.8765690" lon="109.0661270">
    <ele>6.9</ele>
    <time>2025-04-05T02:10:14Z</time>
   </trkpt>
   <trkpt lat="-6.8765600" lon="109.0660830">
    <ele>6.9</ele>
    <time>2025-04-05T02:10:15Z</time>
   </trkpt>
   <trkpt lat="-6.8765550" lon="109.0660420">
    <ele>6.9</ele>
    <time>2025-04-05T02:10:16Z</time>
   </trkpt>
   <trkpt lat="-6.8765580" lon="109.0660050">
    <ele>6.9</ele>
    <time>2025-04-05T02:10:17Z</time>
   </trkpt>
   <trkpt lat="-6.8765670" lon="109.0659730">
    <ele>6.9</ele>
    <time>2025-04-05T02:10:18Z</time>
   </trkpt>
   <trkpt lat="-6.8765740" lon="109.0659460">
    <ele>6.9</ele>
    <time>2025-04-05T02:10:19Z</time>
   </trkpt>
   <trkpt lat="-6.8765730" lon="109.0659180">
    <ele>6.9</ele>
    <time>2025-04-05T02:10:20Z</time>
   </trkpt>
   <trkpt lat="-6.8765690" lon="109.0658900">
    <ele>6.8</ele>
    <time>2025-04-05T02:10:21Z</time>
   </trkpt>
   <trkpt lat="-6.8765660" lon="109.0658550">
    <ele>6.8</ele>
    <time>2025-04-05T02:10:22Z</time>
   </trkpt>
   <trkpt lat="-6.8765620" lon="109.0658130">
    <ele>6.8</ele>
    <time>2025-04-05T02:10:23Z</time>
   </trkpt>
   <trkpt lat="-6.8765550" lon="109.0657700">
    <ele>6.8</ele>
    <time>2025-04-05T02:10:24Z</time>
   </trkpt>
   <trkpt lat="-6.8765470" lon="109.0657270">
    <ele>6.8</ele>
    <time>2025-04-05T02:10:25Z</time>
   </trkpt>
   <trkpt lat="-6.8765410" lon="109.0656860">
    <ele>6.8</ele>
    <time>2025-04-05T02:10:26Z</time>
   </trkpt>
   <trkpt lat="-6.8765390" lon="109.0656400">
    <ele>6.7</ele>
    <time>2025-04-05T02:10:27Z</time>
   </trkpt>
   <trkpt lat="-6.8765410" lon="109.0655940">
    <ele>6.7</ele>
    <time>2025-04-05T02:10:28Z</time>
   </trkpt>
   <trkpt lat="-6.8765420" lon="109.0655590">
    <ele>6.7</ele>
    <time>2025-04-05T02:10:29Z</time>
   </trkpt>
   <trkpt lat="-6.8765400" lon="109.0655260">
    <ele>6.7</ele>
    <time>2025-04-05T02:10:30Z</time>
   </trkpt>
   <trkpt lat="-6.8765360" lon="109.0654970">
    <ele>6.7</ele>
    <time>2025-04-05T02:10:31Z</time>
   </trkpt>
   <trkpt lat="-6.8765320" lon="109.0654620">
    <ele>6.7</ele>
    <time>2025-04-05T02:10:32Z</time>
   </trkpt>
   <trkpt lat="-6.8765300" lon="109.0654250">
    <ele>6.7</ele>
    <time>2025-04-05T02:10:33Z</time>
   </trkpt>
   <trkpt lat="-6.8765250" lon="109.0653910">
    <ele>6.7</ele>
    <time>2025-04-05T02:10:34Z</time>
   </trkpt>
   <trkpt lat="-6.8765170" lon="109.0653600">
    <ele>6.7</ele>
    <time>2025-04-05T02:10:35Z</time>
   </trkpt>
   <trkpt lat="-6.8765070" lon="109.0653220">
    <ele>6.7</ele>
    <time>2025-04-05T02:10:36Z</time>
   </trkpt>
   <trkpt lat="-6.8764950" lon="109.0652800">
    <ele>6.7</ele>
    <time>2025-04-05T02:10:37Z</time>
   </trkpt>
   <trkpt lat="-6.8764880" lon="109.0652380">
    <ele>6.7</ele>
    <time>2025-04-05T02:10:38Z</time>
   </trkpt>
   <trkpt lat="-6.8764870" lon="109.0652010">
    <ele>6.7</ele>
    <time>2025-04-05T02:10:39Z</time>
   </trkpt>
   <trkpt lat="-6.8764880" lon="109.0651610">
    <ele>6.7</ele>
    <time>2025-04-05T02:10:40Z</time>
   </trkpt>
   <trkpt lat="-6.8764870" lon="109.0651230">
    <ele>6.7</ele>
    <time>2025-04-05T02:10:41Z</time>
   </trkpt>
   <trkpt lat="-6.8764830" lon="109.0650910">
    <ele>6.7</ele>
    <time>2025-04-05T02:10:42Z</time>
   </trkpt>
   <trkpt lat="-6.8764780" lon="109.0650720">
    <ele>6.7</ele>
    <time>2025-04-05T02:10:43Z</time>
   </trkpt>
   <trkpt lat="-6.8764810" lon="109.0650620">
    <ele>6.7</ele>
    <time>2025-04-05T02:10:44Z</time>
   </trkpt>
   <trkpt lat="-6.8764790" lon="109.0650330">
    <ele>6.7</ele>
    <time>2025-04-05T02:10:45Z</time>
   </trkpt>
   <trkpt lat="-6.8764770" lon="109.0650200">
    <ele>6.6</ele>
    <time>2025-04-05T02:10:46Z</time>
   </trkpt>
   <trkpt lat="-6.8764780" lon="109.0649880">
    <ele>6.6</ele>
    <time>2025-04-05T02:10:47Z</time>
   </trkpt>
   <trkpt lat="-6.8764810" lon="109.0649450">
    <ele>6.6</ele>
    <time>2025-04-05T02:10:48Z</time>
   </trkpt>
   <trkpt lat="-6.8764820" lon="109.0649270">
    <ele>6.6</ele>
    <time>2025-04-05T02:10:49Z</time>
   </trkpt>
   <trkpt lat="-6.8764830" lon="109.0648950">
    <ele>6.6</ele>
    <time>2025-04-05T02:10:50Z</time>
   </trkpt>
   <trkpt lat="-6.8764840" lon="109.0648650">
    <ele>6.6</ele>
    <time>2025-04-05T02:10:51Z</time>
   </trkpt>
   <trkpt lat="-6.8764840" lon="109.0648320">
    <ele>6.5</ele>
    <time>2025-04-05T02:10:52Z</time>
   </trkpt>
   <trkpt lat="-6.8764810" lon="109.0647960">
    <ele>6.5</ele>
    <time>2025-04-05T02:10:53Z</time>
   </trkpt>
   <trkpt lat="-6.8764760" lon="109.0647630">
    <ele>6.5</ele>
    <time>2025-04-05T02:10:54Z</time>
   </trkpt>
   <trkpt lat="-6.8764690" lon="109.0647270">
    <ele>6.5</ele>
    <time>2025-04-05T02:10:55Z</time>
   </trkpt>
   <trkpt lat="-6.8764640" lon="109.0646920">
    <ele>6.5</ele>
    <time>2025-04-05T02:10:56Z</time>
   </trkpt>
   <trkpt lat="-6.8764580" lon="109.0646600">
    <ele>6.5</ele>
    <time>2025-04-05T02:10:57Z</time>
   </trkpt>
   <trkpt lat="-6.8764510" lon="109.0646290">
    <ele>6.5</ele>
    <time>2025-04-05T02:10:58Z</time>
   </trkpt>
   <trkpt lat="-6.8764470" lon="109.0645940">
    <ele>6.5</ele>
    <time>2025-04-05T02:10:59Z</time>
   </trkpt>
   <trkpt lat="-6.8764420" lon="109.0645620">
    <ele>6.5</ele>
    <time>2025-04-05T02:11:00Z</time>
   </trkpt>
   <trkpt lat="-6.8764400" lon="109.0645280">
    <ele>6.6</ele>
    <time>2025-04-05T02:11:01Z</time>
   </trkpt>
   <trkpt lat="-6.8764410" lon="109.0644900">
    <ele>6.6</ele>
    <time>2025-04-05T02:11:02Z</time>
   </trkpt>
   <trkpt lat="-6.8764380" lon="109.0644570">
    <ele>6.6</ele>
    <time>2025-04-05T02:11:03Z</time>
   </trkpt>
   <trkpt lat="-6.8764390" lon="109.0644250">
    <ele>6.6</ele>
    <time>2025-04-05T02:11:04Z</time>
   </trkpt>
   <trkpt lat="-6.8764390" lon="109.0643870">
    <ele>6.6</ele>
    <time>2025-04-05T02:11:05Z</time>
   </trkpt>
   <trkpt lat="-6.8764400" lon="109.0643520">
    <ele>6.6</ele>
    <time>2025-04-05T02:11:06Z</time>
   </trkpt>
   <trkpt lat="-6.8764400" lon="109.0643220">
    <ele>6.6</ele>
    <time>2025-04-05T02:11:07Z</time>
   </trkpt>
   <trkpt lat="-6.8764410" lon="109.0642810">
    <ele>6.7</ele>
    <time>2025-04-05T02:11:08Z</time>
   </trkpt>
   <trkpt lat="-6.8764410" lon="109.0642660">
    <ele>6.7</ele>
    <time>2025-04-05T02:11:09Z</time>
   </trkpt>
   <trkpt lat="-6.8764390" lon="109.0642250">
    <ele>6.7</ele>
    <time>2025-04-05T02:11:10Z</time>
   </trkpt>
   <trkpt lat="-6.8764380" lon="109.0642100">
    <ele>6.7</ele>
    <time>2025-04-05T02:11:11Z</time>
   </trkpt>
   <trkpt lat="-6.8764330" lon="109.0641770">
    <ele>6.7</ele>
    <time>2025-04-05T02:11:12Z</time>
   </trkpt>
   <trkpt lat="-6.8764340" lon="109.0641450">
    <ele>6.7</ele>
    <time>2025-04-05T02:11:13Z</time>
   </trkpt>
   <trkpt lat="-6.8764340" lon="109.0641140">
    <ele>6.7</ele>
    <time>2025-04-05T02:11:14Z</time>
   </trkpt>
   <trkpt lat="-6.8764330" lon="109.0640800">
    <ele>6.8</ele>
    <time>2025-04-05T02:11:15Z</time>
   </trkpt>
   <trkpt lat="-6.8764340" lon="109.0640430">
    <ele>6.8</ele>
    <time>2025-04-05T02:11:16Z</time>
   </trkpt>
   <trkpt lat="-6.8764360" lon="109.0640030">
    <ele>6.8</ele>
    <time>2025-04-05T02:11:17Z</time>
   </trkpt>
   <trkpt lat="-6.8764380" lon="109.0639640">
    <ele>6.8</ele>
    <time>2025-04-05T02:11:18Z</time>
   </trkpt>
   <trkpt lat="-6.8764410" lon="109.0639290">
    <ele>6.8</ele>
    <time>2025-04-05T02:11:19Z</time>
   </trkpt>
   <trkpt lat="-6.8764420" lon="109.0638970">
    <ele>6.7</ele>
    <time>2025-04-05T02:11:20Z</time>
   </trkpt>
   <trkpt lat="-6.8764410" lon="109.0638670">
    <ele>6.7</ele>
    <time>2025-04-05T02:11:21Z</time>
   </trkpt>
   <trkpt lat="-6.8764360" lon="109.0637480">
    <ele>6.7</ele>
    <time>2025-04-05T02:11:25Z</time>
   </trkpt>
   <trkpt lat="-6.8766230" lon="109.0635350">
    <ele>6.7</ele>
    <time>2025-04-05T02:11:31Z</time>
   </trkpt>
   <trkpt lat="-6.8765380" lon="109.0632630">
    <ele>6.7</ele>
    <time>2025-04-05T02:11:38Z</time>
   </trkpt>
   <trkpt lat="-6.8763920" lon="109.0632050">
    <ele>6.8</ele>
    <time>2025-04-05T02:11:41Z</time>
   </trkpt>
   <trkpt lat="-6.8763830" lon="109.0631700">
    <ele>6.8</ele>
    <time>2025-04-05T02:11:42Z</time>
   </trkpt>
   <trkpt lat="-6.8763770" lon="109.0631370">
    <ele>6.8</ele>
    <time>2025-04-05T02:11:43Z</time>
   </trkpt>
   <trkpt lat="-6.8763740" lon="109.0631100">
    <ele>6.8</ele>
    <time>2025-04-05T02:11:44Z</time>
   </trkpt>
   <trkpt lat="-6.8763750" lon="109.0630930">
    <ele>6.8</ele>
    <time>2025-04-05T02:11:45Z</time>
   </trkpt>
   <trkpt lat="-6.8763730" lon="109.0630890">
    <ele>6.8</ele>
    <time>2025-04-05T02:11:46Z</time>
   </trkpt>
   <trkpt lat="-6.8763720" lon="109.0630860">
    <ele>6.8</ele>
    <time>2025-04-05T02:11:47Z</time>
   </trkpt>
   <trkpt lat="-6.8763700" lon="109.0630820">
    <ele>6.8</ele>
    <time>2025-04-05T02:11:48Z</time>
   </trkpt>
   <trkpt lat="-6.8763690" lon="109.0630780">
    <ele>6.8</ele>
    <time>2025-04-05T02:11:49Z</time>
   </trkpt>
   <trkpt lat="-6.8763670" lon="109.0630740">
    <ele>6.8</ele>
    <time>2025-04-05T02:11:50Z</time>
   </trkpt>
   <trkpt lat="-6.8763660" lon="109.0630710">
    <ele>6.8</ele>
    <time>2025-04-05T02:11:51Z</time>
   </trkpt>
   <trkpt lat="-6.8763640" lon="109.0630670">
    <ele>6.8</ele>
    <time>2025-04-05T02:11:52Z</time>
   </trkpt>
   <trkpt lat="-6.8763550" lon="109.0630290">
    <ele>6.8</ele>
    <time>2025-04-05T02:11:53Z</time>
   </trkpt>
   <trkpt lat="-6.8763520" lon="109.0629910">
    <ele>6.8</ele>
    <time>2025-04-05T02:11:54Z</time>
   </trkpt>
   <trkpt lat="-6.8763540" lon="109.0629490">
    <ele>6.8</ele>
    <time>2025-04-05T02:11:55Z</time>
   </trkpt>
   <trkpt lat="-6.8763530" lon="109.0629080">
    <ele>6.8</ele>
    <time>2025-04-05T02:11:56Z</time>
   </trkpt>
   <trkpt lat="-6.8763470" lon="109.0628720">
    <ele>6.8</ele>
    <time>2025-04-05T02:11:57Z</time>
   </trkpt>
   <trkpt lat="-6.8763400" lon="109.0628360">
    <ele>6.8</ele>
    <time>2025-04-05T02:11:58Z</time>
   </trkpt>
   <trkpt lat="-6.8763330" lon="109.0627990">
    <ele>6.8</ele>
    <time>2025-04-05T02:11:59Z</time>
   </trkpt>
   <trkpt lat="-6.8763340" lon="109.0627610">
    <ele>6.8</ele>
    <time>2025-04-05T02:12:00Z</time>
   </trkpt>
   <trkpt lat="-6.8763360" lon="109.0627270">
    <ele>6.8</ele>
    <time>2025-04-05T02:12:01Z</time>
   </trkpt>
   <trkpt lat="-6.8763370" lon="109.0626940">
    <ele>6.8</ele>
    <time>2025-04-05T02:12:02Z</time>
   </trkpt>
   <trkpt lat="-6.8763350" lon="109.0626600">
    <ele>6.8</ele>
    <time>2025-04-05T02:12:03Z</time>
   </trkpt>
   <trkpt lat="-6.8763330" lon="109.0626240">
    <ele>6.8</ele>
    <time>2025-04-05T02:12:04Z</time>
   </trkpt>
   <trkpt lat="-6.8763320" lon="109.0625840">
    <ele>6.8</ele>
    <time>2025-04-05T02:12:05Z</time>
   </trkpt>
   <trkpt lat="-6.8763290" lon="109.0625480">
    <ele>6.8</ele>
    <time>2025-04-05T02:12:06Z</time>
   </trkpt>
   <trkpt lat="-6.8763240" lon="109.0625130">
    <ele>6.8</ele>
    <time>2025-04-05T02:12:07Z</time>
   </trkpt>
   <trkpt lat="-6.8763190" lon="109.0624810">
    <ele>6.8</ele>
    <time>2025-04-05T02:12:08Z</time>
   </trkpt>
   <trkpt lat="-6.8763160" lon="109.0624470">
    <ele>6.8</ele>
    <time>2025-04-05T02:12:09Z</time>
   </trkpt>
   <trkpt lat="-6.8763110" lon="109.0624160">
    <ele>6.8</ele>
    <time>2025-04-05T02:12:10Z</time>
   </trkpt>
   <trkpt lat="-6.8763180" lon="109.0623840">
    <ele>6.8</ele>
    <time>2025-04-05T02:12:11Z</time>
   </trkpt>
   <trkpt lat="-6.8763210" lon="109.0623500">
    <ele>6.8</ele>
    <time>2025-04-05T02:12:12Z</time>
   </trkpt>
   <trkpt lat="-6.8763200" lon="109.0623170">
    <ele>6.8</ele>
    <time>2025-04-05T02:12:13Z</time>
   </trkpt>
   <trkpt lat="-6.8763140" lon="109.0622850">
    <ele>6.8</ele>
    <time>2025-04-05T02:12:14Z</time>
   </trkpt>
   <trkpt lat="-6.8763040" lon="109.0622540">
    <ele>6.8</ele>
    <time>2025-04-05T02:12:15Z</time>
   </trkpt>
   <trkpt lat="-6.8762960" lon="109.0622230">
    <ele>6.8</ele>
    <time>2025-04-05T02:12:16Z</time>
   </trkpt>
   <trkpt lat="-6.8762880" lon="109.0621910">
    <ele>6.8</ele>
    <time>2025-04-05T02:12:17Z</time>
   </trkpt>
   <trkpt lat="-6.8762810" lon="109.0621560">
    <ele>6.8</ele>
    <time>2025-04-05T02:12:18Z</time>
   </trkpt>
   <trkpt lat="-6.8762780" lon="109.0621160">
    <ele>6.8</ele>
    <time>2025-04-05T02:12:19Z</time>
   </trkpt>
   <trkpt lat="-6.8762760" lon="109.0620790">
    <ele>6.8</ele>
    <time>2025-04-05T02:12:20Z</time>
   </trkpt>
   <trkpt lat="-6.8762700" lon="109.0620470">
    <ele>6.8</ele>
    <time>2025-04-05T02:12:21Z</time>
   </trkpt>
   <trkpt lat="-6.8762690" lon="109.0620070">
    <ele>6.9</ele>
    <time>2025-04-05T02:12:22Z</time>
   </trkpt>
   <trkpt lat="-6.8762660" lon="109.0619740">
    <ele>6.9</ele>
    <time>2025-04-05T02:12:23Z</time>
   </trkpt>
   <trkpt lat="-6.8762570" lon="109.0619400">
    <ele>6.9</ele>
    <time>2025-04-05T02:12:24Z</time>
   </trkpt>
   <trkpt lat="-6.8762500" lon="109.0619100">
    <ele>6.9</ele>
    <time>2025-04-05T02:12:25Z</time>
   </trkpt>
   <trkpt lat="-6.8762460" lon="109.0618740">
    <ele>6.9</ele>
    <time>2025-04-05T02:12:26Z</time>
   </trkpt>
   <trkpt lat="-6.8762500" lon="109.0618240">
    <ele>6.9</ele>
    <time>2025-04-05T02:12:27Z</time>
   </trkpt>
   <trkpt lat="-6.8762530" lon="109.0617910">
    <ele>6.9</ele>
    <time>2025-04-05T02:12:28Z</time>
   </trkpt>
   <trkpt lat="-6.8762560" lon="109.0617600">
    <ele>7.0</ele>
    <time>2025-04-05T02:12:29Z</time>
   </trkpt>
   <trkpt lat="-6.8762580" lon="109.0617250">
    <ele>7.0</ele>
    <time>2025-04-05T02:12:30Z</time>
   </trkpt>
   <trkpt lat="-6.8762590" lon="109.0616820">
    <ele>7.0</ele>
    <time>2025-04-05T02:12:31Z</time>
   </trkpt>
   <trkpt lat="-6.8762640" lon="109.0616360">
    <ele>7.0</ele>
    <time>2025-04-05T02:12:32Z</time>
   </trkpt>
   <trkpt lat="-6.8762690" lon="109.0615930">
    <ele>7.0</ele>
    <time>2025-04-05T02:12:33Z</time>
   </trkpt>
   <trkpt lat="-6.8762700" lon="109.0615570">
    <ele>7.0</ele>
    <time>2025-04-05T02:12:34Z</time>
   </trkpt>
   <trkpt lat="-6.8762640" lon="109.0615260">
    <ele>7.1</ele>
    <time>2025-04-05T02:12:35Z</time>
   </trkpt>
   <trkpt lat="-6.8762570" lon="109.0614970">
    <ele>7.1</ele>
    <time>2025-04-05T02:12:36Z</time>
   </trkpt>
   <trkpt lat="-6.8762500" lon="109.0614650">
    <ele>7.1</ele>
    <time>2025-04-05T02:12:37Z</time>
   </trkpt>
   <trkpt lat="-6.8762480" lon="109.0614550">
    <ele>7.1</ele>
    <time>2025-04-05T02:12:38Z</time>
   </trkpt>
   <trkpt lat="-6.8762410" lon="109.0614150">
    <ele>7.1</ele>
    <time>2025-04-05T02:12:39Z</time>
   </trkpt>
   <trkpt lat="-6.8762380" lon="109.0614000">
    <ele>7.1</ele>
    <time>2025-04-05T02:12:40Z</time>
   </trkpt>
   <trkpt lat="-6.8762330" lon="109.0613680">
    <ele>7.1</ele>
    <time>2025-04-05T02:12:41Z</time>
   </trkpt>
   <trkpt lat="-6.8762300" lon="109.0613300">
    <ele>7.1</ele>
    <time>2025-04-05T02:12:42Z</time>
   </trkpt>
   <trkpt lat="-6.8762260" lon="109.0612940">
    <ele>7.1</ele>
    <time>2025-04-05T02:12:43Z</time>
   </trkpt>
   <trkpt lat="-6.8762210" lon="109.0612610">
    <ele>7.1</ele>
    <time>2025-04-05T02:12:44Z</time>
   </trkpt>
   <trkpt lat="-6.8762160" lon="109.0612330">
    <ele>7.1</ele>
    <time>2025-04-05T02:12:45Z</time>
   </trkpt>
   <trkpt lat="-6.8762120" lon="109.0612050">
    <ele>7.2</ele>
    <time>2025-04-05T02:12:46Z</time>
   </trkpt>
   <trkpt lat="-6.8762120" lon="109.0611740">
    <ele>7.2</ele>
    <time>2025-04-05T02:12:47Z</time>
   </trkpt>
   <trkpt lat="-6.8762180" lon="109.0611350">
    <ele>7.2</ele>
    <time>2025-04-05T02:12:48Z</time>
   </trkpt>
   <trkpt lat="-6.8762260" lon="109.0610970">
    <ele>7.2</ele>
    <time>2025-04-05T02:12:49Z</time>
   </trkpt>
   <trkpt lat="-6.8762330" lon="109.0610590">
    <ele>7.2</ele>
    <time>2025-04-05T02:12:50Z</time>
   </trkpt>
   <trkpt lat="-6.8762370" lon="109.0610190">
    <ele>7.2</ele>
    <time>2025-04-05T02:12:51Z</time>
   </trkpt>
   <trkpt lat="-6.8762380" lon="109.0609760">
    <ele>7.1</ele>
    <time>2025-04-05T02:12:52Z</time>
   </trkpt>
   <trkpt lat="-6.8762350" lon="109.0609340">
    <ele>7.1</ele>
    <time>2025-04-05T02:12:53Z</time>
   </trkpt>
   <trkpt lat="-6.8762270" lon="109.0608980">
    <ele>7.1</ele>
    <time>2025-04-05T02:12:54Z</time>
   </trkpt>
   <trkpt lat="-6.8762220" lon="109.0608650">
    <ele>7.0</ele>
    <time>2025-04-05T02:12:55Z</time>
   </trkpt>
   <trkpt lat="-6.8762140" lon="109.0608360">
    <ele>7.0</ele>
    <time>2025-04-05T02:12:56Z</time>
   </trkpt>
   <trkpt lat="-6.8762080" lon="109.0608000">
    <ele>7.0</ele>
    <time>2025-04-05T02:12:57Z</time>
   </trkpt>
   <trkpt lat="-6.8762060" lon="109.0607880">
    <ele>7.0</ele>
    <time>2025-04-05T02:12:58Z</time>
   </trkpt>
   <trkpt lat="-6.8762050" lon="109.0607590">
    <ele>7.0</ele>
    <time>2025-04-05T02:12:59Z</time>
   </trkpt>
   <trkpt lat="-6.8761990" lon="109.0607240">
    <ele>7.0</ele>
    <time>2025-04-05T02:13:00Z</time>
   </trkpt>
   <trkpt lat="-6.8761900" lon="109.0606910">
    <ele>7.0</ele>
    <time>2025-04-05T02:13:01Z</time>
   </trkpt>
   <trkpt lat="-6.8761820" lon="109.0606600">
    <ele>7.0</ele>
    <time>2025-04-05T02:13:02Z</time>
   </trkpt>
   <trkpt lat="-6.8761730" lon="109.0606330">
    <ele>7.0</ele>
    <time>2025-04-05T02:13:03Z</time>
   </trkpt>
   <trkpt lat="-6.8761630" lon="109.0605980">
    <ele>7.0</ele>
    <time>2025-04-05T02:13:04Z</time>
   </trkpt>
   <trkpt lat="-6.8761610" lon="109.0605850">
    <ele>7.0</ele>
    <time>2025-04-05T02:13:05Z</time>
   </trkpt>
   <trkpt lat="-6.8761600" lon="109.0605520">
    <ele>7.0</ele>
    <time>2025-04-05T02:13:06Z</time>
   </trkpt>
   <trkpt lat="-6.8761610" lon="109.0605050">
    <ele>6.9</ele>
    <time>2025-04-05T02:13:07Z</time>
   </trkpt>
   <trkpt lat="-6.8761610" lon="109.0604590">
    <ele>6.9</ele>
    <time>2025-04-05T02:13:08Z</time>
   </trkpt>
   <trkpt lat="-6.8761600" lon="109.0604160">
    <ele>6.9</ele>
    <time>2025-04-05T02:13:09Z</time>
   </trkpt>
   <trkpt lat="-6.8761580" lon="109.0603810">
    <ele>6.9</ele>
    <time>2025-04-05T02:13:10Z</time>
   </trkpt>
   <trkpt lat="-6.8761540" lon="109.0603420">
    <ele>6.9</ele>
    <time>2025-04-05T02:13:11Z</time>
   </trkpt>
   <trkpt lat="-6.8761530" lon="109.0603290">
    <ele>6.9</ele>
    <time>2025-04-05T02:13:12Z</time>
   </trkpt>
   <trkpt lat="-6.8761460" lon="109.0602920">
    <ele>6.9</ele>
    <time>2025-04-05T02:13:13Z</time>
   </trkpt>
   <trkpt lat="-6.8761420" lon="109.0602790">
    <ele>6.9</ele>
    <time>2025-04-05T02:13:14Z</time>
   </trkpt>
   <trkpt lat="-6.8761360" lon="109.0602450">
    <ele>6.9</ele>
    <time>2025-04-05T02:13:15Z</time>
   </trkpt>
   <trkpt lat="-6.8761320" lon="109.0602130">
    <ele>6.9</ele>
    <time>2025-04-05T02:13:16Z</time>
   </trkpt>
   <trkpt lat="-6.8761290" lon="109.0601770">
    <ele>6.9</ele>
    <time>2025-04-05T02:13:17Z</time>
   </trkpt>
   <trkpt lat="-6.8761290" lon="109.0601490">
    <ele>6.9</ele>
    <time>2025-04-05T02:13:18Z</time>
   </trkpt>
   <trkpt lat="-6.8761300" lon="109.0601110">
    <ele>6.9</ele>
    <time>2025-04-05T02:13:19Z</time>
   </trkpt>
   <trkpt lat="-6.8761310" lon="109.0600970">
    <ele>6.9</ele>
    <time>2025-04-05T02:13:20Z</time>
   </trkpt>
   <trkpt lat="-6.8761300" lon="109.0600600">
    <ele>6.9</ele>
    <time>2025-04-05T02:13:21Z</time>
   </trkpt>
   <trkpt lat="-6.8761270" lon="109.0600480">
    <ele>6.9</ele>
    <time>2025-04-05T02:13:22Z</time>
   </trkpt>
   <trkpt lat="-6.8761220" lon="109.0600200">
    <ele>7.0</ele>
    <time>2025-04-05T02:13:23Z</time>
   </trkpt>
   <trkpt lat="-6.8761280" lon="109.0599870">
    <ele>7.0</ele>
    <time>2025-04-05T02:13:24Z</time>
   </trkpt>
   <trkpt lat="-6.8761300" lon="109.0599750">
    <ele>7.0</ele>
    <time>2025-04-05T02:13:25Z</time>
   </trkpt>
   <trkpt lat="-6.8761420" lon="109.0599370">
    <ele>7.0</ele>
    <time>2025-04-05T02:13:26Z</time>
   </trkpt>
   <trkpt lat="-6.8761450" lon="109.0599210">
    <ele>7.0</ele>
    <time>2025-04-05T02:13:27Z</time>
   </trkpt>
   <trkpt lat="-6.8761460" lon="109.0598890">
    <ele>7.0</ele>
    <time>2025-04-05T02:13:28Z</time>
   </trkpt>
   <trkpt lat="-6.8761440" lon="109.0598510">
    <ele>7.1</ele>
    <time>2025-04-05T02:13:29Z</time>
   </trkpt>
   <trkpt lat="-6.8761420" lon="109.0598380">
    <ele>7.1</ele>
    <time>2025-04-05T02:13:30Z</time>
   </trkpt>
   <trkpt lat="-6.8761420" lon="109.0598140">
    <ele>7.1</ele>
    <time>2025-04-05T02:13:31Z</time>
   </trkpt>
   <trkpt lat="-6.8761400" lon="109.0598040">
    <ele>7.1</ele>
    <time>2025-04-05T02:13:32Z</time>
   </trkpt>
   <trkpt lat="-6.8761270" lon="109.0598120">
    <ele>7.0</ele>
    <time>2025-04-05T02:13:33Z</time>
   </trkpt>
   <trkpt lat="-6.8761210" lon="109.0598260">
    <ele>6.9</ele>
    <time>2025-04-05T02:13:34Z</time>
   </trkpt>
   <trkpt lat="-6.8761150" lon="109.0598390">
    <ele>6.8</ele>
    <time>2025-04-05T02:13:35Z</time>
   </trkpt>
   <trkpt lat="-6.8761000" lon="109.0598670">
    <ele>6.7</ele>
    <time>2025-04-05T02:13:36Z</time>
   </trkpt>
   <trkpt lat="-6.8760730" lon="109.0598870">
    <ele>6.7</ele>
    <time>2025-04-05T02:13:37Z</time>
   </trkpt>
   <trkpt lat="-6.8760630" lon="109.0598940">
    <ele>6.7</ele>
    <time>2025-04-05T02:13:38Z</time>
   </trkpt>
   <trkpt lat="-6.8760450" lon="109.0599170">
    <ele>6.7</ele>
    <time>2025-04-05T02:13:39Z</time>
   </trkpt>
   <trkpt lat="-6.8760280" lon="109.0599540">
    <ele>6.7</ele>
    <time>2025-04-05T02:13:40Z</time>
   </trkpt>
   <trkpt lat="-6.8760230" lon="109.0599660">
    <ele>6.7</ele>
    <time>2025-04-05T02:13:41Z</time>
   </trkpt>
   <trkpt lat="-6.8760190" lon="109.0599860">
    <ele>6.7</ele>
    <time>2025-04-05T02:13:42Z</time>
   </trkpt>
   <trkpt lat="-6.8760110" lon="109.0599970">
    <ele>6.7</ele>
    <time>2025-04-05T02:13:43Z</time>
   </trkpt>
   <trkpt lat="-6.8759870" lon="109.0600170">
    <ele>6.7</ele>
    <time>2025-04-05T02:13:44Z</time>
   </trkpt>
   <trkpt lat="-6.8759770" lon="109.0600230">
    <ele>6.7</ele>
    <time>2025-04-05T02:13:45Z</time>
   </trkpt>
   <trkpt lat="-6.8759480" lon="109.0600350">
    <ele>6.7</ele>
    <time>2025-04-05T02:13:46Z</time>
   </trkpt>
   <trkpt lat="-6.8759360" lon="109.0600390">
    <ele>6.7</ele>
    <time>2025-04-05T02:13:47Z</time>
   </trkpt>
   <trkpt lat="-6.8759190" lon="109.0600440">
    <ele>6.7</ele>
    <time>2025-04-05T02:13:48Z</time>
   </trkpt>
   <trkpt lat="-6.8759080" lon="109.0600510">
    <ele>6.7</ele>
    <time>2025-04-05T02:13:49Z</time>
   </trkpt>
   <trkpt lat="-6.8758930" lon="109.0600610">
    <ele>6.7</ele>
    <time>2025-04-05T02:13:50Z</time>
   </trkpt>
   <trkpt lat="-6.8758780" lon="109.0600700">
    <ele>6.7</ele>
    <time>2025-04-05T02:13:51Z</time>
   </trkpt>
   <trkpt lat="-6.8758500" lon="109.0600920">
    <ele>6.7</ele>
    <time>2025-04-05T02:13:52Z</time>
   </trkpt>
   <trkpt lat="-6.8758400" lon="109.0600990">
    <ele>6.8</ele>
    <time>2025-04-05T02:13:53Z</time>
   </trkpt>
   <trkpt lat="-6.8758120" lon="109.0601170">
    <ele>6.8</ele>
    <time>2025-04-05T02:13:54Z</time>
   </trkpt>
   <trkpt lat="-6.8757880" lon="109.0601320">
    <ele>6.8</ele>
    <time>2025-04-05T02:13:55Z</time>
   </trkpt>
   <trkpt lat="-6.8757470" lon="109.0601530">
    <ele>6.9</ele>
    <time>2025-04-05T02:13:56Z</time>
   </trkpt>
   <trkpt lat="-6.8757290" lon="109.0601600">
    <ele>6.9</ele>
    <time>2025-04-05T02:13:57Z</time>
   </trkpt>
   <trkpt lat="-6.8756900" lon="109.0601750">
    <ele>6.9</ele>
    <time>2025-04-05T02:13:58Z</time>
   </trkpt>
   <trkpt lat="-6.8756510" lon="109.0601840">
    <ele>6.9</ele>
    <time>2025-04-05T02:13:59Z</time>
   </trkpt>
   <trkpt lat="-6.8756100" lon="109.0601930">
    <ele>6.8</ele>
    <time>2025-04-05T02:14:00Z</time>
   </trkpt>
   <trkpt lat="-6.8755780" lon="109.0602000">
    <ele>6.8</ele>
    <time>2025-04-05T02:14:01Z</time>
   </trkpt>
   <trkpt lat="-6.8755440" lon="109.0602090">
    <ele>6.8</ele>
    <time>2025-04-05T02:14:02Z</time>
   </trkpt>
   <trkpt lat="-6.8755070" lon="109.0602200">
    <ele>6.8</ele>
    <time>2025-04-05T02:14:03Z</time>
   </trkpt>
   <trkpt lat="-6.8754730" lon="109.0602350">
    <ele>6.8</ele>
    <time>2025-04-05T02:14:04Z</time>
   </trkpt>
   <trkpt lat="-6.8754400" lon="109.0602480">
    <ele>6.8</ele>
    <time>2025-04-05T02:14:05Z</time>
   </trkpt>
   <trkpt lat="-6.8754100" lon="109.0602600">
    <ele>6.8</ele>
    <time>2025-04-05T02:14:06Z</time>
   </trkpt>
   <trkpt lat="-6.8753850" lon="109.0602700">
    <ele>6.8</ele>
    <time>2025-04-05T02:14:07Z</time>
   </trkpt>
   <trkpt lat="-6.8753570" lon="109.0602800">
    <ele>6.8</ele>
    <time>2025-04-05T02:14:08Z</time>
   </trkpt>
   <trkpt lat="-6.8753220" lon="109.0602890">
    <ele>6.7</ele>
    <time>2025-04-05T02:14:09Z</time>
   </trkpt>
   <trkpt lat="-6.8752920" lon="109.0602980">
    <ele>6.7</ele>
    <time>2025-04-05T02:14:10Z</time>
   </trkpt>
   <trkpt lat="-6.8752630" lon="109.0603020">
    <ele>6.6</ele>
    <time>2025-04-05T02:14:11Z</time>
   </trkpt>
   <trkpt lat="-6.8752310" lon="109.0603050">
    <ele>6.5</ele>
    <time>2025-04-05T02:14:12Z</time>
   </trkpt>
   <trkpt lat="-6.8752220" lon="109.0603040">
    <ele>6.5</ele>
    <time>2025-04-05T02:14:13Z</time>
   </trkpt>
   <trkpt lat="-6.8752030" lon="109.0603030">
    <ele>6.4</ele>
    <time>2025-04-05T02:14:14Z</time>
   </trkpt>
   <trkpt lat="-6.8751970" lon="109.0603050">
    <ele>6.4</ele>
    <time>2025-04-05T02:14:15Z</time>
   </trkpt>
   <trkpt lat="-6.8751920" lon="109.0603070">
    <ele>6.4</ele>
    <time>2025-04-05T02:14:16Z</time>
   </trkpt>
   <trkpt lat="-6.8751860" lon="109.0603090">
    <ele>6.4</ele>
    <time>2025-04-05T02:14:17Z</time>
   </trkpt>
   <trkpt lat="-6.8751720" lon="109.0603170">
    <ele>6.3</ele>
    <time>2025-04-05T02:14:18Z</time>
   </trkpt>
   <trkpt lat="-6.8751550" lon="109.0603230">
    <ele>6.3</ele>
    <time>2025-04-05T02:14:19Z</time>
   </trkpt>
   <trkpt lat="-6.8751260" lon="109.0603300">
    <ele>6.2</ele>
    <time>2025-04-05T02:14:20Z</time>
   </trkpt>
   <trkpt lat="-6.8751150" lon="109.0603320">
    <ele>6.2</ele>
    <time>2025-04-05T02:14:21Z</time>
   </trkpt>
   <trkpt lat="-6.8750840" lon="109.0603430">
    <ele>6.1</ele>
    <time>2025-04-05T02:14:22Z</time>
   </trkpt>
   <trkpt lat="-6.8750740" lon="109.0603470">
    <ele>6.0</ele>
    <time>2025-04-05T02:14:23Z</time>
   </trkpt>
   <trkpt lat="-6.8750470" lon="109.0603640">
    <ele>6.0</ele>
    <time>2025-04-05T02:14:24Z</time>
   </trkpt>
   <trkpt lat="-6.8750390" lon="109.0603680">
    <ele>5.9</ele>
    <time>2025-04-05T02:14:25Z</time>
   </trkpt>
   <trkpt lat="-6.8750010" lon="109.0603810">
    <ele>5.7</ele>
    <time>2025-04-05T02:14:26Z</time>
   </trkpt>
   <trkpt lat="-6.8749870" lon="109.0603860">
    <ele>5.6</ele>
    <time>2025-04-05T02:14:27Z</time>
   </trkpt>
   <trkpt lat="-6.8749570" lon="109.0603980">
    <ele>5.4</ele>
    <time>2025-04-05T02:14:28Z</time>
   </trkpt>
   <trkpt lat="-6.8749280" lon="109.0604090">
    <ele>5.2</ele>
    <time>2025-04-05T02:14:29Z</time>
   </trkpt>
   <trkpt lat="-6.8748950" lon="109.0604170">
    <ele>5.1</ele>
    <time>2025-04-05T02:14:30Z</time>
   </trkpt>
   <trkpt lat="-6.8748680" lon="109.0604250">
    <ele>4.9</ele>
    <time>2025-04-05T02:14:31Z</time>
   </trkpt>
   <trkpt lat="-6.8748420" lon="109.0604330">
    <ele>4.8</ele>
    <time>2025-04-05T02:14:32Z</time>
   </trkpt>
   <trkpt lat="-6.8748110" lon="109.0604440">
    <ele>4.6</ele>
    <time>2025-04-05T02:14:33Z</time>
   </trkpt>
   <trkpt lat="-6.8748000" lon="109.0604490">
    <ele>4.5</ele>
    <time>2025-04-05T02:14:34Z</time>
   </trkpt>
   <trkpt lat="-6.8747720" lon="109.0604630">
    <ele>4.3</ele>
    <time>2025-04-05T02:14:35Z</time>
   </trkpt>
   <trkpt lat="-6.8747430" lon="109.0604740">
    <ele>4.1</ele>
    <time>2025-04-05T02:14:36Z</time>
   </trkpt>
   <trkpt lat="-6.8747070" lon="109.0604860">
    <ele>4.1</ele>
    <time>2025-04-05T02:14:37Z</time>
   </trkpt>
   <trkpt lat="-6.8746950" lon="109.0604890">
    <ele>4.1</ele>
    <time>2025-04-05T02:14:38Z</time>
   </trkpt>
   <trkpt lat="-6.8746770" lon="109.0604970">
    <ele>4.1</ele>
    <time>2025-04-05T02:14:39Z</time>
   </trkpt>
   <trkpt lat="-6.8746640" lon="109.0605040">
    <ele>4.1</ele>
    <time>2025-04-05T02:14:40Z</time>
   </trkpt>
   <trkpt lat="-6.8746490" lon="109.0605090">
    <ele>4.1</ele>
    <time>2025-04-05T02:14:41Z</time>
   </trkpt>
   <trkpt lat="-6.8746350" lon="109.0605110">
    <ele>4.1</ele>
    <time>2025-04-05T02:14:42Z</time>
   </trkpt>
   <trkpt lat="-6.8746180" lon="109.0605160">
    <ele>4.1</ele>
    <time>2025-04-05T02:14:43Z</time>
   </trkpt>
   <trkpt lat="-6.8746120" lon="109.0605180">
    <ele>4.1</ele>
    <time>2025-04-05T02:14:44Z</time>
   </trkpt>
   <trkpt lat="-6.8746050" lon="109.0605210">
    <ele>4.1</ele>
    <time>2025-04-05T02:14:45Z</time>
   </trkpt>
   <trkpt lat="-6.8745980" lon="109.0605230">
    <ele>4.1</ele>
    <time>2025-04-05T02:14:46Z</time>
   </trkpt>
   <trkpt lat="-6.8745810" lon="109.0605280">
    <ele>4.1</ele>
    <time>2025-04-05T02:14:47Z</time>
   </trkpt>
   <trkpt lat="-6.8745670" lon="109.0605360">
    <ele>4.1</ele>
    <time>2025-04-05T02:14:48Z</time>
   </trkpt>
   <trkpt lat="-6.8745520" lon="109.0605420">
    <ele>4.1</ele>
    <time>2025-04-05T02:14:49Z</time>
   </trkpt>
   <trkpt lat="-6.8745350" lon="109.0605490">
    <ele>4.1</ele>
    <time>2025-04-05T02:14:50Z</time>
   </trkpt>
   <trkpt lat="-6.8745100" lon="109.0605630">
    <ele>4.1</ele>
    <time>2025-04-05T02:14:51Z</time>
   </trkpt>
   <trkpt lat="-6.8745020" lon="109.0605680">
    <ele>4.1</ele>
    <time>2025-04-05T02:14:52Z</time>
   </trkpt>
   <trkpt lat="-6.8744810" lon="109.0605850">
    <ele>4.1</ele>
    <time>2025-04-05T02:14:53Z</time>
   </trkpt>
   <trkpt lat="-6.8744730" lon="109.0605910">
    <ele>4.1</ele>
    <time>2025-04-05T02:14:54Z</time>
   </trkpt>
   <trkpt lat="-6.8744610" lon="109.0606000">
    <ele>4.1</ele>
    <time>2025-04-05T02:14:55Z</time>
   </trkpt>
   <trkpt lat="-6.8744470" lon="109.0606100">
    <ele>4.1</ele>
    <time>2025-04-05T02:14:56Z</time>
   </trkpt>
   <trkpt lat="-6.8744200" lon="109.0606260">
    <ele>4.1</ele>
    <time>2025-04-05T02:14:57Z</time>
   </trkpt>
   <trkpt lat="-6.8744080" lon="109.0606320">
    <ele>4.1</ele>
    <time>2025-04-05T02:14:58Z</time>
   </trkpt>
   <trkpt lat="-6.8743810" lon="109.0606420">
    <ele>4.1</ele>
    <time>2025-04-05T02:14:59Z</time>
   </trkpt>
   <trkpt lat="-6.8743510" lon="109.0606490">
    <ele>4.1</ele>
    <time>2025-04-05T02:15:00Z</time>
   </trkpt>
   <trkpt lat="-6.8743220" lon="109.0606530">
    <ele>4.2</ele>
    <time>2025-04-05T02:15:01Z</time>
   </trkpt>
   <trkpt lat="-6.8742990" lon="109.0606570">
    <ele>4.2</ele>
    <time>2025-04-05T02:15:02Z</time>
   </trkpt>
   <trkpt lat="-6.8742860" lon="109.0606610">
    <ele>4.3</ele>
    <time>2025-04-05T02:15:03Z</time>
   </trkpt>
   <trkpt lat="-6.8742640" lon="109.0606650">
    <ele>4.3</ele>
    <time>2025-04-05T02:15:04Z</time>
   </trkpt>
   <trkpt lat="-6.8742530" lon="109.0606650">
    <ele>4.4</ele>
    <time>2025-04-05T02:15:05Z</time>
   </trkpt>
   <trkpt lat="-6.8742420" lon="109.0606650">
    <ele>4.4</ele>
    <time>2025-04-05T02:15:06Z</time>
   </trkpt>
   <trkpt lat="-6.8742260" lon="109.0606680">
    <ele>4.4</ele>
    <time>2025-04-05T02:15:07Z</time>
   </trkpt>
   <trkpt lat="-6.8742120" lon="109.0606710">
    <ele>4.5</ele>
    <time>2025-04-05T02:15:08Z</time>
   </trkpt>
   <trkpt lat="-6.8741780" lon="109.0606770">
    <ele>4.6</ele>
    <time>2025-04-05T02:15:09Z</time>
   </trkpt>
   <trkpt lat="-6.8741630" lon="109.0606800">
    <ele>4.6</ele>
    <time>2025-04-05T02:15:10Z</time>
   </trkpt>
   <trkpt lat="-6.8741210" lon="109.0606880">
    <ele>4.7</ele>
    <time>2025-04-05T02:15:11Z</time>
   </trkpt>
   <trkpt lat="-6.8740890" lon="109.0606950">
    <ele>4.8</ele>
    <time>2025-04-05T02:15:12Z</time>
   </trkpt>
   <trkpt lat="-6.8740640" lon="109.0607050">
    <ele>4.8</ele>
    <time>2025-04-05T02:15:13Z</time>
   </trkpt>
   <trkpt lat="-6.8740350" lon="109.0607200">
    <ele>4.9</ele>
    <time>2025-04-05T02:15:14Z</time>
   </trkpt>
   <trkpt lat="-6.8740020" lon="109.0607400">
    <ele>5.0</ele>
    <time>2025-04-05T02:15:15Z</time>
   </trkpt>
   <trkpt lat="-6.8739750" lon="109.0607500">
    <ele>5.0</ele>
    <time>2025-04-05T02:15:16Z</time>
   </trkpt>
   <trkpt lat="-6.8739480" lon="109.0607560">
    <ele>5.1</ele>
    <time>2025-04-05T02:15:17Z</time>
   </trkpt>
   <trkpt lat="-6.8739140" lon="109.0607610">
    <ele>5.2</ele>
    <time>2025-04-05T02:15:18Z</time>
   </trkpt>
   <trkpt lat="-6.8739040" lon="109.0607630">
    <ele>5.2</ele>
    <time>2025-04-05T02:15:19Z</time>
   </trkpt>
   <trkpt lat="-6.8738730" lon="109.0607730">
    <ele>5.3</ele>
    <time>2025-04-05T02:15:20Z</time>
   </trkpt>
   <trkpt lat="-6.8738600" lon="109.0607790">
    <ele>5.3</ele>
    <time>2025-04-05T02:15:21Z</time>
   </trkpt>
   <trkpt lat="-6.8738360" lon="109.0607950">
    <ele>5.4</ele>
    <time>2025-04-05T02:15:22Z</time>
   </trkpt>
   <trkpt lat="-6.8738100" lon="109.0608170">
    <ele>5.5</ele>
    <time>2025-04-05T02:15:23Z</time>
   </trkpt>
   <trkpt lat="-6.8737860" lon="109.0608400">
    <ele>5.5</ele>
    <time>2025-04-05T02:15:24Z</time>
   </trkpt>
   <trkpt lat="-6.8737650" lon="109.0608570">
    <ele>5.6</ele>
    <time>2025-04-05T02:15:25Z</time>
   </trkpt>
   <trkpt lat="-6.8737370" lon="109.0608690">
    <ele>5.7</ele>
    <time>2025-04-05T02:15:26Z</time>
   </trkpt>
   <trkpt lat="-6.8736940" lon="109.0608840">
    <ele>5.7</ele>
    <time>2025-04-05T02:15:27Z</time>
   </trkpt>
   <trkpt lat="-6.8736570" lon="109.0608990">
    <ele>5.8</ele>
    <time>2025-04-05T02:15:28Z</time>
   </trkpt>
   <trkpt lat="-6.8736250" lon="109.0609060">
    <ele>5.8</ele>
    <time>2025-04-05T02:15:29Z</time>
   </trkpt>
   <trkpt lat="-6.8735910" lon="109.0609110">
    <ele>5.8</ele>
    <time>2025-04-05T02:15:30Z</time>
   </trkpt>
   <trkpt lat="-6.8735600" lon="109.0609120">
    <ele>5.9</ele>
    <time>2025-04-05T02:15:31Z</time>
   </trkpt>
   <trkpt lat="-6.8735240" lon="109.0609180">
    <ele>5.9</ele>
    <time>2025-04-05T02:15:32Z</time>
   </trkpt>
   <trkpt lat="-6.8735130" lon="109.0609190">
    <ele>5.9</ele>
    <time>2025-04-05T02:15:33Z</time>
   </trkpt>
   <trkpt lat="-6.8734790" lon="109.0609380">
    <ele>5.9</ele>
    <time>2025-04-05T02:15:34Z</time>
   </trkpt>
   <trkpt lat="-6.8734670" lon="109.0609460">
    <ele>6.0</ele>
    <time>2025-04-05T02:15:35Z</time>
   </trkpt>
   <trkpt lat="-6.8734290" lon="109.0609650">
    <ele>6.0</ele>
    <time>2025-04-05T02:15:36Z</time>
   </trkpt>
   <trkpt lat="-6.8734140" lon="109.0609710">
    <ele>6.0</ele>
    <time>2025-04-05T02:15:37Z</time>
   </trkpt>
   <trkpt lat="-6.8733850" lon="109.0609800">
    <ele>6.0</ele>
    <time>2025-04-05T02:15:38Z</time>
   </trkpt>
   <trkpt lat="-6.8733590" lon="109.0609920">
    <ele>6.1</ele>
    <time>2025-04-05T02:15:39Z</time>
   </trkpt>
   <trkpt lat="-6.8733320" lon="109.0610090">
    <ele>6.1</ele>
    <time>2025-04-05T02:15:40Z</time>
   </trkpt>
   <trkpt lat="-6.8733040" lon="109.0610260">
    <ele>6.2</ele>
    <time>2025-04-05T02:15:41Z</time>
   </trkpt>
   <trkpt lat="-6.8732780" lon="109.0610390">
    <ele>6.3</ele>
    <time>2025-04-05T02:15:42Z</time>
   </trkpt>
   <trkpt lat="-6.8732450" lon="109.0610540">
    <ele>6.5</ele>
    <time>2025-04-05T02:15:43Z</time>
   </trkpt>
   <trkpt lat="-6.8732350" lon="109.0610590">
    <ele>6.6</ele>
    <time>2025-04-05T02:15:44Z</time>
   </trkpt>
   <trkpt lat="-6.8732060" lon="109.0610700">
    <ele>6.8</ele>
    <time>2025-04-05T02:15:45Z</time>
   </trkpt>
   <trkpt lat="-6.8731740" lon="109.0610820">
    <ele>7.0</ele>
    <time>2025-04-05T02:15:46Z</time>
   </trkpt>
   <trkpt lat="-6.8731450" lon="109.0610920">
    <ele>7.1</ele>
    <time>2025-04-05T02:15:47Z</time>
   </trkpt>
   <trkpt lat="-6.8731120" lon="109.0611010">
    <ele>7.3</ele>
    <time>2025-04-05T02:15:48Z</time>
   </trkpt>
   <trkpt lat="-6.8730800" lon="109.0611110">
    <ele>7.5</ele>
    <time>2025-04-05T02:15:49Z</time>
   </trkpt>
   <trkpt lat="-6.8730520" lon="109.0611220">
    <ele>7.7</ele>
    <time>2025-04-05T02:15:50Z</time>
   </trkpt>
   <trkpt lat="-6.8730230" lon="109.0611320">
    <ele>7.8</ele>
    <time>2025-04-05T02:15:51Z</time>
   </trkpt>
   <trkpt lat="-6.8729790" lon="109.0611540">
    <ele>7.8</ele>
    <time>2025-04-05T02:15:52Z</time>
   </trkpt>
   <trkpt lat="-6.8728760" lon="109.0611910">
    <ele>7.8</ele>
    <time>2025-04-05T02:15:56Z</time>
   </trkpt>
   <trkpt lat="-6.8725360" lon="109.0612940">
    <ele>7.0</ele>
    <time>2025-04-05T02:16:02Z</time>
   </trkpt>
   <trkpt lat="-6.8724530" lon="109.0612980">
    <ele>6.9</ele>
    <time>2025-04-05T02:16:09Z</time>
   </trkpt>
   <trkpt lat="-6.8723870" lon="109.0612820">
    <ele>6.7</ele>
    <time>2025-04-05T02:16:11Z</time>
   </trkpt>
   <trkpt lat="-6.8723560" lon="109.0612910">
    <ele>6.6</ele>
    <time>2025-04-05T02:16:12Z</time>
   </trkpt>
   <trkpt lat="-6.8723250" lon="109.0612980">
    <ele>6.5</ele>
    <time>2025-04-05T02:16:13Z</time>
   </trkpt>
   <trkpt lat="-6.8722970" lon="109.0612970">
    <ele>6.4</ele>
    <time>2025-04-05T02:16:14Z</time>
   </trkpt>
   <trkpt lat="-6.8722660" lon="109.0613040">
    <ele>6.2</ele>
    <time>2025-04-05T02:16:15Z</time>
   </trkpt>
   <trkpt lat="-6.8722230" lon="109.0613190">
    <ele>6.1</ele>
    <time>2025-04-05T02:16:16Z</time>
   </trkpt>
   <trkpt lat="-6.8722060" lon="109.0613250">
    <ele>6.0</ele>
    <time>2025-04-05T02:16:17Z</time>
   </trkpt>
   <trkpt lat="-6.8721770" lon="109.0613360">
    <ele>5.9</ele>
    <time>2025-04-05T02:16:18Z</time>
   </trkpt>
   <trkpt lat="-6.8721480" lon="109.0613470">
    <ele>5.8</ele>
    <time>2025-04-05T02:16:19Z</time>
   </trkpt>
   <trkpt lat="-6.8721200" lon="109.0613590">
    <ele>5.6</ele>
    <time>2025-04-05T02:16:20Z</time>
   </trkpt>
   <trkpt lat="-6.8720920" lon="109.0613720">
    <ele>5.5</ele>
    <time>2025-04-05T02:16:21Z</time>
   </trkpt>
   <trkpt lat="-6.8720640" lon="109.0613850">
    <ele>5.3</ele>
    <time>2025-04-05T02:16:22Z</time>
   </trkpt>
   <trkpt lat="-6.8720340" lon="109.0613980">
    <ele>5.2</ele>
    <time>2025-04-05T02:16:23Z</time>
   </trkpt>
   <trkpt lat="-6.8720030" lon="109.0614080">
    <ele>5.0</ele>
    <time>2025-04-05T02:16:24Z</time>
   </trkpt>
   <trkpt lat="-6.8719690" lon="109.0614150">
    <ele>4.8</ele>
    <time>2025-04-05T02:16:25Z</time>
   </trkpt>
   <trkpt lat="-6.8719340" lon="109.0614200">
    <ele>4.7</ele>
    <time>2025-04-05T02:16:26Z</time>
   </trkpt>
   <trkpt lat="-6.8719030" lon="109.0614280">
    <ele>4.5</ele>
    <time>2025-04-05T02:16:27Z</time>
   </trkpt>
   <trkpt lat="-6.8718750" lon="109.0614250">
    <ele>4.4</ele>
    <time>2025-04-05T02:16:28Z</time>
   </trkpt>
   <trkpt lat="-6.8718460" lon="109.0614300">
    <ele>4.3</ele>
    <time>2025-04-05T02:16:29Z</time>
   </trkpt>
   <trkpt lat="-6.8718180" lon="109.0614390">
    <ele>4.2</ele>
    <time>2025-04-05T02:16:30Z</time>
   </trkpt>
   <trkpt lat="-6.8717880" lon="109.0614500">
    <ele>4.1</ele>
    <time>2025-04-05T02:16:31Z</time>
   </trkpt>
   <trkpt lat="-6.8717550" lon="109.0614600">
    <ele>4.1</ele>
    <time>2025-04-05T02:16:32Z</time>
   </trkpt>
   <trkpt lat="-6.8717220" lon="109.0614690">
    <ele>4.0</ele>
    <time>2025-04-05T02:16:33Z</time>
   </trkpt>
   <trkpt lat="-6.8716880" lon="109.0614780">
    <ele>4.0</ele>
    <time>2025-04-05T02:16:34Z</time>
   </trkpt>
   <trkpt lat="-6.8716550" lon="109.0614870">
    <ele>4.0</ele>
    <time>2025-04-05T02:16:35Z</time>
   </trkpt>
   <trkpt lat="-6.8716230" lon="109.0614950">
    <ele>3.9</ele>
    <time>2025-04-05T02:16:36Z</time>
   </trkpt>
   <trkpt lat="-6.8715930" lon="109.0615010">
    <ele>3.9</ele>
    <time>2025-04-05T02:16:37Z</time>
   </trkpt>
   <trkpt lat="-6.8715650" lon="109.0615040">
    <ele>3.8</ele>
    <time>2025-04-05T02:16:38Z</time>
   </trkpt>
   <trkpt lat="-6.8715360" lon="109.0615110">
    <ele>3.8</ele>
    <time>2025-04-05T02:16:39Z</time>
   </trkpt>
   <trkpt lat="-6.8715090" lon="109.0615200">
    <ele>3.7</ele>
    <time>2025-04-05T02:16:40Z</time>
   </trkpt>
   <trkpt lat="-6.8714820" lon="109.0615270">
    <ele>3.7</ele>
    <time>2025-04-05T02:16:41Z</time>
   </trkpt>
   <trkpt lat="-6.8714550" lon="109.0615350">
    <ele>3.6</ele>
    <time>2025-04-05T02:16:42Z</time>
   </trkpt>
   <trkpt lat="-6.8714270" lon="109.0615390">
    <ele>3.6</ele>
    <time>2025-04-05T02:16:43Z</time>
   </trkpt>
   <trkpt lat="-6.8713990" lon="109.0615470">
    <ele>3.5</ele>
    <time>2025-04-05T02:16:44Z</time>
   </trkpt>
   <trkpt lat="-6.8713710" lon="109.0615520">
    <ele>3.4</ele>
    <time>2025-04-05T02:16:45Z</time>
   </trkpt>
   <trkpt lat="-6.8713420" lon="109.0615600">
    <ele>3.4</ele>
    <time>2025-04-05T02:16:46Z</time>
   </trkpt>
   <trkpt lat="-6.8713160" lon="109.0615690">
    <ele>3.3</ele>
    <time>2025-04-05T02:16:47Z</time>
   </trkpt>
   <trkpt lat="-6.8712890" lon="109.0615770">
    <ele>3.3</ele>
    <time>2025-04-05T02:16:48Z</time>
   </trkpt>
   <trkpt lat="-6.8712620" lon="109.0615840">
    <ele>3.2</ele>
    <time>2025-04-05T02:16:49Z</time>
   </trkpt>
   <trkpt lat="-6.8712280" lon="109.0615850">
    <ele>3.2</ele>
    <time>2025-04-05T02:16:50Z</time>
   </trkpt>
   <trkpt lat="-6.8712180" lon="109.0615840">
    <ele>3.2</ele>
    <time>2025-04-05T02:16:51Z</time>
   </trkpt>
   <trkpt lat="-6.8711990" lon="109.0615840">
    <ele>3.1</ele>
    <time>2025-04-05T02:16:52Z</time>
   </trkpt>
   <trkpt lat="-6.8711830" lon="109.0615860">
    <ele>3.1</ele>
    <time>2025-04-05T02:16:53Z</time>
   </trkpt>
   <trkpt lat="-6.8711620" lon="109.0615890">
    <ele>3.1</ele>
    <time>2025-04-05T02:16:54Z</time>
   </trkpt>
   <trkpt lat="-6.8711540" lon="109.0615900">
    <ele>3.1</ele>
    <time>2025-04-05T02:16:55Z</time>
   </trkpt>
   <trkpt lat="-6.8711450" lon="109.0615910">
    <ele>3.1</ele>
    <time>2025-04-05T02:16:56Z</time>
   </trkpt>
   <trkpt lat="-6.8711290" lon="109.0615860">
    <ele>3.1</ele>
    <time>2025-04-05T02:16:57Z</time>
   </trkpt>
   <trkpt lat="-6.8711140" lon="109.0615790">
    <ele>3.1</ele>
    <time>2025-04-05T02:16:58Z</time>
   </trkpt>
   <trkpt lat="-6.8710990" lon="109.0615750">
    <ele>3.1</ele>
    <time>2025-04-05T02:16:59Z</time>
   </trkpt>
   <trkpt lat="-6.8710870" lon="109.0615640">
    <ele>3.1</ele>
    <time>2025-04-05T02:17:00Z</time>
   </trkpt>
   <trkpt lat="-6.8710770" lon="109.0615300">
    <ele>3.2</ele>
    <time>2025-04-05T02:17:01Z</time>
   </trkpt>
   <trkpt lat="-6.8710740" lon="109.0615180">
    <ele>3.2</ele>
    <time>2025-04-05T02:17:02Z</time>
   </trkpt>
   <trkpt lat="-6.8710680" lon="109.0614890">
    <ele>3.2</ele>
    <time>2025-04-05T02:17:03Z</time>
   </trkpt>
   <trkpt lat="-6.8710600" lon="109.0614540">
    <ele>3.2</ele>
    <time>2025-04-05T02:17:04Z</time>
   </trkpt>
   <trkpt lat="-6.8710520" lon="109.0614240">
    <ele>3.3</ele>
    <time>2025-04-05T02:17:05Z</time>
   </trkpt>
   <trkpt lat="-6.8710460" lon="109.0613920">
    <ele>3.3</ele>
    <time>2025-04-05T02:17:06Z</time>
   </trkpt>
   <trkpt lat="-6.8710390" lon="109.0613580">
    <ele>3.4</ele>
    <time>2025-04-05T02:17:07Z</time>
   </trkpt>
   <trkpt lat="-6.8710360" lon="109.0613480">
    <ele>3.4</ele>
    <time>2025-04-05T02:17:08Z</time>
   </trkpt>
   <trkpt lat="-6.8710260" lon="109.0613160">
    <ele>3.4</ele>
    <time>2025-04-05T02:17:09Z</time>
   </trkpt>
   <trkpt lat="-6.8710220" lon="109.0613050">
    <ele>3.5</ele>
    <time>2025-04-05T02:17:10Z</time>
   </trkpt>
   <trkpt lat="-6.8710110" lon="109.0612630">
    <ele>3.5</ele>
    <time>2025-04-05T02:17:11Z</time>
   </trkpt>
   <trkpt lat="-6.8710080" lon="109.0612470">
    <ele>3.6</ele>
    <time>2025-04-05T02:17:12Z</time>
   </trkpt>
   <trkpt lat="-6.8709990" lon="109.0612140">
    <ele>3.6</ele>
    <time>2025-04-05T02:17:13Z</time>
   </trkpt>
   <trkpt lat="-6.8709900" lon="109.0611800">
    <ele>3.7</ele>
    <time>2025-04-05T02:17:14Z</time>
   </trkpt>
   <trkpt lat="-6.8709830" lon="109.0611480">
    <ele>3.8</ele>
    <time>2025-04-05T02:17:15Z</time>
   </trkpt>
   <trkpt lat="-6.8709720" lon="109.0611190">
    <ele>3.8</ele>
    <time>2025-04-05T02:17:16Z</time>
   </trkpt>
   <trkpt lat="-6.8709630" lon="109.0610920">
    <ele>3.9</ele>
    <time>2025-04-05T02:17:17Z</time>
   </trkpt>
   <trkpt lat="-6.8709520" lon="109.0610670">
    <ele>3.9</ele>
    <time>2025-04-05T02:17:18Z</time>
   </trkpt>
   <trkpt lat="-6.8709420" lon="109.0610400">
    <ele>4.0</ele>
    <time>2025-04-05T02:17:19Z</time>
   </trkpt>
   <trkpt lat="-6.8709290" lon="109.0610090">
    <ele>4.0</ele>
    <time>2025-04-05T02:17:20Z</time>
   </trkpt>
   <trkpt lat="-6.8709250" lon="109.0610020">
    <ele>4.1</ele>
    <time>2025-04-05T02:17:21Z</time>
   </trkpt>
   <trkpt lat="-6.8709170" lon="109.0609900">
    <ele>4.1</ele>
    <time>2025-04-05T02:17:22Z</time>
   </trkpt>
   <trkpt lat="-6.8709120" lon="109.0609830">
    <ele>4.1</ele>
    <time>2025-04-05T02:17:23Z</time>
   </trkpt>
   <trkpt lat="-6.8709090" lon="109.0609770">
    <ele>4.1</ele>
    <time>2025-04-05T02:17:24Z</time>
   </trkpt>
   <trkpt lat="-6.8709090" lon="109.0609580">
    <ele>4.2</ele>
    <time>2025-04-05T02:17:25Z</time>
   </trkpt>
   <trkpt lat="-6.8709110" lon="109.0609470">
    <ele>4.2</ele>
    <time>2025-04-05T02:17:26Z</time>
   </trkpt>
   <trkpt lat="-6.8709120" lon="109.0609360">
    <ele>4.2</ele>
    <time>2025-04-05T02:17:27Z</time>
   </trkpt>
   <trkpt lat="-6.8709130" lon="109.0609260">
    <ele>4.2</ele>
    <time>2025-04-05T02:17:28Z</time>
   </trkpt>
   <trkpt lat="-6.8709080" lon="109.0609190">
    <ele>4.3</ele>
    <time>2025-04-05T02:17:29Z</time>
   </trkpt>
   <trkpt lat="-6.8709020" lon="109.0609120">
    <ele>4.3</ele>
    <time>2025-04-05T02:17:30Z</time>
   </trkpt>
   <trkpt lat="-6.8708990" lon="109.0609080">
    <ele>4.3</ele>
    <time>2025-04-05T02:17:31Z</time>
   </trkpt>
   <trkpt lat="-6.8709040" lon="109.0609030">
    <ele>4.3</ele>
    <time>2025-04-05T02:17:32Z</time>
   </trkpt>
   <trkpt lat="-6.8709040" lon="109.0608970">
    <ele>4.3</ele>
    <time>2025-04-05T02:17:33Z</time>
   </trkpt>
   <trkpt lat="-6.8709040" lon="109.0608910">
    <ele>4.4</ele>
    <time>2025-04-05T02:17:34Z</time>
   </trkpt>
   <trkpt lat="-6.8709030" lon="109.0608850">
    <ele>4.4</ele>
    <time>2025-04-05T02:17:35Z</time>
   </trkpt>
   <trkpt lat="-6.8709030" lon="109.0608790">
    <ele>4.4</ele>
    <time>2025-04-05T02:17:36Z</time>
   </trkpt>
   <trkpt lat="-6.8709030" lon="109.0608730">
    <ele>4.4</ele>
    <time>2025-04-05T02:17:37Z</time>
   </trkpt>
   <trkpt lat="-6.8709030" lon="109.0608670">
    <ele>4.4</ele>
    <time>2025-04-05T02:17:38Z</time>
   </trkpt>
   <trkpt lat="-6.8709030" lon="109.0608610">
    <ele>4.5</ele>
    <time>2025-04-05T02:17:39Z</time>
   </trkpt>
   <trkpt lat="-6.8709030" lon="109.0608550">
    <ele>4.5</ele>
    <time>2025-04-05T02:17:40Z</time>
   </trkpt>
   <trkpt lat="-6.8709020" lon="109.0608490">
    <ele>4.5</ele>
    <time>2025-04-05T02:17:43Z</time>
   </trkpt>
   <trkpt lat="-6.8709020" lon="109.0608430">
    <ele>4.5</ele>
    <time>2025-04-05T02:17:44Z</time>
   </trkpt>
   <trkpt lat="-6.8709020" lon="109.0608370">
    <ele>4.5</ele>
    <time>2025-04-05T02:17:45Z</time>
   </trkpt>
   <trkpt lat="-6.8708920" lon="109.0608060">
    <ele>4.6</ele>
    <time>2025-04-05T02:17:46Z</time>
   </trkpt>
   <trkpt lat="-6.8708890" lon="109.0607950">
    <ele>4.7</ele>
    <time>2025-04-05T02:17:47Z</time>
   </trkpt>
   <trkpt lat="-6.8708830" lon="109.0607790">
    <ele>4.7</ele>
    <time>2025-04-05T02:17:48Z</time>
   </trkpt>
   <trkpt lat="-6.8708730" lon="109.0607630">
    <ele>4.8</ele>
    <time>2025-04-05T02:17:49Z</time>
   </trkpt>
   <trkpt lat="-6.8708590" lon="109.0607390">
    <ele>4.9</ele>
    <time>2025-04-05T02:17:50Z</time>
   </trkpt>
   <trkpt lat="-6.8708530" lon="109.0607300">
    <ele>4.9</ele>
    <time>2025-04-05T02:17:51Z</time>
   </trkpt>
   <trkpt lat="-6.8708430" lon="109.0607000">
    <ele>5.0</ele>
    <time>2025-04-05T02:17:52Z</time>
   </trkpt>
   <trkpt lat="-6.8708400" lon="109.0606900">
    <ele>5.0</ele>
    <time>2025-04-05T02:17:53Z</time>
   </trkpt>
   <trkpt lat="-6.8708330" lon="109.0606530">
    <ele>5.1</ele>
    <time>2025-04-05T02:17:54Z</time>
   </trkpt>
   <trkpt lat="-6.8708300" lon="109.0606410">
    <ele>5.1</ele>
    <time>2025-04-05T02:17:55Z</time>
   </trkpt>
   <trkpt lat="-6.8708300" lon="109.0606110">
    <ele>5.2</ele>
    <time>2025-04-05T02:17:56Z</time>
   </trkpt>
   <trkpt lat="-6.8708280" lon="109.0605660">
    <ele>5.3</ele>
    <time>2025-04-05T02:17:57Z</time>
   </trkpt>
   <trkpt lat="-6.8708260" lon="109.0605490">
    <ele>5.3</ele>
    <time>2025-04-05T02:17:58Z</time>
   </trkpt>
   <trkpt lat="-6.8708190" lon="109.0605220">
    <ele>5.4</ele>
    <time>2025-04-05T02:17:59Z</time>
   </trkpt>
   <trkpt lat="-6.8708060" lon="109.0604900">
    <ele>5.5</ele>
    <time>2025-04-05T02:18:00Z</time>
   </trkpt>
   <trkpt lat="-6.8708010" lon="109.0604810">
    <ele>5.5</ele>
    <time>2025-04-05T02:18:01Z</time>
   </trkpt>
   <trkpt lat="-6.8707870" lon="109.0604430">
    <ele>5.6</ele>
    <time>2025-04-05T02:18:02Z</time>
   </trkpt>
   <trkpt lat="-6.8707820" lon="109.0604290">
    <ele>5.6</ele>
    <time>2025-04-05T02:18:03Z</time>
   </trkpt>
   <trkpt lat="-6.8707720" lon="109.0604030">
    <ele>5.7</ele>
    <time>2025-04-05T02:18:04Z</time>
   </trkpt>
   <trkpt lat="-6.8707650" lon="109.0603700">
    <ele>5.8</ele>
    <time>2025-04-05T02:18:05Z</time>
   </trkpt>
   <trkpt lat="-6.8707620" lon="109.0603600">
    <ele>5.9</ele>
    <time>2025-04-05T02:18:06Z</time>
   </trkpt>
   <trkpt lat="-6.8707470" lon="109.0603270">
    <ele>6.0</ele>
    <time>2025-04-05T02:18:07Z</time>
   </trkpt>
   <trkpt lat="-6.8707410" lon="109.0603150">
    <ele>6.0</ele>
    <time>2025-04-05T02:18:08Z</time>
   </trkpt>
   <trkpt lat="-6.8707230" lon="109.0602850">
    <ele>6.2</ele>
    <time>2025-04-05T02:18:09Z</time>
   </trkpt>
   <trkpt lat="-6.8707170" lon="109.0602760">
    <ele>6.2</ele>
    <time>2025-04-05T02:18:10Z</time>
   </trkpt>
   <trkpt lat="-6.8707050" lon="109.0602660">
    <ele>6.3</ele>
    <time>2025-04-05T02:18:11Z</time>
   </trkpt>
   <trkpt lat="-6.8706930" lon="109.0602630">
    <ele>6.3</ele>
    <time>2025-04-05T02:18:12Z</time>
   </trkpt>
   <trkpt lat="-6.8706850" lon="109.0602620">
    <ele>6.4</ele>
    <time>2025-04-05T02:18:13Z</time>
   </trkpt>
   <trkpt lat="-6.8706830" lon="109.0602540">
    <ele>6.4</ele>
    <time>2025-04-05T02:18:14Z</time>
   </trkpt>
   <trkpt lat="-6.8706800" lon="109.0602450">
    <ele>6.4</ele>
    <time>2025-04-05T02:18:15Z</time>
   </trkpt>
   <trkpt lat="-6.8706780" lon="109.0602370">
    <ele>6.5</ele>
    <time>2025-04-05T02:18:16Z</time>
   </trkpt>
   <trkpt lat="-6.8706760" lon="109.0602290">
    <ele>6.5</ele>
    <time>2025-04-05T02:18:17Z</time>
   </trkpt>
   <trkpt lat="-6.8706600" lon="109.0601970">
    <ele>6.6</ele>
    <time>2025-04-05T02:18:18Z</time>
   </trkpt>
   <trkpt lat="-6.8706560" lon="109.0601880">
    <ele>6.7</ele>
    <time>2025-04-05T02:18:19Z</time>
   </trkpt>
   <trkpt lat="-6.8706450" lon="109.0601540">
    <ele>6.8</ele>
    <time>2025-04-05T02:18:20Z</time>
   </trkpt>
   <trkpt lat="-6.8706390" lon="109.0601410">
    <ele>6.8</ele>
    <time>2025-04-05T02:18:21Z</time>
   </trkpt>
   <trkpt lat="-6.8706260" lon="109.0601170">
    <ele>6.9</ele>
    <time>2025-04-05T02:18:22Z</time>
   </trkpt>
   <trkpt lat="-6.8706050" lon="109.0600870">
    <ele>7.0</ele>
    <time>2025-04-05T02:18:23Z</time>
   </trkpt>
   <trkpt lat="-6.8705990" lon="109.0600790">
    <ele>7.0</ele>
    <time>2025-04-05T02:18:24Z</time>
   </trkpt>
   <trkpt lat="-6.8705810" lon="109.0600670">
    <ele>7.1</ele>
    <time>2025-04-05T02:18:25Z</time>
   </trkpt>
   <trkpt lat="-6.8705700" lon="109.0600640">
    <ele>7.1</ele>
    <time>2025-04-05T02:18:26Z</time>
   </trkpt>
   <trkpt lat="-6.8705600" lon="109.0600620">
    <ele>7.1</ele>
    <time>2025-04-05T02:18:27Z</time>
   </trkpt>
   <trkpt lat="-6.8705330" lon="109.0600700">
    <ele>7.1</ele>
    <time>2025-04-05T02:18:28Z</time>
   </trkpt>
   <trkpt lat="-6.8705010" lon="109.0600820">
    <ele>7.1</ele>
    <time>2025-04-05T02:18:29Z</time>
   </trkpt>
   <trkpt lat="-6.8704900" lon="109.0600870">
    <ele>7.1</ele>
    <time>2025-04-05T02:18:30Z</time>
   </trkpt>
   <trkpt lat="-6.8704650" lon="109.0600980">
    <ele>7.1</ele>
    <time>2025-04-05T02:18:31Z</time>
   </trkpt>
   <trkpt lat="-6.8704330" lon="109.0601080">
    <ele>7.1</ele>
    <time>2025-04-05T02:18:32Z</time>
   </trkpt>
   <trkpt lat="-6.8704230" lon="109.0601100">
    <ele>7.1</ele>
    <time>2025-04-05T02:18:33Z</time>
   </trkpt>
   <trkpt lat="-6.8703900" lon="109.0601200">
    <ele>7.1</ele>
    <time>2025-04-05T02:18:34Z</time>
   </trkpt>
   <trkpt lat="-6.8703780" lon="109.0601240">
    <ele>7.1</ele>
    <time>2025-04-05T02:18:35Z</time>
   </trkpt>
   <trkpt lat="-6.8703410" lon="109.0601370">
    <ele>7.1</ele>
    <time>2025-04-05T02:18:36Z</time>
   </trkpt>
   <trkpt lat="-6.8703280" lon="109.0601410">
    <ele>7.1</ele>
    <time>2025-04-05T02:18:37Z</time>
   </trkpt>
   <trkpt lat="-6.8702930" lon="109.0601520">
    <ele>7.1</ele>
    <time>2025-04-05T02:18:38Z</time>
   </trkpt>
   <trkpt lat="-6.8702800" lon="109.0601550">
    <ele>7.1</ele>
    <time>2025-04-05T02:18:39Z</time>
   </trkpt>
   <trkpt lat="-6.8702500" lon="109.0601570">
    <ele>7.1</ele>
    <time>2025-04-05T02:18:40Z</time>
   </trkpt>
   <trkpt lat="-6.8702400" lon="109.0601590">
    <ele>7.1</ele>
    <time>2025-04-05T02:18:41Z</time>
   </trkpt>
   <trkpt lat="-6.8702190" lon="109.0601570">
    <ele>7.1</ele>
    <time>2025-04-05T02:18:42Z</time>
   </trkpt>
   <trkpt lat="-6.8702110" lon="109.0601550">
    <ele>7.1</ele>
    <time>2025-04-05T02:18:43Z</time>
   </trkpt>
   <trkpt lat="-6.8702110" lon="109.0601530">
    <ele>7.1</ele>
    <time>2025-04-05T02:18:44Z</time>
   </trkpt>
   <trkpt lat="-6.8702110" lon="109.0601530">
    <ele>7.1</ele>
    <time>2025-04-05T02:18:45Z</time>
   </trkpt>
   <trkpt lat="-6.8702120" lon="109.0601520">
    <ele>7.1</ele>
    <time>2025-04-05T02:18:46Z</time>
   </trkpt>
   <trkpt lat="-6.8702120" lon="109.0601520">
    <ele>7.1</ele>
    <time>2025-04-05T02:18:47Z</time>
   </trkpt>
   <trkpt lat="-6.8702060" lon="109.0601490">
    <ele>7.2</ele>
    <time>2025-04-05T02:18:48Z</time>
   </trkpt>
   <trkpt lat="-6.8702010" lon="109.0601490">
    <ele>7.2</ele>
    <time>2025-04-05T02:18:49Z</time>
   </trkpt>
   <trkpt lat="-6.8701940" lon="109.0601480">
    <ele>7.2</ele>
    <time>2025-04-05T02:18:50Z</time>
   </trkpt>
   <trkpt lat="-6.8701920" lon="109.0601470">
    <ele>7.2</ele>
    <time>2025-04-05T02:18:51Z</time>
   </trkpt>
   <trkpt lat="-6.8701820" lon="109.0601520">
    <ele>7.2</ele>
    <time>2025-04-05T02:18:52Z</time>
   </trkpt>
   <trkpt lat="-6.8701610" lon="109.0601610">
    <ele>7.2</ele>
    <time>2025-04-05T02:18:53Z</time>
   </trkpt>
   <trkpt lat="-6.8701490" lon="109.0601660">
    <ele>7.3</ele>
    <time>2025-04-05T02:18:54Z</time>
   </trkpt>
   <trkpt lat="-6.8701360" lon="109.0601700">
    <ele>7.3</ele>
    <time>2025-04-05T02:18:55Z</time>
   </trkpt>
   <trkpt lat="-6.8701070" lon="109.0601760">
    <ele>7.4</ele>
    <time>2025-04-05T02:18:56Z</time>
   </trkpt>
   <trkpt lat="-6.8700760" lon="109.0601840">
    <ele>7.4</ele>
    <time>2025-04-05T02:18:57Z</time>
   </trkpt>
   <trkpt lat="-6.8700460" lon="109.0601930">
    <ele>7.5</ele>
    <time>2025-04-05T02:18:58Z</time>
   </trkpt>
   <trkpt lat="-6.8700190" lon="109.0602040">
    <ele>7.6</ele>
    <time>2025-04-05T02:18:59Z</time>
   </trkpt>
   <trkpt lat="-6.8699880" lon="109.0602170">
    <ele>7.7</ele>
    <time>2025-04-05T02:19:00Z</time>
   </trkpt>
   <trkpt lat="-6.8699610" lon="109.0602220">
    <ele>7.7</ele>
    <time>2025-04-05T02:19:01Z</time>
   </trkpt>
   <trkpt lat="-6.8699300" lon="109.0602220">
    <ele>7.8</ele>
    <time>2025-04-05T02:19:02Z</time>
   </trkpt>
   <trkpt lat="-6.8699030" lon="109.0602090">
    <ele>7.8</ele>
    <time>2025-04-05T02:19:03Z</time>
   </trkpt>
   <trkpt lat="-6.8698780" lon="109.0601780">
    <ele>7.7</ele>
    <time>2025-04-05T02:19:04Z</time>
   </trkpt>
   <trkpt lat="-6.8698640" lon="109.0601310">
    <ele>7.6</ele>
    <time>2025-04-05T02:19:05Z</time>
   </trkpt>
   <trkpt lat="-6.8698550" lon="109.0600810">
    <ele>7.5</ele>
    <time>2025-04-05T02:19:06Z</time>
   </trkpt>
   <trkpt lat="-6.8698520" lon="109.0600370">
    <ele>7.5</ele>
    <time>2025-04-05T02:19:07Z</time>
   </trkpt>
   <trkpt lat="-6.8698470" lon="109.0599970">
    <ele>7.4</ele>
    <time>2025-04-05T02:19:08Z</time>
   </trkpt>
   <trkpt lat="-6.8698410" lon="109.0599620">
    <ele>7.4</ele>
    <time>2025-04-05T02:19:09Z</time>
   </trkpt>
   <trkpt lat="-6.8698320" lon="109.0599330">
    <ele>7.3</ele>
    <time>2025-04-05T02:19:10Z</time>
   </trkpt>
   <trkpt lat="-6.8698190" lon="109.0599020">
    <ele>7.3</ele>
    <time>2025-04-05T02:19:11Z</time>
   </trkpt>
   <trkpt lat="-6.8698090" lon="109.0598700">
    <ele>7.2</ele>
    <time>2025-04-05T02:19:12Z</time>
   </trkpt>
   <trkpt lat="-6.8698010" lon="109.0598310">
    <ele>7.2</ele>
    <time>2025-04-05T02:19:13Z</time>
   </trkpt>
   <trkpt lat="-6.8697970" lon="109.0598180">
    <ele>7.2</ele>
    <time>2025-04-05T02:19:14Z</time>
   </trkpt>
   <trkpt lat="-6.8697890" lon="109.0597860">
    <ele>7.1</ele>
    <time>2025-04-05T02:19:15Z</time>
   </trkpt>
   <trkpt lat="-6.8697830" lon="109.0597510">
    <ele>7.1</ele>
    <time>2025-04-05T02:19:16Z</time>
   </trkpt>
   <trkpt lat="-6.8697810" lon="109.0597200">
    <ele>7.0</ele>
    <time>2025-04-05T02:19:17Z</time>
   </trkpt>
   <trkpt lat="-6.8697790" lon="109.0596920">
    <ele>7.0</ele>
    <time>2025-04-05T02:19:18Z</time>
   </trkpt>
   <trkpt lat="-6.8697680" lon="109.0596550">
    <ele>7.0</ele>
    <time>2025-04-05T02:19:19Z</time>
   </trkpt>
   <trkpt lat="-6.8697620" lon="109.0596420">
    <ele>6.9</ele>
    <time>2025-04-05T02:19:20Z</time>
   </trkpt>
   <trkpt lat="-6.8697490" lon="109.0596110">
    <ele>6.9</ele>
    <time>2025-04-05T02:19:21Z</time>
   </trkpt>
   <trkpt lat="-6.8697350" lon="109.0595760">
    <ele>6.8</ele>
    <time>2025-04-05T02:19:22Z</time>
   </trkpt>
   <trkpt lat="-6.8697200" lon="109.0595420">
    <ele>6.7</ele>
    <time>2025-04-05T02:19:23Z</time>
   </trkpt>
   <trkpt lat="-6.8697070" lon="109.0595090">
    <ele>6.7</ele>
    <time>2025-04-05T02:19:24Z</time>
   </trkpt>
   <trkpt lat="-6.8696960" lon="109.0594820">
    <ele>6.6</ele>
    <time>2025-04-05T02:19:25Z</time>
   </trkpt>
   <trkpt lat="-6.8696820" lon="109.0594540">
    <ele>6.6</ele>
    <time>2025-04-05T02:19:26Z</time>
   </trkpt>
   <trkpt lat="-6.8696630" lon="109.0594180">
    <ele>6.5</ele>
    <time>2025-04-05T02:19:27Z</time>
   </trkpt>
   <trkpt lat="-6.8696560" lon="109.0594060">
    <ele>6.5</ele>
    <time>2025-04-05T02:19:28Z</time>
   </trkpt>
   <trkpt lat="-6.8696420" lon="109.0593690">
    <ele>6.4</ele>
    <time>2025-04-05T02:19:29Z</time>
   </trkpt>
   <trkpt lat="-6.8696380" lon="109.0593570">
    <ele>6.4</ele>
    <time>2025-04-05T02:19:30Z</time>
   </trkpt>
   <trkpt lat="-6.8696230" lon="109.0593310">
    <ele>6.3</ele>
    <time>2025-04-05T02:19:31Z</time>
   </trkpt>
   <trkpt lat="-6.8696070" lon="109.0593020">
    <ele>6.2</ele>
    <time>2025-04-05T02:19:32Z</time>
   </trkpt>
   <trkpt lat="-6.8695900" lon="109.0592760">
    <ele>6.1</ele>
    <time>2025-04-05T02:19:33Z</time>
   </trkpt>
   <trkpt lat="-6.8695700" lon="109.0592490">
    <ele>5.9</ele>
    <time>2025-04-05T02:19:34Z</time>
   </trkpt>
   <trkpt lat="-6.8695610" lon="109.0592430">
    <ele>5.9</ele>
    <time>2025-04-05T02:19:35Z</time>
   </trkpt>
   <trkpt lat="-6.8695320" lon="109.0592420">
    <ele>5.8</ele>
    <time>2025-04-05T02:19:36Z</time>
   </trkpt>
   <trkpt lat="-6.8695000" lon="109.0592480">
    <ele>5.7</ele>
    <time>2025-04-05T02:19:37Z</time>
   </trkpt>
   <trkpt lat="-6.8694720" lon="109.0592620">
    <ele>5.6</ele>
    <time>2025-04-05T02:19:38Z</time>
   </trkpt>
   <trkpt lat="-6.8694400" lon="109.0592830">
    <ele>5.5</ele>
    <time>2025-04-05T02:19:39Z</time>
   </trkpt>
   <trkpt lat="-6.8694300" lon="109.0592890">
    <ele>5.4</ele>
    <time>2025-04-05T02:19:40Z</time>
   </trkpt>
   <trkpt lat="-6.8693930" lon="109.0593030">
    <ele>5.3</ele>
    <time>2025-04-05T02:19:41Z</time>
   </trkpt>
   <trkpt lat="-6.8693790" lon="109.0593080">
    <ele>5.2</ele>
    <time>2025-04-05T02:19:42Z</time>
   </trkpt>
   <trkpt lat="-6.8693450" lon="109.0593180">
    <ele>5.1</ele>
    <time>2025-04-05T02:19:43Z</time>
   </trkpt>
   <trkpt lat="-6.8693110" lon="109.0593280">
    <ele>5.0</ele>
    <time>2025-04-05T02:19:44Z</time>
   </trkpt>
   <trkpt lat="-6.8692740" lon="109.0593360">
    <ele>4.8</ele>
    <time>2025-04-05T02:19:45Z</time>
   </trkpt>
   <trkpt lat="-6.8692370" lon="109.0593420">
    <ele>4.7</ele>
    <time>2025-04-05T02:19:46Z</time>
   </trkpt>
   <trkpt lat="-6.8692010" lon="109.0593460">
    <ele>4.5</ele>
    <time>2025-04-05T02:19:47Z</time>
   </trkpt>
   <trkpt lat="-6.8691670" lon="109.0593460">
    <ele>4.4</ele>
    <time>2025-04-05T02:19:48Z</time>
   </trkpt>
   <trkpt lat="-6.8691310" lon="109.0593470">
    <ele>4.2</ele>
    <time>2025-04-05T02:19:49Z</time>
   </trkpt>
   <trkpt lat="-6.8690960" lon="109.0593550">
    <ele>4.1</ele>
    <time>2025-04-05T02:19:50Z</time>
   </trkpt>
   <trkpt lat="-6.8690640" lon="109.0593650">
    <ele>4.1</ele>
    <time>2025-04-05T02:19:51Z</time>
   </trkpt>
   <trkpt lat="-6.8690320" lon="109.0593740">
    <ele>4.1</ele>
    <time>2025-04-05T02:19:52Z</time>
   </trkpt>
   <trkpt lat="-6.8690000" lon="109.0593850">
    <ele>4.1</ele>
    <time>2025-04-05T02:19:53Z</time>
   </trkpt>
   <trkpt lat="-6.8689640" lon="109.0593950">
    <ele>4.1</ele>
    <time>2025-04-05T02:19:54Z</time>
   </trkpt>
   <trkpt lat="-6.8689310" lon="109.0593970">
    <ele>4.1</ele>
    <time>2025-04-05T02:19:55Z</time>
   </trkpt>
   <trkpt lat="-6.8688980" lon="109.0593940">
    <ele>4.1</ele>
    <time>2025-04-05T02:19:56Z</time>
   </trkpt>
   <trkpt lat="-6.8688650" lon="109.0593840">
    <ele>4.1</ele>
    <time>2025-04-05T02:19:57Z</time>
   </trkpt>
   <trkpt lat="-6.8688340" lon="109.0593700">
    <ele>4.1</ele>
    <time>2025-04-05T02:19:58Z</time>
   </trkpt>
   <trkpt lat="-6.8688070" lon="109.0593480">
    <ele>4.1</ele>
    <time>2025-04-05T02:19:59Z</time>
   </trkpt>
   <trkpt lat="-6.8687890" lon="109.0593190">
    <ele>4.1</ele>
    <time>2025-04-05T02:20:00Z</time>
   </trkpt>
   <trkpt lat="-6.8687740" lon="109.0592860">
    <ele>4.1</ele>
    <time>2025-04-05T02:20:01Z</time>
   </trkpt>
   <trkpt lat="-6.8687640" lon="109.0592540">
    <ele>4.1</ele>
    <time>2025-04-05T02:20:02Z</time>
   </trkpt>
   <trkpt lat="-6.8687530" lon="109.0592220">
    <ele>4.2</ele>
    <time>2025-04-05T02:20:03Z</time>
   </trkpt>
   <trkpt lat="-6.8687390" lon="109.0591920">
    <ele>4.2</ele>
    <time>2025-04-05T02:20:04Z</time>
   </trkpt>
   <trkpt lat="-6.8687290" lon="109.0591570">
    <ele>4.2</ele>
    <time>2025-04-05T02:20:05Z</time>
   </trkpt>
   <trkpt lat="-6.8687200" lon="109.0591220">
    <ele>4.2</ele>
    <time>2025-04-05T02:20:06Z</time>
   </trkpt>
   <trkpt lat="-6.8687120" lon="109.0590860">
    <ele>4.2</ele>
    <time>2025-04-05T02:20:07Z</time>
   </trkpt>
   <trkpt lat="-6.8687000" lon="109.0590530">
    <ele>4.3</ele>
    <time>2025-04-05T02:20:08Z</time>
   </trkpt>
   <trkpt lat="-6.8686830" lon="109.0590210">
    <ele>4.3</ele>
    <time>2025-04-05T02:20:09Z</time>
   </trkpt>
   <trkpt lat="-6.8686640" lon="109.0589880">
    <ele>4.3</ele>
    <time>2025-04-05T02:20:10Z</time>
   </trkpt>
   <trkpt lat="-6.8686500" lon="109.0589540">
    <ele>4.3</ele>
    <time>2025-04-05T02:20:11Z</time>
   </trkpt>
   <trkpt lat="-6.8686350" lon="109.0589170">
    <ele>4.4</ele>
    <time>2025-04-05T02:20:12Z</time>
   </trkpt>
   <trkpt lat="-6.8686230" lon="109.0588850">
    <ele>4.4</ele>
    <time>2025-04-05T02:20:13Z</time>
   </trkpt>
   <trkpt lat="-6.8686070" lon="109.0588500">
    <ele>4.4</ele>
    <time>2025-04-05T02:20:14Z</time>
   </trkpt>
   <trkpt lat="-6.8686010" lon="109.0588380">
    <ele>4.4</ele>
    <time>2025-04-05T02:20:15Z</time>
   </trkpt>
   <trkpt lat="-6.8685830" lon="109.0588080">
    <ele>4.5</ele>
    <time>2025-04-05T02:20:16Z</time>
   </trkpt>
   <trkpt lat="-6.8685690" lon="109.0587700">
    <ele>4.5</ele>
    <time>2025-04-05T02:20:17Z</time>
   </trkpt>
   <trkpt lat="-6.8685560" lon="109.0587310">
    <ele>4.6</ele>
    <time>2025-04-05T02:20:18Z</time>
   </trkpt>
   <trkpt lat="-6.8685500" lon="109.0586860">
    <ele>4.6</ele>
    <time>2025-04-05T02:20:19Z</time>
   </trkpt>
   <trkpt lat="-6.8685390" lon="109.0586580">
    <ele>4.7</ele>
    <time>2025-04-05T02:20:20Z</time>
   </trkpt>
   <trkpt lat="-6.8685280" lon="109.0586290">
    <ele>4.7</ele>
    <time>2025-04-05T02:20:21Z</time>
   </trkpt>
   <trkpt lat="-6.8685160" lon="109.0585990">
    <ele>4.8</ele>
    <time>2025-04-05T02:20:22Z</time>
   </trkpt>
   <trkpt lat="-6.8685040" lon="109.0585660">
    <ele>4.8</ele>
    <time>2025-04-05T02:20:23Z</time>
   </trkpt>
   <trkpt lat="-6.8684940" lon="109.0585360">
    <ele>4.9</ele>
    <time>2025-04-05T02:20:24Z</time>
   </trkpt>
   <trkpt lat="-6.8684820" lon="109.0584990">
    <ele>4.9</ele>
    <time>2025-04-05T02:20:25Z</time>
   </trkpt>
   <trkpt lat="-6.8684780" lon="109.0584870">
    <ele>5.0</ele>
    <time>2025-04-05T02:20:26Z</time>
   </trkpt>
   <trkpt lat="-6.8684690" lon="109.0584610">
    <ele>5.0</ele>
    <time>2025-04-05T02:20:27Z</time>
   </trkpt>
   <trkpt lat="-6.8684570" lon="109.0584320">
    <ele>5.1</ele>
    <time>2025-04-05T02:20:28Z</time>
   </trkpt>
   <trkpt lat="-6.8684450" lon="109.0584020">
    <ele>5.1</ele>
    <time>2025-04-05T02:20:29Z</time>
   </trkpt>
   <trkpt lat="-6.8684320" lon="109.0583720">
    <ele>5.2</ele>
    <time>2025-04-05T02:20:30Z</time>
   </trkpt>
   <trkpt lat="-6.8684180" lon="109.0583440">
    <ele>5.2</ele>
    <time>2025-04-05T02:20:31Z</time>
   </trkpt>
   <trkpt lat="-6.8684030" lon="109.0583090">
    <ele>5.3</ele>
    <time>2025-04-05T02:20:32Z</time>
   </trkpt>
   <trkpt lat="-6.8683980" lon="109.0583000">
    <ele>5.3</ele>
    <time>2025-04-05T02:20:33Z</time>
   </trkpt>
   <trkpt lat="-6.8683950" lon="109.0582850">
    <ele>5.4</ele>
    <time>2025-04-05T02:20:34Z</time>
   </trkpt>
   <trkpt lat="-6.8683940" lon="109.0582750">
    <ele>5.4</ele>
    <time>2025-04-05T02:20:35Z</time>
   </trkpt>
   <trkpt lat="-6.8683870" lon="109.0582700">
    <ele>5.4</ele>
    <time>2025-04-05T02:20:36Z</time>
   </trkpt>
   <trkpt lat="-6.8683720" lon="109.0582650">
    <ele>5.4</ele>
    <time>2025-04-05T02:20:37Z</time>
   </trkpt>
   <trkpt lat="-6.8683550" lon="109.0582620">
    <ele>5.4</ele>
    <time>2025-04-05T02:20:38Z</time>
   </trkpt>
   <trkpt lat="-6.8683200" lon="109.0582730">
    <ele>5.4</ele>
    <time>2025-04-05T02:20:39Z</time>
   </trkpt>
   <trkpt lat="-6.8683070" lon="109.0582770">
    <ele>5.4</ele>
    <time>2025-04-05T02:20:40Z</time>
   </trkpt>
   <trkpt lat="-6.8682740" lon="109.0582920">
    <ele>5.4</ele>
    <time>2025-04-05T02:20:41Z</time>
   </trkpt>
   <trkpt lat="-6.8682630" lon="109.0582970">
    <ele>5.4</ele>
    <time>2025-04-05T02:20:42Z</time>
   </trkpt>
   <trkpt lat="-6.8682380" lon="109.0583090">
    <ele>5.4</ele>
    <time>2025-04-05T02:20:43Z</time>
   </trkpt>
   <trkpt lat="-6.8682000" lon="109.0583210">
    <ele>5.4</ele>
    <time>2025-04-05T02:20:44Z</time>
   </trkpt>
   <trkpt lat="-6.8681860" lon="109.0583260">
    <ele>5.4</ele>
    <time>2025-04-05T02:20:45Z</time>
   </trkpt>
   <trkpt lat="-6.8681580" lon="109.0583390">
    <ele>5.4</ele>
    <time>2025-04-05T02:20:46Z</time>
   </trkpt>
   <trkpt lat="-6.8681300" lon="109.0583500">
    <ele>5.4</ele>
    <time>2025-04-05T02:20:47Z</time>
   </trkpt>
   <trkpt lat="-6.8681010" lon="109.0583590">
    <ele>5.4</ele>
    <time>2025-04-05T02:20:48Z</time>
   </trkpt>
   <trkpt lat="-6.8680650" lon="109.0583670">
    <ele>5.4</ele>
    <time>2025-04-05T02:20:49Z</time>
   </trkpt>
   <trkpt lat="-6.8680530" lon="109.0583680">
    <ele>5.4</ele>
    <time>2025-04-05T02:20:50Z</time>
   </trkpt>
   <trkpt lat="-6.8680240" lon="109.0583700">
    <ele>5.3</ele>
    <time>2025-04-05T02:20:51Z</time>
   </trkpt>
   <trkpt lat="-6.8679910" lon="109.0583720">
    <ele>5.3</ele>
    <time>2025-04-05T02:20:52Z</time>
   </trkpt>
   <trkpt lat="-6.8679590" lon="109.0583740">
    <ele>5.3</ele>
    <time>2025-04-05T02:20:53Z</time>
   </trkpt>
   <trkpt lat="-6.8679270" lon="109.0583730">
    <ele>5.3</ele>
    <time>2025-04-05T02:20:54Z</time>
   </trkpt>
   <trkpt lat="-6.8678920" lon="109.0583810">
    <ele>5.3</ele>
    <time>2025-04-05T02:20:55Z</time>
   </trkpt>
   <trkpt lat="-6.8678600" lon="109.0583900">
    <ele>5.3</ele>
    <time>2025-04-05T02:20:56Z</time>
   </trkpt>
   <trkpt lat="-6.8678290" lon="109.0584010">
    <ele>5.3</ele>
    <time>2025-04-05T02:20:57Z</time>
   </trkpt>
   <trkpt lat="-6.8678020" lon="109.0584130">
    <ele>5.3</ele>
    <time>2025-04-05T02:20:58Z</time>
   </trkpt>
   <trkpt lat="-6.8677730" lon="109.0584230">
    <ele>5.3</ele>
    <time>2025-04-05T02:20:59Z</time>
   </trkpt>
   <trkpt lat="-6.8677400" lon="109.0584310">
    <ele>5.3</ele>
    <time>2025-04-05T02:21:00Z</time>
   </trkpt>
   <trkpt lat="-6.8677100" lon="109.0584380">
    <ele>5.3</ele>
    <time>2025-04-05T02:21:01Z</time>
   </trkpt>
   <trkpt lat="-6.8676790" lon="109.0584460">
    <ele>5.3</ele>
    <time>2025-04-05T02:21:02Z</time>
   </trkpt>
   <trkpt lat="-6.8676500" lon="109.0584500">
    <ele>5.2</ele>
    <time>2025-04-05T02:21:03Z</time>
   </trkpt>
   <trkpt lat="-6.8676210" lon="109.0584580">
    <ele>5.2</ele>
    <time>2025-04-05T02:21:04Z</time>
   </trkpt>
   <trkpt lat="-6.8675930" lon="109.0584660">
    <ele>5.2</ele>
    <time>2025-04-05T02:21:05Z</time>
   </trkpt>
   <trkpt lat="-6.8675650" lon="109.0584740">
    <ele>5.2</ele>
    <time>2025-04-05T02:21:06Z</time>
   </trkpt>
   <trkpt lat="-6.8675370" lon="109.0584840">
    <ele>5.2</ele>
    <time>2025-04-05T02:21:07Z</time>
   </trkpt>
   <trkpt lat="-6.8675100" lon="109.0584940">
    <ele>5.2</ele>
    <time>2025-04-05T02:21:08Z</time>
   </trkpt>
   <trkpt lat="-6.8674720" lon="109.0585080">
    <ele>5.2</ele>
    <time>2025-04-05T02:21:09Z</time>
   </trkpt>
   <trkpt lat="-6.8674580" lon="109.0585120">
    <ele>5.2</ele>
    <time>2025-04-05T02:21:10Z</time>
   </trkpt>
   <trkpt lat="-6.8674280" lon="109.0585230">
    <ele>5.2</ele>
    <time>2025-04-05T02:21:11Z</time>
   </trkpt>
   <trkpt lat="-6.8673990" lon="109.0585350">
    <ele>5.2</ele>
    <time>2025-04-05T02:21:12Z</time>
   </trkpt>
   <trkpt lat="-6.8673730" lon="109.0585470">
    <ele>5.2</ele>
    <time>2025-04-05T02:21:13Z</time>
   </trkpt>
   <trkpt lat="-6.8673450" lon="109.0585560">
    <ele>5.2</ele>
    <time>2025-04-05T02:21:14Z</time>
   </trkpt>
   <trkpt lat="-6.8673070" lon="109.0585590">
    <ele>5.1</ele>
    <time>2025-04-05T02:21:15Z</time>
   </trkpt>
   <trkpt lat="-6.8672590" lon="109.0585510">
    <ele>5.1</ele>
    <time>2025-04-05T02:21:16Z</time>
   </trkpt>
   <trkpt lat="-6.8672270" lon="109.0585250">
    <ele>5.1</ele>
    <time>2025-04-05T02:21:17Z</time>
   </trkpt>
   <trkpt lat="-6.8672130" lon="109.0584830">
    <ele>5.1</ele>
    <time>2025-04-05T02:21:18Z</time>
   </trkpt>
   <trkpt lat="-6.8672090" lon="109.0584450">
    <ele>5.1</ele>
    <time>2025-04-05T02:21:19Z</time>
   </trkpt>
   <trkpt lat="-6.8672080" lon="109.0584090">
    <ele>5.1</ele>
    <time>2025-04-05T02:21:20Z</time>
   </trkpt>
   <trkpt lat="-6.8672060" lon="109.0583780">
    <ele>5.1</ele>
    <time>2025-04-05T02:21:21Z</time>
   </trkpt>
   <trkpt lat="-6.8672000" lon="109.0583390">
    <ele>5.1</ele>
    <time>2025-04-05T02:21:22Z</time>
   </trkpt>
   <trkpt lat="-6.8671970" lon="109.0583260">
    <ele>5.1</ele>
    <time>2025-04-05T02:21:23Z</time>
   </trkpt>
   <trkpt lat="-6.8671910" lon="109.0582970">
    <ele>5.1</ele>
    <time>2025-04-05T02:21:24Z</time>
   </trkpt>
   <trkpt lat="-6.8671840" lon="109.0582650">
    <ele>5.0</ele>
    <time>2025-04-05T02:21:25Z</time>
   </trkpt>
   <trkpt lat="-6.8671750" lon="109.0582330">
    <ele>5.0</ele>
    <time>2025-04-05T02:21:26Z</time>
   </trkpt>
   <trkpt lat="-6.8671650" lon="109.0582020">
    <ele>5.0</ele>
    <time>2025-04-05T02:21:27Z</time>
   </trkpt>
   <trkpt lat="-6.8671540" lon="109.0581710">
    <ele>5.0</ele>
    <time>2025-04-05T02:21:28Z</time>
   </trkpt>
   <trkpt lat="-6.8671450" lon="109.0581350">
    <ele>5.0</ele>
    <time>2025-04-05T02:21:29Z</time>
   </trkpt>
   <trkpt lat="-6.8671400" lon="109.0581020">
    <ele>4.9</ele>
    <time>2025-04-05T02:21:30Z</time>
   </trkpt>
   <trkpt lat="-6.8671350" lon="109.0580660">
    <ele>4.9</ele>
    <time>2025-04-05T02:21:31Z</time>
   </trkpt>
   <trkpt lat="-6.8671310" lon="109.0580320">
    <ele>4.9</ele>
    <time>2025-04-05T02:21:32Z</time>
   </trkpt>
   <trkpt lat="-6.8671260" lon="109.0579980">
    <ele>4.9</ele>
    <time>2025-04-05T02:21:33Z</time>
   </trkpt>
   <trkpt lat="-6.8671180" lon="109.0579640">
    <ele>4.8</ele>
    <time>2025-04-05T02:21:34Z</time>
   </trkpt>
   <trkpt lat="-6.8671060" lon="109.0579270">
    <ele>4.8</ele>
    <time>2025-04-05T02:21:35Z</time>
   </trkpt>
   <trkpt lat="-6.8670940" lon="109.0578910">
    <ele>4.8</ele>
    <time>2025-04-05T02:21:36Z</time>
   </trkpt>
   <trkpt lat="-6.8670850" lon="109.0578540">
    <ele>4.8</ele>
    <time>2025-04-05T02:21:37Z</time>
   </trkpt>
   <trkpt lat="-6.8670760" lon="109.0578230">
    <ele>4.8</ele>
    <time>2025-04-05T02:21:38Z</time>
   </trkpt>
   <trkpt lat="-6.8670640" lon="109.0577890">
    <ele>4.8</ele>
    <time>2025-04-05T02:21:39Z</time>
   </trkpt>
   <trkpt lat="-6.8670610" lon="109.0577810">
    <ele>4.8</ele>
    <time>2025-04-05T02:21:40Z</time>
   </trkpt>
   <trkpt lat="-6.8670570" lon="109.0577670">
    <ele>4.8</ele>
    <time>2025-04-05T02:21:41Z</time>
   </trkpt>
   <trkpt lat="-6.8670550" lon="109.0577480">
    <ele>4.8</ele>
    <time>2025-04-05T02:21:42Z</time>
   </trkpt>
   <trkpt lat="-6.8670560" lon="109.0577100">
    <ele>4.8</ele>
    <time>2025-04-05T02:21:43Z</time>
   </trkpt>
   <trkpt lat="-6.8670560" lon="109.0576950">
    <ele>4.7</ele>
    <time>2025-04-05T02:21:44Z</time>
   </trkpt>
   <trkpt lat="-6.8670530" lon="109.0576650">
    <ele>4.7</ele>
    <time>2025-04-05T02:21:45Z</time>
   </trkpt>
   <trkpt lat="-6.8670460" lon="109.0576310">
    <ele>4.7</ele>
    <time>2025-04-05T02:21:46Z</time>
   </trkpt>
   <trkpt lat="-6.8670390" lon="109.0575980">
    <ele>4.7</ele>
    <time>2025-04-05T02:21:47Z</time>
   </trkpt>
   <trkpt lat="-6.8670290" lon="109.0575690">
    <ele>4.7</ele>
    <time>2025-04-05T02:21:48Z</time>
   </trkpt>
   <trkpt lat="-6.8670200" lon="109.0575390">
    <ele>4.7</ele>
    <time>2025-04-05T02:21:49Z</time>
   </trkpt>
   <trkpt lat="-6.8670140" lon="109.0575080">
    <ele>4.7</ele>
    <time>2025-04-05T02:21:50Z</time>
   </trkpt>
   <trkpt lat="-6.8670080" lon="109.0574780">
    <ele>4.7</ele>
    <time>2025-04-05T02:21:51Z</time>
   </trkpt>
   <trkpt lat="-6.8670010" lon="109.0574490">
    <ele>4.7</ele>
    <time>2025-04-05T02:21:52Z</time>
   </trkpt>
   <trkpt lat="-6.8669930" lon="109.0574200">
    <ele>4.7</ele>
    <time>2025-04-05T02:21:53Z</time>
   </trkpt>
   <trkpt lat="-6.8669850" lon="109.0573920">
    <ele>4.7</ele>
    <time>2025-04-05T02:21:54Z</time>
   </trkpt>
   <trkpt lat="-6.8669790" lon="109.0573640">
    <ele>4.7</ele>
    <time>2025-04-05T02:21:55Z</time>
   </trkpt>
   <trkpt lat="-6.8669670" lon="109.0573260">
    <ele>4.7</ele>
    <time>2025-04-05T02:21:56Z</time>
   </trkpt>
   <trkpt lat="-6.8669620" lon="109.0573130">
    <ele>4.7</ele>
    <time>2025-04-05T02:21:57Z</time>
   </trkpt>
   <trkpt lat="-6.8669530" lon="109.0572860">
    <ele>4.7</ele>
    <time>2025-04-05T02:21:58Z</time>
   </trkpt>
   <trkpt lat="-6.8669460" lon="109.0572560">
    <ele>4.7</ele>
    <time>2025-04-05T02:21:59Z</time>
   </trkpt>
   <trkpt lat="-6.8669370" lon="109.0572290">
    <ele>4.7</ele>
    <time>2025-04-05T02:22:00Z</time>
   </trkpt>
   <trkpt lat="-6.8669270" lon="109.0571980">
    <ele>4.8</ele>
    <time>2025-04-05T02:22:01Z</time>
   </trkpt>
   <trkpt lat="-6.8669190" lon="109.0571640">
    <ele>4.8</ele>
    <time>2025-04-05T02:22:02Z</time>
   </trkpt>
   <trkpt lat="-6.8669120" lon="109.0571280">
    <ele>4.8</ele>
    <time>2025-04-05T02:22:03Z</time>
   </trkpt>
   <trkpt lat="-6.8669050" lon="109.0570950">
    <ele>4.8</ele>
    <time>2025-04-05T02:22:04Z</time>
   </trkpt>
   <trkpt lat="-6.8668950" lon="109.0570630">
    <ele>4.8</ele>
    <time>2025-04-05T02:22:05Z</time>
   </trkpt>
   <trkpt lat="-6.8668850" lon="109.0570340">
    <ele>4.8</ele>
    <time>2025-04-05T02:22:06Z</time>
   </trkpt>
   <trkpt lat="-6.8668770" lon="109.0570040">
    <ele>4.8</ele>
    <time>2025-04-05T02:22:07Z</time>
   </trkpt>
   <trkpt lat="-6.8668710" lon="109.0569710">
    <ele>4.9</ele>
    <time>2025-04-05T02:22:08Z</time>
   </trkpt>
   <trkpt lat="-6.8668650" lon="109.0569370">
    <ele>4.9</ele>
    <time>2025-04-05T02:22:09Z</time>
   </trkpt>
   <trkpt lat="-6.8668580" lon="109.0569040">
    <ele>4.9</ele>
    <time>2025-04-05T02:22:10Z</time>
   </trkpt>
   <trkpt lat="-6.8668500" lon="109.0568730">
    <ele>4.9</ele>
    <time>2025-04-05T02:22:11Z</time>
   </trkpt>
   <trkpt lat="-6.8668400" lon="109.0568430">
    <ele>4.9</ele>
    <time>2025-04-05T02:22:12Z</time>
   </trkpt>
   <trkpt lat="-6.8668270" lon="109.0568120">
    <ele>4.9</ele>
    <time>2025-04-05T02:22:13Z</time>
   </trkpt>
   <trkpt lat="-6.8668120" lon="109.0567860">
    <ele>4.9</ele>
    <time>2025-04-05T02:22:14Z</time>
   </trkpt>
   <trkpt lat="-6.8668010" lon="109.0567560">
    <ele>4.9</ele>
    <time>2025-04-05T02:22:15Z</time>
   </trkpt>
   <trkpt lat="-6.8667940" lon="109.0567240">
    <ele>4.9</ele>
    <time>2025-04-05T02:22:16Z</time>
   </trkpt>
   <trkpt lat="-6.8667900" lon="109.0566950">
    <ele>4.9</ele>
    <time>2025-04-05T02:22:17Z</time>
   </trkpt>
   <trkpt lat="-6.8667850" lon="109.0566670">
    <ele>4.9</ele>
    <time>2025-04-05T02:22:18Z</time>
   </trkpt>
   <trkpt lat="-6.8667800" lon="109.0566380">
    <ele>4.9</ele>
    <time>2025-04-05T02:22:19Z</time>
   </trkpt>
   <trkpt lat="-6.8667730" lon="109.0566040">
    <ele>4.9</ele>
    <time>2025-04-05T02:22:20Z</time>
   </trkpt>
   <trkpt lat="-6.8667660" lon="109.0565720">
    <ele>4.9</ele>
    <time>2025-04-05T02:22:21Z</time>
   </trkpt>
   <trkpt lat="-6.8667600" lon="109.0565370">
    <ele>4.9</ele>
    <time>2025-04-05T02:22:22Z</time>
   </trkpt>
   <trkpt lat="-6.8667500" lon="109.0565060">
    <ele>4.9</ele>
    <time>2025-04-05T02:22:23Z</time>
   </trkpt>
   <trkpt lat="-6.8667380" lon="109.0564740">
    <ele>4.9</ele>
    <time>2025-04-05T02:22:24Z</time>
   </trkpt>
   <trkpt lat="-6.8667260" lon="109.0564420">
    <ele>4.9</ele>
    <time>2025-04-05T02:22:25Z</time>
   </trkpt>
   <trkpt lat="-6.8667130" lon="109.0564090">
    <ele>4.9</ele>
    <time>2025-04-05T02:22:26Z</time>
   </trkpt>
   <trkpt lat="-6.8667020" lon="109.0563770">
    <ele>4.9</ele>
    <time>2025-04-05T02:22:27Z</time>
   </trkpt>
   <trkpt lat="-6.8666910" lon="109.0563470">
    <ele>4.9</ele>
    <time>2025-04-05T02:22:28Z</time>
   </trkpt>
   <trkpt lat="-6.8666810" lon="109.0563170">
    <ele>4.9</ele>
    <time>2025-04-05T02:22:29Z</time>
   </trkpt>
   <trkpt lat="-6.8666720" lon="109.0562900">
    <ele>4.9</ele>
    <time>2025-04-05T02:22:30Z</time>
   </trkpt>
   <trkpt lat="-6.8666640" lon="109.0562620">
    <ele>4.9</ele>
    <time>2025-04-05T02:22:31Z</time>
   </trkpt>
   <trkpt lat="-6.8666540" lon="109.0562230">
    <ele>4.9</ele>
    <time>2025-04-05T02:22:32Z</time>
   </trkpt>
   <trkpt lat="-6.8666500" lon="109.0562100">
    <ele>4.9</ele>
    <time>2025-04-05T02:22:33Z</time>
   </trkpt>
   <trkpt lat="-6.8666390" lon="109.0561750">
    <ele>5.0</ele>
    <time>2025-04-05T02:22:34Z</time>
   </trkpt>
   <trkpt lat="-6.8666350" lon="109.0561650">
    <ele>5.0</ele>
    <time>2025-04-05T02:22:35Z</time>
   </trkpt>
   <trkpt lat="-6.8666220" lon="109.0561240">
    <ele>5.0</ele>
    <time>2025-04-05T02:22:36Z</time>
   </trkpt>
   <trkpt lat="-6.8666160" lon="109.0561090">
    <ele>5.0</ele>
    <time>2025-04-05T02:22:37Z</time>
   </trkpt>
   <trkpt lat="-6.8666050" lon="109.0560760">
    <ele>5.0</ele>
    <time>2025-04-05T02:22:38Z</time>
   </trkpt>
   <trkpt lat="-6.8665960" lon="109.0560430">
    <ele>5.0</ele>
    <time>2025-04-05T02:22:39Z</time>
   </trkpt>
   <trkpt lat="-6.8665870" lon="109.0560100">
    <ele>5.0</ele>
    <time>2025-04-05T02:22:40Z</time>
   </trkpt>
   <trkpt lat="-6.8665770" lon="109.0559750">
    <ele>5.0</ele>
    <time>2025-04-05T02:22:41Z</time>
   </trkpt>
   <trkpt lat="-6.8665670" lon="109.0559330">
    <ele>5.0</ele>
    <time>2025-04-05T02:22:42Z</time>
   </trkpt>
   <trkpt lat="-6.8665570" lon="109.0558910">
    <ele>5.0</ele>
    <time>2025-04-05T02:22:43Z</time>
   </trkpt>
   <trkpt lat="-6.8665450" lon="109.0558530">
    <ele>5.0</ele>
    <time>2025-04-05T02:22:44Z</time>
   </trkpt>
   <trkpt lat="-6.8665350" lon="109.0558190">
    <ele>5.0</ele>
    <time>2025-04-05T02:22:45Z</time>
   </trkpt>
   <trkpt lat="-6.8665290" lon="109.0557870">
    <ele>5.0</ele>
    <time>2025-04-05T02:22:46Z</time>
   </trkpt>
   <trkpt lat="-6.8665250" lon="109.0557560">
    <ele>5.0</ele>
    <time>2025-04-05T02:22:47Z</time>
   </trkpt>
   <trkpt lat="-6.8665200" lon="109.0557250">
    <ele>5.0</ele>
    <time>2025-04-05T02:22:48Z</time>
   </trkpt>
   <trkpt lat="-6.8665170" lon="109.0556940">
    <ele>5.0</ele>
    <time>2025-04-05T02:22:49Z</time>
   </trkpt>
   <trkpt lat="-6.8665140" lon="109.0556640">
    <ele>5.0</ele>
    <time>2025-04-05T02:22:50Z</time>
   </trkpt>
   <trkpt lat="-6.8665100" lon="109.0556340">
    <ele>5.0</ele>
    <time>2025-04-05T02:22:51Z</time>
   </trkpt>
   <trkpt lat="-6.8665050" lon="109.0556040">
    <ele>5.0</ele>
    <time>2025-04-05T02:22:52Z</time>
   </trkpt>
   <trkpt lat="-6.8664970" lon="109.0555730">
    <ele>5.0</ele>
    <time>2025-04-05T02:22:53Z</time>
   </trkpt>
   <trkpt lat="-6.8664900" lon="109.0555430">
    <ele>5.1</ele>
    <time>2025-04-05T02:22:54Z</time>
   </trkpt>
   <trkpt lat="-6.8664840" lon="109.0555120">
    <ele>5.1</ele>
    <time>2025-04-05T02:22:55Z</time>
   </trkpt>
   <trkpt lat="-6.8664790" lon="109.0554810">
    <ele>5.1</ele>
    <time>2025-04-05T02:22:56Z</time>
   </trkpt>
   <trkpt lat="-6.8664770" lon="109.0554490">
    <ele>5.1</ele>
    <time>2025-04-05T02:22:57Z</time>
   </trkpt>
   <trkpt lat="-6.8664730" lon="109.0554120">
    <ele>5.1</ele>
    <time>2025-04-05T02:22:58Z</time>
   </trkpt>
   <trkpt lat="-6.8664690" lon="109.0553800">
    <ele>5.1</ele>
    <time>2025-04-05T02:22:59Z</time>
   </trkpt>
   <trkpt lat="-6.8664600" lon="109.0553540">
    <ele>5.1</ele>
    <time>2025-04-05T02:23:00Z</time>
   </trkpt>
   <trkpt lat="-6.8664510" lon="109.0553270">
    <ele>5.0</ele>
    <time>2025-04-05T02:23:01Z</time>
   </trkpt>
   <trkpt lat="-6.8664360" lon="109.0552970">
    <ele>5.0</ele>
    <time>2025-04-05T02:23:02Z</time>
   </trkpt>
   <trkpt lat="-6.8664310" lon="109.0552860">
    <ele>5.0</ele>
    <time>2025-04-05T02:23:03Z</time>
   </trkpt>
   <trkpt lat="-6.8664160" lon="109.0552590">
    <ele>5.0</ele>
    <time>2025-04-05T02:23:04Z</time>
   </trkpt>
   <trkpt lat="-6.8663990" lon="109.0552260">
    <ele>5.0</ele>
    <time>2025-04-05T02:23:05Z</time>
   </trkpt>
   <trkpt lat="-6.8663870" lon="109.0551920">
    <ele>5.0</ele>
    <time>2025-04-05T02:23:06Z</time>
   </trkpt>
   <trkpt lat="-6.8663790" lon="109.0551600">
    <ele>4.9</ele>
    <time>2025-04-05T02:23:07Z</time>
   </trkpt>
   <trkpt lat="-6.8663750" lon="109.0551280">
    <ele>4.9</ele>
    <time>2025-04-05T02:23:08Z</time>
   </trkpt>
   <trkpt lat="-6.8663710" lon="109.0550970">
    <ele>4.9</ele>
    <time>2025-04-05T02:23:09Z</time>
   </trkpt>
   <trkpt lat="-6.8663700" lon="109.0550660">
    <ele>4.9</ele>
    <time>2025-04-05T02:23:10Z</time>
   </trkpt>
   <trkpt lat="-6.8663650" lon="109.0550310">
    <ele>4.9</ele>
    <time>2025-04-05T02:23:11Z</time>
   </trkpt>
   <trkpt lat="-6.8663590" lon="109.0549940">
    <ele>4.9</ele>
    <time>2025-04-05T02:23:12Z</time>
   </trkpt>
   <trkpt lat="-6.8663520" lon="109.0549590">
    <ele>5.0</ele>
    <time>2025-04-05T02:23:13Z</time>
   </trkpt>
   <trkpt lat="-6.8663430" lon="109.0549270">
    <ele>5.0</ele>
    <time>2025-04-05T02:23:14Z</time>
   </trkpt>
   <trkpt lat="-6.8663350" lon="109.0548960">
    <ele>5.0</ele>
    <time>2025-04-05T02:23:15Z</time>
   </trkpt>
   <trkpt lat="-6.8663260" lon="109.0548630">
    <ele>5.0</ele>
    <time>2025-04-05T02:23:16Z</time>
   </trkpt>
   <trkpt lat="-6.8663200" lon="109.0548330">
    <ele>5.0</ele>
    <time>2025-04-05T02:23:17Z</time>
   </trkpt>
   <trkpt lat="-6.8663120" lon="109.0548030">
    <ele>5.0</ele>
    <time>2025-04-05T02:23:18Z</time>
   </trkpt>
   <trkpt lat="-6.8663050" lon="109.0547710">
    <ele>5.0</ele>
    <time>2025-04-05T02:23:19Z</time>
   </trkpt>
   <trkpt lat="-6.8662960" lon="109.0547380">
    <ele>5.0</ele>
    <time>2025-04-05T02:23:20Z</time>
   </trkpt>
   <trkpt lat="-6.8662880" lon="109.0547050">
    <ele>5.0</ele>
    <time>2025-04-05T02:23:21Z</time>
   </trkpt>
   <trkpt lat="-6.8662800" lon="109.0546740">
    <ele>5.0</ele>
    <time>2025-04-05T02:23:22Z</time>
   </trkpt>
   <trkpt lat="-6.8662710" lon="109.0546440">
    <ele>5.0</ele>
    <time>2025-04-05T02:23:23Z</time>
   </trkpt>
   <trkpt lat="-6.8662640" lon="109.0546160">
    <ele>5.0</ele>
    <time>2025-04-05T02:23:24Z</time>
   </trkpt>
   <trkpt lat="-6.8662560" lon="109.0545850">
    <ele>5.0</ele>
    <time>2025-04-05T02:23:25Z</time>
   </trkpt>
   <trkpt lat="-6.8662480" lon="109.0545550">
    <ele>5.1</ele>
    <time>2025-04-05T02:23:26Z</time>
   </trkpt>
   <trkpt lat="-6.8662400" lon="109.0545250">
    <ele>5.1</ele>
    <time>2025-04-05T02:23:27Z</time>
   </trkpt>
   <trkpt lat="-6.8662340" lon="109.0544950">
    <ele>5.1</ele>
    <time>2025-04-05T02:23:28Z</time>
   </trkpt>
   <trkpt lat="-6.8662260" lon="109.0544650">
    <ele>5.1</ele>
    <time>2025-04-05T02:23:29Z</time>
   </trkpt>
   <trkpt lat="-6.8662170" lon="109.0544340">
    <ele>5.1</ele>
    <time>2025-04-05T02:23:30Z</time>
   </trkpt>
   <trkpt lat="-6.8662100" lon="109.0544050">
    <ele>5.1</ele>
    <time>2025-04-05T02:23:31Z</time>
   </trkpt>
   <trkpt lat="-6.8662030" lon="109.0543790">
    <ele>5.1</ele>
    <time>2025-04-05T02:23:32Z</time>
   </trkpt>
   <trkpt lat="-6.8661910" lon="109.0543410">
    <ele>5.1</ele>
    <time>2025-04-05T02:23:33Z</time>
   </trkpt>
   <trkpt lat="-6.8661870" lon="109.0543280">
    <ele>5.1</ele>
    <time>2025-04-05T02:23:34Z</time>
   </trkpt>
   <trkpt lat="-6.8661810" lon="109.0542890">
    <ele>5.1</ele>
    <time>2025-04-05T02:23:35Z</time>
   </trkpt>
   <trkpt lat="-6.8661790" lon="109.0542750">
    <ele>5.1</ele>
    <time>2025-04-05T02:23:36Z</time>
   </trkpt>
   <trkpt lat="-6.8661760" lon="109.0542450">
    <ele>5.1</ele>
    <time>2025-04-05T02:23:37Z</time>
   </trkpt>
   <trkpt lat="-6.8661700" lon="109.0542130">
    <ele>5.1</ele>
    <time>2025-04-05T02:23:38Z</time>
   </trkpt>
   <trkpt lat="-6.8661600" lon="109.0541810">
    <ele>5.1</ele>
    <time>2025-04-05T02:23:39Z</time>
   </trkpt>
   <trkpt lat="-6.8661470" lon="109.0541510">
    <ele>5.2</ele>
    <time>2025-04-05T02:23:40Z</time>
   </trkpt>
   <trkpt lat="-6.8661330" lon="109.0541220">
    <ele>5.2</ele>
    <time>2025-04-05T02:23:41Z</time>
   </trkpt>
   <trkpt lat="-6.8661210" lon="109.0540920">
    <ele>5.2</ele>
    <time>2025-04-05T02:23:42Z</time>
   </trkpt>
   <trkpt lat="-6.8661120" lon="109.0540620">
    <ele>5.2</ele>
    <time>2025-04-05T02:23:43Z</time>
   </trkpt>
   <trkpt lat="-6.8661020" lon="109.0540310">
    <ele>5.2</ele>
    <time>2025-04-05T02:23:44Z</time>
   </trkpt>
   <trkpt lat="-6.8660960" lon="109.0540030">
    <ele>5.2</ele>
    <time>2025-04-05T02:23:45Z</time>
   </trkpt>
   <trkpt lat="-6.8660900" lon="109.0539730">
    <ele>5.2</ele>
    <time>2025-04-05T02:23:46Z</time>
   </trkpt>
   <trkpt lat="-6.8660830" lon="109.0539450">
    <ele>5.2</ele>
    <time>2025-04-05T02:23:47Z</time>
   </trkpt>
   <trkpt lat="-6.8660760" lon="109.0539180">
    <ele>5.2</ele>
    <time>2025-04-05T02:23:48Z</time>
   </trkpt>
   <trkpt lat="-6.8660680" lon="109.0538880">
    <ele>5.2</ele>
    <time>2025-04-05T02:23:49Z</time>
   </trkpt>
   <trkpt lat="-6.8660610" lon="109.0538580">
    <ele>5.2</ele>
    <time>2025-04-05T02:23:50Z</time>
   </trkpt>
   <trkpt lat="-6.8660530" lon="109.0538280">
    <ele>5.2</ele>
    <time>2025-04-05T02:23:51Z</time>
   </trkpt>
   <trkpt lat="-6.8660470" lon="109.0538000">
    <ele>5.2</ele>
    <time>2025-04-05T02:23:52Z</time>
   </trkpt>
   <trkpt lat="-6.8660410" lon="109.0537710">
    <ele>5.2</ele>
    <time>2025-04-05T02:23:53Z</time>
   </trkpt>
   <trkpt lat="-6.8660350" lon="109.0537420">
    <ele>5.2</ele>
    <time>2025-04-05T02:23:54Z</time>
   </trkpt>
   <trkpt lat="-6.8660300" lon="109.0537140">
    <ele>5.2</ele>
    <time>2025-04-05T02:23:55Z</time>
   </trkpt>
   <trkpt lat="-6.8660230" lon="109.0536820">
    <ele>5.2</ele>
    <time>2025-04-05T02:23:56Z</time>
   </trkpt>
   <trkpt lat="-6.8660130" lon="109.0536480">
    <ele>5.2</ele>
    <time>2025-04-05T02:23:57Z</time>
   </trkpt>
   <trkpt lat="-6.8660030" lon="109.0536150">
    <ele>5.2</ele>
    <time>2025-04-05T02:23:58Z</time>
   </trkpt>
   <trkpt lat="-6.8659940" lon="109.0535820">
    <ele>5.2</ele>
    <time>2025-04-05T02:23:59Z</time>
   </trkpt>
   <trkpt lat="-6.8659860" lon="109.0535510">
    <ele>5.2</ele>
    <time>2025-04-05T02:24:00Z</time>
   </trkpt>
   <trkpt lat="-6.8659800" lon="109.0535210">
    <ele>5.2</ele>
    <time>2025-04-05T02:24:01Z</time>
   </trkpt>
   <trkpt lat="-6.8659730" lon="109.0534910">
    <ele>5.2</ele>
    <time>2025-04-05T02:24:02Z</time>
   </trkpt>
   <trkpt lat="-6.8659660" lon="109.0534590">
    <ele>5.2</ele>
    <time>2025-04-05T02:24:03Z</time>
   </trkpt>
   <trkpt lat="-6.8659610" lon="109.0534290">
    <ele>5.2</ele>
    <time>2025-04-05T02:24:04Z</time>
   </trkpt>
   <trkpt lat="-6.8659550" lon="109.0533970">
    <ele>5.2</ele>
    <time>2025-04-05T02:24:05Z</time>
   </trkpt>
   <trkpt lat="-6.8659460" lon="109.0533640">
    <ele>5.2</ele>
    <time>2025-04-05T02:24:06Z</time>
   </trkpt>
   <trkpt lat="-6.8659370" lon="109.0533270">
    <ele>5.2</ele>
    <time>2025-04-05T02:24:07Z</time>
   </trkpt>
   <trkpt lat="-6.8659280" lon="109.0532890">
    <ele>5.2</ele>
    <time>2025-04-05T02:24:08Z</time>
   </trkpt>
   <trkpt lat="-6.8659220" lon="109.0532560">
    <ele>5.2</ele>
    <time>2025-04-05T02:24:09Z</time>
   </trkpt>
   <trkpt lat="-6.8659140" lon="109.0532280">
    <ele>5.2</ele>
    <time>2025-04-05T02:24:10Z</time>
   </trkpt>
   <trkpt lat="-6.8659080" lon="109.0532020">
    <ele>5.1</ele>
    <time>2025-04-05T02:24:11Z</time>
   </trkpt>
   <trkpt lat="-6.8659000" lon="109.0531640">
    <ele>5.1</ele>
    <time>2025-04-05T02:24:12Z</time>
   </trkpt>
   <trkpt lat="-6.8658970" lon="109.0531520">
    <ele>5.1</ele>
    <time>2025-04-05T02:24:13Z</time>
   </trkpt>
   <trkpt lat="-6.8658920" lon="109.0531250">
    <ele>5.1</ele>
    <time>2025-04-05T02:24:14Z</time>
   </trkpt>
   <trkpt lat="-6.8658850" lon="109.0530960">
    <ele>5.1</ele>
    <time>2025-04-05T02:24:15Z</time>
   </trkpt>
   <trkpt lat="-6.8658790" lon="109.0530670">
    <ele>5.1</ele>
    <time>2025-04-05T02:24:16Z</time>
   </trkpt>
   <trkpt lat="-6.8658730" lon="109.0530380">
    <ele>5.1</ele>
    <time>2025-04-05T02:24:17Z</time>
   </trkpt>
   <trkpt lat="-6.8658660" lon="109.0530080">
    <ele>5.0</ele>
    <time>2025-04-05T02:24:18Z</time>
   </trkpt>
   <trkpt lat="-6.8658570" lon="109.0529770">
    <ele>5.0</ele>
    <time>2025-04-05T02:24:19Z</time>
   </trkpt>
   <trkpt lat="-6.8658460" lon="109.0529450">
    <ele>5.0</ele>
    <time>2025-04-05T02:24:20Z</time>
   </trkpt>
   <trkpt lat="-6.8658360" lon="109.0529120">
    <ele>4.9</ele>
    <time>2025-04-05T02:24:21Z</time>
   </trkpt>
   <trkpt lat="-6.8658240" lon="109.0528790">
    <ele>4.9</ele>
    <time>2025-04-05T02:24:22Z</time>
   </trkpt>
   <trkpt lat="-6.8658090" lon="109.0528410">
    <ele>4.9</ele>
    <time>2025-04-05T02:24:23Z</time>
   </trkpt>
   <trkpt lat="-6.8657950" lon="109.0528030">
    <ele>4.9</ele>
    <time>2025-04-05T02:24:24Z</time>
   </trkpt>
   <trkpt lat="-6.8657850" lon="109.0527650">
    <ele>4.9</ele>
    <time>2025-04-05T02:24:25Z</time>
   </trkpt>
   <trkpt lat="-6.8657770" lon="109.0527310">
    <ele>4.9</ele>
    <time>2025-04-05T02:24:26Z</time>
   </trkpt>
   <trkpt lat="-6.8657670" lon="109.0526980">
    <ele>4.9</ele>
    <time>2025-04-05T02:24:27Z</time>
   </trkpt>
   <trkpt lat="-6.8657580" lon="109.0526630">
    <ele>4.9</ele>
    <time>2025-04-05T02:24:28Z</time>
   </trkpt>
   <trkpt lat="-6.8657480" lon="109.0526300">
    <ele>4.9</ele>
    <time>2025-04-05T02:24:29Z</time>
   </trkpt>
   <trkpt lat="-6.8657380" lon="109.0526010">
    <ele>4.9</ele>
    <time>2025-04-05T02:24:30Z</time>
   </trkpt>
   <trkpt lat="-6.8657280" lon="109.0525730">
    <ele>4.9</ele>
    <time>2025-04-05T02:24:31Z</time>
   </trkpt>
   <trkpt lat="-6.8657210" lon="109.0525380">
    <ele>4.9</ele>
    <time>2025-04-05T02:24:32Z</time>
   </trkpt>
   <trkpt lat="-6.8657130" lon="109.0525010">
    <ele>4.9</ele>
    <time>2025-04-05T02:24:33Z</time>
   </trkpt>
   <trkpt lat="-6.8657050" lon="109.0524640">
    <ele>4.9</ele>
    <time>2025-04-05T02:24:34Z</time>
   </trkpt>
   <trkpt lat="-6.8656980" lon="109.0524300">
    <ele>4.9</ele>
    <time>2025-04-05T02:24:35Z</time>
   </trkpt>
   <trkpt lat="-6.8656890" lon="109.0523990">
    <ele>4.9</ele>
    <time>2025-04-05T02:24:36Z</time>
   </trkpt>
   <trkpt lat="-6.8656810" lon="109.0523680">
    <ele>4.9</ele>
    <time>2025-04-05T02:24:37Z</time>
   </trkpt>
   <trkpt lat="-6.8656720" lon="109.0523400">
    <ele>4.9</ele>
    <time>2025-04-05T02:24:38Z</time>
   </trkpt>
   <trkpt lat="-6.8656650" lon="109.0523130">
    <ele>4.9</ele>
    <time>2025-04-05T02:24:39Z</time>
   </trkpt>
   <trkpt lat="-6.8656590" lon="109.0522800">
    <ele>4.9</ele>
    <time>2025-04-05T02:24:40Z</time>
   </trkpt>
   <trkpt lat="-6.8656500" lon="109.0522450">
    <ele>4.9</ele>
    <time>2025-04-05T02:24:41Z</time>
   </trkpt>
   <trkpt lat="-6.8656410" lon="109.0522100">
    <ele>4.9</ele>
    <time>2025-04-05T02:24:42Z</time>
   </trkpt>
   <trkpt lat="-6.8656300" lon="109.0521750">
    <ele>5.0</ele>
    <time>2025-04-05T02:24:43Z</time>
   </trkpt>
   <trkpt lat="-6.8656170" lon="109.0521380">
    <ele>5.0</ele>
    <time>2025-04-05T02:24:44Z</time>
   </trkpt>
   <trkpt lat="-6.8656030" lon="109.0521040">
    <ele>5.0</ele>
    <time>2025-04-05T02:24:45Z</time>
   </trkpt>
   <trkpt lat="-6.8655930" lon="109.0520680">
    <ele>5.0</ele>
    <time>2025-04-05T02:24:46Z</time>
   </trkpt>
   <trkpt lat="-6.8655850" lon="109.0520330">
    <ele>5.0</ele>
    <time>2025-04-05T02:24:47Z</time>
   </trkpt>
   <trkpt lat="-6.8655760" lon="109.0519980">
    <ele>5.0</ele>
    <time>2025-04-05T02:24:48Z</time>
   </trkpt>
   <trkpt lat="-6.8655670" lon="109.0519650">
    <ele>5.0</ele>
    <time>2025-04-05T02:24:49Z</time>
   </trkpt>
   <trkpt lat="-6.8655570" lon="109.0519320">
    <ele>5.0</ele>
    <time>2025-04-05T02:24:50Z</time>
   </trkpt>
   <trkpt lat="-6.8655500" lon="109.0518980">
    <ele>5.0</ele>
    <time>2025-04-05T02:24:51Z</time>
   </trkpt>
   <trkpt lat="-6.8655450" lon="109.0518640">
    <ele>5.0</ele>
    <time>2025-04-05T02:24:52Z</time>
   </trkpt>
   <trkpt lat="-6.8655410" lon="109.0518340">
    <ele>5.0</ele>
    <time>2025-04-05T02:24:53Z</time>
   </trkpt>
   <trkpt lat="-6.8655300" lon="109.0517960">
    <ele>5.0</ele>
    <time>2025-04-05T02:24:54Z</time>
   </trkpt>
   <trkpt lat="-6.8655260" lon="109.0517830">
    <ele>5.0</ele>
    <time>2025-04-05T02:24:55Z</time>
   </trkpt>
   <trkpt lat="-6.8655180" lon="109.0517520">
    <ele>5.0</ele>
    <time>2025-04-05T02:24:56Z</time>
   </trkpt>
   <trkpt lat="-6.8655100" lon="109.0517120">
    <ele>5.1</ele>
    <time>2025-04-05T02:24:57Z</time>
   </trkpt>
   <trkpt lat="-6.8655020" lon="109.0516740">
    <ele>5.1</ele>
    <time>2025-04-05T02:24:58Z</time>
   </trkpt>
   <trkpt lat="-6.8654910" lon="109.0516390">
    <ele>5.1</ele>
    <time>2025-04-05T02:24:59Z</time>
   </trkpt>
   <trkpt lat="-6.8654840" lon="109.0516030">
    <ele>5.1</ele>
    <time>2025-04-05T02:25:00Z</time>
   </trkpt>
   <trkpt lat="-6.8654780" lon="109.0515730">
    <ele>5.1</ele>
    <time>2025-04-05T02:25:01Z</time>
   </trkpt>
   <trkpt lat="-6.8654710" lon="109.0515430">
    <ele>5.1</ele>
    <time>2025-04-05T02:25:02Z</time>
   </trkpt>
   <trkpt lat="-6.8654630" lon="109.0515150">
    <ele>5.1</ele>
    <time>2025-04-05T02:25:03Z</time>
   </trkpt>
   <trkpt lat="-6.8654540" lon="109.0514860">
    <ele>5.1</ele>
    <time>2025-04-05T02:25:04Z</time>
   </trkpt>
   <trkpt lat="-6.8654430" lon="109.0514450">
    <ele>5.1</ele>
    <time>2025-04-05T02:25:05Z</time>
   </trkpt>
   <trkpt lat="-6.8654380" lon="109.0514300">
    <ele>5.1</ele>
    <time>2025-04-05T02:25:06Z</time>
   </trkpt>
   <trkpt lat="-6.8654290" lon="109.0513950">
    <ele>5.1</ele>
    <time>2025-04-05T02:25:07Z</time>
   </trkpt>
   <trkpt lat="-6.8654170" lon="109.0513590">
    <ele>5.1</ele>
    <time>2025-04-05T02:25:08Z</time>
   </trkpt>
   <trkpt lat="-6.8654070" lon="109.0513240">
    <ele>5.1</ele>
    <time>2025-04-05T02:25:09Z</time>
   </trkpt>
   <trkpt lat="-6.8653990" lon="109.0512930">
    <ele>5.1</ele>
    <time>2025-04-05T02:25:10Z</time>
   </trkpt>
   <trkpt lat="-6.8653930" lon="109.0512660">
    <ele>5.1</ele>
    <time>2025-04-05T02:25:11Z</time>
   </trkpt>
   <trkpt lat="-6.8653840" lon="109.0512270">
    <ele>5.2</ele>
    <time>2025-04-05T02:25:12Z</time>
   </trkpt>
   <trkpt lat="-6.8653800" lon="109.0512130">
    <ele>5.2</ele>
    <time>2025-04-05T02:25:13Z</time>
   </trkpt>
   <trkpt lat="-6.8653710" lon="109.0511860">
    <ele>5.2</ele>
    <time>2025-04-05T02:25:14Z</time>
   </trkpt>
   <trkpt lat="-6.8653630" lon="109.0511590">
    <ele>5.2</ele>
    <time>2025-04-05T02:25:15Z</time>
   </trkpt>
   <trkpt lat="-6.8653570" lon="109.0511280">
    <ele>5.2</ele>
    <time>2025-04-05T02:25:16Z</time>
   </trkpt>
   <trkpt lat="-6.8653490" lon="109.0510980">
    <ele>5.2</ele>
    <time>2025-04-05T02:25:17Z</time>
   </trkpt>
   <trkpt lat="-6.8653380" lon="109.0510590">
    <ele>5.2</ele>
    <time>2025-04-05T02:25:18Z</time>
   </trkpt>
   <trkpt lat="-6.8653260" lon="109.0510190">
    <ele>5.2</ele>
    <time>2025-04-05T02:25:19Z</time>
   </trkpt>
   <trkpt lat="-6.8653120" lon="109.0509790">
    <ele>5.2</ele>
    <time>2025-04-05T02:25:20Z</time>
   </trkpt>
   <trkpt lat="-6.8653000" lon="109.0509400">
    <ele>5.2</ele>
    <time>2025-04-05T02:25:21Z</time>
   </trkpt>
   <trkpt lat="-6.8652890" lon="109.0509050">
    <ele>5.2</ele>
    <time>2025-04-05T02:25:22Z</time>
   </trkpt>
   <trkpt lat="-6.8652800" lon="109.0508720">
    <ele>5.1</ele>
    <time>2025-04-05T02:25:23Z</time>
   </trkpt>
   <trkpt lat="-6.8652720" lon="109.0508400">
    <ele>5.1</ele>
    <time>2025-04-05T02:25:24Z</time>
   </trkpt>
   <trkpt lat="-6.8652640" lon="109.0508070">
    <ele>5.1</ele>
    <time>2025-04-05T02:25:25Z</time>
   </trkpt>
   <trkpt lat="-6.8652570" lon="109.0507780">
    <ele>5.1</ele>
    <time>2025-04-05T02:25:26Z</time>
   </trkpt>
   <trkpt lat="-6.8652510" lon="109.0507510">
    <ele>5.1</ele>
    <time>2025-04-05T02:25:27Z</time>
   </trkpt>
   <trkpt lat="-6.8652460" lon="109.0507230">
    <ele>5.1</ele>
    <time>2025-04-05T02:25:28Z</time>
   </trkpt>
   <trkpt lat="-6.8652380" lon="109.0506830">
    <ele>5.1</ele>
    <time>2025-04-05T02:25:29Z</time>
   </trkpt>
   <trkpt lat="-6.8652340" lon="109.0506690">
    <ele>5.1</ele>
    <time>2025-04-05T02:25:30Z</time>
   </trkpt>
   <trkpt lat="-6.8652240" lon="109.0506350">
    <ele>5.2</ele>
    <time>2025-04-05T02:25:31Z</time>
   </trkpt>
   <trkpt lat="-6.8652120" lon="109.0506020">
    <ele>5.2</ele>
    <time>2025-04-05T02:25:32Z</time>
   </trkpt>
   <trkpt lat="-6.8652000" lon="109.0505670">
    <ele>5.2</ele>
    <time>2025-04-05T02:25:33Z</time>
   </trkpt>
   <trkpt lat="-6.8651920" lon="109.0505350">
    <ele>5.2</ele>
    <time>2025-04-05T02:25:34Z</time>
   </trkpt>
   <trkpt lat="-6.8651840" lon="109.0505030">
    <ele>5.2</ele>
    <time>2025-04-05T02:25:35Z</time>
   </trkpt>
   <trkpt lat="-6.8651760" lon="109.0504710">
    <ele>5.2</ele>
    <time>2025-04-05T02:25:36Z</time>
   </trkpt>
   <trkpt lat="-6.8651720" lon="109.0504380">
    <ele>5.2</ele>
    <time>2025-04-05T02:25:37Z</time>
   </trkpt>
   <trkpt lat="-6.8651680" lon="109.0504040">
    <ele>5.2</ele>
    <time>2025-04-05T02:25:38Z</time>
   </trkpt>
   <trkpt lat="-6.8651630" lon="109.0503720">
    <ele>5.2</ele>
    <time>2025-04-05T02:25:39Z</time>
   </trkpt>
   <trkpt lat="-6.8651540" lon="109.0503430">
    <ele>5.2</ele>
    <time>2025-04-05T02:25:40Z</time>
   </trkpt>
   <trkpt lat="-6.8651420" lon="109.0503150">
    <ele>5.2</ele>
    <time>2025-04-05T02:25:41Z</time>
   </trkpt>
   <trkpt lat="-6.8651300" lon="109.0502840">
    <ele>5.2</ele>
    <time>2025-04-05T02:25:42Z</time>
   </trkpt>
   <trkpt lat="-6.8651190" lon="109.0502550">
    <ele>5.2</ele>
    <time>2025-04-05T02:25:43Z</time>
   </trkpt>
   <trkpt lat="-6.8651070" lon="109.0502170">
    <ele>5.2</ele>
    <time>2025-04-05T02:25:44Z</time>
   </trkpt>
   <trkpt lat="-6.8651030" lon="109.0502040">
    <ele>5.2</ele>
    <time>2025-04-05T02:25:45Z</time>
   </trkpt>
   <trkpt lat="-6.8650940" lon="109.0501780">
    <ele>5.2</ele>
    <time>2025-04-05T02:25:46Z</time>
   </trkpt>
   <trkpt lat="-6.8650840" lon="109.0501480">
    <ele>5.2</ele>
    <time>2025-04-05T02:25:47Z</time>
   </trkpt>
   <trkpt lat="-6.8650730" lon="109.0501160">
    <ele>5.1</ele>
    <time>2025-04-05T02:25:48Z</time>
   </trkpt>
   <trkpt lat="-6.8650640" lon="109.0500820">
    <ele>5.1</ele>
    <time>2025-04-05T02:25:49Z</time>
   </trkpt>
   <trkpt lat="-6.8650550" lon="109.0500530">
    <ele>5.1</ele>
    <time>2025-04-05T02:25:50Z</time>
   </trkpt>
   <trkpt lat="-6.8650470" lon="109.0500240">
    <ele>5.1</ele>
    <time>2025-04-05T02:25:51Z</time>
   </trkpt>
   <trkpt lat="-6.8650420" lon="109.0499950">
    <ele>5.1</ele>
    <time>2025-04-05T02:25:52Z</time>
   </trkpt>
   <trkpt lat="-6.8650370" lon="109.0499650">
    <ele>5.1</ele>
    <time>2025-04-05T02:25:53Z</time>
   </trkpt>
   <trkpt lat="-6.8650340" lon="109.0499360">
    <ele>5.1</ele>
    <time>2025-04-05T02:25:54Z</time>
   </trkpt>
   <trkpt lat="-6.8650270" lon="109.0499040">
    <ele>5.1</ele>
    <time>2025-04-05T02:25:55Z</time>
   </trkpt>
   <trkpt lat="-6.8650210" lon="109.0498740">
    <ele>5.1</ele>
    <time>2025-04-05T02:25:56Z</time>
   </trkpt>
   <trkpt lat="-6.8650140" lon="109.0498420">
    <ele>5.1</ele>
    <time>2025-04-05T02:25:57Z</time>
   </trkpt>
   <trkpt lat="-6.8650070" lon="109.0498040">
    <ele>5.2</ele>
    <time>2025-04-05T02:25:58Z</time>
   </trkpt>
   <trkpt lat="-6.8649990" lon="109.0497690">
    <ele>5.2</ele>
    <time>2025-04-05T02:25:59Z</time>
   </trkpt>
   <trkpt lat="-6.8649950" lon="109.0497330">
    <ele>5.2</ele>
    <time>2025-04-05T02:26:00Z</time>
   </trkpt>
   <trkpt lat="-6.8649900" lon="109.0496930">
    <ele>5.2</ele>
    <time>2025-04-05T02:26:01Z</time>
   </trkpt>
   <trkpt lat="-6.8649840" lon="109.0496450">
    <ele>5.2</ele>
    <time>2025-04-05T02:26:02Z</time>
   </trkpt>
   <trkpt lat="-6.8649780" lon="109.0495990">
    <ele>5.2</ele>
    <time>2025-04-05T02:26:03Z</time>
   </trkpt>
   <trkpt lat="-6.8649730" lon="109.0495570">
    <ele>5.2</ele>
    <time>2025-04-05T02:26:04Z</time>
   </trkpt>
   <trkpt lat="-6.8649670" lon="109.0495260">
    <ele>5.2</ele>
    <time>2025-04-05T02:26:05Z</time>
   </trkpt>
   <trkpt lat="-6.8649590" lon="109.0494880">
    <ele>5.2</ele>
    <time>2025-04-05T02:26:06Z</time>
   </trkpt>
   <trkpt lat="-6.8649570" lon="109.0494760">
    <ele>5.1</ele>
    <time>2025-04-05T02:26:07Z</time>
   </trkpt>
   <trkpt lat="-6.8649530" lon="109.0494480">
    <ele>5.1</ele>
    <time>2025-04-05T02:26:08Z</time>
   </trkpt>
   <trkpt lat="-6.8649490" lon="109.0494200">
    <ele>5.1</ele>
    <time>2025-04-05T02:26:09Z</time>
   </trkpt>
   <trkpt lat="-6.8649450" lon="109.0493900">
    <ele>5.1</ele>
    <time>2025-04-05T02:26:10Z</time>
   </trkpt>
   <trkpt lat="-6.8649380" lon="109.0493540">
    <ele>5.1</ele>
    <time>2025-04-05T02:26:11Z</time>
   </trkpt>
   <trkpt lat="-6.8649280" lon="109.0493210">
    <ele>5.0</ele>
    <time>2025-04-05T02:26:12Z</time>
   </trkpt>
   <trkpt lat="-6.8649200" lon="109.0492820">
    <ele>5.0</ele>
    <time>2025-04-05T02:26:13Z</time>
   </trkpt>
   <trkpt lat="-6.8649100" lon="109.0492460">
    <ele>5.0</ele>
    <time>2025-04-05T02:26:14Z</time>
   </trkpt>
   <trkpt lat="-6.8649000" lon="109.0492100">
    <ele>5.0</ele>
    <time>2025-04-05T02:26:15Z</time>
   </trkpt>
   <trkpt lat="-6.8648880" lon="109.0491760">
    <ele>5.0</ele>
    <time>2025-04-05T02:26:16Z</time>
   </trkpt>
   <trkpt lat="-6.8648770" lon="109.0491430">
    <ele>5.0</ele>
    <time>2025-04-05T02:26:17Z</time>
   </trkpt>
   <trkpt lat="-6.8648680" lon="109.0491120">
    <ele>5.0</ele>
    <time>2025-04-05T02:26:18Z</time>
   </trkpt>
   <trkpt lat="-6.8648570" lon="109.0490840">
    <ele>5.0</ele>
    <time>2025-04-05T02:26:19Z</time>
   </trkpt>
   <trkpt lat="-6.8648470" lon="109.0490540">
    <ele>5.0</ele>
    <time>2025-04-05T02:26:20Z</time>
   </trkpt>
   <trkpt lat="-6.8648380" lon="109.0490220">
    <ele>5.0</ele>
    <time>2025-04-05T02:26:21Z</time>
   </trkpt>
   <trkpt lat="-6.8648280" lon="109.0489880">
    <ele>5.0</ele>
    <time>2025-04-05T02:26:22Z</time>
   </trkpt>
   <trkpt lat="-6.8648170" lon="109.0489610">
    <ele>5.0</ele>
    <time>2025-04-05T02:26:23Z</time>
   </trkpt>
   <trkpt lat="-6.8648110" lon="109.0489200">
    <ele>5.0</ele>
    <time>2025-04-05T02:26:24Z</time>
   </trkpt>
   <trkpt lat="-6.8648060" lon="109.0488850">
    <ele>5.0</ele>
    <time>2025-04-05T02:26:25Z</time>
   </trkpt>
   <trkpt lat="-6.8648000" lon="109.0488570">
    <ele>5.0</ele>
    <time>2025-04-05T02:26:26Z</time>
   </trkpt>
   <trkpt lat="-6.8647860" lon="109.0488170">
    <ele>5.1</ele>
    <time>2025-04-05T02:26:27Z</time>
   </trkpt>
   <trkpt lat="-6.8647800" lon="109.0488040">
    <ele>5.1</ele>
    <time>2025-04-05T02:26:28Z</time>
   </trkpt>
   <trkpt lat="-6.8647670" lon="109.0487710">
    <ele>5.1</ele>
    <time>2025-04-05T02:26:29Z</time>
   </trkpt>
   <trkpt lat="-6.8647590" lon="109.0487310">
    <ele>5.1</ele>
    <time>2025-04-05T02:26:30Z</time>
   </trkpt>
   <trkpt lat="-6.8647500" lon="109.0486940">
    <ele>5.1</ele>
    <time>2025-04-05T02:26:31Z</time>
   </trkpt>
   <trkpt lat="-6.8647440" lon="109.0486570">
    <ele>5.2</ele>
    <time>2025-04-05T02:26:32Z</time>
   </trkpt>
   <trkpt lat="-6.8647340" lon="109.0486170">
    <ele>5.2</ele>
    <time>2025-04-05T02:26:33Z</time>
   </trkpt>
   <trkpt lat="-6.8647290" lon="109.0486040">
    <ele>5.2</ele>
    <time>2025-04-05T02:26:34Z</time>
   </trkpt>
   <trkpt lat="-6.8647190" lon="109.0485770">
    <ele>5.2</ele>
    <time>2025-04-05T02:26:35Z</time>
   </trkpt>
   <trkpt lat="-6.8647110" lon="109.0485470">
    <ele>5.2</ele>
    <time>2025-04-05T02:26:36Z</time>
   </trkpt>
   <trkpt lat="-6.8647040" lon="109.0485200">
    <ele>5.3</ele>
    <time>2025-04-05T02:26:37Z</time>
   </trkpt>
   <trkpt lat="-6.8646980" lon="109.0484890">
    <ele>5.3</ele>
    <time>2025-04-05T02:26:38Z</time>
   </trkpt>
   <trkpt lat="-6.8646890" lon="109.0484600">
    <ele>5.3</ele>
    <time>2025-04-05T02:26:39Z</time>
   </trkpt>
   <trkpt lat="-6.8646780" lon="109.0484230">
    <ele>5.3</ele>
    <time>2025-04-05T02:26:40Z</time>
   </trkpt>
   <trkpt lat="-6.8646740" lon="109.0484100">
    <ele>5.3</ele>
    <time>2025-04-05T02:26:41Z</time>
   </trkpt>
   <trkpt lat="-6.8646690" lon="109.0483630">
    <ele>5.4</ele>
    <time>2025-04-05T02:26:42Z</time>
   </trkpt>
   <trkpt lat="-6.8646640" lon="109.0483210">
    <ele>5.4</ele>
    <time>2025-04-05T02:26:43Z</time>
   </trkpt>
   <trkpt lat="-6.8646570" lon="109.0482860">
    <ele>5.4</ele>
    <time>2025-04-05T02:26:44Z</time>
   </trkpt>
   <trkpt lat="-6.8646490" lon="109.0482460">
    <ele>5.4</ele>
    <time>2025-04-05T02:26:45Z</time>
   </trkpt>
   <trkpt lat="-6.8646410" lon="109.0482130">
    <ele>5.4</ele>
    <time>2025-04-05T02:26:46Z</time>
   </trkpt>
   <trkpt lat="-6.8646360" lon="109.0481810">
    <ele>5.4</ele>
    <time>2025-04-05T02:26:47Z</time>
   </trkpt>
   <trkpt lat="-6.8646300" lon="109.0481490">
    <ele>5.5</ele>
    <time>2025-04-05T02:26:48Z</time>
   </trkpt>
   <trkpt lat="-6.8646230" lon="109.0481180">
    <ele>5.5</ele>
    <time>2025-04-05T02:26:49Z</time>
   </trkpt>
   <trkpt lat="-6.8646170" lon="109.0480910">
    <ele>5.5</ele>
    <time>2025-04-05T02:26:50Z</time>
   </trkpt>
   <trkpt lat="-6.8646090" lon="109.0480610">
    <ele>5.5</ele>
    <time>2025-04-05T02:26:51Z</time>
   </trkpt>
   <trkpt lat="-6.8646070" lon="109.0480510">
    <ele>5.5</ele>
    <time>2025-04-05T02:26:52Z</time>
   </trkpt>
   <trkpt lat="-6.8646040" lon="109.0480130">
    <ele>5.5</ele>
    <time>2025-04-05T02:26:53Z</time>
   </trkpt>
   <trkpt lat="-6.8646020" lon="109.0480000">
    <ele>5.6</ele>
    <time>2025-04-05T02:26:54Z</time>
   </trkpt>
   <trkpt lat="-6.8645870" lon="109.0479650">
    <ele>5.6</ele>
    <time>2025-04-05T02:26:55Z</time>
   </trkpt>
   <trkpt lat="-6.8645790" lon="109.0479560">
    <ele>5.6</ele>
    <time>2025-04-05T02:26:56Z</time>
   </trkpt>
   <trkpt lat="-6.8645470" lon="109.0479430">
    <ele>5.6</ele>
    <time>2025-04-05T02:26:57Z</time>
   </trkpt>
   <trkpt lat="-6.8645180" lon="109.0479420">
    <ele>5.6</ele>
    <time>2025-04-05T02:26:58Z</time>
   </trkpt>
   <trkpt lat="-6.8644840" lon="109.0479460">
    <ele>5.6</ele>
    <time>2025-04-05T02:26:59Z</time>
   </trkpt>
   <trkpt lat="-6.8644740" lon="109.0479480">
    <ele>5.6</ele>
    <time>2025-04-05T02:27:00Z</time>
   </trkpt>
   <trkpt lat="-6.8644440" lon="109.0479560">
    <ele>5.5</ele>
    <time>2025-04-05T02:27:01Z</time>
   </trkpt>
   <trkpt lat="-6.8644330" lon="109.0479580">
    <ele>5.5</ele>
    <time>2025-04-05T02:27:02Z</time>
   </trkpt>
   <trkpt lat="-6.8644010" lon="109.0479700">
    <ele>5.5</ele>
    <time>2025-04-05T02:27:03Z</time>
   </trkpt>
   <trkpt lat="-6.8643900" lon="109.0479740">
    <ele>5.5</ele>
    <time>2025-04-05T02:27:04Z</time>
   </trkpt>
   <trkpt lat="-6.8643620" lon="109.0479840">
    <ele>5.4</ele>
    <time>2025-04-05T02:27:05Z</time>
   </trkpt>
   <trkpt lat="-6.8643240" lon="109.0479900">
    <ele>5.4</ele>
    <time>2025-04-05T02:27:06Z</time>
   </trkpt>
   <trkpt lat="-6.8642830" lon="109.0479930">
    <ele>5.3</ele>
    <time>2025-04-05T02:27:07Z</time>
   </trkpt>
   <trkpt lat="-6.8642470" lon="109.0479960">
    <ele>5.3</ele>
    <time>2025-04-05T02:27:08Z</time>
   </trkpt>
   <trkpt lat="-6.8642100" lon="109.0480000">
    <ele>5.2</ele>
    <time>2025-04-05T02:27:09Z</time>
   </trkpt>
   <trkpt lat="-6.8641760" lon="109.0480080">
    <ele>5.2</ele>
    <time>2025-04-05T02:27:10Z</time>
   </trkpt>
   <trkpt lat="-6.8641410" lon="109.0480160">
    <ele>5.1</ele>
    <time>2025-04-05T02:27:11Z</time>
   </trkpt>
   <trkpt lat="-6.8641130" lon="109.0480210">
    <ele>5.1</ele>
    <time>2025-04-05T02:27:12Z</time>
   </trkpt>
   <trkpt lat="-6.8640730" lon="109.0480280">
    <ele>5.0</ele>
    <time>2025-04-05T02:27:13Z</time>
   </trkpt>
   <trkpt lat="-6.8640570" lon="109.0480290">
    <ele>5.0</ele>
    <time>2025-04-05T02:27:14Z</time>
   </trkpt>
   <trkpt lat="-6.8640270" lon="109.0480320">
    <ele>5.0</ele>
    <time>2025-04-05T02:27:15Z</time>
   </trkpt>
   <trkpt lat="-6.8639980" lon="109.0480350">
    <ele>4.9</ele>
    <time>2025-04-05T02:27:16Z</time>
   </trkpt>
   <trkpt lat="-6.8639680" lon="109.0480380">
    <ele>4.9</ele>
    <time>2025-04-05T02:27:17Z</time>
   </trkpt>
   <trkpt lat="-6.8639350" lon="109.0480440">
    <ele>4.9</ele>
    <time>2025-04-05T02:27:18Z</time>
   </trkpt>
   <trkpt lat="-6.8639060" lon="109.0480500">
    <ele>4.9</ele>
    <time>2025-04-05T02:27:19Z</time>
   </trkpt>
   <trkpt lat="-6.8638730" lon="109.0480610">
    <ele>4.8</ele>
    <time>2025-04-05T02:27:20Z</time>
   </trkpt>
   <trkpt lat="-6.8638400" lon="109.0480710">
    <ele>4.8</ele>
    <time>2025-04-05T02:27:21Z</time>
   </trkpt>
   <trkpt lat="-6.8638110" lon="109.0480810">
    <ele>4.8</ele>
    <time>2025-04-05T02:27:22Z</time>
   </trkpt>
   <trkpt lat="-6.8637770" lon="109.0480890">
    <ele>4.8</ele>
    <time>2025-04-05T02:27:23Z</time>
   </trkpt>
   <trkpt lat="-6.8637430" lon="109.0480930">
    <ele>4.7</ele>
    <time>2025-04-05T02:27:24Z</time>
   </trkpt>
   <trkpt lat="-6.8637090" lon="109.0480980">
    <ele>4.7</ele>
    <time>2025-04-05T02:27:25Z</time>
   </trkpt>
   <trkpt lat="-6.8636730" lon="109.0481040">
    <ele>4.7</ele>
    <time>2025-04-05T02:27:26Z</time>
   </trkpt>
   <trkpt lat="-6.8636360" lon="109.0481090">
    <ele>4.6</ele>
    <time>2025-04-05T02:27:27Z</time>
   </trkpt>
   <trkpt lat="-6.8636000" lon="109.0481150">
    <ele>4.6</ele>
    <time>2025-04-05T02:27:28Z</time>
   </trkpt>
   <trkpt lat="-6.8635660" lon="109.0481210">
    <ele>4.6</ele>
    <time>2025-04-05T02:27:29Z</time>
   </trkpt>
   <trkpt lat="-6.8635340" lon="109.0481260">
    <ele>4.5</ele>
    <time>2025-04-05T02:27:30Z</time>
   </trkpt>
   <trkpt lat="-6.8634950" lon="109.0481350">
    <ele>4.5</ele>
    <time>2025-04-05T02:27:31Z</time>
   </trkpt>
   <trkpt lat="-6.8634810" lon="109.0481390">
    <ele>4.4</ele>
    <time>2025-04-05T02:27:32Z</time>
   </trkpt>
   <trkpt lat="-6.8634490" lon="109.0481480">
    <ele>4.4</ele>
    <time>2025-04-05T02:27:33Z</time>
   </trkpt>
   <trkpt lat="-6.8634160" lon="109.0481570">
    <ele>4.4</ele>
    <time>2025-04-05T02:27:34Z</time>
   </trkpt>
   <trkpt lat="-6.8633810" lon="109.0481660">
    <ele>4.4</ele>
    <time>2025-04-05T02:27:35Z</time>
   </trkpt>
   <trkpt lat="-6.8633440" lon="109.0481760">
    <ele>4.4</ele>
    <time>2025-04-05T02:27:36Z</time>
   </trkpt>
   <trkpt lat="-6.8633100" lon="109.0481850">
    <ele>4.4</ele>
    <time>2025-04-05T02:27:37Z</time>
   </trkpt>
   <trkpt lat="-6.8632740" lon="109.0481950">
    <ele>4.4</ele>
    <time>2025-04-05T02:27:38Z</time>
   </trkpt>
   <trkpt lat="-6.8632440" lon="109.0482040">
    <ele>4.3</ele>
    <time>2025-04-05T02:27:39Z</time>
   </trkpt>
   <trkpt lat="-6.8632150" lon="109.0482120">
    <ele>4.3</ele>
    <time>2025-04-05T02:27:40Z</time>
   </trkpt>
   <trkpt lat="-6.8631850" lon="109.0482200">
    <ele>4.3</ele>
    <time>2025-04-05T02:27:41Z</time>
   </trkpt>
   <trkpt lat="-6.8631520" lon="109.0482260">
    <ele>4.3</ele>
    <time>2025-04-05T02:27:42Z</time>
   </trkpt>
   <trkpt lat="-6.8631200" lon="109.0482310">
    <ele>4.3</ele>
    <time>2025-04-05T02:27:43Z</time>
   </trkpt>
   <trkpt lat="-6.8630840" lon="109.0482360">
    <ele>4.3</ele>
    <time>2025-04-05T02:27:44Z</time>
   </trkpt>
   <trkpt lat="-6.8630460" lon="109.0482400">
    <ele>4.3</ele>
    <time>2025-04-05T02:27:45Z</time>
   </trkpt>
   <trkpt lat="-6.8630100" lon="109.0482460">
    <ele>4.3</ele>
    <time>2025-04-05T02:27:46Z</time>
   </trkpt>
   <trkpt lat="-6.8629730" lon="109.0482510">
    <ele>4.3</ele>
    <time>2025-04-05T02:27:47Z</time>
   </trkpt>
   <trkpt lat="-6.8629390" lon="109.0482560">
    <ele>4.4</ele>
    <time>2025-04-05T02:27:48Z</time>
   </trkpt>
   <trkpt lat="-6.8629040" lon="109.0482620">
    <ele>4.4</ele>
    <time>2025-04-05T02:27:49Z</time>
   </trkpt>
   <trkpt lat="-6.8628710" lon="109.0482690">
    <ele>4.4</ele>
    <time>2025-04-05T02:27:50Z</time>
   </trkpt>
   <trkpt lat="-6.8628400" lon="109.0482740">
    <ele>4.4</ele>
    <time>2025-04-05T02:27:51Z</time>
   </trkpt>
   <trkpt lat="-6.8628060" lon="109.0482770">
    <ele>4.4</ele>
    <time>2025-04-05T02:27:52Z</time>
   </trkpt>
   <trkpt lat="-6.8627090" lon="109.0482920">
    <ele>4.4</ele>
    <time>2025-04-05T02:27:55Z</time>
   </trkpt>
   <trkpt lat="-6.8620880" lon="109.0487400">
    <ele>4.6</ele>
    <time>2025-04-05T02:28:03Z</time>
   </trkpt>
   <trkpt lat="-6.8621400" lon="109.0484740">
    <ele>4.6</ele>
    <time>2025-04-05T02:28:10Z</time>
   </trkpt>
   <trkpt lat="-6.8622130" lon="109.0483400">
    <ele>4.6</ele>
    <time>2025-04-05T02:28:11Z</time>
   </trkpt>
   <trkpt lat="-6.8621850" lon="109.0483460">
    <ele>4.6</ele>
    <time>2025-04-05T02:28:12Z</time>
   </trkpt>
   <trkpt lat="-6.8621560" lon="109.0483520">
    <ele>4.6</ele>
    <time>2025-04-05T02:28:13Z</time>
   </trkpt>
   <trkpt lat="-6.8621270" lon="109.0483600">
    <ele>4.6</ele>
    <time>2025-04-05T02:28:14Z</time>
   </trkpt>
   <trkpt lat="-6.8620980" lon="109.0483690">
    <ele>4.6</ele>
    <time>2025-04-05T02:28:15Z</time>
   </trkpt>
   <trkpt lat="-6.8620700" lon="109.0483760">
    <ele>4.6</ele>
    <time>2025-04-05T02:28:16Z</time>
   </trkpt>
   <trkpt lat="-6.8620390" lon="109.0483830">
    <ele>4.6</ele>
    <time>2025-04-05T02:28:17Z</time>
   </trkpt>
   <trkpt lat="-6.8620060" lon="109.0483890">
    <ele>4.6</ele>
    <time>2025-04-05T02:28:18Z</time>
   </trkpt>
   <trkpt lat="-6.8619730" lon="109.0483940">
    <ele>4.6</ele>
    <time>2025-04-05T02:28:19Z</time>
   </trkpt>
   <trkpt lat="-6.8619410" lon="109.0483990">
    <ele>4.6</ele>
    <time>2025-04-05T02:28:20Z</time>
   </trkpt>
   <trkpt lat="-6.8619090" lon="109.0484050">
    <ele>4.6</ele>
    <time>2025-04-05T02:28:21Z</time>
   </trkpt>
   <trkpt lat="-6.8618750" lon="109.0484130">
    <ele>4.6</ele>
    <time>2025-04-05T02:28:22Z</time>
   </trkpt>
   <trkpt lat="-6.8618410" lon="109.0484210">
    <ele>4.6</ele>
    <time>2025-04-05T02:28:23Z</time>
   </trkpt>
   <trkpt lat="-6.8618050" lon="109.0484290">
    <ele>4.6</ele>
    <time>2025-04-05T02:28:24Z</time>
   </trkpt>
   <trkpt lat="-6.8617720" lon="109.0484360">
    <ele>4.6</ele>
    <time>2025-04-05T02:28:25Z</time>
   </trkpt>
   <trkpt lat="-6.8617380" lon="109.0484410">
    <ele>4.5</ele>
    <time>2025-04-05T02:28:26Z</time>
   </trkpt>
   <trkpt lat="-6.8617050" lon="109.0484460">
    <ele>4.5</ele>
    <time>2025-04-05T02:28:27Z</time>
   </trkpt>
   <trkpt lat="-6.8616680" lon="109.0484510">
    <ele>4.5</ele>
    <time>2025-04-05T02:28:28Z</time>
   </trkpt>
   <trkpt lat="-6.8616310" lon="109.0484560">
    <ele>4.5</ele>
    <time>2025-04-05T02:28:29Z</time>
   </trkpt>
   <trkpt lat="-6.8615980" lon="109.0484600">
    <ele>4.5</ele>
    <time>2025-04-05T02:28:30Z</time>
   </trkpt>
   <trkpt lat="-6.8615630" lon="109.0484660">
    <ele>4.5</ele>
    <time>2025-04-05T02:28:31Z</time>
   </trkpt>
   <trkpt lat="-6.8615280" lon="109.0484720">
    <ele>4.5</ele>
    <time>2025-04-05T02:28:32Z</time>
   </trkpt>
   <trkpt lat="-6.8614890" lon="109.0484770">
    <ele>4.5</ele>
    <time>2025-04-05T02:28:33Z</time>
   </trkpt>
   <trkpt lat="-6.8614530" lon="109.0484830">
    <ele>4.5</ele>
    <time>2025-04-05T02:28:34Z</time>
   </trkpt>
   <trkpt lat="-6.8614200" lon="109.0484900">
    <ele>4.5</ele>
    <time>2025-04-05T02:28:35Z</time>
   </trkpt>
   <trkpt lat="-6.8613880" lon="109.0484950">
    <ele>4.5</ele>
    <time>2025-04-05T02:28:36Z</time>
   </trkpt>
   <trkpt lat="-6.8613540" lon="109.0484970">
    <ele>4.4</ele>
    <time>2025-04-05T02:28:37Z</time>
   </trkpt>
   <trkpt lat="-6.8613200" lon="109.0484980">
    <ele>4.4</ele>
    <time>2025-04-05T02:28:38Z</time>
   </trkpt>
   <trkpt lat="-6.8612840" lon="109.0485030">
    <ele>4.4</ele>
    <time>2025-04-05T02:28:39Z</time>
   </trkpt>
   <trkpt lat="-6.8612530" lon="109.0485070">
    <ele>4.4</ele>
    <time>2025-04-05T02:28:40Z</time>
   </trkpt>
   <trkpt lat="-6.8612190" lon="109.0485100">
    <ele>4.4</ele>
    <time>2025-04-05T02:28:41Z</time>
   </trkpt>
   <trkpt lat="-6.8611870" lon="109.0485120">
    <ele>4.4</ele>
    <time>2025-04-05T02:28:42Z</time>
   </trkpt>
   <trkpt lat="-6.8611530" lon="109.0485160">
    <ele>4.4</ele>
    <time>2025-04-05T02:28:43Z</time>
   </trkpt>
   <trkpt lat="-6.8611240" lon="109.0485220">
    <ele>4.4</ele>
    <time>2025-04-05T02:28:44Z</time>
   </trkpt>
   <trkpt lat="-6.8610920" lon="109.0485280">
    <ele>4.4</ele>
    <time>2025-04-05T02:28:45Z</time>
   </trkpt>
   <trkpt lat="-6.8610610" lon="109.0485340">
    <ele>4.4</ele>
    <time>2025-04-05T02:28:46Z</time>
   </trkpt>
   <trkpt lat="-6.8610280" lon="109.0485400">
    <ele>4.4</ele>
    <time>2025-04-05T02:28:47Z</time>
   </trkpt>
   <trkpt lat="-6.8609920" lon="109.0485470">
    <ele>4.4</ele>
    <time>2025-04-05T02:28:48Z</time>
   </trkpt>
   <trkpt lat="-6.8609610" lon="109.0485540">
    <ele>4.4</ele>
    <time>2025-04-05T02:28:49Z</time>
   </trkpt>
   <trkpt lat="-6.8609320" lon="109.0485580">
    <ele>4.4</ele>
    <time>2025-04-05T02:28:50Z</time>
   </trkpt>
   <trkpt lat="-6.8609030" lon="109.0485630">
    <ele>4.4</ele>
    <time>2025-04-05T02:28:51Z</time>
   </trkpt>
   <trkpt lat="-6.8608710" lon="109.0485680">
    <ele>4.4</ele>
    <time>2025-04-05T02:28:52Z</time>
   </trkpt>
   <trkpt lat="-6.8608400" lon="109.0485720">
    <ele>4.4</ele>
    <time>2025-04-05T02:28:53Z</time>
   </trkpt>
   <trkpt lat="-6.8608070" lon="109.0485770">
    <ele>4.4</ele>
    <time>2025-04-05T02:28:54Z</time>
   </trkpt>
   <trkpt lat="-6.8607730" lon="109.0485820">
    <ele>4.4</ele>
    <time>2025-04-05T02:28:55Z</time>
   </trkpt>
   <trkpt lat="-6.8607450" lon="109.0485870">
    <ele>4.4</ele>
    <time>2025-04-05T02:28:56Z</time>
   </trkpt>
   <trkpt lat="-6.8607100" lon="109.0485910">
    <ele>4.5</ele>
    <time>2025-04-05T02:28:57Z</time>
   </trkpt>
   <trkpt lat="-6.8606980" lon="109.0485930">
    <ele>4.5</ele>
    <time>2025-04-05T02:28:58Z</time>
   </trkpt>
   <trkpt lat="-6.8606570" lon="109.0486000">
    <ele>4.5</ele>
    <time>2025-04-05T02:28:59Z</time>
   </trkpt>
   <trkpt lat="-6.8606420" lon="109.0486010">
    <ele>4.5</ele>
    <time>2025-04-05T02:29:00Z</time>
   </trkpt>
   <trkpt lat="-6.8606140" lon="109.0486040">
    <ele>4.5</ele>
    <time>2025-04-05T02:29:01Z</time>
   </trkpt>
   <trkpt lat="-6.8605750" lon="109.0486060">
    <ele>4.5</ele>
    <time>2025-04-05T02:29:02Z</time>
   </trkpt>
   <trkpt lat="-6.8605620" lon="109.0486060">
    <ele>4.5</ele>
    <time>2025-04-05T02:29:03Z</time>
   </trkpt>
   <trkpt lat="-6.8605240" lon="109.0486110">
    <ele>4.5</ele>
    <time>2025-04-05T02:29:04Z</time>
   </trkpt>
   <trkpt lat="-6.8605100" lon="109.0486130">
    <ele>4.5</ele>
    <time>2025-04-05T02:29:05Z</time>
   </trkpt>
   <trkpt lat="-6.8604770" lon="109.0486160">
    <ele>4.4</ele>
    <time>2025-04-05T02:29:06Z</time>
   </trkpt>
   <trkpt lat="-6.8604430" lon="109.0486170">
    <ele>4.4</ele>
    <time>2025-04-05T02:29:07Z</time>
   </trkpt>
   <trkpt lat="-6.8604130" lon="109.0486170">
    <ele>4.4</ele>
    <time>2025-04-05T02:29:08Z</time>
   </trkpt>
   <trkpt lat="-6.8603830" lon="109.0486240">
    <ele>4.4</ele>
    <time>2025-04-05T02:29:09Z</time>
   </trkpt>
   <trkpt lat="-6.8603480" lon="109.0486330">
    <ele>4.4</ele>
    <time>2025-04-05T02:29:10Z</time>
   </trkpt>
   <trkpt lat="-6.8603170" lon="109.0486410">
    <ele>4.4</ele>
    <time>2025-04-05T02:29:11Z</time>
   </trkpt>
   <trkpt lat="-6.8602890" lon="109.0486470">
    <ele>4.4</ele>
    <time>2025-04-05T02:29:12Z</time>
   </trkpt>
   <trkpt lat="-6.8602580" lon="109.0486520">
    <ele>4.4</ele>
    <time>2025-04-05T02:29:13Z</time>
   </trkpt>
   <trkpt lat="-6.8602270" lon="109.0486570">
    <ele>4.4</ele>
    <time>2025-04-05T02:29:14Z</time>
   </trkpt>
   <trkpt lat="-6.8601990" lon="109.0486610">
    <ele>4.4</ele>
    <time>2025-04-05T02:29:15Z</time>
   </trkpt>
   <trkpt lat="-6.8601630" lon="109.0486680">
    <ele>4.4</ele>
    <time>2025-04-05T02:29:16Z</time>
   </trkpt>
   <trkpt lat="-6.8601500" lon="109.0486700">
    <ele>4.4</ele>
    <time>2025-04-05T02:29:17Z</time>
   </trkpt>
   <trkpt lat="-6.8601180" lon="109.0486740">
    <ele>4.4</ele>
    <time>2025-04-05T02:29:18Z</time>
   </trkpt>
   <trkpt lat="-6.8600860" lon="109.0486780">
    <ele>4.4</ele>
    <time>2025-04-05T02:29:19Z</time>
   </trkpt>
   <trkpt lat="-6.8600550" lon="109.0486800">
    <ele>4.4</ele>
    <time>2025-04-05T02:29:20Z</time>
   </trkpt>
   <trkpt lat="-6.8600260" lon="109.0486800">
    <ele>4.4</ele>
    <time>2025-04-05T02:29:21Z</time>
   </trkpt>
   <trkpt lat="-6.8599990" lon="109.0486810">
    <ele>4.5</ele>
    <time>2025-04-05T02:29:22Z</time>
   </trkpt>
   <trkpt lat="-6.8599680" lon="109.0486840">
    <ele>4.5</ele>
    <time>2025-04-05T02:29:23Z</time>
   </trkpt>
   <trkpt lat="-6.8599380" lon="109.0486860">
    <ele>4.5</ele>
    <time>2025-04-05T02:29:24Z</time>
   </trkpt>
   <trkpt lat="-6.8599060" lon="109.0486900">
    <ele>4.5</ele>
    <time>2025-04-05T02:29:25Z</time>
   </trkpt>
   <trkpt lat="-6.8598790" lon="109.0486970">
    <ele>4.5</ele>
    <time>2025-04-05T02:29:26Z</time>
   </trkpt>
   <trkpt lat="-6.8598400" lon="109.0487030">
    <ele>4.5</ele>
    <time>2025-04-05T02:29:27Z</time>
   </trkpt>
   <trkpt lat="-6.8598260" lon="109.0487040">
    <ele>4.5</ele>
    <time>2025-04-05T02:29:28Z</time>
   </trkpt>
   <trkpt lat="-6.8597980" lon="109.0487070">
    <ele>4.5</ele>
    <time>2025-04-05T02:29:29Z</time>
   </trkpt>
   <trkpt lat="-6.8597700" lon="109.0487110">
    <ele>4.5</ele>
    <time>2025-04-05T02:29:30Z</time>
   </trkpt>
   <trkpt lat="-6.8597310" lon="109.0487220">
    <ele>4.5</ele>
    <time>2025-04-05T02:29:31Z</time>
   </trkpt>
   <trkpt lat="-6.8597170" lon="109.0487240">
    <ele>4.5</ele>
    <time>2025-04-05T02:29:32Z</time>
   </trkpt>
   <trkpt lat="-6.8596900" lon="109.0487270">
    <ele>4.5</ele>
    <time>2025-04-05T02:29:33Z</time>
   </trkpt>
   <trkpt lat="-6.8596590" lon="109.0487310">
    <ele>4.5</ele>
    <time>2025-04-05T02:29:34Z</time>
   </trkpt>
   <trkpt lat="-6.8596270" lon="109.0487370">
    <ele>4.5</ele>
    <time>2025-04-05T02:29:35Z</time>
   </trkpt>
   <trkpt lat="-6.8595960" lon="109.0487430">
    <ele>4.5</ele>
    <time>2025-04-05T02:29:36Z</time>
   </trkpt>
   <trkpt lat="-6.8595660" lon="109.0487500">
    <ele>4.5</ele>
    <time>2025-04-05T02:29:37Z</time>
   </trkpt>
   <trkpt lat="-6.8595360" lon="109.0487560">
    <ele>4.5</ele>
    <time>2025-04-05T02:29:38Z</time>
   </trkpt>
   <trkpt lat="-6.8595050" lon="109.0487600">
    <ele>4.5</ele>
    <time>2025-04-05T02:29:39Z</time>
   </trkpt>
   <trkpt lat="-6.8594640" lon="109.0487660">
    <ele>4.5</ele>
    <time>2025-04-05T02:29:40Z</time>
   </trkpt>
   <trkpt lat="-6.8594490" lon="109.0487680">
    <ele>4.5</ele>
    <time>2025-04-05T02:29:41Z</time>
   </trkpt>
   <trkpt lat="-6.8594110" lon="109.0487730">
    <ele>4.5</ele>
    <time>2025-04-05T02:29:42Z</time>
   </trkpt>
   <trkpt lat="-6.8593710" lon="109.0487780">
    <ele>4.5</ele>
    <time>2025-04-05T02:29:43Z</time>
   </trkpt>
   <trkpt lat="-6.8593350" lon="109.0487830">
    <ele>4.5</ele>
    <time>2025-04-05T02:29:44Z</time>
   </trkpt>
   <trkpt lat="-6.8593040" lon="109.0487870">
    <ele>4.5</ele>
    <time>2025-04-05T02:29:45Z</time>
   </trkpt>
   <trkpt lat="-6.8592730" lon="109.0487920">
    <ele>4.5</ele>
    <time>2025-04-05T02:29:46Z</time>
   </trkpt>
   <trkpt lat="-6.8592420" lon="109.0487990">
    <ele>4.5</ele>
    <time>2025-04-05T02:29:47Z</time>
   </trkpt>
   <trkpt lat="-6.8592100" lon="109.0488090">
    <ele>4.5</ele>
    <time>2025-04-05T02:29:48Z</time>
   </trkpt>
   <trkpt lat="-6.8591820" lon="109.0488180">
    <ele>4.5</ele>
    <time>2025-04-05T02:29:49Z</time>
   </trkpt>
   <trkpt lat="-6.8591550" lon="109.0488250">
    <ele>4.5</ele>
    <time>2025-04-05T02:29:50Z</time>
   </trkpt>
   <trkpt lat="-6.8591210" lon="109.0488330">
    <ele>4.4</ele>
    <time>2025-04-05T02:29:51Z</time>
   </trkpt>
   <trkpt lat="-6.8590880" lon="109.0488420">
    <ele>4.4</ele>
    <time>2025-04-05T02:29:52Z</time>
   </trkpt>
   <trkpt lat="-6.8590520" lon="109.0488520">
    <ele>4.4</ele>
    <time>2025-04-05T02:29:53Z</time>
   </trkpt>
   <trkpt lat="-6.8590160" lon="109.0488640">
    <ele>4.4</ele>
    <time>2025-04-05T02:29:54Z</time>
   </trkpt>
   <trkpt lat="-6.8589820" lon="109.0488760">
    <ele>4.4</ele>
    <time>2025-04-05T02:29:55Z</time>
   </trkpt>
   <trkpt lat="-6.8589490" lon="109.0488880">
    <ele>4.4</ele>
    <time>2025-04-05T02:29:56Z</time>
   </trkpt>
   <trkpt lat="-6.8589170" lon="109.0488980">
    <ele>4.4</ele>
    <time>2025-04-05T02:29:57Z</time>
   </trkpt>
   <trkpt lat="-6.8588870" lon="109.0489030">
    <ele>4.4</ele>
    <time>2025-04-05T02:29:58Z</time>
   </trkpt>
   <trkpt lat="-6.8588580" lon="109.0489080">
    <ele>4.4</ele>
    <time>2025-04-05T02:29:59Z</time>
   </trkpt>
   <trkpt lat="-6.8588210" lon="109.0489180">
    <ele>4.4</ele>
    <time>2025-04-05T02:30:00Z</time>
   </trkpt>
   <trkpt lat="-6.8588080" lon="109.0489210">
    <ele>4.4</ele>
    <time>2025-04-05T02:30:01Z</time>
   </trkpt>
   <trkpt lat="-6.8587800" lon="109.0489300">
    <ele>4.4</ele>
    <time>2025-04-05T02:30:02Z</time>
   </trkpt>
   <trkpt lat="-6.8587490" lon="109.0489410">
    <ele>4.4</ele>
    <time>2025-04-05T02:30:03Z</time>
   </trkpt>
   <trkpt lat="-6.8587150" lon="109.0489510">
    <ele>4.4</ele>
    <time>2025-04-05T02:30:04Z</time>
   </trkpt>
   <trkpt lat="-6.8586810" lon="109.0489610">
    <ele>4.4</ele>
    <time>2025-04-05T02:30:05Z</time>
   </trkpt>
   <trkpt lat="-6.8586450" lon="109.0489710">
    <ele>4.3</ele>
    <time>2025-04-05T02:30:06Z</time>
   </trkpt>
   <trkpt lat="-6.8586130" lon="109.0489820">
    <ele>4.3</ele>
    <time>2025-04-05T02:30:07Z</time>
   </trkpt>
   <trkpt lat="-6.8585790" lon="109.0489930">
    <ele>4.3</ele>
    <time>2025-04-05T02:30:08Z</time>
   </trkpt>
   <trkpt lat="-6.8585430" lon="109.0490030">
    <ele>4.3</ele>
    <time>2025-04-05T02:30:09Z</time>
   </trkpt>
   <trkpt lat="-6.8585130" lon="109.0490130">
    <ele>4.3</ele>
    <time>2025-04-05T02:30:10Z</time>
   </trkpt>
   <trkpt lat="-6.8584840" lon="109.0490230">
    <ele>4.3</ele>
    <time>2025-04-05T02:30:11Z</time>
   </trkpt>
   <trkpt lat="-6.8584510" lon="109.0490310">
    <ele>4.3</ele>
    <time>2025-04-05T02:30:12Z</time>
   </trkpt>
   <trkpt lat="-6.8584120" lon="109.0490390">
    <ele>4.3</ele>
    <time>2025-04-05T02:30:13Z</time>
   </trkpt>
   <trkpt lat="-6.8583800" lon="109.0490460">
    <ele>4.2</ele>
    <time>2025-04-05T02:30:14Z</time>
   </trkpt>
   <trkpt lat="-6.8583520" lon="109.0490540">
    <ele>4.2</ele>
    <time>2025-04-05T02:30:15Z</time>
   </trkpt>
   <trkpt lat="-6.8583190" lon="109.0490640">
    <ele>4.2</ele>
    <time>2025-04-05T02:30:16Z</time>
   </trkpt>
   <trkpt lat="-6.8582850" lon="109.0490740">
    <ele>4.2</ele>
    <time>2025-04-05T02:30:17Z</time>
   </trkpt>
   <trkpt lat="-6.8582500" lon="109.0490850">
    <ele>4.1</ele>
    <time>2025-04-05T02:30:18Z</time>
   </trkpt>
   <trkpt lat="-6.8582120" lon="109.0490930">
    <ele>4.1</ele>
    <time>2025-04-05T02:30:19Z</time>
   </trkpt>
   <trkpt lat="-6.8581750" lon="109.0491040">
    <ele>4.1</ele>
    <time>2025-04-05T02:30:20Z</time>
   </trkpt>
   <trkpt lat="-6.8581380" lon="109.0491150">
    <ele>4.1</ele>
    <time>2025-04-05T02:30:21Z</time>
   </trkpt>
   <trkpt lat="-6.8581050" lon="109.0491250">
    <ele>4.0</ele>
    <time>2025-04-05T02:30:22Z</time>
   </trkpt>
   <trkpt lat="-6.8580740" lon="109.0491330">
    <ele>4.0</ele>
    <time>2025-04-05T02:30:23Z</time>
   </trkpt>
   <trkpt lat="-6.8580350" lon="109.0491410">
    <ele>4.0</ele>
    <time>2025-04-05T02:30:24Z</time>
   </trkpt>
   <trkpt lat="-6.8580220" lon="109.0491430">
    <ele>4.0</ele>
    <time>2025-04-05T02:30:25Z</time>
   </trkpt>
   <trkpt lat="-6.8579930" lon="109.0491470">
    <ele>4.0</ele>
    <time>2025-04-05T02:30:26Z</time>
   </trkpt>
   <trkpt lat="-6.8579620" lon="109.0491520">
    <ele>4.0</ele>
    <time>2025-04-05T02:30:27Z</time>
   </trkpt>
   <trkpt lat="-6.8579300" lon="109.0491600">
    <ele>4.0</ele>
    <time>2025-04-05T02:30:28Z</time>
   </trkpt>
   <trkpt lat="-6.8578920" lon="109.0491680">
    <ele>4.0</ele>
    <time>2025-04-05T02:30:29Z</time>
   </trkpt>
   <trkpt lat="-6.8578580" lon="109.0491770">
    <ele>4.0</ele>
    <time>2025-04-05T02:30:30Z</time>
   </trkpt>
   <trkpt lat="-6.8578230" lon="109.0491840">
    <ele>4.0</ele>
    <time>2025-04-05T02:30:31Z</time>
   </trkpt>
   <trkpt lat="-6.8577910" lon="109.0491920">
    <ele>4.0</ele>
    <time>2025-04-05T02:30:32Z</time>
   </trkpt>
   <trkpt lat="-6.8577560" lon="109.0492000">
    <ele>4.0</ele>
    <time>2025-04-05T02:30:33Z</time>
   </trkpt>
   <trkpt lat="-6.8577270" lon="109.0492080">
    <ele>4.0</ele>
    <time>2025-04-05T02:30:34Z</time>
   </trkpt>
   <trkpt lat="-6.8576980" lon="109.0492170">
    <ele>4.0</ele>
    <time>2025-04-05T02:30:35Z</time>
   </trkpt>
   <trkpt lat="-6.8576710" lon="109.0492250">
    <ele>4.0</ele>
    <time>2025-04-05T02:30:36Z</time>
   </trkpt>
   <trkpt lat="-6.8576410" lon="109.0492350">
    <ele>4.0</ele>
    <time>2025-04-05T02:30:37Z</time>
   </trkpt>
   <trkpt lat="-6.8576100" lon="109.0492450">
    <ele>4.0</ele>
    <time>2025-04-05T02:30:38Z</time>
   </trkpt>
   <trkpt lat="-6.8575800" lon="109.0492540">
    <ele>4.0</ele>
    <time>2025-04-05T02:30:39Z</time>
   </trkpt>
   <trkpt lat="-6.8575500" lon="109.0492630">
    <ele>4.0</ele>
    <time>2025-04-05T02:30:40Z</time>
   </trkpt>
   <trkpt lat="-6.8575200" lon="109.0492710">
    <ele>4.0</ele>
    <time>2025-04-05T02:30:41Z</time>
   </trkpt>
   <trkpt lat="-6.8574890" lon="109.0492780">
    <ele>4.0</ele>
    <time>2025-04-05T02:30:42Z</time>
   </trkpt>
   <trkpt lat="-6.8574530" lon="109.0492850">
    <ele>4.0</ele>
    <time>2025-04-05T02:30:43Z</time>
   </trkpt>
   <trkpt lat="-6.8574160" lon="109.0492920">
    <ele>4.0</ele>
    <time>2025-04-05T02:30:44Z</time>
   </trkpt>
   <trkpt lat="-6.8573810" lon="109.0493020">
    <ele>4.0</ele>
    <time>2025-04-05T02:30:45Z</time>
   </trkpt>
   <trkpt lat="-6.8573480" lon="109.0493100">
    <ele>4.0</ele>
    <time>2025-04-05T02:30:46Z</time>
   </trkpt>
   <trkpt lat="-6.8573210" lon="109.0493150">
    <ele>4.0</ele>
    <time>2025-04-05T02:30:47Z</time>
   </trkpt>
   <trkpt lat="-6.8572850" lon="109.0493180">
    <ele>4.0</ele>
    <time>2025-04-05T02:30:48Z</time>
   </trkpt>
   <trkpt lat="-6.8572530" lon="109.0493140">
    <ele>4.0</ele>
    <time>2025-04-05T02:30:49Z</time>
   </trkpt>
   <trkpt lat="-6.8572210" lon="109.0493150">
    <ele>4.0</ele>
    <time>2025-04-05T02:30:50Z</time>
   </trkpt>
   <trkpt lat="-6.8571830" lon="109.0493200">
    <ele>4.0</ele>
    <time>2025-04-05T02:30:51Z</time>
   </trkpt>
   <trkpt lat="-6.8571460" lon="109.0493280">
    <ele>4.0</ele>
    <time>2025-04-05T02:30:52Z</time>
   </trkpt>
   <trkpt lat="-6.8571090" lon="109.0493330">
    <ele>4.0</ele>
    <time>2025-04-05T02:30:53Z</time>
   </trkpt>
   <trkpt lat="-6.8570750" lon="109.0493370">
    <ele>4.0</ele>
    <time>2025-04-05T02:30:54Z</time>
   </trkpt>
   <trkpt lat="-6.8570460" lon="109.0493430">
    <ele>4.0</ele>
    <time>2025-04-05T02:30:55Z</time>
   </trkpt>
   <trkpt lat="-6.8570180" lon="109.0493480">
    <ele>4.1</ele>
    <time>2025-04-05T02:30:56Z</time>
   </trkpt>
   <trkpt lat="-6.8569790" lon="109.0493550">
    <ele>4.1</ele>
    <time>2025-04-05T02:30:57Z</time>
   </trkpt>
   <trkpt lat="-6.8569650" lon="109.0493560">
    <ele>4.1</ele>
    <time>2025-04-05T02:30:58Z</time>
   </trkpt>
   <trkpt lat="-6.8569290" lon="109.0493610">
    <ele>4.1</ele>
    <time>2025-04-05T02:30:59Z</time>
   </trkpt>
   <trkpt lat="-6.8569170" lon="109.0493640">
    <ele>4.2</ele>
    <time>2025-04-05T02:31:00Z</time>
   </trkpt>
   <trkpt lat="-6.8568880" lon="109.0493690">
    <ele>4.2</ele>
    <time>2025-04-05T02:31:01Z</time>
   </trkpt>
   <trkpt lat="-6.8568570" lon="109.0493730">
    <ele>4.2</ele>
    <time>2025-04-05T02:31:02Z</time>
   </trkpt>
   <trkpt lat="-6.8568230" lon="109.0493780">
    <ele>4.2</ele>
    <time>2025-04-05T02:31:03Z</time>
   </trkpt>
   <trkpt lat="-6.8567880" lon="109.0493860">
    <ele>4.2</ele>
    <time>2025-04-05T02:31:04Z</time>
   </trkpt>
   <trkpt lat="-6.8567530" lon="109.0493950">
    <ele>4.2</ele>
    <time>2025-04-05T02:31:05Z</time>
   </trkpt>
   <trkpt lat="-6.8567250" lon="109.0494020">
    <ele>4.3</ele>
    <time>2025-04-05T02:31:06Z</time>
   </trkpt>
   <trkpt lat="-6.8566980" lon="109.0494090">
    <ele>4.3</ele>
    <time>2025-04-05T02:31:07Z</time>
   </trkpt>
   <trkpt lat="-6.8566700" lon="109.0494160">
    <ele>4.3</ele>
    <time>2025-04-05T02:31:08Z</time>
   </trkpt>
   <trkpt lat="-6.8566410" lon="109.0494180">
    <ele>4.3</ele>
    <time>2025-04-05T02:31:09Z</time>
   </trkpt>
   <trkpt lat="-6.8566100" lon="109.0494200">
    <ele>4.3</ele>
    <time>2025-04-05T02:31:10Z</time>
   </trkpt>
   <trkpt lat="-6.8565800" lon="109.0494210">
    <ele>4.3</ele>
    <time>2025-04-05T02:31:11Z</time>
   </trkpt>
   <trkpt lat="-6.8565500" lon="109.0494240">
    <ele>4.3</ele>
    <time>2025-04-05T02:31:12Z</time>
   </trkpt>
   <trkpt lat="-6.8565210" lon="109.0494250">
    <ele>4.3</ele>
    <time>2025-04-05T02:31:13Z</time>
   </trkpt>
   <trkpt lat="-6.8564930" lon="109.0494250">
    <ele>4.3</ele>
    <time>2025-04-05T02:31:14Z</time>
   </trkpt>
   <trkpt lat="-6.8564600" lon="109.0494250">
    <ele>4.3</ele>
    <time>2025-04-05T02:31:15Z</time>
   </trkpt>
   <trkpt lat="-6.8564260" lon="109.0494270">
    <ele>4.3</ele>
    <time>2025-04-05T02:31:16Z</time>
   </trkpt>
   <trkpt lat="-6.8563900" lon="109.0494340">
    <ele>4.3</ele>
    <time>2025-04-05T02:31:17Z</time>
   </trkpt>
   <trkpt lat="-6.8563510" lon="109.0494400">
    <ele>4.3</ele>
    <time>2025-04-05T02:31:18Z</time>
   </trkpt>
   <trkpt lat="-6.8563180" lon="109.0494430">
    <ele>4.2</ele>
    <time>2025-04-05T02:31:19Z</time>
   </trkpt>
   <trkpt lat="-6.8562860" lon="109.0494450">
    <ele>4.2</ele>
    <time>2025-04-05T02:31:20Z</time>
   </trkpt>
   <trkpt lat="-6.8562560" lon="109.0494450">
    <ele>4.2</ele>
    <time>2025-04-05T02:31:21Z</time>
   </trkpt>
   <trkpt lat="-6.8562230" lon="109.0494470">
    <ele>4.2</ele>
    <time>2025-04-05T02:31:22Z</time>
   </trkpt>
   <trkpt lat="-6.8561940" lon="109.0494520">
    <ele>4.2</ele>
    <time>2025-04-05T02:31:23Z</time>
   </trkpt>
   <trkpt lat="-6.8561660" lon="109.0494610">
    <ele>4.2</ele>
    <time>2025-04-05T02:31:24Z</time>
   </trkpt>
   <trkpt lat="-6.8561370" lon="109.0494670">
    <ele>4.2</ele>
    <time>2025-04-05T02:31:25Z</time>
   </trkpt>
   <trkpt lat="-6.8561080" lon="109.0494740">
    <ele>4.2</ele>
    <time>2025-04-05T02:31:26Z</time>
   </trkpt>
   <trkpt lat="-6.8560760" lon="109.0494770">
    <ele>4.2</ele>
    <time>2025-04-05T02:31:27Z</time>
   </trkpt>
   <trkpt lat="-6.8560430" lon="109.0494800">
    <ele>4.2</ele>
    <time>2025-04-05T02:31:28Z</time>
   </trkpt>
   <trkpt lat="-6.8560130" lon="109.0494830">
    <ele>4.2</ele>
    <time>2025-04-05T02:31:29Z</time>
   </trkpt>
   <trkpt lat="-6.8559800" lon="109.0494860">
    <ele>4.2</ele>
    <time>2025-04-05T02:31:30Z</time>
   </trkpt>
   <trkpt lat="-6.8559450" lon="109.0494890">
    <ele>4.2</ele>
    <time>2025-04-05T02:31:31Z</time>
   </trkpt>
   <trkpt lat="-6.8559120" lon="109.0494910">
    <ele>4.2</ele>
    <time>2025-04-05T02:31:32Z</time>
   </trkpt>
   <trkpt lat="-6.8558750" lon="109.0494940">
    <ele>4.2</ele>
    <time>2025-04-05T02:31:33Z</time>
   </trkpt>
   <trkpt lat="-6.8558400" lon="109.0494980">
    <ele>4.2</ele>
    <time>2025-04-05T02:31:34Z</time>
   </trkpt>
   <trkpt lat="-6.8558090" lon="109.0495030">
    <ele>4.2</ele>
    <time>2025-04-05T02:31:35Z</time>
   </trkpt>
   <trkpt lat="-6.8557790" lon="109.0495070">
    <ele>4.2</ele>
    <time>2025-04-05T02:31:36Z</time>
   </trkpt>
   <trkpt lat="-6.8557490" lon="109.0495110">
    <ele>4.2</ele>
    <time>2025-04-05T02:31:37Z</time>
   </trkpt>
   <trkpt lat="-6.8557200" lon="109.0495140">
    <ele>4.2</ele>
    <time>2025-04-05T02:31:38Z</time>
   </trkpt>
   <trkpt lat="-6.8556930" lon="109.0495180">
    <ele>4.2</ele>
    <time>2025-04-05T02:31:39Z</time>
   </trkpt>
   <trkpt lat="-6.8556630" lon="109.0495210">
    <ele>4.2</ele>
    <time>2025-04-05T02:31:40Z</time>
   </trkpt>
   <trkpt lat="-6.8556340" lon="109.0495240">
    <ele>4.2</ele>
    <time>2025-04-05T02:31:41Z</time>
   </trkpt>
   <trkpt lat="-6.8556060" lon="109.0495250">
    <ele>4.2</ele>
    <time>2025-04-05T02:31:42Z</time>
   </trkpt>
   <trkpt lat="-6.8555790" lon="109.0495280">
    <ele>4.2</ele>
    <time>2025-04-05T02:31:43Z</time>
   </trkpt>
   <trkpt lat="-6.8555510" lon="109.0495320">
    <ele>4.2</ele>
    <time>2025-04-05T02:31:44Z</time>
   </trkpt>
   <trkpt lat="-6.8555200" lon="109.0495360">
    <ele>4.2</ele>
    <time>2025-04-05T02:31:45Z</time>
   </trkpt>
   <trkpt lat="-6.8554880" lon="109.0495400">
    <ele>4.2</ele>
    <time>2025-04-05T02:31:46Z</time>
   </trkpt>
   <trkpt lat="-6.8554570" lon="109.0495440">
    <ele>4.2</ele>
    <time>2025-04-05T02:31:47Z</time>
   </trkpt>
   <trkpt lat="-6.8554240" lon="109.0495510">
    <ele>4.2</ele>
    <time>2025-04-05T02:31:48Z</time>
   </trkpt>
   <trkpt lat="-6.8553900" lon="109.0495580">
    <ele>4.2</ele>
    <time>2025-04-05T02:31:49Z</time>
   </trkpt>
   <trkpt lat="-6.8553580" lon="109.0495640">
    <ele>4.1</ele>
    <time>2025-04-05T02:31:50Z</time>
   </trkpt>
   <trkpt lat="-6.8553270" lon="109.0495710">
    <ele>4.1</ele>
    <time>2025-04-05T02:31:51Z</time>
   </trkpt>
   <trkpt lat="-6.8552920" lon="109.0495780">
    <ele>4.1</ele>
    <time>2025-04-05T02:31:52Z</time>
   </trkpt>
   <trkpt lat="-6.8552580" lon="109.0495860">
    <ele>4.1</ele>
    <time>2025-04-05T02:31:53Z</time>
   </trkpt>
   <trkpt lat="-6.8552270" lon="109.0495930">
    <ele>4.1</ele>
    <time>2025-04-05T02:31:54Z</time>
   </trkpt>
   <trkpt lat="-6.8551990" lon="109.0495990">
    <ele>4.1</ele>
    <time>2025-04-05T02:31:55Z</time>
   </trkpt>
   <trkpt lat="-6.8551660" lon="109.0496060">
    <ele>4.1</ele>
    <time>2025-04-05T02:31:56Z</time>
   </trkpt>
   <trkpt lat="-6.8551320" lon="109.0496130">
    <ele>4.1</ele>
    <time>2025-04-05T02:31:57Z</time>
   </trkpt>
   <trkpt lat="-6.8551010" lon="109.0496200">
    <ele>4.1</ele>
    <time>2025-04-05T02:31:58Z</time>
   </trkpt>
   <trkpt lat="-6.8550700" lon="109.0496280">
    <ele>4.1</ele>
    <time>2025-04-05T02:31:59Z</time>
   </trkpt>
   <trkpt lat="-6.8550350" lon="109.0496330">
    <ele>4.2</ele>
    <time>2025-04-05T02:32:00Z</time>
   </trkpt>
   <trkpt lat="-6.8550020" lon="109.0496380">
    <ele>4.2</ele>
    <time>2025-04-05T02:32:01Z</time>
   </trkpt>
   <trkpt lat="-6.8549730" lon="109.0496420">
    <ele>4.2</ele>
    <time>2025-04-05T02:32:02Z</time>
   </trkpt>
   <trkpt lat="-6.8549430" lon="109.0496480">
    <ele>4.2</ele>
    <time>2025-04-05T02:32:03Z</time>
   </trkpt>
   <trkpt lat="-6.8549130" lon="109.0496560">
    <ele>4.2</ele>
    <time>2025-04-05T02:32:04Z</time>
   </trkpt>
   <trkpt lat="-6.8548840" lon="109.0496640">
    <ele>4.2</ele>
    <time>2025-04-05T02:32:05Z</time>
   </trkpt>
   <trkpt lat="-6.8548530" lon="109.0496720">
    <ele>4.2</ele>
    <time>2025-04-05T02:32:06Z</time>
   </trkpt>
   <trkpt lat="-6.8548220" lon="109.0496780">
    <ele>4.2</ele>
    <time>2025-04-05T02:32:07Z</time>
   </trkpt>
   <trkpt lat="-6.8547900" lon="109.0496850">
    <ele>4.2</ele>
    <time>2025-04-05T02:32:08Z</time>
   </trkpt>
   <trkpt lat="-6.8547610" lon="109.0496930">
    <ele>4.2</ele>
    <time>2025-04-05T02:32:09Z</time>
   </trkpt>
   <trkpt lat="-6.8547330" lon="109.0497010">
    <ele>4.2</ele>
    <time>2025-04-05T02:32:10Z</time>
   </trkpt>
   <trkpt lat="-6.8547070" lon="109.0497090">
    <ele>4.2</ele>
    <time>2025-04-05T02:32:11Z</time>
   </trkpt>
   <trkpt lat="-6.8546810" lon="109.0497190">
    <ele>4.2</ele>
    <time>2025-04-05T02:32:12Z</time>
   </trkpt>
   <trkpt lat="-6.8546530" lon="109.0497310">
    <ele>4.2</ele>
    <time>2025-04-05T02:32:13Z</time>
   </trkpt>
   <trkpt lat="-6.8546230" lon="109.0497410">
    <ele>4.2</ele>
    <time>2025-04-05T02:32:14Z</time>
   </trkpt>
   <trkpt lat="-6.8545920" lon="109.0497490">
    <ele>4.2</ele>
    <time>2025-04-05T02:32:15Z</time>
   </trkpt>
   <trkpt lat="-6.8545620" lon="109.0497560">
    <ele>4.3</ele>
    <time>2025-04-05T02:32:16Z</time>
   </trkpt>
   <trkpt lat="-6.8545310" lon="109.0497620">
    <ele>4.3</ele>
    <time>2025-04-05T02:32:17Z</time>
   </trkpt>
   <trkpt lat="-6.8544990" lon="109.0497680">
    <ele>4.3</ele>
    <time>2025-04-05T02:32:18Z</time>
   </trkpt>
   <trkpt lat="-6.8544670" lon="109.0497750">
    <ele>4.3</ele>
    <time>2025-04-05T02:32:19Z</time>
   </trkpt>
   <trkpt lat="-6.8544370" lon="109.0497830">
    <ele>4.3</ele>
    <time>2025-04-05T02:32:20Z</time>
   </trkpt>
   <trkpt lat="-6.8544100" lon="109.0497900">
    <ele>4.3</ele>
    <time>2025-04-05T02:32:21Z</time>
   </trkpt>
   <trkpt lat="-6.8543730" lon="109.0498000">
    <ele>4.3</ele>
    <time>2025-04-05T02:32:22Z</time>
   </trkpt>
   <trkpt lat="-6.8543590" lon="109.0498030">
    <ele>4.3</ele>
    <time>2025-04-05T02:32:23Z</time>
   </trkpt>
   <trkpt lat="-6.8543300" lon="109.0498070">
    <ele>4.3</ele>
    <time>2025-04-05T02:32:24Z</time>
   </trkpt>
   <trkpt lat="-6.8542990" lon="109.0498120">
    <ele>4.3</ele>
    <time>2025-04-05T02:32:25Z</time>
   </trkpt>
   <trkpt lat="-6.8542650" lon="109.0498200">
    <ele>4.3</ele>
    <time>2025-04-05T02:32:26Z</time>
   </trkpt>
   <trkpt lat="-6.8542290" lon="109.0498300">
    <ele>4.3</ele>
    <time>2025-04-05T02:32:27Z</time>
   </trkpt>
   <trkpt lat="-6.8541930" lon="109.0498410">
    <ele>4.3</ele>
    <time>2025-04-05T02:32:28Z</time>
   </trkpt>
   <trkpt lat="-6.8541600" lon="109.0498480">
    <ele>4.3</ele>
    <time>2025-04-05T02:32:29Z</time>
   </trkpt>
   <trkpt lat="-6.8541290" lon="109.0498540">
    <ele>4.3</ele>
    <time>2025-04-05T02:32:30Z</time>
   </trkpt>
   <trkpt lat="-6.8541020" lon="109.0498610">
    <ele>4.3</ele>
    <time>2025-04-05T02:32:31Z</time>
   </trkpt>
   <trkpt lat="-6.8540700" lon="109.0498680">
    <ele>4.3</ele>
    <time>2025-04-05T02:32:32Z</time>
   </trkpt>
   <trkpt lat="-6.8540350" lon="109.0498760">
    <ele>4.3</ele>
    <time>2025-04-05T02:32:33Z</time>
   </trkpt>
   <trkpt lat="-6.8540020" lon="109.0498830">
    <ele>4.3</ele>
    <time>2025-04-05T02:32:34Z</time>
   </trkpt>
   <trkpt lat="-6.8539690" lon="109.0498920">
    <ele>4.3</ele>
    <time>2025-04-05T02:32:35Z</time>
   </trkpt>
   <trkpt lat="-6.8539360" lon="109.0499020">
    <ele>4.3</ele>
    <time>2025-04-05T02:32:36Z</time>
   </trkpt>
   <trkpt lat="-6.8539030" lon="109.0499110">
    <ele>4.3</ele>
    <time>2025-04-05T02:32:37Z</time>
   </trkpt>
   <trkpt lat="-6.8538730" lon="109.0499180">
    <ele>4.3</ele>
    <time>2025-04-05T02:32:38Z</time>
   </trkpt>
   <trkpt lat="-6.8538450" lon="109.0499250">
    <ele>4.3</ele>
    <time>2025-04-05T02:32:39Z</time>
   </trkpt>
   <trkpt lat="-6.8538090" lon="109.0499340">
    <ele>4.3</ele>
    <time>2025-04-05T02:32:40Z</time>
   </trkpt>
   <trkpt lat="-6.8537960" lon="109.0499370">
    <ele>4.3</ele>
    <time>2025-04-05T02:32:41Z</time>
   </trkpt>
   <trkpt lat="-6.8537680" lon="109.0499450">
    <ele>4.3</ele>
    <time>2025-04-05T02:32:42Z</time>
   </trkpt>
   <trkpt lat="-6.8537410" lon="109.0499530">
    <ele>4.3</ele>
    <time>2025-04-05T02:32:43Z</time>
   </trkpt>
   <trkpt lat="-6.8537120" lon="109.0499630">
    <ele>4.3</ele>
    <time>2025-04-05T02:32:44Z</time>
   </trkpt>
   <trkpt lat="-6.8536840" lon="109.0499720">
    <ele>4.3</ele>
    <time>2025-04-05T02:32:45Z</time>
   </trkpt>
   <trkpt lat="-6.8536560" lon="109.0499820">
    <ele>4.4</ele>
    <time>2025-04-05T02:32:46Z</time>
   </trkpt>
   <trkpt lat="-6.8536290" lon="109.0499890">
    <ele>4.4</ele>
    <time>2025-04-05T02:32:47Z</time>
   </trkpt>
   <trkpt lat="-6.8536000" lon="109.0499930">
    <ele>4.4</ele>
    <time>2025-04-05T02:32:48Z</time>
   </trkpt>
   <trkpt lat="-6.8535710" lon="109.0499930">
    <ele>4.4</ele>
    <time>2025-04-05T02:32:49Z</time>
   </trkpt>
   <trkpt lat="-6.8535400" lon="109.0499960">
    <ele>4.4</ele>
    <time>2025-04-05T02:32:50Z</time>
   </trkpt>
   <trkpt lat="-6.8535120" lon="109.0500030">
    <ele>4.4</ele>
    <time>2025-04-05T02:32:51Z</time>
   </trkpt>
   <trkpt lat="-6.8534820" lon="109.0500090">
    <ele>4.4</ele>
    <time>2025-04-05T02:32:52Z</time>
   </trkpt>
   <trkpt lat="-6.8534510" lon="109.0500120">
    <ele>4.5</ele>
    <time>2025-04-05T02:32:53Z</time>
   </trkpt>
   <trkpt lat="-6.8534180" lon="109.0500160">
    <ele>4.5</ele>
    <time>2025-04-05T02:32:54Z</time>
   </trkpt>
   <trkpt lat="-6.8533850" lon="109.0500220">
    <ele>4.5</ele>
    <time>2025-04-05T02:32:55Z</time>
   </trkpt>
   <trkpt lat="-6.8533550" lon="109.0500280">
    <ele>4.5</ele>
    <time>2025-04-05T02:32:56Z</time>
   </trkpt>
   <trkpt lat="-6.8533280" lon="109.0500340">
    <ele>4.5</ele>
    <time>2025-04-05T02:32:57Z</time>
   </trkpt>
   <trkpt lat="-6.8532960" lon="109.0500380">
    <ele>4.5</ele>
    <time>2025-04-05T02:32:58Z</time>
   </trkpt>
   <trkpt lat="-6.8532610" lon="109.0500390">
    <ele>4.5</ele>
    <time>2025-04-05T02:32:59Z</time>
   </trkpt>
   <trkpt lat="-6.8532240" lon="109.0500430">
    <ele>4.5</ele>
    <time>2025-04-05T02:33:00Z</time>
   </trkpt>
   <trkpt lat="-6.8531900" lon="109.0500490">
    <ele>4.5</ele>
    <time>2025-04-05T02:33:01Z</time>
   </trkpt>
   <trkpt lat="-6.8531520" lon="109.0500570">
    <ele>4.5</ele>
    <time>2025-04-05T02:33:02Z</time>
   </trkpt>
   <trkpt lat="-6.8531390" lon="109.0500600">
    <ele>4.5</ele>
    <time>2025-04-05T02:33:03Z</time>
   </trkpt>
   <trkpt lat="-6.8531120" lon="109.0500630">
    <ele>4.5</ele>
    <time>2025-04-05T02:33:04Z</time>
   </trkpt>
   <trkpt lat="-6.8530830" lon="109.0500660">
    <ele>4.5</ele>
    <time>2025-04-05T02:33:05Z</time>
   </trkpt>
   <trkpt lat="-6.8530510" lon="109.0500710">
    <ele>4.4</ele>
    <time>2025-04-05T02:33:06Z</time>
   </trkpt>
   <trkpt lat="-6.8530210" lon="109.0500780">
    <ele>4.4</ele>
    <time>2025-04-05T02:33:07Z</time>
   </trkpt>
   <trkpt lat="-6.8529910" lon="109.0500870">
    <ele>4.4</ele>
    <time>2025-04-05T02:33:08Z</time>
   </trkpt>
   <trkpt lat="-6.8529610" lon="109.0500940">
    <ele>4.4</ele>
    <time>2025-04-05T02:33:09Z</time>
   </trkpt>
   <trkpt lat="-6.8529310" lon="109.0500990">
    <ele>4.4</ele>
    <time>2025-04-05T02:33:10Z</time>
   </trkpt>
   <trkpt lat="-6.8529010" lon="109.0501020">
    <ele>4.4</ele>
    <time>2025-04-05T02:33:11Z</time>
   </trkpt>
   <trkpt lat="-6.8528700" lon="109.0501080">
    <ele>4.4</ele>
    <time>2025-04-05T02:33:12Z</time>
   </trkpt>
   <trkpt lat="-6.8528390" lon="109.0501130">
    <ele>4.4</ele>
    <time>2025-04-05T02:33:13Z</time>
   </trkpt>
   <trkpt lat="-6.8528080" lon="109.0501210">
    <ele>4.4</ele>
    <time>2025-04-05T02:33:14Z</time>
   </trkpt>
   <trkpt lat="-6.8527810" lon="109.0501290">
    <ele>4.4</ele>
    <time>2025-04-05T02:33:15Z</time>
   </trkpt>
   <trkpt lat="-6.8527550" lon="109.0501360">
    <ele>4.4</ele>
    <time>2025-04-05T02:33:16Z</time>
   </trkpt>
   <trkpt lat="-6.8527160" lon="109.0501420">
    <ele>4.4</ele>
    <time>2025-04-05T02:33:17Z</time>
   </trkpt>
   <trkpt lat="-6.8527020" lon="109.0501440">
    <ele>4.4</ele>
    <time>2025-04-05T02:33:18Z</time>
   </trkpt>
   <trkpt lat="-6.8526740" lon="109.0501500">
    <ele>4.4</ele>
    <time>2025-04-05T02:33:19Z</time>
   </trkpt>
   <trkpt lat="-6.8526430" lon="109.0501570">
    <ele>4.5</ele>
    <time>2025-04-05T02:33:20Z</time>
   </trkpt>
   <trkpt lat="-6.8526120" lon="109.0501630">
    <ele>4.5</ele>
    <time>2025-04-05T02:33:21Z</time>
   </trkpt>
   <trkpt lat="-6.8525740" lon="109.0501710">
    <ele>4.5</ele>
    <time>2025-04-05T02:33:22Z</time>
   </trkpt>
   <trkpt lat="-6.8525620" lon="109.0501730">
    <ele>4.5</ele>
    <time>2025-04-05T02:33:23Z</time>
   </trkpt>
   <trkpt lat="-6.8525230" lon="109.0501790">
    <ele>4.5</ele>
    <time>2025-04-05T02:33:24Z</time>
   </trkpt>
   <trkpt lat="-6.8525100" lon="109.0501810">
    <ele>4.5</ele>
    <time>2025-04-05T02:33:25Z</time>
   </trkpt>
   <trkpt lat="-6.8524810" lon="109.0501880">
    <ele>4.5</ele>
    <time>2025-04-05T02:33:26Z</time>
   </trkpt>
   <trkpt lat="-6.8524470" lon="109.0501940">
    <ele>4.5</ele>
    <time>2025-04-05T02:33:27Z</time>
   </trkpt>
   <trkpt lat="-6.8524120" lon="109.0502010">
    <ele>4.5</ele>
    <time>2025-04-05T02:33:28Z</time>
   </trkpt>
   <trkpt lat="-6.8523770" lon="109.0502070">
    <ele>4.5</ele>
    <time>2025-04-05T02:33:29Z</time>
   </trkpt>
   <trkpt lat="-6.8523470" lon="109.0502130">
    <ele>4.5</ele>
    <time>2025-04-05T02:33:30Z</time>
   </trkpt>
   <trkpt lat="-6.8523190" lon="109.0502180">
    <ele>4.5</ele>
    <time>2025-04-05T02:33:31Z</time>
   </trkpt>
   <trkpt lat="-6.8522790" lon="109.0502260">
    <ele>4.5</ele>
    <time>2025-04-05T02:33:32Z</time>
   </trkpt>
   <trkpt lat="-6.8522660" lon="109.0502280">
    <ele>4.5</ele>
    <time>2025-04-05T02:33:33Z</time>
   </trkpt>
   <trkpt lat="-6.8522370" lon="109.0502330">
    <ele>4.5</ele>
    <time>2025-04-05T02:33:34Z</time>
   </trkpt>
   <trkpt lat="-6.8522090" lon="109.0502380">
    <ele>4.5</ele>
    <time>2025-04-05T02:33:35Z</time>
   </trkpt>
   <trkpt lat="-6.8521760" lon="109.0502430">
    <ele>4.5</ele>
    <time>2025-04-05T02:33:36Z</time>
   </trkpt>
   <trkpt lat="-6.8521450" lon="109.0502510">
    <ele>4.5</ele>
    <time>2025-04-05T02:33:37Z</time>
   </trkpt>
   <trkpt lat="-6.8521150" lon="109.0502590">
    <ele>4.5</ele>
    <time>2025-04-05T02:33:38Z</time>
   </trkpt>
   <trkpt lat="-6.8520760" lon="109.0502660">
    <ele>4.5</ele>
    <time>2025-04-05T02:33:39Z</time>
   </trkpt>
   <trkpt lat="-6.8520630" lon="109.0502680">
    <ele>4.5</ele>
    <time>2025-04-05T02:33:40Z</time>
   </trkpt>
   <trkpt lat="-6.8520260" lon="109.0502750">
    <ele>4.5</ele>
    <time>2025-04-05T02:33:41Z</time>
   </trkpt>
   <trkpt lat="-6.8520130" lon="109.0502770">
    <ele>4.5</ele>
    <time>2025-04-05T02:33:42Z</time>
   </trkpt>
   <trkpt lat="-6.8519760" lon="109.0502870">
    <ele>4.5</ele>
    <time>2025-04-05T02:33:43Z</time>
   </trkpt>
   <trkpt lat="-6.8519620" lon="109.0502900">
    <ele>4.5</ele>
    <time>2025-04-05T02:33:44Z</time>
   </trkpt>
   <trkpt lat="-6.8519300" lon="109.0502940">
    <ele>4.5</ele>
    <time>2025-04-05T02:33:45Z</time>
   </trkpt>
   <trkpt lat="-6.8518990" lon="109.0503000">
    <ele>4.5</ele>
    <time>2025-04-05T02:33:46Z</time>
   </trkpt>
   <trkpt lat="-6.8518690" lon="109.0503070">
    <ele>4.5</ele>
    <time>2025-04-05T02:33:47Z</time>
   </trkpt>
   <trkpt lat="-6.8518410" lon="109.0503130">
    <ele>4.5</ele>
    <time>2025-04-05T02:33:48Z</time>
   </trkpt>
   <trkpt lat="-6.8518150" lon="109.0503220">
    <ele>4.5</ele>
    <time>2025-04-05T02:33:49Z</time>
   </trkpt>
   <trkpt lat="-6.8517750" lon="109.0503320">
    <ele>4.5</ele>
    <time>2025-04-05T02:33:50Z</time>
   </trkpt>
   <trkpt lat="-6.8517600" lon="109.0503350">
    <ele>4.5</ele>
    <time>2025-04-05T02:33:51Z</time>
   </trkpt>
   <trkpt lat="-6.8517290" lon="109.0503410">
    <ele>4.5</ele>
    <time>2025-04-05T02:33:52Z</time>
   </trkpt>
   <trkpt lat="-6.8517020" lon="109.0503460">
    <ele>4.5</ele>
    <time>2025-04-05T02:33:53Z</time>
   </trkpt>
   <trkpt lat="-6.8516740" lon="109.0503480">
    <ele>4.5</ele>
    <time>2025-04-05T02:33:54Z</time>
   </trkpt>
   <trkpt lat="-6.8516460" lon="109.0503510">
    <ele>4.5</ele>
    <time>2025-04-05T02:33:55Z</time>
   </trkpt>
   <trkpt lat="-6.8516160" lon="109.0503570">
    <ele>4.5</ele>
    <time>2025-04-05T02:33:56Z</time>
   </trkpt>
   <trkpt lat="-6.8515870" lon="109.0503620">
    <ele>4.5</ele>
    <time>2025-04-05T02:33:57Z</time>
   </trkpt>
   <trkpt lat="-6.8515580" lon="109.0503700">
    <ele>4.5</ele>
    <time>2025-04-05T02:33:58Z</time>
   </trkpt>
   <trkpt lat="-6.8515270" lon="109.0503780">
    <ele>4.5</ele>
    <time>2025-04-05T02:33:59Z</time>
   </trkpt>
   <trkpt lat="-6.8514910" lon="109.0503850">
    <ele>4.5</ele>
    <time>2025-04-05T02:34:00Z</time>
   </trkpt>
   <trkpt lat="-6.8514580" lon="109.0503890">
    <ele>4.5</ele>
    <time>2025-04-05T02:34:01Z</time>
   </trkpt>
   <trkpt lat="-6.8514260" lon="109.0503930">
    <ele>4.5</ele>
    <time>2025-04-05T02:34:02Z</time>
   </trkpt>
   <trkpt lat="-6.8513960" lon="109.0503960">
    <ele>4.6</ele>
    <time>2025-04-05T02:34:03Z</time>
   </trkpt>
   <trkpt lat="-6.8513660" lon="109.0504000">
    <ele>4.6</ele>
    <time>2025-04-05T02:34:04Z</time>
   </trkpt>
   <trkpt lat="-6.8513370" lon="109.0504040">
    <ele>4.6</ele>
    <time>2025-04-05T02:34:05Z</time>
   </trkpt>
   <trkpt lat="-6.8513010" lon="109.0504080">
    <ele>4.6</ele>
    <time>2025-04-05T02:34:06Z</time>
   </trkpt>
   <trkpt lat="-6.8512670" lon="109.0504130">
    <ele>4.6</ele>
    <time>2025-04-05T02:34:07Z</time>
   </trkpt>
   <trkpt lat="-6.8512340" lon="109.0504170">
    <ele>4.5</ele>
    <time>2025-04-05T02:34:08Z</time>
   </trkpt>
   <trkpt lat="-6.8512020" lon="109.0504220">
    <ele>4.5</ele>
    <time>2025-04-05T02:34:09Z</time>
   </trkpt>
   <trkpt lat="-6.8511740" lon="109.0504250">
    <ele>4.5</ele>
    <time>2025-04-05T02:34:10Z</time>
   </trkpt>
   <trkpt lat="-6.8511460" lon="109.0504290">
    <ele>4.5</ele>
    <time>2025-04-05T02:34:11Z</time>
   </trkpt>
   <trkpt lat="-6.8511170" lon="109.0504350">
    <ele>4.5</ele>
    <time>2025-04-05T02:34:12Z</time>
   </trkpt>
   <trkpt lat="-6.8510820" lon="109.0504470">
    <ele>4.5</ele>
    <time>2025-04-05T02:34:13Z</time>
   </trkpt>
   <trkpt lat="-6.8510690" lon="109.0504500">
    <ele>4.5</ele>
    <time>2025-04-05T02:34:14Z</time>
   </trkpt>
   <trkpt lat="-6.8510370" lon="109.0504530">
    <ele>4.5</ele>
    <time>2025-04-05T02:34:15Z</time>
   </trkpt>
   <trkpt lat="-6.8510030" lon="109.0504560">
    <ele>4.5</ele>
    <time>2025-04-05T02:34:16Z</time>
   </trkpt>
   <trkpt lat="-6.8509680" lon="109.0504590">
    <ele>4.5</ele>
    <time>2025-04-05T02:34:17Z</time>
   </trkpt>
   <trkpt lat="-6.8509360" lon="109.0504630">
    <ele>4.5</ele>
    <time>2025-04-05T02:34:18Z</time>
   </trkpt>
   <trkpt lat="-6.8509040" lon="109.0504680">
    <ele>4.5</ele>
    <time>2025-04-05T02:34:19Z</time>
   </trkpt>
   <trkpt lat="-6.8508700" lon="109.0504730">
    <ele>4.5</ele>
    <time>2025-04-05T02:34:20Z</time>
   </trkpt>
   <trkpt lat="-6.8508390" lon="109.0504750">
    <ele>4.5</ele>
    <time>2025-04-05T02:34:21Z</time>
   </trkpt>
   <trkpt lat="-6.8508070" lon="109.0504760">
    <ele>4.5</ele>
    <time>2025-04-05T02:34:22Z</time>
   </trkpt>
   <trkpt lat="-6.8507760" lon="109.0504790">
    <ele>4.5</ele>
    <time>2025-04-05T02:34:23Z</time>
   </trkpt>
   <trkpt lat="-6.8507430" lon="109.0504820">
    <ele>4.5</ele>
    <time>2025-04-05T02:34:24Z</time>
   </trkpt>
   <trkpt lat="-6.8507090" lon="109.0504860">
    <ele>4.5</ele>
    <time>2025-04-05T02:34:25Z</time>
   </trkpt>
   <trkpt lat="-6.8506760" lon="109.0504910">
    <ele>4.5</ele>
    <time>2025-04-05T02:34:26Z</time>
   </trkpt>
   <trkpt lat="-6.8506450" lon="109.0504940">
    <ele>4.5</ele>
    <time>2025-04-05T02:34:27Z</time>
   </trkpt>
   <trkpt lat="-6.8506130" lon="109.0504980">
    <ele>4.5</ele>
    <time>2025-04-05T02:34:28Z</time>
   </trkpt>
   <trkpt lat="-6.8505720" lon="109.0505030">
    <ele>4.5</ele>
    <time>2025-04-05T02:34:29Z</time>
   </trkpt>
   <trkpt lat="-6.8505570" lon="109.0505030">
    <ele>4.5</ele>
    <time>2025-04-05T02:34:30Z</time>
   </trkpt>
   <trkpt lat="-6.8505260" lon="109.0505050">
    <ele>4.5</ele>
    <time>2025-04-05T02:34:31Z</time>
   </trkpt>
   <trkpt lat="-6.8504930" lon="109.0505100">
    <ele>4.5</ele>
    <time>2025-04-05T02:34:32Z</time>
   </trkpt>
   <trkpt lat="-6.8504620" lon="109.0505170">
    <ele>4.5</ele>
    <time>2025-04-05T02:34:33Z</time>
   </trkpt>
   <trkpt lat="-6.8504300" lon="109.0505230">
    <ele>4.5</ele>
    <time>2025-04-05T02:34:34Z</time>
   </trkpt>
   <trkpt lat="-6.8503990" lon="109.0505290">
    <ele>4.6</ele>
    <time>2025-04-05T02:34:35Z</time>
   </trkpt>
   <trkpt lat="-6.8503590" lon="109.0505370">
    <ele>4.6</ele>
    <time>2025-04-05T02:34:36Z</time>
   </trkpt>
   <trkpt lat="-6.8503440" lon="109.0505390">
    <ele>4.6</ele>
    <time>2025-04-05T02:34:37Z</time>
   </trkpt>
   <trkpt lat="-6.8503150" lon="109.0505440">
    <ele>4.6</ele>
    <time>2025-04-05T02:34:38Z</time>
   </trkpt>
   <trkpt lat="-6.8502860" lon="109.0505500">
    <ele>4.6</ele>
    <time>2025-04-05T02:34:39Z</time>
   </trkpt>
   <trkpt lat="-6.8502540" lon="109.0505530">
    <ele>4.7</ele>
    <time>2025-04-05T02:34:40Z</time>
   </trkpt>
   <trkpt lat="-6.8502220" lon="109.0505560">
    <ele>4.7</ele>
    <time>2025-04-05T02:34:41Z</time>
   </trkpt>
   <trkpt lat="-6.8501950" lon="109.0505570">
    <ele>4.7</ele>
    <time>2025-04-05T02:34:42Z</time>
   </trkpt>
   <trkpt lat="-6.8501630" lon="109.0505580">
    <ele>4.7</ele>
    <time>2025-04-05T02:34:43Z</time>
   </trkpt>
   <trkpt lat="-6.8501300" lon="109.0505610">
    <ele>4.7</ele>
    <time>2025-04-05T02:34:44Z</time>
   </trkpt>
   <trkpt lat="-6.8500990" lon="109.0505640">
    <ele>4.7</ele>
    <time>2025-04-05T02:34:45Z</time>
   </trkpt>
   <trkpt lat="-6.8500690" lon="109.0505680">
    <ele>4.7</ele>
    <time>2025-04-05T02:34:46Z</time>
   </trkpt>
   <trkpt lat="-6.8500310" lon="109.0505740">
    <ele>4.7</ele>
    <time>2025-04-05T02:34:47Z</time>
   </trkpt>
   <trkpt lat="-6.8500180" lon="109.0505760">
    <ele>4.7</ele>
    <time>2025-04-05T02:34:48Z</time>
   </trkpt>
   <trkpt lat="-6.8499910" lon="109.0505810">
    <ele>4.7</ele>
    <time>2025-04-05T02:34:49Z</time>
   </trkpt>
   <trkpt lat="-6.8499620" lon="109.0505850">
    <ele>4.7</ele>
    <time>2025-04-05T02:34:50Z</time>
   </trkpt>
   <trkpt lat="-6.8499330" lon="109.0505890">
    <ele>4.7</ele>
    <time>2025-04-05T02:34:51Z</time>
   </trkpt>
   <trkpt lat="-6.8499040" lon="109.0505940">
    <ele>4.8</ele>
    <time>2025-04-05T02:34:52Z</time>
   </trkpt>
   <trkpt lat="-6.8498730" lon="109.0505980">
    <ele>4.8</ele>
    <time>2025-04-05T02:34:53Z</time>
   </trkpt>
   <trkpt lat="-6.8498460" lon="109.0506030">
    <ele>4.8</ele>
    <time>2025-04-05T02:34:54Z</time>
   </trkpt>
   <trkpt lat="-6.8498190" lon="109.0506080">
    <ele>4.8</ele>
    <time>2025-04-05T02:34:55Z</time>
   </trkpt>
   <trkpt lat="-6.8497820" lon="109.0506150">
    <ele>4.8</ele>
    <time>2025-04-05T02:34:56Z</time>
   </trkpt>
   <trkpt lat="-6.8497680" lon="109.0506170">
    <ele>4.8</ele>
    <time>2025-04-05T02:34:57Z</time>
   </trkpt>
   <trkpt lat="-6.8497340" lon="109.0506220">
    <ele>4.8</ele>
    <time>2025-04-05T02:34:58Z</time>
   </trkpt>
   <trkpt lat="-6.8497010" lon="109.0506260">
    <ele>4.8</ele>
    <time>2025-04-05T02:34:59Z</time>
   </trkpt>
   <trkpt lat="-6.8496720" lon="109.0506300">
    <ele>4.8</ele>
    <time>2025-04-05T02:35:00Z</time>
   </trkpt>
   <trkpt lat="-6.8496310" lon="109.0506370">
    <ele>4.8</ele>
    <time>2025-04-05T02:35:01Z</time>
   </trkpt>
   <trkpt lat="-6.8496150" lon="109.0506390">
    <ele>4.8</ele>
    <time>2025-04-05T02:35:02Z</time>
   </trkpt>
   <trkpt lat="-6.8495850" lon="109.0506440">
    <ele>4.8</ele>
    <time>2025-04-05T02:35:03Z</time>
   </trkpt>
   <trkpt lat="-6.8495550" lon="109.0506520">
    <ele>4.8</ele>
    <time>2025-04-05T02:35:04Z</time>
   </trkpt>
   <trkpt lat="-6.8495270" lon="109.0506600">
    <ele>4.8</ele>
    <time>2025-04-05T02:35:05Z</time>
   </trkpt>
   <trkpt lat="-6.8495010" lon="109.0506670">
    <ele>4.8</ele>
    <time>2025-04-05T02:35:06Z</time>
   </trkpt>
   <trkpt lat="-6.8494640" lon="109.0506760">
    <ele>4.8</ele>
    <time>2025-04-05T02:35:07Z</time>
   </trkpt>
   <trkpt lat="-6.8494510" lon="109.0506800">
    <ele>4.8</ele>
    <time>2025-04-05T02:35:08Z</time>
   </trkpt>
   <trkpt lat="-6.8494250" lon="109.0506890">
    <ele>4.8</ele>
    <time>2025-04-05T02:35:09Z</time>
   </trkpt>
   <trkpt lat="-6.8493950" lon="109.0506980">
    <ele>4.8</ele>
    <time>2025-04-05T02:35:10Z</time>
   </trkpt>
   <trkpt lat="-6.8493630" lon="109.0507050">
    <ele>4.8</ele>
    <time>2025-04-05T02:35:11Z</time>
   </trkpt>
   <trkpt lat="-6.8493320" lon="109.0507080">
    <ele>4.8</ele>
    <time>2025-04-05T02:35:12Z</time>
   </trkpt>
   <trkpt lat="-6.8493050" lon="109.0507110">
    <ele>4.8</ele>
    <time>2025-04-05T02:35:13Z</time>
   </trkpt>
   <trkpt lat="-6.8492740" lon="109.0507190">
    <ele>4.9</ele>
    <time>2025-04-05T02:35:14Z</time>
   </trkpt>
   <trkpt lat="-6.8492450" lon="109.0507290">
    <ele>4.9</ele>
    <time>2025-04-05T02:35:15Z</time>
   </trkpt>
   <trkpt lat="-6.8492160" lon="109.0507360">
    <ele>4.9</ele>
    <time>2025-04-05T02:35:16Z</time>
   </trkpt>
   <trkpt lat="-6.8491890" lon="109.0507410">
    <ele>4.9</ele>
    <time>2025-04-05T02:35:17Z</time>
   </trkpt>
   <trkpt lat="-6.8491490" lon="109.0507480">
    <ele>4.9</ele>
    <time>2025-04-05T02:35:18Z</time>
   </trkpt>
   <trkpt lat="-6.8491360" lon="109.0507500">
    <ele>4.9</ele>
    <time>2025-04-05T02:35:19Z</time>
   </trkpt>
   <trkpt lat="-6.8491080" lon="109.0507580">
    <ele>4.8</ele>
    <time>2025-04-05T02:35:20Z</time>
   </trkpt>
   <trkpt lat="-6.8490800" lon="109.0507670">
    <ele>4.8</ele>
    <time>2025-04-05T02:35:21Z</time>
   </trkpt>
   <trkpt lat="-6.8490500" lon="109.0507750">
    <ele>4.8</ele>
    <time>2025-04-05T02:35:22Z</time>
   </trkpt>
   <trkpt lat="-6.8490150" lon="109.0507810">
    <ele>4.8</ele>
    <time>2025-04-05T02:35:23Z</time>
   </trkpt>
   <trkpt lat="-6.8489810" lon="109.0507880">
    <ele>4.8</ele>
    <time>2025-04-05T02:35:24Z</time>
   </trkpt>
   <trkpt lat="-6.8489520" lon="109.0507950">
    <ele>4.8</ele>
    <time>2025-04-05T02:35:25Z</time>
   </trkpt>
   <trkpt lat="-6.8489210" lon="109.0508020">
    <ele>4.8</ele>
    <time>2025-04-05T02:35:26Z</time>
   </trkpt>
   <trkpt lat="-6.8488890" lon="109.0508070">
    <ele>4.8</ele>
    <time>2025-04-05T02:35:27Z</time>
   </trkpt>
   <trkpt lat="-6.8488620" lon="109.0508140">
    <ele>4.8</ele>
    <time>2025-04-05T02:35:28Z</time>
   </trkpt>
   <trkpt lat="-6.8488310" lon="109.0508200">
    <ele>4.8</ele>
    <time>2025-04-05T02:35:29Z</time>
   </trkpt>
   <trkpt lat="-6.8487980" lon="109.0508260">
    <ele>4.8</ele>
    <time>2025-04-05T02:35:30Z</time>
   </trkpt>
   <trkpt lat="-6.8487690" lon="109.0508310">
    <ele>4.8</ele>
    <time>2025-04-05T02:35:31Z</time>
   </trkpt>
   <trkpt lat="-6.8487360" lon="109.0508370">
    <ele>4.8</ele>
    <time>2025-04-05T02:35:32Z</time>
   </trkpt>
   <trkpt lat="-6.8487050" lon="109.0508430">
    <ele>4.8</ele>
    <time>2025-04-05T02:35:33Z</time>
   </trkpt>
   <trkpt lat="-6.8486760" lon="109.0508480">
    <ele>4.8</ele>
    <time>2025-04-05T02:35:34Z</time>
   </trkpt>
   <trkpt lat="-6.8486450" lon="109.0508530">
    <ele>4.7</ele>
    <time>2025-04-05T02:35:35Z</time>
   </trkpt>
   <trkpt lat="-6.8486120" lon="109.0508600">
    <ele>4.7</ele>
    <time>2025-04-05T02:35:36Z</time>
   </trkpt>
   <trkpt lat="-6.8485810" lon="109.0508680">
    <ele>4.7</ele>
    <time>2025-04-05T02:35:37Z</time>
   </trkpt>
   <trkpt lat="-6.8485490" lon="109.0508770">
    <ele>4.7</ele>
    <time>2025-04-05T02:35:38Z</time>
   </trkpt>
   <trkpt lat="-6.8485160" lon="109.0508860">
    <ele>4.7</ele>
    <time>2025-04-05T02:35:39Z</time>
   </trkpt>
   <trkpt lat="-6.8484830" lon="109.0508950">
    <ele>4.7</ele>
    <time>2025-04-05T02:35:40Z</time>
   </trkpt>
   <trkpt lat="-6.8484540" lon="109.0509010">
    <ele>4.7</ele>
    <time>2025-04-05T02:35:41Z</time>
   </trkpt>
   <trkpt lat="-6.8484260" lon="109.0509060">
    <ele>4.7</ele>
    <time>2025-04-05T02:35:42Z</time>
   </trkpt>
   <trkpt lat="-6.8483990" lon="109.0509130">
    <ele>4.7</ele>
    <time>2025-04-05T02:35:43Z</time>
   </trkpt>
   <trkpt lat="-6.8483630" lon="109.0509260">
    <ele>4.7</ele>
    <time>2025-04-05T02:35:44Z</time>
   </trkpt>
   <trkpt lat="-6.8483510" lon="109.0509290">
    <ele>4.7</ele>
    <time>2025-04-05T02:35:45Z</time>
   </trkpt>
   <trkpt lat="-6.8483120" lon="109.0509370">
    <ele>4.7</ele>
    <time>2025-04-05T02:35:46Z</time>
   </trkpt>
   <trkpt lat="-6.8482980" lon="109.0509390">
    <ele>4.7</ele>
    <time>2025-04-05T02:35:47Z</time>
   </trkpt>
   <trkpt lat="-6.8482670" lon="109.0509440">
    <ele>4.7</ele>
    <time>2025-04-05T02:35:48Z</time>
   </trkpt>
   <trkpt lat="-6.8482360" lon="109.0509490">
    <ele>4.8</ele>
    <time>2025-04-05T02:35:49Z</time>
   </trkpt>
   <trkpt lat="-6.8482050" lon="109.0509530">
    <ele>4.8</ele>
    <time>2025-04-05T02:35:50Z</time>
   </trkpt>
   <trkpt lat="-6.8481780" lon="109.0509570">
    <ele>4.8</ele>
    <time>2025-04-05T02:35:51Z</time>
   </trkpt>
   <trkpt lat="-6.8481510" lon="109.0509610">
    <ele>4.8</ele>
    <time>2025-04-05T02:35:52Z</time>
   </trkpt>
   <trkpt lat="-6.8481140" lon="109.0509700">
    <ele>4.8</ele>
    <time>2025-04-05T02:35:53Z</time>
   </trkpt>
   <trkpt lat="-6.8481020" lon="109.0509720">
    <ele>4.8</ele>
    <time>2025-04-05T02:35:54Z</time>
   </trkpt>
   <trkpt lat="-6.8480760" lon="109.0509770">
    <ele>4.8</ele>
    <time>2025-04-05T02:35:55Z</time>
   </trkpt>
   <trkpt lat="-6.8480470" lon="109.0509850">
    <ele>4.8</ele>
    <time>2025-04-05T02:35:56Z</time>
   </trkpt>
   <trkpt lat="-6.8480200" lon="109.0509880">
    <ele>4.8</ele>
    <time>2025-04-05T02:35:57Z</time>
   </trkpt>
   <trkpt lat="-6.8479920" lon="109.0509910">
    <ele>4.8</ele>
    <time>2025-04-05T02:35:58Z</time>
   </trkpt>
   <trkpt lat="-6.8479500" lon="109.0509910">
    <ele>4.7</ele>
    <time>2025-04-05T02:35:59Z</time>
   </trkpt>
   <trkpt lat="-6.8478440" lon="109.0510060">
    <ele>4.7</ele>
    <time>2025-04-05T02:36:03Z</time>
   </trkpt>
   <trkpt lat="-6.8476620" lon="109.0510340">
    <ele>4.6</ele>
    <time>2025-04-05T02:36:10Z</time>
   </trkpt>
   <trkpt lat="-6.8474520" lon="109.0510700">
    <ele>4.6</ele>
    <time>2025-04-05T02:36:16Z</time>
   </trkpt>
   <trkpt lat="-6.8473600" lon="109.0510890">
    <ele>4.6</ele>
    <time>2025-04-05T02:36:19Z</time>
   </trkpt>
   <trkpt lat="-6.8473320" lon="109.0510960">
    <ele>4.6</ele>
    <time>2025-04-05T02:36:20Z</time>
   </trkpt>
   <trkpt lat="-6.8473010" lon="109.0511030">
    <ele>4.6</ele>
    <time>2025-04-05T02:36:21Z</time>
   </trkpt>
   <trkpt lat="-6.8472960" lon="109.0511040">
    <ele>4.6</ele>
    <time>2025-04-05T02:36:22Z</time>
   </trkpt>
   <trkpt lat="-6.8472530" lon="109.0511160">
    <ele>4.6</ele>
    <time>2025-04-05T02:36:23Z</time>
   </trkpt>
   <trkpt lat="-6.8472240" lon="109.0511260">
    <ele>4.6</ele>
    <time>2025-04-05T02:36:24Z</time>
   </trkpt>
   <trkpt lat="-6.8471960" lon="109.0511360">
    <ele>4.6</ele>
    <time>2025-04-05T02:36:25Z</time>
   </trkpt>
   <trkpt lat="-6.8471650" lon="109.0511450">
    <ele>4.6</ele>
    <time>2025-04-05T02:36:26Z</time>
   </trkpt>
   <trkpt lat="-6.8471360" lon="109.0511510">
    <ele>4.6</ele>
    <time>2025-04-05T02:36:27Z</time>
   </trkpt>
   <trkpt lat="-6.8471080" lon="109.0511570">
    <ele>4.6</ele>
    <time>2025-04-05T02:36:28Z</time>
   </trkpt>
   <trkpt lat="-6.8470720" lon="109.0511650">
    <ele>4.6</ele>
    <time>2025-04-05T02:36:29Z</time>
   </trkpt>
   <trkpt lat="-6.8470590" lon="109.0511680">
    <ele>4.6</ele>
    <time>2025-04-05T02:36:30Z</time>
   </trkpt>
   <trkpt lat="-6.8470290" lon="109.0511730">
    <ele>4.6</ele>
    <time>2025-04-05T02:36:31Z</time>
   </trkpt>
   <trkpt lat="-6.8470010" lon="109.0511790">
    <ele>4.6</ele>
    <time>2025-04-05T02:36:32Z</time>
   </trkpt>
   <trkpt lat="-6.8469740" lon="109.0511880">
    <ele>4.6</ele>
    <time>2025-04-05T02:36:33Z</time>
   </trkpt>
   <trkpt lat="-6.8469380" lon="109.0512000">
    <ele>4.6</ele>
    <time>2025-04-05T02:36:34Z</time>
   </trkpt>
   <trkpt lat="-6.8469250" lon="109.0512030">
    <ele>4.6</ele>
    <time>2025-04-05T02:36:35Z</time>
   </trkpt>
   <trkpt lat="-6.8468880" lon="109.0512090">
    <ele>4.6</ele>
    <time>2025-04-05T02:36:36Z</time>
   </trkpt>
   <trkpt lat="-6.8468750" lon="109.0512100">
    <ele>4.6</ele>
    <time>2025-04-05T02:36:37Z</time>
   </trkpt>
   <trkpt lat="-6.8468480" lon="109.0512130">
    <ele>4.6</ele>
    <time>2025-04-05T02:36:38Z</time>
   </trkpt>
   <trkpt lat="-6.8468150" lon="109.0512220">
    <ele>4.6</ele>
    <time>2025-04-05T02:36:39Z</time>
   </trkpt>
   <trkpt lat="-6.8468020" lon="109.0512250">
    <ele>4.6</ele>
    <time>2025-04-05T02:36:40Z</time>
   </trkpt>
   <trkpt lat="-6.8467750" lon="109.0512300">
    <ele>4.6</ele>
    <time>2025-04-05T02:36:41Z</time>
   </trkpt>
   <trkpt lat="-6.8467440" lon="109.0512360">
    <ele>4.6</ele>
    <time>2025-04-05T02:36:42Z</time>
   </trkpt>
   <trkpt lat="-6.8467150" lon="109.0512460">
    <ele>4.7</ele>
    <time>2025-04-05T02:36:43Z</time>
   </trkpt>
   <trkpt lat="-6.8466870" lon="109.0512510">
    <ele>4.7</ele>
    <time>2025-04-05T02:36:44Z</time>
   </trkpt>
   <trkpt lat="-6.8466580" lon="109.0512550">
    <ele>4.8</ele>
    <time>2025-04-05T02:36:45Z</time>
   </trkpt>
   <trkpt lat="-6.8466250" lon="109.0512600">
    <ele>4.8</ele>
    <time>2025-04-05T02:36:46Z</time>
   </trkpt>
   <trkpt lat="-6.8465940" lon="109.0512630">
    <ele>4.9</ele>
    <time>2025-04-05T02:36:47Z</time>
   </trkpt>
   <trkpt lat="-6.8465630" lon="109.0512670">
    <ele>4.9</ele>
    <time>2025-04-05T02:36:48Z</time>
   </trkpt>
   <trkpt lat="-6.8465350" lon="109.0512710">
    <ele>5.0</ele>
    <time>2025-04-05T02:36:49Z</time>
   </trkpt>
   <trkpt lat="-6.8465060" lon="109.0512760">
    <ele>5.0</ele>
    <time>2025-04-05T02:36:50Z</time>
   </trkpt>
   <trkpt lat="-6.8464770" lon="109.0512800">
    <ele>5.1</ele>
    <time>2025-04-05T02:36:51Z</time>
   </trkpt>
   <trkpt lat="-6.8464500" lon="109.0512830">
    <ele>5.1</ele>
    <time>2025-04-05T02:36:52Z</time>
   </trkpt>
   <trkpt lat="-6.8464210" lon="109.0512890">
    <ele>5.2</ele>
    <time>2025-04-05T02:36:53Z</time>
   </trkpt>
   <trkpt lat="-6.8463950" lon="109.0512960">
    <ele>5.3</ele>
    <time>2025-04-05T02:36:54Z</time>
   </trkpt>
   <trkpt lat="-6.8463680" lon="109.0513020">
    <ele>5.3</ele>
    <time>2025-04-05T02:36:55Z</time>
   </trkpt>
   <trkpt lat="-6.8463410" lon="109.0513060">
    <ele>5.4</ele>
    <time>2025-04-05T02:36:56Z</time>
   </trkpt>
   <trkpt lat="-6.8463130" lon="109.0513100">
    <ele>5.5</ele>
    <time>2025-04-05T02:36:57Z</time>
   </trkpt>
   <trkpt lat="-6.8462840" lon="109.0513150">
    <ele>5.6</ele>
    <time>2025-04-05T02:36:58Z</time>
   </trkpt>
   <trkpt lat="-6.8462570" lon="109.0513190">
    <ele>5.7</ele>
    <time>2025-04-05T02:36:59Z</time>
   </trkpt>
   <trkpt lat="-6.8462220" lon="109.0513230">
    <ele>5.8</ele>
    <time>2025-04-05T02:37:00Z</time>
   </trkpt>
   <trkpt lat="-6.8462110" lon="109.0513240">
    <ele>5.8</ele>
    <time>2025-04-05T02:37:01Z</time>
   </trkpt>
   <trkpt lat="-6.8461970" lon="109.0513280">
    <ele>5.9</ele>
    <time>2025-04-05T02:37:02Z</time>
   </trkpt>
   <trkpt lat="-6.8461910" lon="109.0513310">
    <ele>5.9</ele>
    <time>2025-04-05T02:37:03Z</time>
   </trkpt>
   <trkpt lat="-6.8461900" lon="109.0513310">
    <ele>5.9</ele>
    <time>2025-04-05T02:37:04Z</time>
   </trkpt>
   <trkpt lat="-6.8461920" lon="109.0513280">
    <ele>5.9</ele>
    <time>2025-04-05T02:37:05Z</time>
   </trkpt>
   <trkpt lat="-6.8461830" lon="109.0513270">
    <ele>6.0</ele>
    <time>2025-04-05T02:37:06Z</time>
   </trkpt>
   <trkpt lat="-6.8461490" lon="109.0513260">
    <ele>6.1</ele>
    <time>2025-04-05T02:37:07Z</time>
   </trkpt>
   <trkpt lat="-6.8461350" lon="109.0513270">
    <ele>6.1</ele>
    <time>2025-04-05T02:37:08Z</time>
   </trkpt>
   <trkpt lat="-6.8461000" lon="109.0513420">
    <ele>6.1</ele>
    <time>2025-04-05T02:37:09Z</time>
   </trkpt>
   <trkpt lat="-6.8460870" lon="109.0513470">
    <ele>6.1</ele>
    <time>2025-04-05T02:37:10Z</time>
   </trkpt>
   <trkpt lat="-6.8460560" lon="109.0513550">
    <ele>6.0</ele>
    <time>2025-04-05T02:37:11Z</time>
   </trkpt>
   <trkpt lat="-6.8460170" lon="109.0513620">
    <ele>6.0</ele>
    <time>2025-04-05T02:37:12Z</time>
   </trkpt>
   <trkpt lat="-6.8459740" lon="109.0513700">
    <ele>5.9</ele>
    <time>2025-04-05T02:37:13Z</time>
   </trkpt>
   <trkpt lat="-6.8459330" lon="109.0513790">
    <ele>5.8</ele>
    <time>2025-04-05T02:37:14Z</time>
   </trkpt>
   <trkpt lat="-6.8458970" lon="109.0513860">
    <ele>5.7</ele>
    <time>2025-04-05T02:37:15Z</time>
   </trkpt>
   <trkpt lat="-6.8458650" lon="109.0513920">
    <ele>5.7</ele>
    <time>2025-04-05T02:37:16Z</time>
   </trkpt>
   <trkpt lat="-6.8458330" lon="109.0513960">
    <ele>5.6</ele>
    <time>2025-04-05T02:37:17Z</time>
   </trkpt>
   <trkpt lat="-6.8458000" lon="109.0514030">
    <ele>5.6</ele>
    <time>2025-04-05T02:37:18Z</time>
   </trkpt>
   <trkpt lat="-6.8457650" lon="109.0514090">
    <ele>5.5</ele>
    <time>2025-04-05T02:37:19Z</time>
   </trkpt>
   <trkpt lat="-6.8457370" lon="109.0514140">
    <ele>5.5</ele>
    <time>2025-04-05T02:37:20Z</time>
   </trkpt>
   <trkpt lat="-6.8457080" lon="109.0514170">
    <ele>5.5</ele>
    <time>2025-04-05T02:37:21Z</time>
   </trkpt>
   <trkpt lat="-6.8456780" lon="109.0514200">
    <ele>5.4</ele>
    <time>2025-04-05T02:37:22Z</time>
   </trkpt>
   <trkpt lat="-6.8456410" lon="109.0514230">
    <ele>5.4</ele>
    <time>2025-04-05T02:37:23Z</time>
   </trkpt>
   <trkpt lat="-6.8456000" lon="109.0514230">
    <ele>5.4</ele>
    <time>2025-04-05T02:37:24Z</time>
   </trkpt>
   <trkpt lat="-6.8454930" lon="109.0514330">
    <ele>5.4</ele>
    <time>2025-04-05T02:37:28Z</time>
   </trkpt>
   <trkpt lat="-6.8452940" lon="109.0514630">
    <ele>5.4</ele>
    <time>2025-04-05T02:37:35Z</time>
   </trkpt>
   <trkpt lat="-6.8450910" lon="109.0514910">
    <ele>5.2</ele>
    <time>2025-04-05T02:37:41Z</time>
   </trkpt>
   <trkpt lat="-6.8450350" lon="109.0514950">
    <ele>5.1</ele>
    <time>2025-04-05T02:37:43Z</time>
   </trkpt>
   <trkpt lat="-6.8450070" lon="109.0515030">
    <ele>5.1</ele>
    <time>2025-04-05T02:37:44Z</time>
   </trkpt>
   <trkpt lat="-6.8449780" lon="109.0515110">
    <ele>5.1</ele>
    <time>2025-04-05T02:37:45Z</time>
   </trkpt>
   <trkpt lat="-6.8449520" lon="109.0515170">
    <ele>5.1</ele>
    <time>2025-04-05T02:37:46Z</time>
   </trkpt>
   <trkpt lat="-6.8449240" lon="109.0515220">
    <ele>5.1</ele>
    <time>2025-04-05T02:37:47Z</time>
   </trkpt>
   <trkpt lat="-6.8448950" lon="109.0515250">
    <ele>5.1</ele>
    <time>2025-04-05T02:37:48Z</time>
   </trkpt>
   <trkpt lat="-6.8448670" lon="109.0515280">
    <ele>5.1</ele>
    <time>2025-04-05T02:37:49Z</time>
   </trkpt>
   <trkpt lat="-6.8448380" lon="109.0515320">
    <ele>5.1</ele>
    <time>2025-04-05T02:37:50Z</time>
   </trkpt>
   <trkpt lat="-6.8448110" lon="109.0515380">
    <ele>5.1</ele>
    <time>2025-04-05T02:37:51Z</time>
   </trkpt>
   <trkpt lat="-6.8447720" lon="109.0515460">
    <ele>5.1</ele>
    <time>2025-04-05T02:37:52Z</time>
   </trkpt>
   <trkpt lat="-6.8447590" lon="109.0515480">
    <ele>5.1</ele>
    <time>2025-04-05T02:37:53Z</time>
   </trkpt>
   <trkpt lat="-6.8447320" lon="109.0515520">
    <ele>5.1</ele>
    <time>2025-04-05T02:37:54Z</time>
   </trkpt>
   <trkpt lat="-6.8447040" lon="109.0515570">
    <ele>5.0</ele>
    <time>2025-04-05T02:37:55Z</time>
   </trkpt>
   <trkpt lat="-6.8446740" lon="109.0515600">
    <ele>5.0</ele>
    <time>2025-04-05T02:37:56Z</time>
   </trkpt>
   <trkpt lat="-6.8446450" lon="109.0515620">
    <ele>5.0</ele>
    <time>2025-04-05T02:37:57Z</time>
   </trkpt>
   <trkpt lat="-6.8446180" lon="109.0515640">
    <ele>5.0</ele>
    <time>2025-04-05T02:37:58Z</time>
   </trkpt>
   <trkpt lat="-6.8445880" lon="109.0515690">
    <ele>5.0</ele>
    <time>2025-04-05T02:37:59Z</time>
   </trkpt>
   <trkpt lat="-6.8445580" lon="109.0515750">
    <ele>5.0</ele>
    <time>2025-04-05T02:38:00Z</time>
   </trkpt>
   <trkpt lat="-6.8445310" lon="109.0515820">
    <ele>5.0</ele>
    <time>2025-04-05T02:38:01Z</time>
   </trkpt>
   <trkpt lat="-6.8445030" lon="109.0515870">
    <ele>5.0</ele>
    <time>2025-04-05T02:38:02Z</time>
   </trkpt>
   <trkpt lat="-6.8444730" lon="109.0515910">
    <ele>5.0</ele>
    <time>2025-04-05T02:38:03Z</time>
   </trkpt>
   <trkpt lat="-6.8444390" lon="109.0515950">
    <ele>5.0</ele>
    <time>2025-04-05T02:38:04Z</time>
   </trkpt>
   <trkpt lat="-6.8444060" lon="109.0515980">
    <ele>5.0</ele>
    <time>2025-04-05T02:38:05Z</time>
   </trkpt>
   <trkpt lat="-6.8443740" lon="109.0515990">
    <ele>5.0</ele>
    <time>2025-04-05T02:38:06Z</time>
   </trkpt>
   <trkpt lat="-6.8443480" lon="109.0516030">
    <ele>5.0</ele>
    <time>2025-04-05T02:38:07Z</time>
   </trkpt>
   <trkpt lat="-6.8443100" lon="109.0516110">
    <ele>5.0</ele>
    <time>2025-04-05T02:38:08Z</time>
   </trkpt>
   <trkpt lat="-6.8442970" lon="109.0516130">
    <ele>5.0</ele>
    <time>2025-04-05T02:38:09Z</time>
   </trkpt>
   <trkpt lat="-6.8442570" lon="109.0516200">
    <ele>5.0</ele>
    <time>2025-04-05T02:38:10Z</time>
   </trkpt>
   <trkpt lat="-6.8442430" lon="109.0516230">
    <ele>5.0</ele>
    <time>2025-04-05T02:38:11Z</time>
   </trkpt>
   <trkpt lat="-6.8442150" lon="109.0516270">
    <ele>5.0</ele>
    <time>2025-04-05T02:38:12Z</time>
   </trkpt>
   <trkpt lat="-6.8441870" lon="109.0516330">
    <ele>5.0</ele>
    <time>2025-04-05T02:38:13Z</time>
   </trkpt>
   <trkpt lat="-6.8441600" lon="109.0516390">
    <ele>5.0</ele>
    <time>2025-04-05T02:38:14Z</time>
   </trkpt>
   <trkpt lat="-6.8441200" lon="109.0516440">
    <ele>5.0</ele>
    <time>2025-04-05T02:38:15Z</time>
   </trkpt>
   <trkpt lat="-6.8441060" lon="109.0516450">
    <ele>5.0</ele>
    <time>2025-04-05T02:38:16Z</time>
   </trkpt>
   <trkpt lat="-6.8440790" lon="109.0516500">
    <ele>5.0</ele>
    <time>2025-04-05T02:38:17Z</time>
   </trkpt>
   <trkpt lat="-6.8440520" lon="109.0516540">
    <ele>5.0</ele>
    <time>2025-04-05T02:38:18Z</time>
   </trkpt>
   <trkpt lat="-6.8440230" lon="109.0516590">
    <ele>5.0</ele>
    <time>2025-04-05T02:38:19Z</time>
   </trkpt>
   <trkpt lat="-6.8439940" lon="109.0516600">
    <ele>5.0</ele>
    <time>2025-04-05T02:38:20Z</time>
   </trkpt>
   <trkpt lat="-6.8439660" lon="109.0516640">
    <ele>5.0</ele>
    <time>2025-04-05T02:38:21Z</time>
   </trkpt>
   <trkpt lat="-6.8439370" lon="109.0516700">
    <ele>5.0</ele>
    <time>2025-04-05T02:38:22Z</time>
   </trkpt>
   <trkpt lat="-6.8439080" lon="109.0516760">
    <ele>4.9</ele>
    <time>2025-04-05T02:38:23Z</time>
   </trkpt>
   <trkpt lat="-6.8438810" lon="109.0516800">
    <ele>4.9</ele>
    <time>2025-04-05T02:38:24Z</time>
   </trkpt>
   <trkpt lat="-6.8438530" lon="109.0516830">
    <ele>4.9</ele>
    <time>2025-04-05T02:38:25Z</time>
   </trkpt>
   <trkpt lat="-6.8438250" lon="109.0516860">
    <ele>4.9</ele>
    <time>2025-04-05T02:38:26Z</time>
   </trkpt>
   <trkpt lat="-6.8437980" lon="109.0516890">
    <ele>4.9</ele>
    <time>2025-04-05T02:38:27Z</time>
   </trkpt>
   <trkpt lat="-6.8437570" lon="109.0516920">
    <ele>4.9</ele>
    <time>2025-04-05T02:38:28Z</time>
   </trkpt>
   <trkpt lat="-6.8437420" lon="109.0516940">
    <ele>4.9</ele>
    <time>2025-04-05T02:38:29Z</time>
   </trkpt>
   <trkpt lat="-6.8437150" lon="109.0516980">
    <ele>4.9</ele>
    <time>2025-04-05T02:38:30Z</time>
   </trkpt>
   <trkpt lat="-6.8436860" lon="109.0517020">
    <ele>4.9</ele>
    <time>2025-04-05T02:38:31Z</time>
   </trkpt>
   <trkpt lat="-6.8436580" lon="109.0517050">
    <ele>4.8</ele>
    <time>2025-04-05T02:38:32Z</time>
   </trkpt>
   <trkpt lat="-6.8436280" lon="109.0517090">
    <ele>4.8</ele>
    <time>2025-04-05T02:38:33Z</time>
   </trkpt>
   <trkpt lat="-6.8435950" lon="109.0517130">
    <ele>4.8</ele>
    <time>2025-04-05T02:38:34Z</time>
   </trkpt>
   <trkpt lat="-6.8435660" lon="109.0517160">
    <ele>4.8</ele>
    <time>2025-04-05T02:38:35Z</time>
   </trkpt>
   <trkpt lat="-6.8435350" lon="109.0517200">
    <ele>4.8</ele>
    <time>2025-04-05T02:38:36Z</time>
   </trkpt>
   <trkpt lat="-6.8435050" lon="109.0517230">
    <ele>4.8</ele>
    <time>2025-04-05T02:38:37Z</time>
   </trkpt>
   <trkpt lat="-6.8434760" lon="109.0517270">
    <ele>4.7</ele>
    <time>2025-04-05T02:38:38Z</time>
   </trkpt>
   <trkpt lat="-6.8434450" lon="109.0517330">
    <ele>4.7</ele>
    <time>2025-04-05T02:38:39Z</time>
   </trkpt>
   <trkpt lat="-6.8434140" lon="109.0517400">
    <ele>4.7</ele>
    <time>2025-04-05T02:38:40Z</time>
   </trkpt>
   <trkpt lat="-6.8433830" lon="109.0517460">
    <ele>4.7</ele>
    <time>2025-04-05T02:38:41Z</time>
   </trkpt>
   <trkpt lat="-6.8433520" lon="109.0517500">
    <ele>4.7</ele>
    <time>2025-04-05T02:38:42Z</time>
   </trkpt>
   <trkpt lat="-6.8433220" lon="109.0517560">
    <ele>4.7</ele>
    <time>2025-04-05T02:38:43Z</time>
   </trkpt>
   <trkpt lat="-6.8432950" lon="109.0517630">
    <ele>4.7</ele>
    <time>2025-04-05T02:38:44Z</time>
   </trkpt>
   <trkpt lat="-6.8432640" lon="109.0517730">
    <ele>4.7</ele>
    <time>2025-04-05T02:38:45Z</time>
   </trkpt>
   <trkpt lat="-6.8432340" lon="109.0517830">
    <ele>4.7</ele>
    <time>2025-04-05T02:38:46Z</time>
   </trkpt>
   <trkpt lat="-6.8432040" lon="109.0517920">
    <ele>4.7</ele>
    <time>2025-04-05T02:38:47Z</time>
   </trkpt>
   <trkpt lat="-6.8431760" lon="109.0518010">
    <ele>4.7</ele>
    <time>2025-04-05T02:38:48Z</time>
   </trkpt>
   <trkpt lat="-6.8431480" lon="109.0518100">
    <ele>4.6</ele>
    <time>2025-04-05T02:38:49Z</time>
   </trkpt>
   <trkpt lat="-6.8431210" lon="109.0518200">
    <ele>4.6</ele>
    <time>2025-04-05T02:38:50Z</time>
   </trkpt>
   <trkpt lat="-6.8430830" lon="109.0518340">
    <ele>4.6</ele>
    <time>2025-04-05T02:38:51Z</time>
   </trkpt>
   <trkpt lat="-6.8430700" lon="109.0518380">
    <ele>4.6</ele>
    <time>2025-04-05T02:38:52Z</time>
   </trkpt>
   <trkpt lat="-6.8430420" lon="109.0518490">
    <ele>4.6</ele>
    <time>2025-04-05T02:38:53Z</time>
   </trkpt>
   <trkpt lat="-6.8430090" lon="109.0518630">
    <ele>4.5</ele>
    <time>2025-04-05T02:38:54Z</time>
   </trkpt>
   <trkpt lat="-6.8429800" lon="109.0518780">
    <ele>4.5</ele>
    <time>2025-04-05T02:38:55Z</time>
   </trkpt>
   <trkpt lat="-6.8429510" lon="109.0518930">
    <ele>4.5</ele>
    <time>2025-04-05T02:38:56Z</time>
   </trkpt>
   <trkpt lat="-6.8429190" lon="109.0519040">
    <ele>4.5</ele>
    <time>2025-04-05T02:38:57Z</time>
   </trkpt>
   <trkpt lat="-6.8428900" lon="109.0519130">
    <ele>4.5</ele>
    <time>2025-04-05T02:38:58Z</time>
   </trkpt>
   <trkpt lat="-6.8428620" lon="109.0519230">
    <ele>4.5</ele>
    <time>2025-04-05T02:38:59Z</time>
   </trkpt>
   <trkpt lat="-6.8428330" lon="109.0519330">
    <ele>4.5</ele>
    <time>2025-04-05T02:39:00Z</time>
   </trkpt>
   <trkpt lat="-6.8428050" lon="109.0519440">
    <ele>4.4</ele>
    <time>2025-04-05T02:39:01Z</time>
   </trkpt>
   <trkpt lat="-6.8427780" lon="109.0519530">
    <ele>4.4</ele>
    <time>2025-04-05T02:39:02Z</time>
   </trkpt>
   <trkpt lat="-6.8427500" lon="109.0519610">
    <ele>4.4</ele>
    <time>2025-04-05T02:39:03Z</time>
   </trkpt>
   <trkpt lat="-6.8427230" lon="109.0519710">
    <ele>4.4</ele>
    <time>2025-04-05T02:39:04Z</time>
   </trkpt>
   <trkpt lat="-6.8426950" lon="109.0519820">
    <ele>4.4</ele>
    <time>2025-04-05T02:39:05Z</time>
   </trkpt>
   <trkpt lat="-6.8426670" lon="109.0519920">
    <ele>4.4</ele>
    <time>2025-04-05T02:39:06Z</time>
   </trkpt>
   <trkpt lat="-6.8426400" lon="109.0520030">
    <ele>4.4</ele>
    <time>2025-04-05T02:39:07Z</time>
   </trkpt>
   <trkpt lat="-6.8426130" lon="109.0520160">
    <ele>4.4</ele>
    <time>2025-04-05T02:39:08Z</time>
   </trkpt>
   <trkpt lat="-6.8425870" lon="109.0520270">
    <ele>4.3</ele>
    <time>2025-04-05T02:39:09Z</time>
   </trkpt>
   <trkpt lat="-6.8425590" lon="109.0520400">
    <ele>4.3</ele>
    <time>2025-04-05T02:39:10Z</time>
   </trkpt>
   <trkpt lat="-6.8425300" lon="109.0520540">
    <ele>4.3</ele>
    <time>2025-04-05T02:39:11Z</time>
   </trkpt>
   <trkpt lat="-6.8425010" lon="109.0520710">
    <ele>4.3</ele>
    <time>2025-04-05T02:39:12Z</time>
   </trkpt>
   <trkpt lat="-6.8424720" lon="109.0520910">
    <ele>4.3</ele>
    <time>2025-04-05T02:39:13Z</time>
   </trkpt>
   <trkpt lat="-6.8424440" lon="109.0521100">
    <ele>4.3</ele>
    <time>2025-04-05T02:39:14Z</time>
   </trkpt>
   <trkpt lat="-6.8424160" lon="109.0521280">
    <ele>4.2</ele>
    <time>2025-04-05T02:39:15Z</time>
   </trkpt>
   <trkpt lat="-6.8423890" lon="109.0521450">
    <ele>4.2</ele>
    <time>2025-04-05T02:39:16Z</time>
   </trkpt>
   <trkpt lat="-6.8423650" lon="109.0521610">
    <ele>4.2</ele>
    <time>2025-04-05T02:39:17Z</time>
   </trkpt>
   <trkpt lat="-6.8423400" lon="109.0521780">
    <ele>4.2</ele>
    <time>2025-04-05T02:39:18Z</time>
   </trkpt>
   <trkpt lat="-6.8423100" lon="109.0521990">
    <ele>4.2</ele>
    <time>2025-04-05T02:39:19Z</time>
   </trkpt>
   <trkpt lat="-6.8422830" lon="109.0522180">
    <ele>4.2</ele>
    <time>2025-04-05T02:39:20Z</time>
   </trkpt>
   <trkpt lat="-6.8422570" lon="109.0522360">
    <ele>4.1</ele>
    <time>2025-04-05T02:39:21Z</time>
   </trkpt>
   <trkpt lat="-6.8422330" lon="109.0522550">
    <ele>4.1</ele>
    <time>2025-04-05T02:39:22Z</time>
   </trkpt>
   <trkpt lat="-6.8422090" lon="109.0522750">
    <ele>4.1</ele>
    <time>2025-04-05T02:39:23Z</time>
   </trkpt>
   <trkpt lat="-6.8421870" lon="109.0522920">
    <ele>4.1</ele>
    <time>2025-04-05T02:39:24Z</time>
   </trkpt>
   <trkpt lat="-6.8421570" lon="109.0523120">
    <ele>4.1</ele>
    <time>2025-04-05T02:39:25Z</time>
   </trkpt>
   <trkpt lat="-6.8421480" lon="109.0523180">
    <ele>4.1</ele>
    <time>2025-04-05T02:39:26Z</time>
   </trkpt>
   <trkpt lat="-6.8421140" lon="109.0523420">
    <ele>4.1</ele>
    <time>2025-04-05T02:39:27Z</time>
   </trkpt>
   <trkpt lat="-6.8421010" lon="109.0523510">
    <ele>4.0</ele>
    <time>2025-04-05T02:39:28Z</time>
   </trkpt>
   <trkpt lat="-6.8420770" lon="109.0523670">
    <ele>4.0</ele>
    <time>2025-04-05T02:39:29Z</time>
   </trkpt>
   <trkpt lat="-6.8420520" lon="109.0523850">
    <ele>4.0</ele>
    <time>2025-04-05T02:39:30Z</time>
   </trkpt>
   <trkpt lat="-6.8420270" lon="109.0524010">
    <ele>4.0</ele>
    <time>2025-04-05T02:39:31Z</time>
   </trkpt>
   <trkpt lat="-6.8420030" lon="109.0524170">
    <ele>4.0</ele>
    <time>2025-04-05T02:39:32Z</time>
   </trkpt>
   <trkpt lat="-6.8419820" lon="109.0524340">
    <ele>4.0</ele>
    <time>2025-04-05T02:39:33Z</time>
   </trkpt>
   <trkpt lat="-6.8419570" lon="109.0524530">
    <ele>4.0</ele>
    <time>2025-04-05T02:39:34Z</time>
   </trkpt>
   <trkpt lat="-6.8419310" lon="109.0524730">
    <ele>3.9</ele>
    <time>2025-04-05T02:39:35Z</time>
   </trkpt>
   <trkpt lat="-6.8419010" lon="109.0524910">
    <ele>3.9</ele>
    <time>2025-04-05T02:39:36Z</time>
   </trkpt>
   <trkpt lat="-6.8418710" lon="109.0525100">
    <ele>3.9</ele>
    <time>2025-04-05T02:39:37Z</time>
   </trkpt>
   <trkpt lat="-6.8418410" lon="109.0525280">
    <ele>3.9</ele>
    <time>2025-04-05T02:39:38Z</time>
   </trkpt>
   <trkpt lat="-6.8418180" lon="109.0525460">
    <ele>3.9</ele>
    <time>2025-04-05T02:39:39Z</time>
   </trkpt>
   <trkpt lat="-6.8417940" lon="109.0525660">
    <ele>3.9</ele>
    <time>2025-04-05T02:39:40Z</time>
   </trkpt>
   <trkpt lat="-6.8417660" lon="109.0525850">
    <ele>3.9</ele>
    <time>2025-04-05T02:39:41Z</time>
   </trkpt>
   <trkpt lat="-6.8417330" lon="109.0526050">
    <ele>3.9</ele>
    <time>2025-04-05T02:39:42Z</time>
   </trkpt>
   <trkpt lat="-6.8417050" lon="109.0526220">
    <ele>3.9</ele>
    <time>2025-04-05T02:39:43Z</time>
   </trkpt>
   <trkpt lat="-6.8416790" lon="109.0526420">
    <ele>3.9</ele>
    <time>2025-04-05T02:39:44Z</time>
   </trkpt>
   <trkpt lat="-6.8416520" lon="109.0526620">
    <ele>3.9</ele>
    <time>2025-04-05T02:39:45Z</time>
   </trkpt>
   <trkpt lat="-6.8416280" lon="109.0526820">
    <ele>3.9</ele>
    <time>2025-04-05T02:39:46Z</time>
   </trkpt>
   <trkpt lat="-6.8415950" lon="109.0527040">
    <ele>3.9</ele>
    <time>2025-04-05T02:39:47Z</time>
   </trkpt>
   <trkpt lat="-6.8415840" lon="109.0527100">
    <ele>3.9</ele>
    <time>2025-04-05T02:39:48Z</time>
   </trkpt>
   <trkpt lat="-6.8415490" lon="109.0527320">
    <ele>3.8</ele>
    <time>2025-04-05T02:39:49Z</time>
   </trkpt>
   <trkpt lat="-6.8415350" lon="109.0527400">
    <ele>3.8</ele>
    <time>2025-04-05T02:39:50Z</time>
   </trkpt>
   <trkpt lat="-6.8415050" lon="109.0527580">
    <ele>3.7</ele>
    <time>2025-04-05T02:39:51Z</time>
   </trkpt>
   <trkpt lat="-6.8414730" lon="109.0527740">
    <ele>3.7</ele>
    <time>2025-04-05T02:39:52Z</time>
   </trkpt>
   <trkpt lat="-6.8414390" lon="109.0527890">
    <ele>3.6</ele>
    <time>2025-04-05T02:39:53Z</time>
   </trkpt>
   <trkpt lat="-6.8414080" lon="109.0528030">
    <ele>3.5</ele>
    <time>2025-04-05T02:39:54Z</time>
   </trkpt>
   <trkpt lat="-6.8413730" lon="109.0528170">
    <ele>3.4</ele>
    <time>2025-04-05T02:39:55Z</time>
   </trkpt>
   <trkpt lat="-6.8413460" lon="109.0528290">
    <ele>3.3</ele>
    <time>2025-04-05T02:39:56Z</time>
   </trkpt>
   <trkpt lat="-6.8413210" lon="109.0528400">
    <ele>3.2</ele>
    <time>2025-04-05T02:39:57Z</time>
   </trkpt>
   <trkpt lat="-6.8412870" lon="109.0528550">
    <ele>3.1</ele>
    <time>2025-04-05T02:39:58Z</time>
   </trkpt>
   <trkpt lat="-6.8412740" lon="109.0528590">
    <ele>3.1</ele>
    <time>2025-04-05T02:39:59Z</time>
   </trkpt>
   <trkpt lat="-6.8412450" lon="109.0528660">
    <ele>3.0</ele>
    <time>2025-04-05T02:40:00Z</time>
   </trkpt>
   <trkpt lat="-6.8412110" lon="109.0528780">
    <ele>3.0</ele>
    <time>2025-04-05T02:40:01Z</time>
   </trkpt>
   <trkpt lat="-6.8411750" lon="109.0528950">
    <ele>3.0</ele>
    <time>2025-04-05T02:40:02Z</time>
   </trkpt>
   <trkpt lat="-6.8411410" lon="109.0529120">
    <ele>3.0</ele>
    <time>2025-04-05T02:40:03Z</time>
   </trkpt>
   <trkpt lat="-6.8411090" lon="109.0529260">
    <ele>3.1</ele>
    <time>2025-04-05T02:40:04Z</time>
   </trkpt>
   <trkpt lat="-6.8410810" lon="109.0529400">
    <ele>3.1</ele>
    <time>2025-04-05T02:40:05Z</time>
   </trkpt>
   <trkpt lat="-6.8410520" lon="109.0529570">
    <ele>3.1</ele>
    <time>2025-04-05T02:40:06Z</time>
   </trkpt>
   <trkpt lat="-6.8410220" lon="109.0529750">
    <ele>3.1</ele>
    <time>2025-04-05T02:40:07Z</time>
   </trkpt>
   <trkpt lat="-6.8409910" lon="109.0529930">
    <ele>3.1</ele>
    <time>2025-04-05T02:40:08Z</time>
   </trkpt>
   <trkpt lat="-6.8409570" lon="109.0530120">
    <ele>3.2</ele>
    <time>2025-04-05T02:40:09Z</time>
   </trkpt>
   <trkpt lat="-6.8409270" lon="109.0530340">
    <ele>3.2</ele>
    <time>2025-04-05T02:40:10Z</time>
   </trkpt>
   <trkpt lat="-6.8409040" lon="109.0530580">
    <ele>3.2</ele>
    <time>2025-04-05T02:40:11Z</time>
   </trkpt>
   <trkpt lat="-6.8408840" lon="109.0530810">
    <ele>3.2</ele>
    <time>2025-04-05T02:40:12Z</time>
   </trkpt>
   <trkpt lat="-6.8408620" lon="109.0531000">
    <ele>3.2</ele>
    <time>2025-04-05T02:40:13Z</time>
   </trkpt>
   <trkpt lat="-6.8408390" lon="109.0531170">
    <ele>3.2</ele>
    <time>2025-04-05T02:40:14Z</time>
   </trkpt>
   <trkpt lat="-6.8408140" lon="109.0531330">
    <ele>3.2</ele>
    <time>2025-04-05T02:40:15Z</time>
   </trkpt>
   <trkpt lat="-6.8407910" lon="109.0531540">
    <ele>3.2</ele>
    <time>2025-04-05T02:40:16Z</time>
   </trkpt>
   <trkpt lat="-6.8407700" lon="109.0531770">
    <ele>3.2</ele>
    <time>2025-04-05T02:40:17Z</time>
   </trkpt>
   <trkpt lat="-6.8407540" lon="109.0532030">
    <ele>3.2</ele>
    <time>2025-04-05T02:40:18Z</time>
   </trkpt>
   <trkpt lat="-6.8407420" lon="109.0532290">
    <ele>3.2</ele>
    <time>2025-04-05T02:40:19Z</time>
   </trkpt>
   <trkpt lat="-6.8407260" lon="109.0532550">
    <ele>3.1</ele>
    <time>2025-04-05T02:40:20Z</time>
   </trkpt>
   <trkpt lat="-6.8407100" lon="109.0532810">
    <ele>3.1</ele>
    <time>2025-04-05T02:40:21Z</time>
   </trkpt>
   <trkpt lat="-6.8406930" lon="109.0533070">
    <ele>3.1</ele>
    <time>2025-04-05T02:40:22Z</time>
   </trkpt>
   <trkpt lat="-6.8406760" lon="109.0533350">
    <ele>3.1</ele>
    <time>2025-04-05T02:40:23Z</time>
   </trkpt>
   <trkpt lat="-6.8406560" lon="109.0533630">
    <ele>3.1</ele>
    <time>2025-04-05T02:40:24Z</time>
   </trkpt>
   <trkpt lat="-6.8406330" lon="109.0533910">
    <ele>3.1</ele>
    <time>2025-04-05T02:40:25Z</time>
   </trkpt>
   <trkpt lat="-6.8406120" lon="109.0534160">
    <ele>3.1</ele>
    <time>2025-04-05T02:40:26Z</time>
   </trkpt>
   <trkpt lat="-6.8405920" lon="109.0534410">
    <ele>3.1</ele>
    <time>2025-04-05T02:40:27Z</time>
   </trkpt>
   <trkpt lat="-6.8405720" lon="109.0534660">
    <ele>3.1</ele>
    <time>2025-04-05T02:40:28Z</time>
   </trkpt>
   <trkpt lat="-6.8405550" lon="109.0534910">
    <ele>3.1</ele>
    <time>2025-04-05T02:40:29Z</time>
   </trkpt>
   <trkpt lat="-6.8405380" lon="109.0535190">
    <ele>3.1</ele>
    <time>2025-04-05T02:40:30Z</time>
   </trkpt>
   <trkpt lat="-6.8405170" lon="109.0535490">
    <ele>3.1</ele>
    <time>2025-04-05T02:40:31Z</time>
   </trkpt>
   <trkpt lat="-6.8404960" lon="109.0535760">
    <ele>3.1</ele>
    <time>2025-04-05T02:40:32Z</time>
   </trkpt>
   <trkpt lat="-6.8404800" lon="109.0536010">
    <ele>3.1</ele>
    <time>2025-04-05T02:40:33Z</time>
   </trkpt>
   <trkpt lat="-6.8404620" lon="109.0536260">
    <ele>3.1</ele>
    <time>2025-04-05T02:40:34Z</time>
   </trkpt>
   <trkpt lat="-6.8404430" lon="109.0536490">
    <ele>3.1</ele>
    <time>2025-04-05T02:40:35Z</time>
   </trkpt>
   <trkpt lat="-6.8404270" lon="109.0536720">
    <ele>3.1</ele>
    <time>2025-04-05T02:40:36Z</time>
   </trkpt>
   <trkpt lat="-6.8404090" lon="109.0536990">
    <ele>3.1</ele>
    <time>2025-04-05T02:40:37Z</time>
   </trkpt>
   <trkpt lat="-6.8403900" lon="109.0537290">
    <ele>3.1</ele>
    <time>2025-04-05T02:40:38Z</time>
   </trkpt>
   <trkpt lat="-6.8403740" lon="109.0537590">
    <ele>3.2</ele>
    <time>2025-04-05T02:40:39Z</time>
   </trkpt>
   <trkpt lat="-6.8403550" lon="109.0537890">
    <ele>3.2</ele>
    <time>2025-04-05T02:40:40Z</time>
   </trkpt>
   <trkpt lat="-6.8403310" lon="109.0538170">
    <ele>3.2</ele>
    <time>2025-04-05T02:40:41Z</time>
   </trkpt>
   <trkpt lat="-6.8403080" lon="109.0538430">
    <ele>3.2</ele>
    <time>2025-04-05T02:40:42Z</time>
   </trkpt>
   <trkpt lat="-6.8402830" lon="109.0538660">
    <ele>3.3</ele>
    <time>2025-04-05T02:40:43Z</time>
   </trkpt>
   <trkpt lat="-6.8402570" lon="109.0538910">
    <ele>3.3</ele>
    <time>2025-04-05T02:40:44Z</time>
   </trkpt>
   <trkpt lat="-6.8402340" lon="109.0539180">
    <ele>3.3</ele>
    <time>2025-04-05T02:40:45Z</time>
   </trkpt>
   <trkpt lat="-6.8402160" lon="109.0539440">
    <ele>3.3</ele>
    <time>2025-04-05T02:40:46Z</time>
   </trkpt>
   <trkpt lat="-6.8401970" lon="109.0539700">
    <ele>3.4</ele>
    <time>2025-04-05T02:40:47Z</time>
   </trkpt>
   <trkpt lat="-6.8401750" lon="109.0539960">
    <ele>3.4</ele>
    <time>2025-04-05T02:40:48Z</time>
   </trkpt>
   <trkpt lat="-6.8401550" lon="109.0540230">
    <ele>3.4</ele>
    <time>2025-04-05T02:40:49Z</time>
   </trkpt>
   <trkpt lat="-6.8401360" lon="109.0540500">
    <ele>3.5</ele>
    <time>2025-04-05T02:40:50Z</time>
   </trkpt>
   <trkpt lat="-6.8401190" lon="109.0540760">
    <ele>3.5</ele>
    <time>2025-04-05T02:40:51Z</time>
   </trkpt>
   <trkpt lat="-6.8401040" lon="109.0540990">
    <ele>3.5</ele>
    <time>2025-04-05T02:40:52Z</time>
   </trkpt>
   <trkpt lat="-6.8400880" lon="109.0541220">
    <ele>3.5</ele>
    <time>2025-04-05T02:40:53Z</time>
   </trkpt>
   <trkpt lat="-6.8400720" lon="109.0541440">
    <ele>3.6</ele>
    <time>2025-04-05T02:40:54Z</time>
   </trkpt>
   <trkpt lat="-6.8400560" lon="109.0541680">
    <ele>3.6</ele>
    <time>2025-04-05T02:40:55Z</time>
   </trkpt>
   <trkpt lat="-6.8400350" lon="109.0541940">
    <ele>3.6</ele>
    <time>2025-04-05T02:40:56Z</time>
   </trkpt>
   <trkpt lat="-6.8400150" lon="109.0542190">
    <ele>3.7</ele>
    <time>2025-04-05T02:40:57Z</time>
   </trkpt>
   <trkpt lat="-6.8399960" lon="109.0542430">
    <ele>3.7</ele>
    <time>2025-04-05T02:40:58Z</time>
   </trkpt>
   <trkpt lat="-6.8399770" lon="109.0542670">
    <ele>3.8</ele>
    <time>2025-04-05T02:40:59Z</time>
   </trkpt>
   <trkpt lat="-6.8399570" lon="109.0542910">
    <ele>3.8</ele>
    <time>2025-04-05T02:41:00Z</time>
   </trkpt>
   <trkpt lat="-6.8399380" lon="109.0543170">
    <ele>3.8</ele>
    <time>2025-04-05T02:41:01Z</time>
   </trkpt>
   <trkpt lat="-6.8399170" lon="109.0543430">
    <ele>3.9</ele>
    <time>2025-04-05T02:41:02Z</time>
   </trkpt>
   <trkpt lat="-6.8398990" lon="109.0543690">
    <ele>3.9</ele>
    <time>2025-04-05T02:41:03Z</time>
   </trkpt>
   <trkpt lat="-6.8398820" lon="109.0543950">
    <ele>4.0</ele>
    <time>2025-04-05T02:41:04Z</time>
   </trkpt>
   <trkpt lat="-6.8398670" lon="109.0544190">
    <ele>4.0</ele>
    <time>2025-04-05T02:41:05Z</time>
   </trkpt>
   <trkpt lat="-6.8398430" lon="109.0544520">
    <ele>4.1</ele>
    <time>2025-04-05T02:41:06Z</time>
   </trkpt>
   <trkpt lat="-6.8398350" lon="109.0544630">
    <ele>4.1</ele>
    <time>2025-04-05T02:41:07Z</time>
   </trkpt>
   <trkpt lat="-6.8398190" lon="109.0544860">
    <ele>4.2</ele>
    <time>2025-04-05T02:41:08Z</time>
   </trkpt>
   <trkpt lat="-6.8398040" lon="109.0545110">
    <ele>4.2</ele>
    <time>2025-04-05T02:41:09Z</time>
   </trkpt>
   <trkpt lat="-6.8397880" lon="109.0545360">
    <ele>4.2</ele>
    <time>2025-04-05T02:41:10Z</time>
   </trkpt>
   <trkpt lat="-6.8397650" lon="109.0545680">
    <ele>4.2</ele>
    <time>2025-04-05T02:41:11Z</time>
   </trkpt>
   <trkpt lat="-6.8397570" lon="109.0545790">
    <ele>4.2</ele>
    <time>2025-04-05T02:41:12Z</time>
   </trkpt>
   <trkpt lat="-6.8397420" lon="109.0546020">
    <ele>4.2</ele>
    <time>2025-04-05T02:41:13Z</time>
   </trkpt>
   <trkpt lat="-6.8397160" lon="109.0546320">
    <ele>4.2</ele>
    <time>2025-04-05T02:41:14Z</time>
   </trkpt>
   <trkpt lat="-6.8397070" lon="109.0546420">
    <ele>4.2</ele>
    <time>2025-04-05T02:41:15Z</time>
   </trkpt>
   <trkpt lat="-6.8396880" lon="109.0546640">
    <ele>4.2</ele>
    <time>2025-04-05T02:41:16Z</time>
   </trkpt>
   <trkpt lat="-6.8396660" lon="109.0546910">
    <ele>4.2</ele>
    <time>2025-04-05T02:41:17Z</time>
   </trkpt>
   <trkpt lat="-6.8396460" lon="109.0547180">
    <ele>4.2</ele>
    <time>2025-04-05T02:41:18Z</time>
   </trkpt>
   <trkpt lat="-6.8396230" lon="109.0547440">
    <ele>4.1</ele>
    <time>2025-04-05T02:41:19Z</time>
   </trkpt>
   <trkpt lat="-6.8396020" lon="109.0547710">
    <ele>4.1</ele>
    <time>2025-04-05T02:41:20Z</time>
   </trkpt>
   <trkpt lat="-6.8395820" lon="109.0547950">
    <ele>4.1</ele>
    <time>2025-04-05T02:41:21Z</time>
   </trkpt>
   <trkpt lat="-6.8395630" lon="109.0548190">
    <ele>4.1</ele>
    <time>2025-04-05T02:41:22Z</time>
   </trkpt>
   <trkpt lat="-6.8395450" lon="109.0548440">
    <ele>4.0</ele>
    <time>2025-04-05T02:41:23Z</time>
   </trkpt>
   <trkpt lat="-6.8395220" lon="109.0548710">
    <ele>4.0</ele>
    <time>2025-04-05T02:41:24Z</time>
   </trkpt>
   <trkpt lat="-6.8394990" lon="109.0548980">
    <ele>4.0</ele>
    <time>2025-04-05T02:41:25Z</time>
   </trkpt>
   <trkpt lat="-6.8394770" lon="109.0549260">
    <ele>3.9</ele>
    <time>2025-04-05T02:41:26Z</time>
   </trkpt>
   <trkpt lat="-6.8394570" lon="109.0549520">
    <ele>3.9</ele>
    <time>2025-04-05T02:41:27Z</time>
   </trkpt>
   <trkpt lat="-6.8394370" lon="109.0549770">
    <ele>3.9</ele>
    <time>2025-04-05T02:41:28Z</time>
   </trkpt>
   <trkpt lat="-6.8394160" lon="109.0550030">
    <ele>3.8</ele>
    <time>2025-04-05T02:41:29Z</time>
   </trkpt>
   <trkpt lat="-6.8393970" lon="109.0550270">
    <ele>3.8</ele>
    <time>2025-04-05T02:41:30Z</time>
   </trkpt>
   <trkpt lat="-6.8393780" lon="109.0550520">
    <ele>3.8</ele>
    <time>2025-04-05T02:41:31Z</time>
   </trkpt>
   <trkpt lat="-6.8393580" lon="109.0550750">
    <ele>3.8</ele>
    <time>2025-04-05T02:41:32Z</time>
   </trkpt>
   <trkpt lat="-6.8393380" lon="109.0550970">
    <ele>3.7</ele>
    <time>2025-04-05T02:41:33Z</time>
   </trkpt>
   <trkpt lat="-6.8393180" lon="109.0551220">
    <ele>3.7</ele>
    <time>2025-04-05T02:41:34Z</time>
   </trkpt>
   <trkpt lat="-6.8392960" lon="109.0551470">
    <ele>3.7</ele>
    <time>2025-04-05T02:41:35Z</time>
   </trkpt>
   <trkpt lat="-6.8392760" lon="109.0551700">
    <ele>3.7</ele>
    <time>2025-04-05T02:41:36Z</time>
   </trkpt>
   <trkpt lat="-6.8392580" lon="109.0551960">
    <ele>3.7</ele>
    <time>2025-04-05T02:41:37Z</time>
   </trkpt>
   <trkpt lat="-6.8392380" lon="109.0552230">
    <ele>3.6</ele>
    <time>2025-04-05T02:41:38Z</time>
   </trkpt>
   <trkpt lat="-6.8392190" lon="109.0552490">
    <ele>3.6</ele>
    <time>2025-04-05T02:41:39Z</time>
   </trkpt>
   <trkpt lat="-6.8391950" lon="109.0552720">
    <ele>3.6</ele>
    <time>2025-04-05T02:41:40Z</time>
   </trkpt>
   <trkpt lat="-6.8391720" lon="109.0552950">
    <ele>3.6</ele>
    <time>2025-04-05T02:41:41Z</time>
   </trkpt>
   <trkpt lat="-6.8391490" lon="109.0553170">
    <ele>3.6</ele>
    <time>2025-04-05T02:41:42Z</time>
   </trkpt>
   <trkpt lat="-6.8391260" lon="109.0553380">
    <ele>3.6</ele>
    <time>2025-04-05T02:41:43Z</time>
   </trkpt>
   <trkpt lat="-6.8391070" lon="109.0553630">
    <ele>3.5</ele>
    <time>2025-04-05T02:41:44Z</time>
   </trkpt>
   <trkpt lat="-6.8390910" lon="109.0553880">
    <ele>3.5</ele>
    <time>2025-04-05T02:41:45Z</time>
   </trkpt>
   <trkpt lat="-6.8390730" lon="109.0554150">
    <ele>3.5</ele>
    <time>2025-04-05T02:41:46Z</time>
   </trkpt>
   <trkpt lat="-6.8390550" lon="109.0554420">
    <ele>3.5</ele>
    <time>2025-04-05T02:41:47Z</time>
   </trkpt>
   <trkpt lat="-6.8390350" lon="109.0554680">
    <ele>3.5</ele>
    <time>2025-04-05T02:41:48Z</time>
   </trkpt>
   <trkpt lat="-6.8390120" lon="109.0554950">
    <ele>3.4</ele>
    <time>2025-04-05T02:41:49Z</time>
   </trkpt>
   <trkpt lat="-6.8389880" lon="109.0555190">
    <ele>3.4</ele>
    <time>2025-04-05T02:41:50Z</time>
   </trkpt>
   <trkpt lat="-6.8389650" lon="109.0555450">
    <ele>3.4</ele>
    <time>2025-04-05T02:41:51Z</time>
   </trkpt>
   <trkpt lat="-6.8389410" lon="109.0555700">
    <ele>3.4</ele>
    <time>2025-04-05T02:41:52Z</time>
   </trkpt>
   <trkpt lat="-6.8389170" lon="109.0555960">
    <ele>3.4</ele>
    <time>2025-04-05T02:41:53Z</time>
   </trkpt>
   <trkpt lat="-6.8388920" lon="109.0556230">
    <ele>3.4</ele>
    <time>2025-04-05T02:41:54Z</time>
   </trkpt>
   <trkpt lat="-6.8388680" lon="109.0556480">
    <ele>3.3</ele>
    <time>2025-04-05T02:41:55Z</time>
   </trkpt>
   <trkpt lat="-6.8388450" lon="109.0556740">
    <ele>3.3</ele>
    <time>2025-04-05T02:41:56Z</time>
   </trkpt>
   <trkpt lat="-6.8388230" lon="109.0556980">
    <ele>3.3</ele>
    <time>2025-04-05T02:41:57Z</time>
   </trkpt>
   <trkpt lat="-6.8388010" lon="109.0557230">
    <ele>3.3</ele>
    <time>2025-04-05T02:41:58Z</time>
   </trkpt>
   <trkpt lat="-6.8387810" lon="109.0557470">
    <ele>3.3</ele>
    <time>2025-04-05T02:41:59Z</time>
   </trkpt>
   <trkpt lat="-6.8387600" lon="109.0557690">
    <ele>3.3</ele>
    <time>2025-04-05T02:42:00Z</time>
   </trkpt>
   <trkpt lat="-6.8387390" lon="109.0557920">
    <ele>3.3</ele>
    <time>2025-04-05T02:42:01Z</time>
   </trkpt>
   <trkpt lat="-6.8387180" lon="109.0558150">
    <ele>3.3</ele>
    <time>2025-04-05T02:42:02Z</time>
   </trkpt>
   <trkpt lat="-6.8386970" lon="109.0558410">
    <ele>3.3</ele>
    <time>2025-04-05T02:42:03Z</time>
   </trkpt>
   <trkpt lat="-6.8386780" lon="109.0558660">
    <ele>3.3</ele>
    <time>2025-04-05T02:42:04Z</time>
   </trkpt>
   <trkpt lat="-6.8386600" lon="109.0558890">
    <ele>3.3</ele>
    <time>2025-04-05T02:42:05Z</time>
   </trkpt>
   <trkpt lat="-6.8386420" lon="109.0559130">
    <ele>3.2</ele>
    <time>2025-04-05T02:42:06Z</time>
   </trkpt>
   <trkpt lat="-6.8386250" lon="109.0559340">
    <ele>3.2</ele>
    <time>2025-04-05T02:42:07Z</time>
   </trkpt>
   <trkpt lat="-6.8386080" lon="109.0559570">
    <ele>3.2</ele>
    <time>2025-04-05T02:42:08Z</time>
   </trkpt>
   <trkpt lat="-6.8385900" lon="109.0559830">
    <ele>3.2</ele>
    <time>2025-04-05T02:42:09Z</time>
   </trkpt>
   <trkpt lat="-6.8385690" lon="109.0560100">
    <ele>3.2</ele>
    <time>2025-04-05T02:42:10Z</time>
   </trkpt>
   <trkpt lat="-6.8385440" lon="109.0560370">
    <ele>3.2</ele>
    <time>2025-04-05T02:42:11Z</time>
   </trkpt>
   <trkpt lat="-6.8385210" lon="109.0560590">
    <ele>3.2</ele>
    <time>2025-04-05T02:42:12Z</time>
   </trkpt>
   <trkpt lat="-6.8385010" lon="109.0560810">
    <ele>3.2</ele>
    <time>2025-04-05T02:42:13Z</time>
   </trkpt>
   <trkpt lat="-6.8384810" lon="109.0561010">
    <ele>3.2</ele>
    <time>2025-04-05T02:42:14Z</time>
   </trkpt>
   <trkpt lat="-6.8384560" lon="109.0561310">
    <ele>3.2</ele>
    <time>2025-04-05T02:42:15Z</time>
   </trkpt>
   <trkpt lat="-6.8384480" lon="109.0561410">
    <ele>3.2</ele>
    <time>2025-04-05T02:42:16Z</time>
   </trkpt>
   <trkpt lat="-6.8384290" lon="109.0561650">
    <ele>3.2</ele>
    <time>2025-04-05T02:42:17Z</time>
   </trkpt>
   <trkpt lat="-6.8384070" lon="109.0561910">
    <ele>3.1</ele>
    <time>2025-04-05T02:42:18Z</time>
   </trkpt>
   <trkpt lat="-6.8383850" lon="109.0562180">
    <ele>3.1</ele>
    <time>2025-04-05T02:42:19Z</time>
   </trkpt>
   <trkpt lat="-6.8383640" lon="109.0562430">
    <ele>3.1</ele>
    <time>2025-04-05T02:42:20Z</time>
   </trkpt>
   <trkpt lat="-6.8383430" lon="109.0562640">
    <ele>3.1</ele>
    <time>2025-04-05T02:42:21Z</time>
   </trkpt>
   <trkpt lat="-6.8383230" lon="109.0562870">
    <ele>3.1</ele>
    <time>2025-04-05T02:42:22Z</time>
   </trkpt>
   <trkpt lat="-6.8383020" lon="109.0563100">
    <ele>3.1</ele>
    <time>2025-04-05T02:42:23Z</time>
   </trkpt>
   <trkpt lat="-6.8382820" lon="109.0563350">
    <ele>3.1</ele>
    <time>2025-04-05T02:42:24Z</time>
   </trkpt>
   <trkpt lat="-6.8382620" lon="109.0563610">
    <ele>3.1</ele>
    <time>2025-04-05T02:42:25Z</time>
   </trkpt>
   <trkpt lat="-6.8382400" lon="109.0563900">
    <ele>3.1</ele>
    <time>2025-04-05T02:42:26Z</time>
   </trkpt>
   <trkpt lat="-6.8382190" lon="109.0564160">
    <ele>3.1</ele>
    <time>2025-04-05T02:42:27Z</time>
   </trkpt>
   <trkpt lat="-6.8381990" lon="109.0564410">
    <ele>3.1</ele>
    <time>2025-04-05T02:42:28Z</time>
   </trkpt>
   <trkpt lat="-6.8381800" lon="109.0564640">
    <ele>3.1</ele>
    <time>2025-04-05T02:42:29Z</time>
   </trkpt>
   <trkpt lat="-6.8381580" lon="109.0564880">
    <ele>3.1</ele>
    <time>2025-04-05T02:42:30Z</time>
   </trkpt>
   <trkpt lat="-6.8381380" lon="109.0565120">
    <ele>3.1</ele>
    <time>2025-04-05T02:42:31Z</time>
   </trkpt>
   <trkpt lat="-6.8381180" lon="109.0565350">
    <ele>3.0</ele>
    <time>2025-04-05T02:42:32Z</time>
   </trkpt>
   <trkpt lat="-6.8380980" lon="109.0565570">
    <ele>3.0</ele>
    <time>2025-04-05T02:42:33Z</time>
   </trkpt>
   <trkpt lat="-6.8380760" lon="109.0565790">
    <ele>3.0</ele>
    <time>2025-04-05T02:42:34Z</time>
   </trkpt>
   <trkpt lat="-6.8380550" lon="109.0566040">
    <ele>3.0</ele>
    <time>2025-04-05T02:42:35Z</time>
   </trkpt>
   <trkpt lat="-6.8380320" lon="109.0566270">
    <ele>3.0</ele>
    <time>2025-04-05T02:42:36Z</time>
   </trkpt>
   <trkpt lat="-6.8380140" lon="109.0566530">
    <ele>3.1</ele>
    <time>2025-04-05T02:42:37Z</time>
   </trkpt>
   <trkpt lat="-6.8379950" lon="109.0566790">
    <ele>3.1</ele>
    <time>2025-04-05T02:42:38Z</time>
   </trkpt>
   <trkpt lat="-6.8379750" lon="109.0567040">
    <ele>3.1</ele>
    <time>2025-04-05T02:42:39Z</time>
   </trkpt>
   <trkpt lat="-6.8379540" lon="109.0567310">
    <ele>3.2</ele>
    <time>2025-04-05T02:42:40Z</time>
   </trkpt>
   <trkpt lat="-6.8379330" lon="109.0567540">
    <ele>3.2</ele>
    <time>2025-04-05T02:42:41Z</time>
   </trkpt>
   <trkpt lat="-6.8379130" lon="109.0567760">
    <ele>3.3</ele>
    <time>2025-04-05T02:42:42Z</time>
   </trkpt>
   <trkpt lat="-6.8378930" lon="109.0567990">
    <ele>3.3</ele>
    <time>2025-04-05T02:42:43Z</time>
   </trkpt>
   <trkpt lat="-6.8378730" lon="109.0568200">
    <ele>3.4</ele>
    <time>2025-04-05T02:42:44Z</time>
   </trkpt>
   <trkpt lat="-6.8378520" lon="109.0568420">
    <ele>3.4</ele>
    <time>2025-04-05T02:42:45Z</time>
   </trkpt>
   <trkpt lat="-6.8378320" lon="109.0568670">
    <ele>3.5</ele>
    <time>2025-04-05T02:42:46Z</time>
   </trkpt>
   <trkpt lat="-6.8378130" lon="109.0568950">
    <ele>3.5</ele>
    <time>2025-04-05T02:42:47Z</time>
   </trkpt>
   <trkpt lat="-6.8377910" lon="109.0569250">
    <ele>3.5</ele>
    <time>2025-04-05T02:42:48Z</time>
   </trkpt>
   <trkpt lat="-6.8377720" lon="109.0569500">
    <ele>3.5</ele>
    <time>2025-04-05T02:42:49Z</time>
   </trkpt>
   <trkpt lat="-6.8377520" lon="109.0569710">
    <ele>3.5</ele>
    <time>2025-04-05T02:42:50Z</time>
   </trkpt>
   <trkpt lat="-6.8377310" lon="109.0569900">
    <ele>3.5</ele>
    <time>2025-04-05T02:42:51Z</time>
   </trkpt>
   <trkpt lat="-6.8377060" lon="109.0570130">
    <ele>3.5</ele>
    <time>2025-04-05T02:42:52Z</time>
   </trkpt>
   <trkpt lat="-6.8376970" lon="109.0570210">
    <ele>3.5</ele>
    <time>2025-04-05T02:42:53Z</time>
   </trkpt>
   <trkpt lat="-6.8376720" lon="109.0570510">
    <ele>3.5</ele>
    <time>2025-04-05T02:42:54Z</time>
   </trkpt>
   <trkpt lat="-6.8376630" lon="109.0570610">
    <ele>3.5</ele>
    <time>2025-04-05T02:42:55Z</time>
   </trkpt>
   <trkpt lat="-6.8376390" lon="109.0570950">
    <ele>3.5</ele>
    <time>2025-04-05T02:42:56Z</time>
   </trkpt>
   <trkpt lat="-6.8376300" lon="109.0571070">
    <ele>3.5</ele>
    <time>2025-04-05T02:42:57Z</time>
   </trkpt>
   <trkpt lat="-6.8376120" lon="109.0571340">
    <ele>3.5</ele>
    <time>2025-04-05T02:42:58Z</time>
   </trkpt>
   <trkpt lat="-6.8375880" lon="109.0571630">
    <ele>3.5</ele>
    <time>2025-04-05T02:42:59Z</time>
   </trkpt>
   <trkpt lat="-6.8375620" lon="109.0571900">
    <ele>3.5</ele>
    <time>2025-04-05T02:43:00Z</time>
   </trkpt>
   <trkpt lat="-6.8375370" lon="109.0572170">
    <ele>3.4</ele>
    <time>2025-04-05T02:43:01Z</time>
   </trkpt>
   <trkpt lat="-6.8375110" lon="109.0572430">
    <ele>3.4</ele>
    <time>2025-04-05T02:43:02Z</time>
   </trkpt>
   <trkpt lat="-6.8374850" lon="109.0572710">
    <ele>3.4</ele>
    <time>2025-04-05T02:43:03Z</time>
   </trkpt>
   <trkpt lat="-6.8374590" lon="109.0572990">
    <ele>3.3</ele>
    <time>2025-04-05T02:43:04Z</time>
   </trkpt>
   <trkpt lat="-6.8374380" lon="109.0573230">
    <ele>3.3</ele>
    <time>2025-04-05T02:43:05Z</time>
   </trkpt>
   <trkpt lat="-6.8374180" lon="109.0573480">
    <ele>3.3</ele>
    <time>2025-04-05T02:43:06Z</time>
   </trkpt>
   <trkpt lat="-6.8373950" lon="109.0573710">
    <ele>3.3</ele>
    <time>2025-04-05T02:43:07Z</time>
   </trkpt>
   <trkpt lat="-6.8373720" lon="109.0573950">
    <ele>3.3</ele>
    <time>2025-04-05T02:43:08Z</time>
   </trkpt>
   <trkpt lat="-6.8373500" lon="109.0574210">
    <ele>3.3</ele>
    <time>2025-04-05T02:43:09Z</time>
   </trkpt>
   <trkpt lat="-6.8373270" lon="109.0574460">
    <ele>3.4</ele>
    <time>2025-04-05T02:43:10Z</time>
   </trkpt>
   <trkpt lat="-6.8373030" lon="109.0574720">
    <ele>3.4</ele>
    <time>2025-04-05T02:43:11Z</time>
   </trkpt>
   <trkpt lat="-6.8372810" lon="109.0574970">
    <ele>3.4</ele>
    <time>2025-04-05T02:43:12Z</time>
   </trkpt>
   <trkpt lat="-6.8372590" lon="109.0575240">
    <ele>3.4</ele>
    <time>2025-04-05T02:43:13Z</time>
   </trkpt>
   <trkpt lat="-6.8372370" lon="109.0575510">
    <ele>3.4</ele>
    <time>2025-04-05T02:43:14Z</time>
   </trkpt>
   <trkpt lat="-6.8372170" lon="109.0575760">
    <ele>3.4</ele>
    <time>2025-04-05T02:43:15Z</time>
   </trkpt>
   <trkpt lat="-6.8371980" lon="109.0575970">
    <ele>3.4</ele>
    <time>2025-04-05T02:43:16Z</time>
   </trkpt>
   <trkpt lat="-6.8371780" lon="109.0576210">
    <ele>3.5</ele>
    <time>2025-04-05T02:43:17Z</time>
   </trkpt>
   <trkpt lat="-6.8371570" lon="109.0576450">
    <ele>3.5</ele>
    <time>2025-04-05T02:43:18Z</time>
   </trkpt>
   <trkpt lat="-6.8371350" lon="109.0576700">
    <ele>3.5</ele>
    <time>2025-04-05T02:43:19Z</time>
   </trkpt>
   <trkpt lat="-6.8371130" lon="109.0576940">
    <ele>3.5</ele>
    <time>2025-04-05T02:43:20Z</time>
   </trkpt>
   <trkpt lat="-6.8370890" lon="109.0577190">
    <ele>3.5</ele>
    <time>2025-04-05T02:43:21Z</time>
   </trkpt>
   <trkpt lat="-6.8370660" lon="109.0577460">
    <ele>3.5</ele>
    <time>2025-04-05T02:43:22Z</time>
   </trkpt>
   <trkpt lat="-6.8370410" lon="109.0577750">
    <ele>3.5</ele>
    <time>2025-04-05T02:43:23Z</time>
   </trkpt>
   <trkpt lat="-6.8370170" lon="109.0578010">
    <ele>3.5</ele>
    <time>2025-04-05T02:43:24Z</time>
   </trkpt>
   <trkpt lat="-6.8369940" lon="109.0578270">
    <ele>3.6</ele>
    <time>2025-04-05T02:43:25Z</time>
   </trkpt>
   <trkpt lat="-6.8369730" lon="109.0578510">
    <ele>3.6</ele>
    <time>2025-04-05T02:43:26Z</time>
   </trkpt>
   <trkpt lat="-6.8369540" lon="109.0578740">
    <ele>3.6</ele>
    <time>2025-04-05T02:43:27Z</time>
   </trkpt>
   <trkpt lat="-6.8369360" lon="109.0578970">
    <ele>3.6</ele>
    <time>2025-04-05T02:43:28Z</time>
   </trkpt>
   <trkpt lat="-6.8369190" lon="109.0579180">
    <ele>3.6</ele>
    <time>2025-04-05T02:43:29Z</time>
   </trkpt>
   <trkpt lat="-6.8368980" lon="109.0579400">
    <ele>3.6</ele>
    <time>2025-04-05T02:43:30Z</time>
   </trkpt>
   <trkpt lat="-6.8368780" lon="109.0579630">
    <ele>3.6</ele>
    <time>2025-04-05T02:43:31Z</time>
   </trkpt>
   <trkpt lat="-6.8368580" lon="109.0579880">
    <ele>3.6</ele>
    <time>2025-04-05T02:43:32Z</time>
   </trkpt>
   <trkpt lat="-6.8368350" lon="109.0580180">
    <ele>3.6</ele>
    <time>2025-04-05T02:43:33Z</time>
   </trkpt>
   <trkpt lat="-6.8368130" lon="109.0580470">
    <ele>3.6</ele>
    <time>2025-04-05T02:43:34Z</time>
   </trkpt>
   <trkpt lat="-6.8367900" lon="109.0580740">
    <ele>3.6</ele>
    <time>2025-04-05T02:43:35Z</time>
   </trkpt>
   <trkpt lat="-6.8367710" lon="109.0581000">
    <ele>3.6</ele>
    <time>2025-04-05T02:43:36Z</time>
   </trkpt>
   <trkpt lat="-6.8367510" lon="109.0581260">
    <ele>3.6</ele>
    <time>2025-04-05T02:43:37Z</time>
   </trkpt>
   <trkpt lat="-6.8367320" lon="109.0581480">
    <ele>3.6</ele>
    <time>2025-04-05T02:43:38Z</time>
   </trkpt>
   <trkpt lat="-6.8367130" lon="109.0581700">
    <ele>3.6</ele>
    <time>2025-04-05T02:43:39Z</time>
   </trkpt>
   <trkpt lat="-6.8366940" lon="109.0581900">
    <ele>3.6</ele>
    <time>2025-04-05T02:43:40Z</time>
   </trkpt>
   <trkpt lat="-6.8366720" lon="109.0582130">
    <ele>3.6</ele>
    <time>2025-04-05T02:43:41Z</time>
   </trkpt>
   <trkpt lat="-6.8366480" lon="109.0582380">
    <ele>3.6</ele>
    <time>2025-04-05T02:43:42Z</time>
   </trkpt>
   <trkpt lat="-6.8366240" lon="109.0582640">
    <ele>3.6</ele>
    <time>2025-04-05T02:43:43Z</time>
   </trkpt>
   <trkpt lat="-6.8366000" lon="109.0582910">
    <ele>3.6</ele>
    <time>2025-04-05T02:43:44Z</time>
   </trkpt>
   <trkpt lat="-6.8365780" lon="109.0583210">
    <ele>3.7</ele>
    <time>2025-04-05T02:43:45Z</time>
   </trkpt>
   <trkpt lat="-6.8365570" lon="109.0583490">
    <ele>3.7</ele>
    <time>2025-04-05T02:43:46Z</time>
   </trkpt>
   <trkpt lat="-6.8365370" lon="109.0583710">
    <ele>3.7</ele>
    <time>2025-04-05T02:43:47Z</time>
   </trkpt>
   <trkpt lat="-6.8365170" lon="109.0583920">
    <ele>3.7</ele>
    <time>2025-04-05T02:43:48Z</time>
   </trkpt>
   <trkpt lat="-6.8364960" lon="109.0584150">
    <ele>3.7</ele>
    <time>2025-04-05T02:43:49Z</time>
   </trkpt>
   <trkpt lat="-6.8364740" lon="109.0584400">
    <ele>3.8</ele>
    <time>2025-04-05T02:43:50Z</time>
   </trkpt>
   <trkpt lat="-6.8364530" lon="109.0584640">
    <ele>3.8</ele>
    <time>2025-04-05T02:43:51Z</time>
   </trkpt>
   <trkpt lat="-6.8364320" lon="109.0584900">
    <ele>3.8</ele>
    <time>2025-04-05T02:43:52Z</time>
   </trkpt>
   <trkpt lat="-6.8364120" lon="109.0585160">
    <ele>3.8</ele>
    <time>2025-04-05T02:43:53Z</time>
   </trkpt>
   <trkpt lat="-6.8363910" lon="109.0585390">
    <ele>3.8</ele>
    <time>2025-04-05T02:43:54Z</time>
   </trkpt>
   <trkpt lat="-6.8363710" lon="109.0585610">
    <ele>3.8</ele>
    <time>2025-04-05T02:43:55Z</time>
   </trkpt>
   <trkpt lat="-6.8363480" lon="109.0585850">
    <ele>3.9</ele>
    <time>2025-04-05T02:43:56Z</time>
   </trkpt>
   <trkpt lat="-6.8363270" lon="109.0586110">
    <ele>3.9</ele>
    <time>2025-04-05T02:43:57Z</time>
   </trkpt>
   <trkpt lat="-6.8363090" lon="109.0586350">
    <ele>3.9</ele>
    <time>2025-04-05T02:43:58Z</time>
   </trkpt>
   <trkpt lat="-6.8362940" lon="109.0586590">
    <ele>3.9</ele>
    <time>2025-04-05T02:43:59Z</time>
   </trkpt>
   <trkpt lat="-6.8362770" lon="109.0586850">
    <ele>3.9</ele>
    <time>2025-04-05T02:44:00Z</time>
   </trkpt>
   <trkpt lat="-6.8362600" lon="109.0587090">
    <ele>3.9</ele>
    <time>2025-04-05T02:44:01Z</time>
   </trkpt>
   <trkpt lat="-6.8362400" lon="109.0587310">
    <ele>3.9</ele>
    <time>2025-04-05T02:44:02Z</time>
   </trkpt>
   <trkpt lat="-6.8362190" lon="109.0587530">
    <ele>4.0</ele>
    <time>2025-04-05T02:44:03Z</time>
   </trkpt>
   <trkpt lat="-6.8361970" lon="109.0587770">
    <ele>4.0</ele>
    <time>2025-04-05T02:44:04Z</time>
   </trkpt>
   <trkpt lat="-6.8361750" lon="109.0588020">
    <ele>4.0</ele>
    <time>2025-04-05T02:44:05Z</time>
   </trkpt>
   <trkpt lat="-6.8361540" lon="109.0588270">
    <ele>4.0</ele>
    <time>2025-04-05T02:44:06Z</time>
   </trkpt>
   <trkpt lat="-6.8361330" lon="109.0588510">
    <ele>4.0</ele>
    <time>2025-04-05T02:44:07Z</time>
   </trkpt>
   <trkpt lat="-6.8361110" lon="109.0588740">
    <ele>4.0</ele>
    <time>2025-04-05T02:44:08Z</time>
   </trkpt>
   <trkpt lat="-6.8360900" lon="109.0588960">
    <ele>4.0</ele>
    <time>2025-04-05T02:44:09Z</time>
   </trkpt>
   <trkpt lat="-6.8360700" lon="109.0589200">
    <ele>4.0</ele>
    <time>2025-04-05T02:44:10Z</time>
   </trkpt>
   <trkpt lat="-6.8360480" lon="109.0589450">
    <ele>4.0</ele>
    <time>2025-04-05T02:44:11Z</time>
   </trkpt>
   <trkpt lat="-6.8360250" lon="109.0589720">
    <ele>4.0</ele>
    <time>2025-04-05T02:44:12Z</time>
   </trkpt>
   <trkpt lat="-6.8360030" lon="109.0589960">
    <ele>4.0</ele>
    <time>2025-04-05T02:44:13Z</time>
   </trkpt>
   <trkpt lat="-6.8359820" lon="109.0590210">
    <ele>4.0</ele>
    <time>2025-04-05T02:44:14Z</time>
   </trkpt>
   <trkpt lat="-6.8359640" lon="109.0590470">
    <ele>4.0</ele>
    <time>2025-04-05T02:44:15Z</time>
   </trkpt>
   <trkpt lat="-6.8359470" lon="109.0590720">
    <ele>4.0</ele>
    <time>2025-04-05T02:44:16Z</time>
   </trkpt>
   <trkpt lat="-6.8359290" lon="109.0590950">
    <ele>4.0</ele>
    <time>2025-04-05T02:44:17Z</time>
   </trkpt>
   <trkpt lat="-6.8359090" lon="109.0591190">
    <ele>4.0</ele>
    <time>2025-04-05T02:44:18Z</time>
   </trkpt>
   <trkpt lat="-6.8358880" lon="109.0591460">
    <ele>4.0</ele>
    <time>2025-04-05T02:44:19Z</time>
   </trkpt>
   <trkpt lat="-6.8358660" lon="109.0591710">
    <ele>4.0</ele>
    <time>2025-04-05T02:44:20Z</time>
   </trkpt>
   <trkpt lat="-6.8358460" lon="109.0591970">
    <ele>4.0</ele>
    <time>2025-04-05T02:44:21Z</time>
   </trkpt>
   <trkpt lat="-6.8358290" lon="109.0592240">
    <ele>4.0</ele>
    <time>2025-04-05T02:44:22Z</time>
   </trkpt>
   <trkpt lat="-6.8358100" lon="109.0592490">
    <ele>4.1</ele>
    <time>2025-04-05T02:44:23Z</time>
   </trkpt>
   <trkpt lat="-6.8357870" lon="109.0592740">
    <ele>4.1</ele>
    <time>2025-04-05T02:44:24Z</time>
   </trkpt>
   <trkpt lat="-6.8357630" lon="109.0592970">
    <ele>4.1</ele>
    <time>2025-04-05T02:44:25Z</time>
   </trkpt>
   <trkpt lat="-6.8357380" lon="109.0593200">
    <ele>4.0</ele>
    <time>2025-04-05T02:44:26Z</time>
   </trkpt>
   <trkpt lat="-6.8357140" lon="109.0593440">
    <ele>4.0</ele>
    <time>2025-04-05T02:44:27Z</time>
   </trkpt>
   <trkpt lat="-6.8356910" lon="109.0593680">
    <ele>4.0</ele>
    <time>2025-04-05T02:44:28Z</time>
   </trkpt>
   <trkpt lat="-6.8356680" lon="109.0593940">
    <ele>3.9</ele>
    <time>2025-04-05T02:44:29Z</time>
   </trkpt>
   <trkpt lat="-6.8356440" lon="109.0594190">
    <ele>3.9</ele>
    <time>2025-04-05T02:44:30Z</time>
   </trkpt>
   <trkpt lat="-6.8356240" lon="109.0594460">
    <ele>3.8</ele>
    <time>2025-04-05T02:44:31Z</time>
   </trkpt>
   <trkpt lat="-6.8356050" lon="109.0594730">
    <ele>3.8</ele>
    <time>2025-04-05T02:44:32Z</time>
   </trkpt>
   <trkpt lat="-6.8355890" lon="109.0595010">
    <ele>3.8</ele>
    <time>2025-04-05T02:44:33Z</time>
   </trkpt>
   <trkpt lat="-6.8355740" lon="109.0595280">
    <ele>3.8</ele>
    <time>2025-04-05T02:44:34Z</time>
   </trkpt>
   <trkpt lat="-6.8355590" lon="109.0595530">
    <ele>3.9</ele>
    <time>2025-04-05T02:44:35Z</time>
   </trkpt>
   <trkpt lat="-6.8355470" lon="109.0595790">
    <ele>3.9</ele>
    <time>2025-04-05T02:44:36Z</time>
   </trkpt>
   <trkpt lat="-6.8355430" lon="109.0596170">
    <ele>4.0</ele>
    <time>2025-04-05T02:44:37Z</time>
   </trkpt>
   <trkpt lat="-6.8355430" lon="109.0596300">
    <ele>4.0</ele>
    <time>2025-04-05T02:44:38Z</time>
   </trkpt>
   <trkpt lat="-6.8355510" lon="109.0596620">
    <ele>4.0</ele>
    <time>2025-04-05T02:44:39Z</time>
   </trkpt>
   <trkpt lat="-6.8355620" lon="109.0596930">
    <ele>4.1</ele>
    <time>2025-04-05T02:44:40Z</time>
   </trkpt>
   <trkpt lat="-6.8355730" lon="109.0597270">
    <ele>4.2</ele>
    <time>2025-04-05T02:44:41Z</time>
   </trkpt>
   <trkpt lat="-6.8355840" lon="109.0597580">
    <ele>4.2</ele>
    <time>2025-04-05T02:44:42Z</time>
   </trkpt>
   <trkpt lat="-6.8355950" lon="109.0597840">
    <ele>4.2</ele>
    <time>2025-04-05T02:44:43Z</time>
   </trkpt>
   <trkpt lat="-6.8356080" lon="109.0598100">
    <ele>4.3</ele>
    <time>2025-04-05T02:44:44Z</time>
   </trkpt>
   <trkpt lat="-6.8356180" lon="109.0598360">
    <ele>4.3</ele>
    <time>2025-04-05T02:44:45Z</time>
   </trkpt>
   <trkpt lat="-6.8356320" lon="109.0598750">
    <ele>4.3</ele>
    <time>2025-04-05T02:44:46Z</time>
   </trkpt>
   <trkpt lat="-6.8356370" lon="109.0598880">
    <ele>4.3</ele>
    <time>2025-04-05T02:44:47Z</time>
   </trkpt>
   <trkpt lat="-6.8356490" lon="109.0599220">
    <ele>4.3</ele>
    <time>2025-04-05T02:44:48Z</time>
   </trkpt>
   <trkpt lat="-6.8356590" lon="109.0599620">
    <ele>4.3</ele>
    <time>2025-04-05T02:44:49Z</time>
   </trkpt>
   <trkpt lat="-6.8356640" lon="109.0599990">
    <ele>4.3</ele>
    <time>2025-04-05T02:44:50Z</time>
   </trkpt>
   <trkpt lat="-6.8356700" lon="109.0600420">
    <ele>4.3</ele>
    <time>2025-04-05T02:44:51Z</time>
   </trkpt>
   <trkpt lat="-6.8356760" lon="109.0600830">
    <ele>4.4</ele>
    <time>2025-04-05T02:44:52Z</time>
   </trkpt>
   <trkpt lat="-6.8356850" lon="109.0601190">
    <ele>4.4</ele>
    <time>2025-04-05T02:44:53Z</time>
   </trkpt>
   <trkpt lat="-6.8356930" lon="109.0601550">
    <ele>4.5</ele>
    <time>2025-04-05T02:44:54Z</time>
   </trkpt>
   <trkpt lat="-6.8356980" lon="109.0601900">
    <ele>4.5</ele>
    <time>2025-04-05T02:44:55Z</time>
   </trkpt>
   <trkpt lat="-6.8356950" lon="109.0602180">
    <ele>4.5</ele>
    <time>2025-04-05T02:44:56Z</time>
   </trkpt>
   <trkpt lat="-6.8356830" lon="109.0602510">
    <ele>4.5</ele>
    <time>2025-04-05T02:44:57Z</time>
   </trkpt>
   <trkpt lat="-6.8356780" lon="109.0602600">
    <ele>4.5</ele>
    <time>2025-04-05T02:44:58Z</time>
   </trkpt>
   <trkpt lat="-6.8356670" lon="109.0602880">
    <ele>4.5</ele>
    <time>2025-04-05T02:44:59Z</time>
   </trkpt>
   <trkpt lat="-6.8356610" lon="109.0602980">
    <ele>4.5</ele>
    <time>2025-04-05T02:45:00Z</time>
   </trkpt>
   <trkpt lat="-6.8356450" lon="109.0603220">
    <ele>4.5</ele>
    <time>2025-04-05T02:45:01Z</time>
   </trkpt>
   <trkpt lat="-6.8356330" lon="109.0603470">
    <ele>4.5</ele>
    <time>2025-04-05T02:45:02Z</time>
   </trkpt>
   <trkpt lat="-6.8356180" lon="109.0603720">
    <ele>4.5</ele>
    <time>2025-04-05T02:45:03Z</time>
   </trkpt>
   <trkpt lat="-6.8356000" lon="109.0603940">
    <ele>4.5</ele>
    <time>2025-04-05T02:45:04Z</time>
   </trkpt>
   <trkpt lat="-6.8355810" lon="109.0604130">
    <ele>4.5</ele>
    <time>2025-04-05T02:45:05Z</time>
   </trkpt>
   <trkpt lat="-6.8355550" lon="109.0604390">
    <ele>4.6</ele>
    <time>2025-04-05T02:45:06Z</time>
   </trkpt>
   <trkpt lat="-6.8355450" lon="109.0604470">
    <ele>4.6</ele>
    <time>2025-04-05T02:45:07Z</time>
   </trkpt>
   <trkpt lat="-6.8355220" lon="109.0604650">
    <ele>4.6</ele>
    <time>2025-04-05T02:45:08Z</time>
   </trkpt>
   <trkpt lat="-6.8354950" lon="109.0604850">
    <ele>4.6</ele>
    <time>2025-04-05T02:45:09Z</time>
   </trkpt>
   <trkpt lat="-6.8354680" lon="109.0605040">
    <ele>4.6</ele>
    <time>2025-04-05T02:45:10Z</time>
   </trkpt>
   <trkpt lat="-6.8354450" lon="109.0605230">
    <ele>4.6</ele>
    <time>2025-04-05T02:45:11Z</time>
   </trkpt>
   <trkpt lat="-6.8354150" lon="109.0605460">
    <ele>4.6</ele>
    <time>2025-04-05T02:45:12Z</time>
   </trkpt>
   <trkpt lat="-6.8354060" lon="109.0605540">
    <ele>4.6</ele>
    <time>2025-04-05T02:45:13Z</time>
   </trkpt>
   <trkpt lat="-6.8353910" lon="109.0605700">
    <ele>4.6</ele>
    <time>2025-04-05T02:45:14Z</time>
   </trkpt>
   <trkpt lat="-6.8353810" lon="109.0605800">
    <ele>4.5</ele>
    <time>2025-04-05T02:45:15Z</time>
   </trkpt>
   <trkpt lat="-6.8353830" lon="109.0605990">
    <ele>4.5</ele>
    <time>2025-04-05T02:45:16Z</time>
   </trkpt>
   <trkpt lat="-6.8353890" lon="109.0606070">
    <ele>4.5</ele>
    <time>2025-04-05T02:45:17Z</time>
   </trkpt>
   <trkpt lat="-6.8353940" lon="109.0606150">
    <ele>4.5</ele>
    <time>2025-04-05T02:45:18Z</time>
   </trkpt>
   <trkpt lat="-6.8354220" lon="109.0606220">
    <ele>4.5</ele>
    <time>2025-04-05T02:45:19Z</time>
   </trkpt>
   <trkpt lat="-6.8354320" lon="109.0606250">
    <ele>4.5</ele>
    <time>2025-04-05T02:45:20Z</time>
   </trkpt>
   <trkpt lat="-6.8354430" lon="109.0606220">
    <ele>4.5</ele>
    <time>2025-04-05T02:45:21Z</time>
   </trkpt>
   <trkpt lat="-6.8354520" lon="109.0606170">
    <ele>4.5</ele>
    <time>2025-04-05T02:45:22Z</time>
   </trkpt>
   <trkpt lat="-6.8354610" lon="109.0606120">
    <ele>4.5</ele>
    <time>2025-04-05T02:45:23Z</time>
   </trkpt>
   <trkpt lat="-6.8354690" lon="109.0606100">
    <ele>4.5</ele>
    <time>2025-04-05T02:45:24Z</time>
   </trkpt>
   <trkpt lat="-6.8354700" lon="109.0606100">
    <ele>4.5</ele>
    <time>2025-04-05T02:45:25Z</time>
   </trkpt>
   <trkpt lat="-6.8354670" lon="109.0606070">
    <ele>4.5</ele>
    <time>2025-04-05T02:45:26Z</time>
   </trkpt>
   <trkpt lat="-6.8354660" lon="109.0606070">
    <ele>4.5</ele>
    <time>2025-04-05T02:45:27Z</time>
   </trkpt>
   <trkpt lat="-6.8354660" lon="109.0606070">
    <ele>4.5</ele>
    <time>2025-04-05T02:45:28Z</time>
   </trkpt>
   <trkpt lat="-6.8354660" lon="109.0606070">
    <ele>4.5</ele>
    <time>2025-04-05T02:45:29Z</time>
   </trkpt>
   <trkpt lat="-6.8354660" lon="109.0606070">
    <ele>4.5</ele>
    <time>2025-04-05T02:45:30Z</time>
   </trkpt>
   <trkpt lat="-6.8354660" lon="109.0606070">
    <ele>4.5</ele>
    <time>2025-04-05T02:45:31Z</time>
   </trkpt>
   <trkpt lat="-6.8354660" lon="109.0606070">
    <ele>4.5</ele>
    <time>2025-04-05T02:45:32Z</time>
   </trkpt>
   <trkpt lat="-6.8354650" lon="109.0606030">
    <ele>4.5</ele>
    <time>2025-04-05T02:45:33Z</time>
   </trkpt>
   <trkpt lat="-6.8354640" lon="109.0606030">
    <ele>4.5</ele>
    <time>2025-04-05T02:45:34Z</time>
   </trkpt>
   <trkpt lat="-6.8354580" lon="109.0606060">
    <ele>4.5</ele>
    <time>2025-04-05T02:45:35Z</time>
   </trkpt>
   <trkpt lat="-6.8354560" lon="109.0606070">
    <ele>4.5</ele>
    <time>2025-04-05T02:45:36Z</time>
   </trkpt>
   <trkpt lat="-6.8354560" lon="109.0606080">
    <ele>4.5</ele>
    <time>2025-04-05T02:45:37Z</time>
   </trkpt>
   <trkpt lat="-6.8354560" lon="109.0606080">
    <ele>4.5</ele>
    <time>2025-04-05T02:45:38Z</time>
   </trkpt>
   <trkpt lat="-6.8354560" lon="109.0606080">
    <ele>4.5</ele>
    <time>2025-04-05T02:45:39Z</time>
   </trkpt>
   <trkpt lat="-6.8354560" lon="109.0606080">
    <ele>4.5</ele>
    <time>2025-04-05T02:45:40Z</time>
   </trkpt>
   <trkpt lat="-6.8354560" lon="109.0606080">
    <ele>4.5</ele>
    <time>2025-04-05T02:45:42Z</time>
   </trkpt>
   <trkpt lat="-6.8354560" lon="109.0606080">
    <ele>4.5</ele>
    <time>2025-04-05T02:45:43Z</time>
   </trkpt>
   <trkpt lat="-6.8354560" lon="109.0606080">
    <ele>4.5</ele>
    <time>2025-04-05T02:45:44Z</time>
   </trkpt>
   <trkpt lat="-6.8355260" lon="109.0605890">
    <ele>4.5</ele>
    <time>2025-04-05T02:45:56Z</time>
   </trkpt>
   <trkpt lat="-6.8355340" lon="109.0605840">
    <ele>4.5</ele>
    <time>2025-04-05T02:45:57Z</time>
   </trkpt>
   <trkpt lat="-6.8355390" lon="109.0605800">
    <ele>4.5</ele>
    <time>2025-04-05T02:45:58Z</time>
   </trkpt>
   <trkpt lat="-6.8355440" lon="109.0605780">
    <ele>4.5</ele>
    <time>2025-04-05T02:45:59Z</time>
   </trkpt>
   <trkpt lat="-6.8355460" lon="109.0605770">
    <ele>4.5</ele>
    <time>2025-04-05T02:46:00Z</time>
   </trkpt>
   <trkpt lat="-6.8355500" lon="109.0605810">
    <ele>4.5</ele>
    <time>2025-04-05T02:46:01Z</time>
   </trkpt>
   <trkpt lat="-6.8355150" lon="109.0605730">
    <ele>4.5</ele>
    <time>2025-04-05T02:46:02Z</time>
   </trkpt>
   <trkpt lat="-6.8355210" lon="109.0605630">
    <ele>4.5</ele>
    <time>2025-04-05T02:46:03Z</time>
   </trkpt>
   <trkpt lat="-6.8355390" lon="109.0605600">
    <ele>4.5</ele>
    <time>2025-04-05T02:46:04Z</time>
   </trkpt>
   <trkpt lat="-6.8355520" lon="109.0605640">
    <ele>4.5</ele>
    <time>2025-04-05T02:46:05Z</time>
   </trkpt>
   <trkpt lat="-6.8355570" lon="109.0605730">
    <ele>4.5</ele>
    <time>2025-04-05T02:46:06Z</time>
   </trkpt>
   <trkpt lat="-6.8355620" lon="109.0605760">
    <ele>4.5</ele>
    <time>2025-04-05T02:46:07Z</time>
   </trkpt>
   <trkpt lat="-6.8355650" lon="109.0605740">
    <ele>4.5</ele>
    <time>2025-04-05T02:46:08Z</time>
   </trkpt>
   <trkpt lat="-6.8355660" lon="109.0605720">
    <ele>4.5</ele>
    <time>2025-04-05T02:46:09Z</time>
   </trkpt>
   <trkpt lat="-6.8355700" lon="109.0605680">
    <ele>4.5</ele>
    <time>2025-04-05T02:46:10Z</time>
   </trkpt>
   <trkpt lat="-6.8355680" lon="109.0605620">
    <ele>4.5</ele>
    <time>2025-04-05T02:46:11Z</time>
   </trkpt>
   <trkpt lat="-6.8355660" lon="109.0605600">
    <ele>4.5</ele>
    <time>2025-04-05T02:46:12Z</time>
   </trkpt>
   <trkpt lat="-6.8355620" lon="109.0605600">
    <ele>4.5</ele>
    <time>2025-04-05T02:46:13Z</time>
   </trkpt>
   <trkpt lat="-6.8355610" lon="109.0605630">
    <ele>4.5</ele>
    <time>2025-04-05T02:46:14Z</time>
   </trkpt>
   <trkpt lat="-6.8355590" lon="109.0605680">
    <ele>4.5</ele>
    <time>2025-04-05T02:46:15Z</time>
   </trkpt>
   <trkpt lat="-6.8355580" lon="109.0605710">
    <ele>4.5</ele>
    <time>2025-04-05T02:46:16Z</time>
   </trkpt>
   <trkpt lat="-6.8355580" lon="109.0605740">
    <ele>4.5</ele>
    <time>2025-04-05T02:46:17Z</time>
   </trkpt>
   <trkpt lat="-6.8355580" lon="109.0605760">
    <ele>4.5</ele>
    <time>2025-04-05T02:46:18Z</time>
   </trkpt>
   <trkpt lat="-6.8355570" lon="109.0605770">
    <ele>4.5</ele>
    <time>2025-04-05T02:46:19Z</time>
   </trkpt>
   <trkpt lat="-6.8355570" lon="109.0605780">
    <ele>4.5</ele>
    <time>2025-04-05T02:46:20Z</time>
   </trkpt>
   <trkpt lat="-6.8355570" lon="109.0605800">
    <ele>4.5</ele>
    <time>2025-04-05T02:46:21Z</time>
   </trkpt>
   <trkpt lat="-6.8355570" lon="109.0605820">
    <ele>4.5</ele>
    <time>2025-04-05T02:46:22Z</time>
   </trkpt>
   <trkpt lat="-6.8355550" lon="109.0605830">
    <ele>4.5</ele>
    <time>2025-04-05T02:46:23Z</time>
   </trkpt>
  </trkseg>
 </trk>
</gpx>
