<?xml version="1.0" encoding="UTF-8"?>
<gpx creator="StravaGPX" version="1.1" xmlns="http://www.topografix.com/GPX/1/1" xmlns:xsi="http://www.w3.org/2001/XMLSchema-instance" xsi:schemaLocation="http://www.topografix.com/GPX/1/1 http://www.topografix.com/GPX/1/1/gpx.xsd">
 <metadata>
  <time>2025-04-04T23:26:51Z</time>
 </metadata>
 <trk>
  <name>Mcd</name>
  <type>cycling</type>
  <trkseg>
   <trkpt lat="-6.8355510" lon="109.0605870">
    <ele>4.5</ele>
    <time>2025-04-04T23:26:51Z</time>
   </trkpt>
   <trkpt lat="-6.8355410" lon="109.0605860">
    <ele>4.5</ele>
    <time>2025-04-04T23:26:52Z</time>
   </trkpt>
   <trkpt lat="-6.8355350" lon="109.0605870">
    <ele>4.5</ele>
    <time>2025-04-04T23:26:53Z</time>
   </trkpt>
   <trkpt lat="-6.8355280" lon="109.0605880">
    <ele>4.5</ele>
    <time>2025-04-04T23:26:54Z</time>
   </trkpt>
   <trkpt lat="-6.8355190" lon="109.0605870">
    <ele>4.5</ele>
    <time>2025-04-04T23:26:55Z</time>
   </trkpt>
   <trkpt lat="-6.8355080" lon="109.0605890">
    <ele>4.5</ele>
    <time>2025-04-04T23:26:57Z</time>
   </trkpt>
   <trkpt lat="-6.8354960" lon="109.0605900">
    <ele>4.5</ele>
    <time>2025-04-04T23:26:58Z</time>
   </trkpt>
   <trkpt lat="-6.8354850" lon="109.0605910">
    <ele>4.5</ele>
    <time>2025-04-04T23:26:59Z</time>
   </trkpt>
   <trkpt lat="-6.8354740" lon="109.0605930">
    <ele>4.5</ele>
    <time>2025-04-04T23:27:00Z</time>
   </trkpt>
   <trkpt lat="-6.8354630" lon="109.0605940">
    <ele>4.5</ele>
    <time>2025-04-04T23:27:08Z</time>
   </trkpt>
   <trkpt lat="-6.8354510" lon="109.0605950">
    <ele>4.5</ele>
    <time>2025-04-04T23:27:09Z</time>
   </trkpt>
   <trkpt lat="-6.8354400" lon="109.0605970">
    <ele>4.5</ele>
    <time>2025-04-04T23:27:10Z</time>
   </trkpt>
   <trkpt lat="-6.8354290" lon="109.0605980">
    <ele>4.5</ele>
    <time>2025-04-04T23:27:11Z</time>
   </trkpt>
   <trkpt lat="-6.8354220" lon="109.0605880">
    <ele>4.5</ele>
    <time>2025-04-04T23:27:12Z</time>
   </trkpt>
   <trkpt lat="-6.8354220" lon="109.0605800">
    <ele>4.5</ele>
    <time>2025-04-04T23:27:13Z</time>
   </trkpt>
   <trkpt lat="-6.8354230" lon="109.0605750">
    <ele>4.5</ele>
    <time>2025-04-04T23:27:14Z</time>
   </trkpt>
   <trkpt lat="-6.8354190" lon="109.0605650">
    <ele>4.5</ele>
    <time>2025-04-04T23:27:15Z</time>
   </trkpt>
   <trkpt lat="-6.8354090" lon="109.0605330">
    <ele>4.5</ele>
    <time>2025-04-04T23:27:16Z</time>
   </trkpt>
   <trkpt lat="-6.8354090" lon="109.0605220">
    <ele>4.5</ele>
    <time>2025-04-04T23:27:17Z</time>
   </trkpt>
   <trkpt lat="-6.8354120" lon="109.0604900">
    <ele>4.5</ele>
    <time>2025-04-04T23:27:18Z</time>
   </trkpt>
   <trkpt lat="-6.8354130" lon="109.0604780">
    <ele>4.5</ele>
    <time>2025-04-04T23:27:19Z</time>
   </trkpt>
   <trkpt lat="-6.8354350" lon="109.0604610">
    <ele>4.6</ele>
    <time>2025-04-04T23:27:20Z</time>
   </trkpt>
   <trkpt lat="-6.8354690" lon="109.0604320">
    <ele>4.6</ele>
    <time>2025-04-04T23:27:21Z</time>
   </trkpt>
   <trkpt lat="-6.8354950" lon="109.0604010">
    <ele>4.6</ele>
    <time>2025-04-04T23:27:22Z</time>
   </trkpt>
   <trkpt lat="-6.8355160" lon="109.0603740">
    <ele>4.6</ele>
    <time>2025-04-04T23:27:23Z</time>
   </trkpt>
   <trkpt lat="-6.8355370" lon="109.0603460">
    <ele>4.6</ele>
    <time>2025-04-04T23:27:24Z</time>
   </trkpt>
   <trkpt lat="-6.8355620" lon="109.0603130">
    <ele>4.5</ele>
    <time>2025-04-04T23:27:25Z</time>
   </trkpt>
   <trkpt lat="-6.8355710" lon="109.0603010">
    <ele>4.5</ele>
    <time>2025-04-04T23:27:26Z</time>
   </trkpt>
   <trkpt lat="-6.8355870" lon="109.0602720">
    <ele>4.5</ele>
    <time>2025-04-04T23:27:27Z</time>
   </trkpt>
   <trkpt lat="-6.8355980" lon="109.0602400">
    <ele>4.5</ele>
    <time>2025-04-04T23:27:28Z</time>
   </trkpt>
   <trkpt lat="-6.8356170" lon="109.0602020">
    <ele>4.5</ele>
    <time>2025-04-04T23:27:29Z</time>
   </trkpt>
   <trkpt lat="-6.8356240" lon="109.0601690">
    <ele>4.5</ele>
    <time>2025-04-04T23:27:30Z</time>
   </trkpt>
   <trkpt lat="-6.8356240" lon="109.0601290">
    <ele>4.4</ele>
    <time>2025-04-04T23:27:31Z</time>
   </trkpt>
   <trkpt lat="-6.8356230" lon="109.0601160">
    <ele>4.4</ele>
    <time>2025-04-04T23:27:32Z</time>
   </trkpt>
   <trkpt lat="-6.8356160" lon="109.0600850">
    <ele>4.4</ele>
    <time>2025-04-04T23:27:33Z</time>
   </trkpt>
   <trkpt lat="-6.8356100" lon="109.0600540">
    <ele>4.4</ele>
    <time>2025-04-04T23:27:34Z</time>
   </trkpt>
   <trkpt lat="-6.8356060" lon="109.0600200">
    <ele>4.3</ele>
    <time>2025-04-04T23:27:35Z</time>
   </trkpt>
   <trkpt lat="-6.8355980" lon="109.0599830">
    <ele>4.3</ele>
    <time>2025-04-04T23:27:36Z</time>
   </trkpt>
   <trkpt lat="-6.8355880" lon="109.0599480">
    <ele>4.3</ele>
    <time>2025-04-04T23:27:37Z</time>
   </trkpt>
   <trkpt lat="-6.8355770" lon="109.0599160">
    <ele>4.3</ele>
    <time>2025-04-04T23:27:38Z</time>
   </trkpt>
   <trkpt lat="-6.8355670" lon="109.0598800">
    <ele>4.3</ele>
    <time>2025-04-04T23:27:39Z</time>
   </trkpt>
   <trkpt lat="-6.8355580" lon="109.0598460">
    <ele>4.3</ele>
    <time>2025-04-04T23:27:40Z</time>
   </trkpt>
   <trkpt lat="-6.8355550" lon="109.0598120">
    <ele>4.3</ele>
    <time>2025-04-04T23:27:41Z</time>
   </trkpt>
   <trkpt lat="-6.8355550" lon="109.0597790">
    <ele>4.3</ele>
    <time>2025-04-04T23:27:42Z</time>
   </trkpt>
   <trkpt lat="-6.8355490" lon="109.0597480">
    <ele>4.3</ele>
    <time>2025-04-04T23:27:43Z</time>
   </trkpt>
   <trkpt lat="-6.8355460" lon="109.0597170">
    <ele>4.2</ele>
    <time>2025-04-04T23:27:44Z</time>
   </trkpt>
   <trkpt lat="-6.8355430" lon="109.0596830">
    <ele>4.2</ele>
    <time>2025-04-04T23:27:45Z</time>
   </trkpt>
   <trkpt lat="-6.8355370" lon="109.0596510">
    <ele>4.2</ele>
    <time>2025-04-04T23:27:46Z</time>
   </trkpt>
   <trkpt lat="-6.8355310" lon="109.0596180">
    <ele>4.1</ele>
    <time>2025-04-04T23:27:47Z</time>
   </trkpt>
   <trkpt lat="-6.8355320" lon="109.0595790">
    <ele>4.1</ele>
    <time>2025-04-04T23:27:48Z</time>
   </trkpt>
   <trkpt lat="-6.8355370" lon="109.0595400">
    <ele>4.0</ele>
    <time>2025-04-04T23:27:49Z</time>
   </trkpt>
   <trkpt lat="-6.8355570" lon="109.0595010">
    <ele>3.9</ele>
    <time>2025-04-04T23:27:50Z</time>
   </trkpt>
   <trkpt lat="-6.8355830" lon="109.0594630">
    <ele>3.9</ele>
    <time>2025-04-04T23:27:51Z</time>
   </trkpt>
   <trkpt lat="-6.8356140" lon="109.0594260">
    <ele>3.8</ele>
    <time>2025-04-04T23:27:52Z</time>
   </trkpt>
   <trkpt lat="-6.8356460" lon="109.0593960">
    <ele>3.8</ele>
    <time>2025-04-04T23:27:53Z</time>
   </trkpt>
   <trkpt lat="-6.8356760" lon="109.0593680">
    <ele>3.8</ele>
    <time>2025-04-04T23:27:54Z</time>
   </trkpt>
   <trkpt lat="-6.8357040" lon="109.0593390">
    <ele>3.9</ele>
    <time>2025-04-04T23:27:55Z</time>
   </trkpt>
   <trkpt lat="-6.8357300" lon="109.0593120">
    <ele>3.9</ele>
    <time>2025-04-04T23:27:56Z</time>
   </trkpt>
   <trkpt lat="-6.8357570" lon="109.0592830">
    <ele>4.0</ele>
    <time>2025-04-04T23:27:57Z</time>
   </trkpt>
   <trkpt lat="-6.8357840" lon="109.0592540">
    <ele>4.0</ele>
    <time>2025-04-04T23:27:58Z</time>
   </trkpt>
   <trkpt lat="-6.8358110" lon="109.0592270">
    <ele>4.1</ele>
    <time>2025-04-04T23:27:59Z</time>
   </trkpt>
   <trkpt lat="-6.8358350" lon="109.0591990">
    <ele>4.1</ele>
    <time>2025-04-04T23:28:00Z</time>
   </trkpt>
   <trkpt lat="-6.8358560" lon="109.0591710">
    <ele>4.1</ele>
    <time>2025-04-04T23:28:01Z</time>
   </trkpt>
   <trkpt lat="-6.8358780" lon="109.0591430">
    <ele>4.0</ele>
    <time>2025-04-04T23:28:02Z</time>
   </trkpt>
   <trkpt lat="-6.8359020" lon="109.0591120">
    <ele>4.0</ele>
    <time>2025-04-04T23:28:03Z</time>
   </trkpt>
   <trkpt lat="-6.8359270" lon="109.0590810">
    <ele>4.0</ele>
    <time>2025-04-04T23:28:04Z</time>
   </trkpt>
   <trkpt lat="-6.8359530" lon="109.0590530">
    <ele>4.0</ele>
    <time>2025-04-04T23:28:05Z</time>
   </trkpt>
   <trkpt lat="-6.8359750" lon="109.0590240">
    <ele>4.0</ele>
    <time>2025-04-04T23:28:06Z</time>
   </trkpt>
   <trkpt lat="-6.8359950" lon="109.0589970">
    <ele>4.0</ele>
    <time>2025-04-04T23:28:07Z</time>
   </trkpt>
   <trkpt lat="-6.8360160" lon="109.0589720">
    <ele>4.0</ele>
    <time>2025-04-04T23:28:08Z</time>
   </trkpt>
   <trkpt lat="-6.8360380" lon="109.0589480">
    <ele>4.0</ele>
    <time>2025-04-04T23:28:09Z</time>
   </trkpt>
   <trkpt lat="-6.8360630" lon="109.0589240">
    <ele>4.0</ele>
    <time>2025-04-04T23:28:10Z</time>
   </trkpt>
   <trkpt lat="-6.8360900" lon="109.0588940">
    <ele>4.0</ele>
    <time>2025-04-04T23:28:11Z</time>
   </trkpt>
   <trkpt lat="-6.8361130" lon="109.0588630">
    <ele>4.0</ele>
    <time>2025-04-04T23:28:12Z</time>
   </trkpt>
   <trkpt lat="-6.8361350" lon="109.0588340">
    <ele>4.0</ele>
    <time>2025-04-04T23:28:13Z</time>
   </trkpt>
   <trkpt lat="-6.8361550" lon="109.0588070">
    <ele>4.0</ele>
    <time>2025-04-04T23:28:14Z</time>
   </trkpt>
   <trkpt lat="-6.8361780" lon="109.0587790">
    <ele>4.0</ele>
    <time>2025-04-04T23:28:15Z</time>
   </trkpt>
   <trkpt lat="-6.8362020" lon="109.0587520">
    <ele>4.0</ele>
    <time>2025-04-04T23:28:16Z</time>
   </trkpt>
   <trkpt lat="-6.8362260" lon="109.0587270">
    <ele>4.0</ele>
    <time>2025-04-04T23:28:17Z</time>
   </trkpt>
   <trkpt lat="-6.8362520" lon="109.0587010">
    <ele>4.0</ele>
    <time>2025-04-04T23:28:18Z</time>
   </trkpt>
   <trkpt lat="-6.8362770" lon="109.0586750">
    <ele>3.9</ele>
    <time>2025-04-04T23:28:19Z</time>
   </trkpt>
   <trkpt lat="-6.8363030" lon="109.0586440">
    <ele>3.9</ele>
    <time>2025-04-04T23:28:20Z</time>
   </trkpt>
   <trkpt lat="-6.8363260" lon="109.0586150">
    <ele>3.9</ele>
    <time>2025-04-04T23:28:21Z</time>
   </trkpt>
   <trkpt lat="-6.8363460" lon="109.0585880">
    <ele>3.9</ele>
    <time>2025-04-04T23:28:22Z</time>
   </trkpt>
   <trkpt lat="-6.8363670" lon="109.0585600">
    <ele>3.9</ele>
    <time>2025-04-04T23:28:23Z</time>
   </trkpt>
   <trkpt lat="-6.8363910" lon="109.0585330">
    <ele>3.9</ele>
    <time>2025-04-04T23:28:24Z</time>
   </trkpt>
   <trkpt lat="-6.8364160" lon="109.0585080">
    <ele>3.8</ele>
    <time>2025-04-04T23:28:25Z</time>
   </trkpt>
   <trkpt lat="-6.8364430" lon="109.0584820">
    <ele>3.8</ele>
    <time>2025-04-04T23:28:26Z</time>
   </trkpt>
   <trkpt lat="-6.8364630" lon="109.0584530">
    <ele>3.8</ele>
    <time>2025-04-04T23:28:27Z</time>
   </trkpt>
   <trkpt lat="-6.8364830" lon="109.0584220">
    <ele>3.8</ele>
    <time>2025-04-04T23:28:28Z</time>
   </trkpt>
   <trkpt lat="-6.8365030" lon="109.0583940">
    <ele>3.8</ele>
    <time>2025-04-04T23:28:29Z</time>
   </trkpt>
   <trkpt lat="-6.8365240" lon="109.0583670">
    <ele>3.7</ele>
    <time>2025-04-04T23:28:30Z</time>
   </trkpt>
   <trkpt lat="-6.8365470" lon="109.0583400">
    <ele>3.7</ele>
    <time>2025-04-04T23:28:31Z</time>
   </trkpt>
   <trkpt lat="-6.8365680" lon="109.0583170">
    <ele>3.7</ele>
    <time>2025-04-04T23:28:32Z</time>
   </trkpt>
   <trkpt lat="-6.8365890" lon="109.0582920">
    <ele>3.7</ele>
    <time>2025-04-04T23:28:33Z</time>
   </trkpt>
   <trkpt lat="-6.8366120" lon="109.0582670">
    <ele>3.7</ele>
    <time>2025-04-04T23:28:34Z</time>
   </trkpt>
   <trkpt lat="-6.8366360" lon="109.0582400">
    <ele>3.6</ele>
    <time>2025-04-04T23:28:35Z</time>
   </trkpt>
   <trkpt lat="-6.8366570" lon="109.0582140">
    <ele>3.6</ele>
    <time>2025-04-04T23:28:36Z</time>
   </trkpt>
   <trkpt lat="-6.8366780" lon="109.0581900">
    <ele>3.6</ele>
    <time>2025-04-04T23:28:37Z</time>
   </trkpt>
   <trkpt lat="-6.8366980" lon="109.0581650">
    <ele>3.6</ele>
    <time>2025-04-04T23:28:38Z</time>
   </trkpt>
   <trkpt lat="-6.8367180" lon="109.0581390">
    <ele>3.6</ele>
    <time>2025-04-04T23:28:39Z</time>
   </trkpt>
   <trkpt lat="-6.8367390" lon="109.0581120">
    <ele>3.6</ele>
    <time>2025-04-04T23:28:40Z</time>
   </trkpt>
   <trkpt lat="-6.8367600" lon="109.0580810">
    <ele>3.6</ele>
    <time>2025-04-04T23:28:41Z</time>
   </trkpt>
   <trkpt lat="-6.8367820" lon="109.0580520">
    <ele>3.6</ele>
    <time>2025-04-04T23:28:42Z</time>
   </trkpt>
   <trkpt lat="-6.8368060" lon="109.0580220">
    <ele>3.6</ele>
    <time>2025-04-04T23:28:43Z</time>
   </trkpt>
   <trkpt lat="-6.8368290" lon="109.0579920">
    <ele>3.6</ele>
    <time>2025-04-04T23:28:44Z</time>
   </trkpt>
   <trkpt lat="-6.8368540" lon="109.0579640">
    <ele>3.6</ele>
    <time>2025-04-04T23:28:45Z</time>
   </trkpt>
   <trkpt lat="-6.8368780" lon="109.0579360">
    <ele>3.6</ele>
    <time>2025-04-04T23:28:46Z</time>
   </trkpt>
   <trkpt lat="-6.8368990" lon="109.0579090">
    <ele>3.6</ele>
    <time>2025-04-04T23:28:47Z</time>
   </trkpt>
   <trkpt lat="-6.8369200" lon="109.0578850">
    <ele>3.6</ele>
    <time>2025-04-04T23:28:48Z</time>
   </trkpt>
   <trkpt lat="-6.8369390" lon="109.0578610">
    <ele>3.6</ele>
    <time>2025-04-04T23:28:49Z</time>
   </trkpt>
   <trkpt lat="-6.8369590" lon="109.0578360">
    <ele>3.6</ele>
    <time>2025-04-04T23:28:50Z</time>
   </trkpt>
   <trkpt lat="-6.8369840" lon="109.0578120">
    <ele>3.6</ele>
    <time>2025-04-04T23:28:51Z</time>
   </trkpt>
   <trkpt lat="-6.8370110" lon="109.0577880">
    <ele>3.6</ele>
    <time>2025-04-04T23:28:52Z</time>
   </trkpt>
   <trkpt lat="-6.8370410" lon="109.0577610">
    <ele>3.5</ele>
    <time>2025-04-04T23:28:53Z</time>
   </trkpt>
   <trkpt lat="-6.8370660" lon="109.0577350">
    <ele>3.5</ele>
    <time>2025-04-04T23:28:54Z</time>
   </trkpt>
   <trkpt lat="-6.8370860" lon="109.0577130">
    <ele>3.5</ele>
    <time>2025-04-04T23:28:55Z</time>
   </trkpt>
   <trkpt lat="-6.8371080" lon="109.0576890">
    <ele>3.5</ele>
    <time>2025-04-04T23:28:56Z</time>
   </trkpt>
   <trkpt lat="-6.8371320" lon="109.0576590">
    <ele>3.5</ele>
    <time>2025-04-04T23:28:57Z</time>
   </trkpt>
   <trkpt lat="-6.8371540" lon="109.0576300">
    <ele>3.5</ele>
    <time>2025-04-04T23:28:58Z</time>
   </trkpt>
   <trkpt lat="-6.8371740" lon="109.0576030">
    <ele>3.5</ele>
    <time>2025-04-04T23:28:59Z</time>
   </trkpt>
   <trkpt lat="-6.8371970" lon="109.0575780">
    <ele>3.4</ele>
    <time>2025-04-04T23:29:00Z</time>
   </trkpt>
   <trkpt lat="-6.8372190" lon="109.0575520">
    <ele>3.4</ele>
    <time>2025-04-04T23:29:01Z</time>
   </trkpt>
   <trkpt lat="-6.8372410" lon="109.0575280">
    <ele>3.4</ele>
    <time>2025-04-04T23:29:02Z</time>
   </trkpt>
   <trkpt lat="-6.8372600" lon="109.0575050">
    <ele>3.4</ele>
    <time>2025-04-04T23:29:03Z</time>
   </trkpt>
   <trkpt lat="-6.8372820" lon="109.0574810">
    <ele>3.4</ele>
    <time>2025-04-04T23:29:04Z</time>
   </trkpt>
   <trkpt lat="-6.8373040" lon="109.0574560">
    <ele>3.4</ele>
    <time>2025-04-04T23:29:05Z</time>
   </trkpt>
   <trkpt lat="-6.8373250" lon="109.0574320">
    <ele>3.4</ele>
    <time>2025-04-04T23:29:06Z</time>
   </trkpt>
   <trkpt lat="-6.8373470" lon="109.0574100">
    <ele>3.4</ele>
    <time>2025-04-04T23:29:07Z</time>
   </trkpt>
   <trkpt lat="-6.8373680" lon="109.0573830">
    <ele>3.3</ele>
    <time>2025-04-04T23:29:08Z</time>
   </trkpt>
   <trkpt lat="-6.8373890" lon="109.0573590">
    <ele>3.3</ele>
    <time>2025-04-04T23:29:09Z</time>
   </trkpt>
   <trkpt lat="-6.8374100" lon="109.0573320">
    <ele>3.3</ele>
    <time>2025-04-04T23:29:10Z</time>
   </trkpt>
   <trkpt lat="-6.8374300" lon="109.0573070">
    <ele>3.3</ele>
    <time>2025-04-04T23:29:11Z</time>
   </trkpt>
   <trkpt lat="-6.8374520" lon="109.0572830">
    <ele>3.3</ele>
    <time>2025-04-04T23:29:12Z</time>
   </trkpt>
   <trkpt lat="-6.8374770" lon="109.0572580">
    <ele>3.3</ele>
    <time>2025-04-04T23:29:13Z</time>
   </trkpt>
   <trkpt lat="-6.8375050" lon="109.0572330">
    <ele>3.4</ele>
    <time>2025-04-04T23:29:14Z</time>
   </trkpt>
   <trkpt lat="-6.8375300" lon="109.0572080">
    <ele>3.4</ele>
    <time>2025-04-04T23:29:15Z</time>
   </trkpt>
   <trkpt lat="-6.8375530" lon="109.0571820">
    <ele>3.4</ele>
    <time>2025-04-04T23:29:16Z</time>
   </trkpt>
   <trkpt lat="-6.8375750" lon="109.0571570">
    <ele>3.5</ele>
    <time>2025-04-04T23:29:17Z</time>
   </trkpt>
   <trkpt lat="-6.8375970" lon="109.0571300">
    <ele>3.5</ele>
    <time>2025-04-04T23:29:18Z</time>
   </trkpt>
   <trkpt lat="-6.8376160" lon="109.0571010">
    <ele>3.5</ele>
    <time>2025-04-04T23:29:19Z</time>
   </trkpt>
   <trkpt lat="-6.8376350" lon="109.0570740">
    <ele>3.5</ele>
    <time>2025-04-04T23:29:20Z</time>
   </trkpt>
   <trkpt lat="-6.8376520" lon="109.0570490">
    <ele>3.5</ele>
    <time>2025-04-04T23:29:21Z</time>
   </trkpt>
   <trkpt lat="-6.8376690" lon="109.0570260">
    <ele>3.5</ele>
    <time>2025-04-04T23:29:22Z</time>
   </trkpt>
   <trkpt lat="-6.8376940" lon="109.0569960">
    <ele>3.5</ele>
    <time>2025-04-04T23:29:23Z</time>
   </trkpt>
   <trkpt lat="-6.8377020" lon="109.0569860">
    <ele>3.5</ele>
    <time>2025-04-04T23:29:24Z</time>
   </trkpt>
   <trkpt lat="-6.8377270" lon="109.0569550">
    <ele>3.5</ele>
    <time>2025-04-04T23:29:25Z</time>
   </trkpt>
   <trkpt lat="-6.8377360" lon="109.0569430">
    <ele>3.5</ele>
    <time>2025-04-04T23:29:26Z</time>
   </trkpt>
   <trkpt lat="-6.8377530" lon="109.0569170">
    <ele>3.5</ele>
    <time>2025-04-04T23:29:27Z</time>
   </trkpt>
   <trkpt lat="-6.8377720" lon="109.0568890">
    <ele>3.5</ele>
    <time>2025-04-04T23:29:28Z</time>
   </trkpt>
   <trkpt lat="-6.8377900" lon="109.0568660">
    <ele>3.5</ele>
    <time>2025-04-04T23:29:29Z</time>
   </trkpt>
   <trkpt lat="-6.8378100" lon="109.0568420">
    <ele>3.5</ele>
    <time>2025-04-04T23:29:30Z</time>
   </trkpt>
   <trkpt lat="-6.8378320" lon="109.0568180">
    <ele>3.4</ele>
    <time>2025-04-04T23:29:31Z</time>
   </trkpt>
   <trkpt lat="-6.8378540" lon="109.0567950">
    <ele>3.4</ele>
    <time>2025-04-04T23:29:32Z</time>
   </trkpt>
   <trkpt lat="-6.8378740" lon="109.0567680">
    <ele>3.3</ele>
    <time>2025-04-04T23:29:33Z</time>
   </trkpt>
   <trkpt lat="-6.8378940" lon="109.0567430">
    <ele>3.3</ele>
    <time>2025-04-04T23:29:34Z</time>
   </trkpt>
   <trkpt lat="-6.8379120" lon="109.0567200">
    <ele>3.2</ele>
    <time>2025-04-04T23:29:35Z</time>
   </trkpt>
   <trkpt lat="-6.8379350" lon="109.0566950">
    <ele>3.2</ele>
    <time>2025-04-04T23:29:36Z</time>
   </trkpt>
   <trkpt lat="-6.8379600" lon="109.0566650">
    <ele>3.1</ele>
    <time>2025-04-04T23:29:37Z</time>
   </trkpt>
   <trkpt lat="-6.8379800" lon="109.0566370">
    <ele>3.1</ele>
    <time>2025-04-04T23:29:38Z</time>
   </trkpt>
   <trkpt lat="-6.8380020" lon="109.0566050">
    <ele>3.0</ele>
    <time>2025-04-04T23:29:39Z</time>
   </trkpt>
   <trkpt lat="-6.8380240" lon="109.0565770">
    <ele>3.0</ele>
    <time>2025-04-04T23:29:40Z</time>
   </trkpt>
   <trkpt lat="-6.8380430" lon="109.0565500">
    <ele>3.0</ele>
    <time>2025-04-04T23:29:41Z</time>
   </trkpt>
   <trkpt lat="-6.8380620" lon="109.0565280">
    <ele>3.0</ele>
    <time>2025-04-04T23:29:42Z</time>
   </trkpt>
   <trkpt lat="-6.8380820" lon="109.0565050">
    <ele>3.0</ele>
    <time>2025-04-04T23:29:43Z</time>
   </trkpt>
   <trkpt lat="-6.8381060" lon="109.0564760">
    <ele>3.1</ele>
    <time>2025-04-04T23:29:44Z</time>
   </trkpt>
   <trkpt lat="-6.8381130" lon="109.0564650">
    <ele>3.1</ele>
    <time>2025-04-04T23:29:45Z</time>
   </trkpt>
   <trkpt lat="-6.8381360" lon="109.0564400">
    <ele>3.1</ele>
    <time>2025-04-04T23:29:46Z</time>
   </trkpt>
   <trkpt lat="-6.8381580" lon="109.0564160">
    <ele>3.1</ele>
    <time>2025-04-04T23:29:47Z</time>
   </trkpt>
   <trkpt lat="-6.8381880" lon="109.0563840">
    <ele>3.1</ele>
    <time>2025-04-04T23:29:48Z</time>
   </trkpt>
   <trkpt lat="-6.8382180" lon="109.0563550">
    <ele>3.1</ele>
    <time>2025-04-04T23:29:49Z</time>
   </trkpt>
   <trkpt lat="-6.8382540" lon="109.0563260">
    <ele>3.1</ele>
    <time>2025-04-04T23:29:50Z</time>
   </trkpt>
   <trkpt lat="-6.8382820" lon="109.0563010">
    <ele>3.1</ele>
    <time>2025-04-04T23:29:51Z</time>
   </trkpt>
   <trkpt lat="-6.8383040" lon="109.0562820">
    <ele>3.1</ele>
    <time>2025-04-04T23:29:52Z</time>
   </trkpt>
   <trkpt lat="-6.8383300" lon="109.0562550">
    <ele>3.1</ele>
    <time>2025-04-04T23:29:53Z</time>
   </trkpt>
   <trkpt lat="-6.8383580" lon="109.0562290">
    <ele>3.1</ele>
    <time>2025-04-04T23:29:54Z</time>
   </trkpt>
   <trkpt lat="-6.8383840" lon="109.0562020">
    <ele>3.1</ele>
    <time>2025-04-04T23:29:55Z</time>
   </trkpt>
   <trkpt lat="-6.8384070" lon="109.0561780">
    <ele>3.1</ele>
    <time>2025-04-04T23:29:56Z</time>
   </trkpt>
   <trkpt lat="-6.8384250" lon="109.0561560">
    <ele>3.2</ele>
    <time>2025-04-04T23:29:57Z</time>
   </trkpt>
   <trkpt lat="-6.8384450" lon="109.0561330">
    <ele>3.2</ele>
    <time>2025-04-04T23:29:58Z</time>
   </trkpt>
   <trkpt lat="-6.8384650" lon="109.0561080">
    <ele>3.2</ele>
    <time>2025-04-04T23:29:59Z</time>
   </trkpt>
   <trkpt lat="-6.8384870" lon="109.0560790">
    <ele>3.2</ele>
    <time>2025-04-04T23:30:00Z</time>
   </trkpt>
   <trkpt lat="-6.8385070" lon="109.0560490">
    <ele>3.2</ele>
    <time>2025-04-04T23:30:01Z</time>
   </trkpt>
   <trkpt lat="-6.8385950" lon="109.0559570">
    <ele>3.2</ele>
    <time>2025-04-04T23:30:04Z</time>
   </trkpt>
   <trkpt lat="-6.8387520" lon="109.0557850">
    <ele>3.3</ele>
    <time>2025-04-04T23:30:11Z</time>
   </trkpt>
   <trkpt lat="-6.8389140" lon="109.0556040">
    <ele>3.4</ele>
    <time>2025-04-04T23:30:18Z</time>
   </trkpt>
   <trkpt lat="-6.8389610" lon="109.0555560">
    <ele>3.4</ele>
    <time>2025-04-04T23:30:20Z</time>
   </trkpt>
   <trkpt lat="-6.8389840" lon="109.0555310">
    <ele>3.4</ele>
    <time>2025-04-04T23:30:21Z</time>
   </trkpt>
   <trkpt lat="-6.8390040" lon="109.0555050">
    <ele>3.4</ele>
    <time>2025-04-04T23:30:22Z</time>
   </trkpt>
   <trkpt lat="-6.8390230" lon="109.0554780">
    <ele>3.5</ele>
    <time>2025-04-04T23:30:23Z</time>
   </trkpt>
   <trkpt lat="-6.8390430" lon="109.0554510">
    <ele>3.5</ele>
    <time>2025-04-04T23:30:24Z</time>
   </trkpt>
   <trkpt lat="-6.8390640" lon="109.0554250">
    <ele>3.5</ele>
    <time>2025-04-04T23:30:25Z</time>
   </trkpt>
   <trkpt lat="-6.8390860" lon="109.0553980">
    <ele>3.5</ele>
    <time>2025-04-04T23:30:26Z</time>
   </trkpt>
   <trkpt lat="-6.8391080" lon="109.0553740">
    <ele>3.5</ele>
    <time>2025-04-04T23:30:27Z</time>
   </trkpt>
   <trkpt lat="-6.8391320" lon="109.0553490">
    <ele>3.5</ele>
    <time>2025-04-04T23:30:28Z</time>
   </trkpt>
   <trkpt lat="-6.8391570" lon="109.0553240">
    <ele>3.6</ele>
    <time>2025-04-04T23:30:29Z</time>
   </trkpt>
   <trkpt lat="-6.8391780" lon="109.0552980">
    <ele>3.6</ele>
    <time>2025-04-04T23:30:30Z</time>
   </trkpt>
   <trkpt lat="-6.8391970" lon="109.0552720">
    <ele>3.6</ele>
    <time>2025-04-04T23:30:31Z</time>
   </trkpt>
   <trkpt lat="-6.8392150" lon="109.0552460">
    <ele>3.6</ele>
    <time>2025-04-04T23:30:32Z</time>
   </trkpt>
   <trkpt lat="-6.8392360" lon="109.0552190">
    <ele>3.7</ele>
    <time>2025-04-04T23:30:33Z</time>
   </trkpt>
   <trkpt lat="-6.8392560" lon="109.0551950">
    <ele>3.7</ele>
    <time>2025-04-04T23:30:34Z</time>
   </trkpt>
   <trkpt lat="-6.8392750" lon="109.0551720">
    <ele>3.7</ele>
    <time>2025-04-04T23:30:35Z</time>
   </trkpt>
   <trkpt lat="-6.8392960" lon="109.0551450">
    <ele>3.7</ele>
    <time>2025-04-04T23:30:36Z</time>
   </trkpt>
   <trkpt lat="-6.8393200" lon="109.0551190">
    <ele>3.7</ele>
    <time>2025-04-04T23:30:37Z</time>
   </trkpt>
   <trkpt lat="-6.8393440" lon="109.0550900">
    <ele>3.8</ele>
    <time>2025-04-04T23:30:38Z</time>
   </trkpt>
   <trkpt lat="-6.8393650" lon="109.0550670">
    <ele>3.8</ele>
    <time>2025-04-04T23:30:39Z</time>
   </trkpt>
   <trkpt lat="-6.8393850" lon="109.0550450">
    <ele>3.8</ele>
    <time>2025-04-04T23:30:40Z</time>
   </trkpt>
   <trkpt lat="-6.8394060" lon="109.0550190">
    <ele>3.8</ele>
    <time>2025-04-04T23:30:41Z</time>
   </trkpt>
   <trkpt lat="-6.8394250" lon="109.0549930">
    <ele>3.8</ele>
    <time>2025-04-04T23:30:42Z</time>
   </trkpt>
   <trkpt lat="-6.8394410" lon="109.0549680">
    <ele>3.9</ele>
    <time>2025-04-04T23:30:43Z</time>
   </trkpt>
   <trkpt lat="-6.8394590" lon="109.0549420">
    <ele>3.9</ele>
    <time>2025-04-04T23:30:44Z</time>
   </trkpt>
   <trkpt lat="-6.8394780" lon="109.0549150">
    <ele>3.9</ele>
    <time>2025-04-04T23:30:45Z</time>
   </trkpt>
   <trkpt lat="-6.8394960" lon="109.0548880">
    <ele>4.0</ele>
    <time>2025-04-04T23:30:46Z</time>
   </trkpt>
   <trkpt lat="-6.8395140" lon="109.0548630">
    <ele>4.0</ele>
    <time>2025-04-04T23:30:47Z</time>
   </trkpt>
   <trkpt lat="-6.8395350" lon="109.0548370">
    <ele>4.0</ele>
    <time>2025-04-04T23:30:48Z</time>
   </trkpt>
   <trkpt lat="-6.8395560" lon="109.0548100">
    <ele>4.1</ele>
    <time>2025-04-04T23:30:49Z</time>
   </trkpt>
   <trkpt lat="-6.8395750" lon="109.0547860">
    <ele>4.1</ele>
    <time>2025-04-04T23:30:50Z</time>
   </trkpt>
   <trkpt lat="-6.8395950" lon="109.0547600">
    <ele>4.1</ele>
    <time>2025-04-04T23:30:51Z</time>
   </trkpt>
   <trkpt lat="-6.8396130" lon="109.0547360">
    <ele>4.1</ele>
    <time>2025-04-04T23:30:52Z</time>
   </trkpt>
   <trkpt lat="-6.8396370" lon="109.0547050">
    <ele>4.2</ele>
    <time>2025-04-04T23:30:53Z</time>
   </trkpt>
   <trkpt lat="-6.8396560" lon="109.0546780">
    <ele>4.2</ele>
    <time>2025-04-04T23:30:54Z</time>
   </trkpt>
   <trkpt lat="-6.8396750" lon="109.0546530">
    <ele>4.2</ele>
    <time>2025-04-04T23:30:55Z</time>
   </trkpt>
   <trkpt lat="-6.8396940" lon="109.0546280">
    <ele>4.2</ele>
    <time>2025-04-04T23:30:56Z</time>
   </trkpt>
   <trkpt lat="-6.8397170" lon="109.0546040">
    <ele>4.2</ele>
    <time>2025-04-04T23:30:57Z</time>
   </trkpt>
   <trkpt lat="-6.8397390" lon="109.0545800">
    <ele>4.2</ele>
    <time>2025-04-04T23:30:58Z</time>
   </trkpt>
   <trkpt lat="-6.8397620" lon="109.0545530">
    <ele>4.2</ele>
    <time>2025-04-04T23:30:59Z</time>
   </trkpt>
   <trkpt lat="-6.8397820" lon="109.0545250">
    <ele>4.2</ele>
    <time>2025-04-04T23:31:00Z</time>
   </trkpt>
   <trkpt lat="-6.8398010" lon="109.0544970">
    <ele>4.2</ele>
    <time>2025-04-04T23:31:01Z</time>
   </trkpt>
   <trkpt lat="-6.8398200" lon="109.0544640">
    <ele>4.1</ele>
    <time>2025-04-04T23:31:02Z</time>
   </trkpt>
   <trkpt lat="-6.8398390" lon="109.0544320">
    <ele>4.1</ele>
    <time>2025-04-04T23:31:03Z</time>
   </trkpt>
   <trkpt lat="-6.8398640" lon="109.0544020">
    <ele>4.0</ele>
    <time>2025-04-04T23:31:04Z</time>
   </trkpt>
   <trkpt lat="-6.8398900" lon="109.0543740">
    <ele>3.9</ele>
    <time>2025-04-04T23:31:05Z</time>
   </trkpt>
   <trkpt lat="-6.8399130" lon="109.0543480">
    <ele>3.9</ele>
    <time>2025-04-04T23:31:06Z</time>
   </trkpt>
   <trkpt lat="-6.8399360" lon="109.0543190">
    <ele>3.9</ele>
    <time>2025-04-04T23:31:07Z</time>
   </trkpt>
   <trkpt lat="-6.8399590" lon="109.0542870">
    <ele>3.8</ele>
    <time>2025-04-04T23:31:08Z</time>
   </trkpt>
   <trkpt lat="-6.8399830" lon="109.0542560">
    <ele>3.8</ele>
    <time>2025-04-04T23:31:09Z</time>
   </trkpt>
   <trkpt lat="-6.8400100" lon="109.0542230">
    <ele>3.7</ele>
    <time>2025-04-04T23:31:10Z</time>
   </trkpt>
   <trkpt lat="-6.8400360" lon="109.0541920">
    <ele>3.6</ele>
    <time>2025-04-04T23:31:11Z</time>
   </trkpt>
   <trkpt lat="-6.8400580" lon="109.0541660">
    <ele>3.6</ele>
    <time>2025-04-04T23:31:12Z</time>
   </trkpt>
   <trkpt lat="-6.8400800" lon="109.0541410">
    <ele>3.6</ele>
    <time>2025-04-04T23:31:13Z</time>
   </trkpt>
   <trkpt lat="-6.8400990" lon="109.0541160">
    <ele>3.5</ele>
    <time>2025-04-04T23:31:14Z</time>
   </trkpt>
   <trkpt lat="-6.8401170" lon="109.0540910">
    <ele>3.5</ele>
    <time>2025-04-04T23:31:15Z</time>
   </trkpt>
   <trkpt lat="-6.8401350" lon="109.0540640">
    <ele>3.5</ele>
    <time>2025-04-04T23:31:16Z</time>
   </trkpt>
   <trkpt lat="-6.8401540" lon="109.0540360">
    <ele>3.4</ele>
    <time>2025-04-04T23:31:17Z</time>
   </trkpt>
   <trkpt lat="-6.8401740" lon="109.0540070">
    <ele>3.4</ele>
    <time>2025-04-04T23:31:18Z</time>
   </trkpt>
   <trkpt lat="-6.8401940" lon="109.0539770">
    <ele>3.4</ele>
    <time>2025-04-04T23:31:19Z</time>
   </trkpt>
   <trkpt lat="-6.8402180" lon="109.0539450">
    <ele>3.3</ele>
    <time>2025-04-04T23:31:20Z</time>
   </trkpt>
   <trkpt lat="-6.8402430" lon="109.0539120">
    <ele>3.3</ele>
    <time>2025-04-04T23:31:21Z</time>
   </trkpt>
   <trkpt lat="-6.8402650" lon="109.0538820">
    <ele>3.3</ele>
    <time>2025-04-04T23:31:22Z</time>
   </trkpt>
   <trkpt lat="-6.8402870" lon="109.0538520">
    <ele>3.2</ele>
    <time>2025-04-04T23:31:23Z</time>
   </trkpt>
   <trkpt lat="-6.8403080" lon="109.0538220">
    <ele>3.2</ele>
    <time>2025-04-04T23:31:24Z</time>
   </trkpt>
   <trkpt lat="-6.8403290" lon="109.0537920">
    <ele>3.2</ele>
    <time>2025-04-04T23:31:25Z</time>
   </trkpt>
   <trkpt lat="-6.8403500" lon="109.0537610">
    <ele>3.2</ele>
    <time>2025-04-04T23:31:26Z</time>
   </trkpt>
   <trkpt lat="-6.8403720" lon="109.0537320">
    <ele>3.1</ele>
    <time>2025-04-04T23:31:27Z</time>
   </trkpt>
   <trkpt lat="-6.8403910" lon="109.0537040">
    <ele>3.1</ele>
    <time>2025-04-04T23:31:28Z</time>
   </trkpt>
   <trkpt lat="-6.8404080" lon="109.0536820">
    <ele>3.1</ele>
    <time>2025-04-04T23:31:29Z</time>
   </trkpt>
   <trkpt lat="-6.8404280" lon="109.0536570">
    <ele>3.1</ele>
    <time>2025-04-04T23:31:30Z</time>
   </trkpt>
   <trkpt lat="-6.8404480" lon="109.0536290">
    <ele>3.1</ele>
    <time>2025-04-04T23:31:31Z</time>
   </trkpt>
   <trkpt lat="-6.8404690" lon="109.0536000">
    <ele>3.1</ele>
    <time>2025-04-04T23:31:32Z</time>
   </trkpt>
   <trkpt lat="-6.8404890" lon="109.0535690">
    <ele>3.1</ele>
    <time>2025-04-04T23:31:33Z</time>
   </trkpt>
   <trkpt lat="-6.8405050" lon="109.0535400">
    <ele>3.1</ele>
    <time>2025-04-04T23:31:34Z</time>
   </trkpt>
   <trkpt lat="-6.8405220" lon="109.0535090">
    <ele>3.1</ele>
    <time>2025-04-04T23:31:35Z</time>
   </trkpt>
   <trkpt lat="-6.8405440" lon="109.0534760">
    <ele>3.1</ele>
    <time>2025-04-04T23:31:36Z</time>
   </trkpt>
   <trkpt lat="-6.8405670" lon="109.0534440">
    <ele>3.1</ele>
    <time>2025-04-04T23:31:37Z</time>
   </trkpt>
   <trkpt lat="-6.8405880" lon="109.0534140">
    <ele>3.1</ele>
    <time>2025-04-04T23:31:38Z</time>
   </trkpt>
   <trkpt lat="-6.8406060" lon="109.0533910">
    <ele>3.1</ele>
    <time>2025-04-04T23:31:39Z</time>
   </trkpt>
   <trkpt lat="-6.8406240" lon="109.0533690">
    <ele>3.1</ele>
    <time>2025-04-04T23:31:40Z</time>
   </trkpt>
   <trkpt lat="-6.8406460" lon="109.0533430">
    <ele>3.1</ele>
    <time>2025-04-04T23:31:41Z</time>
   </trkpt>
   <trkpt lat="-6.8406680" lon="109.0533170">
    <ele>3.1</ele>
    <time>2025-04-04T23:31:42Z</time>
   </trkpt>
   <trkpt lat="-6.8406900" lon="109.0532900">
    <ele>3.1</ele>
    <time>2025-04-04T23:31:43Z</time>
   </trkpt>
   <trkpt lat="-6.8407120" lon="109.0532660">
    <ele>3.1</ele>
    <time>2025-04-04T23:31:44Z</time>
   </trkpt>
   <trkpt lat="-6.8407300" lon="109.0532410">
    <ele>3.1</ele>
    <time>2025-04-04T23:31:45Z</time>
   </trkpt>
   <trkpt lat="-6.8407510" lon="109.0532150">
    <ele>3.2</ele>
    <time>2025-04-04T23:31:46Z</time>
   </trkpt>
   <trkpt lat="-6.8407700" lon="109.0531880">
    <ele>3.2</ele>
    <time>2025-04-04T23:31:47Z</time>
   </trkpt>
   <trkpt lat="-6.8407880" lon="109.0531600">
    <ele>3.2</ele>
    <time>2025-04-04T23:31:48Z</time>
   </trkpt>
   <trkpt lat="-6.8408030" lon="109.0531360">
    <ele>3.2</ele>
    <time>2025-04-04T23:31:49Z</time>
   </trkpt>
   <trkpt lat="-6.8408260" lon="109.0531010">
    <ele>3.2</ele>
    <time>2025-04-04T23:31:50Z</time>
   </trkpt>
   <trkpt lat="-6.8408350" lon="109.0530880">
    <ele>3.2</ele>
    <time>2025-04-04T23:31:51Z</time>
   </trkpt>
   <trkpt lat="-6.8408560" lon="109.0530650">
    <ele>3.2</ele>
    <time>2025-04-04T23:31:52Z</time>
   </trkpt>
   <trkpt lat="-6.8408810" lon="109.0530430">
    <ele>3.2</ele>
    <time>2025-04-04T23:31:53Z</time>
   </trkpt>
   <trkpt lat="-6.8409070" lon="109.0530230">
    <ele>3.2</ele>
    <time>2025-04-04T23:31:54Z</time>
   </trkpt>
   <trkpt lat="-6.8409360" lon="109.0530070">
    <ele>3.2</ele>
    <time>2025-04-04T23:31:55Z</time>
   </trkpt>
   <trkpt lat="-6.8409670" lon="109.0529900">
    <ele>3.2</ele>
    <time>2025-04-04T23:31:56Z</time>
   </trkpt>
   <trkpt lat="-6.8409990" lon="109.0529740">
    <ele>3.1</ele>
    <time>2025-04-04T23:31:57Z</time>
   </trkpt>
   <trkpt lat="-6.8410340" lon="109.0529560">
    <ele>3.1</ele>
    <time>2025-04-04T23:31:58Z</time>
   </trkpt>
   <trkpt lat="-6.8410680" lon="109.0529400">
    <ele>3.1</ele>
    <time>2025-04-04T23:31:59Z</time>
   </trkpt>
   <trkpt lat="-6.8411000" lon="109.0529240">
    <ele>3.1</ele>
    <time>2025-04-04T23:32:00Z</time>
   </trkpt>
   <trkpt lat="-6.8411290" lon="109.0529100">
    <ele>3.0</ele>
    <time>2025-04-04T23:32:01Z</time>
   </trkpt>
   <trkpt lat="-6.8411590" lon="109.0528960">
    <ele>3.0</ele>
    <time>2025-04-04T23:32:02Z</time>
   </trkpt>
   <trkpt lat="-6.8411880" lon="109.0528820">
    <ele>3.0</ele>
    <time>2025-04-04T23:32:03Z</time>
   </trkpt>
   <trkpt lat="-6.8412150" lon="109.0528690">
    <ele>3.0</ele>
    <time>2025-04-04T23:32:04Z</time>
   </trkpt>
   <trkpt lat="-6.8412460" lon="109.0528540">
    <ele>3.1</ele>
    <time>2025-04-04T23:32:05Z</time>
   </trkpt>
   <trkpt lat="-6.8412760" lon="109.0528370">
    <ele>3.1</ele>
    <time>2025-04-04T23:32:06Z</time>
   </trkpt>
   <trkpt lat="-6.8413020" lon="109.0528220">
    <ele>3.2</ele>
    <time>2025-04-04T23:32:07Z</time>
   </trkpt>
   <trkpt lat="-6.8413300" lon="109.0528090">
    <ele>3.3</ele>
    <time>2025-04-04T23:32:08Z</time>
   </trkpt>
   <trkpt lat="-6.8413580" lon="109.0527950">
    <ele>3.4</ele>
    <time>2025-04-04T23:32:09Z</time>
   </trkpt>
   <trkpt lat="-6.8413860" lon="109.0527840">
    <ele>3.5</ele>
    <time>2025-04-04T23:32:10Z</time>
   </trkpt>
   <trkpt lat="-6.8414130" lon="109.0527720">
    <ele>3.6</ele>
    <time>2025-04-04T23:32:11Z</time>
   </trkpt>
   <trkpt lat="-6.8414410" lon="109.0527570">
    <ele>3.6</ele>
    <time>2025-04-04T23:32:12Z</time>
   </trkpt>
   <trkpt lat="-6.8414760" lon="109.0527400">
    <ele>3.7</ele>
    <time>2025-04-04T23:32:13Z</time>
   </trkpt>
   <trkpt lat="-6.8415090" lon="109.0527240">
    <ele>3.8</ele>
    <time>2025-04-04T23:32:14Z</time>
   </trkpt>
   <trkpt lat="-6.8415380" lon="109.0527110">
    <ele>3.8</ele>
    <time>2025-04-04T23:32:15Z</time>
   </trkpt>
   <trkpt lat="-6.8415610" lon="109.0526970">
    <ele>3.9</ele>
    <time>2025-04-04T23:32:16Z</time>
   </trkpt>
   <trkpt lat="-6.8415950" lon="109.0526710">
    <ele>3.9</ele>
    <time>2025-04-04T23:32:17Z</time>
   </trkpt>
   <trkpt lat="-6.8416070" lon="109.0526610">
    <ele>3.9</ele>
    <time>2025-04-04T23:32:18Z</time>
   </trkpt>
   <trkpt lat="-6.8416380" lon="109.0526400">
    <ele>3.9</ele>
    <time>2025-04-04T23:32:19Z</time>
   </trkpt>
   <trkpt lat="-6.8416650" lon="109.0526200">
    <ele>3.9</ele>
    <time>2025-04-04T23:32:20Z</time>
   </trkpt>
   <trkpt lat="-6.8416940" lon="109.0525980">
    <ele>3.9</ele>
    <time>2025-04-04T23:32:21Z</time>
   </trkpt>
   <trkpt lat="-6.8417360" lon="109.0525730">
    <ele>3.9</ele>
    <time>2025-04-04T23:32:22Z</time>
   </trkpt>
   <trkpt lat="-6.8417720" lon="109.0525490">
    <ele>3.9</ele>
    <time>2025-04-04T23:32:23Z</time>
   </trkpt>
   <trkpt lat="-6.8418060" lon="109.0525260">
    <ele>3.9</ele>
    <time>2025-04-04T23:32:24Z</time>
   </trkpt>
   <trkpt lat="-6.8418360" lon="109.0525090">
    <ele>3.9</ele>
    <time>2025-04-04T23:32:25Z</time>
   </trkpt>
   <trkpt lat="-6.8418670" lon="109.0524930">
    <ele>3.9</ele>
    <time>2025-04-04T23:32:26Z</time>
   </trkpt>
   <trkpt lat="-6.8418970" lon="109.0524730">
    <ele>3.9</ele>
    <time>2025-04-04T23:32:27Z</time>
   </trkpt>
   <trkpt lat="-6.8419300" lon="109.0524490">
    <ele>3.9</ele>
    <time>2025-04-04T23:32:28Z</time>
   </trkpt>
   <trkpt lat="-6.8419580" lon="109.0524290">
    <ele>4.0</ele>
    <time>2025-04-04T23:32:29Z</time>
   </trkpt>
   <trkpt lat="-6.8419840" lon="109.0524080">
    <ele>4.0</ele>
    <time>2025-04-04T23:32:30Z</time>
   </trkpt>
   <trkpt lat="-6.8420060" lon="109.0523840">
    <ele>4.0</ele>
    <time>2025-04-04T23:32:31Z</time>
   </trkpt>
   <trkpt lat="-6.8420340" lon="109.0523610">
    <ele>4.0</ele>
    <time>2025-04-04T23:32:32Z</time>
   </trkpt>
   <trkpt lat="-6.8420690" lon="109.0523390">
    <ele>4.0</ele>
    <time>2025-04-04T23:32:33Z</time>
   </trkpt>
   <trkpt lat="-6.8421030" lon="109.0523200">
    <ele>4.1</ele>
    <time>2025-04-04T23:32:34Z</time>
   </trkpt>
   <trkpt lat="-6.8421310" lon="109.0523030">
    <ele>4.1</ele>
    <time>2025-04-04T23:32:35Z</time>
   </trkpt>
   <trkpt lat="-6.8421590" lon="109.0522850">
    <ele>4.1</ele>
    <time>2025-04-04T23:32:36Z</time>
   </trkpt>
   <trkpt lat="-6.8421890" lon="109.0522630">
    <ele>4.1</ele>
    <time>2025-04-04T23:32:37Z</time>
   </trkpt>
   <trkpt lat="-6.8422190" lon="109.0522370">
    <ele>4.1</ele>
    <time>2025-04-04T23:32:38Z</time>
   </trkpt>
   <trkpt lat="-6.8422490" lon="109.0522150">
    <ele>4.1</ele>
    <time>2025-04-04T23:32:39Z</time>
   </trkpt>
   <trkpt lat="-6.8422830" lon="109.0521960">
    <ele>4.2</ele>
    <time>2025-04-04T23:32:40Z</time>
   </trkpt>
   <trkpt lat="-6.8423200" lon="109.0521770">
    <ele>4.2</ele>
    <time>2025-04-04T23:32:41Z</time>
   </trkpt>
   <trkpt lat="-6.8423580" lon="109.0521600">
    <ele>4.2</ele>
    <time>2025-04-04T23:32:42Z</time>
   </trkpt>
   <trkpt lat="-6.8423900" lon="109.0521450">
    <ele>4.2</ele>
    <time>2025-04-04T23:32:43Z</time>
   </trkpt>
   <trkpt lat="-6.8424220" lon="109.0521280">
    <ele>4.2</ele>
    <time>2025-04-04T23:32:44Z</time>
   </trkpt>
   <trkpt lat="-6.8424510" lon="109.0521110">
    <ele>4.3</ele>
    <time>2025-04-04T23:32:45Z</time>
   </trkpt>
   <trkpt lat="-6.8424760" lon="109.0520960">
    <ele>4.3</ele>
    <time>2025-04-04T23:32:46Z</time>
   </trkpt>
   <trkpt lat="-6.8425050" lon="109.0520830">
    <ele>4.3</ele>
    <time>2025-04-04T23:32:47Z</time>
   </trkpt>
   <trkpt lat="-6.8425320" lon="109.0520700">
    <ele>4.3</ele>
    <time>2025-04-04T23:32:48Z</time>
   </trkpt>
   <trkpt lat="-6.8425620" lon="109.0520550">
    <ele>4.3</ele>
    <time>2025-04-04T23:32:49Z</time>
   </trkpt>
   <trkpt lat="-6.8425910" lon="109.0520410">
    <ele>4.3</ele>
    <time>2025-04-04T23:32:50Z</time>
   </trkpt>
   <trkpt lat="-6.8426180" lon="109.0520270">
    <ele>4.3</ele>
    <time>2025-04-04T23:32:51Z</time>
   </trkpt>
   <trkpt lat="-6.8426460" lon="109.0520130">
    <ele>4.4</ele>
    <time>2025-04-04T23:32:52Z</time>
   </trkpt>
   <trkpt lat="-6.8426730" lon="109.0520000">
    <ele>4.4</ele>
    <time>2025-04-04T23:32:53Z</time>
   </trkpt>
   <trkpt lat="-6.8427130" lon="109.0519850">
    <ele>4.4</ele>
    <time>2025-04-04T23:32:54Z</time>
   </trkpt>
   <trkpt lat="-6.8427280" lon="109.0519790">
    <ele>4.4</ele>
    <time>2025-04-04T23:32:55Z</time>
   </trkpt>
   <trkpt lat="-6.8427710" lon="109.0519590">
    <ele>4.4</ele>
    <time>2025-04-04T23:32:56Z</time>
   </trkpt>
   <trkpt lat="-6.8428710" lon="109.0519190">
    <ele>4.5</ele>
    <time>2025-04-04T23:33:00Z</time>
   </trkpt>
   <trkpt lat="-6.8430400" lon="109.0518730">
    <ele>4.5</ele>
    <time>2025-04-04T23:33:06Z</time>
   </trkpt>
   <trkpt lat="-6.8432380" lon="109.0518060">
    <ele>4.7</ele>
    <time>2025-04-04T23:33:13Z</time>
   </trkpt>
   <trkpt lat="-6.8433310" lon="109.0517720">
    <ele>4.7</ele>
    <time>2025-04-04T23:33:16Z</time>
   </trkpt>
   <trkpt lat="-6.8433620" lon="109.0517630">
    <ele>4.7</ele>
    <time>2025-04-04T23:33:17Z</time>
   </trkpt>
   <trkpt lat="-6.8433940" lon="109.0517540">
    <ele>4.7</ele>
    <time>2025-04-04T23:33:18Z</time>
   </trkpt>
   <trkpt lat="-6.8434260" lon="109.0517460">
    <ele>4.7</ele>
    <time>2025-04-04T23:33:19Z</time>
   </trkpt>
   <trkpt lat="-6.8434540" lon="109.0517380">
    <ele>4.7</ele>
    <time>2025-04-04T23:33:20Z</time>
   </trkpt>
   <trkpt lat="-6.8434810" lon="109.0517340">
    <ele>4.7</ele>
    <time>2025-04-04T23:33:21Z</time>
   </trkpt>
   <trkpt lat="-6.8435200" lon="109.0517320">
    <ele>4.8</ele>
    <time>2025-04-04T23:33:22Z</time>
   </trkpt>
   <trkpt lat="-6.8435320" lon="109.0517310">
    <ele>4.8</ele>
    <time>2025-04-04T23:33:23Z</time>
   </trkpt>
   <trkpt lat="-6.8435600" lon="109.0517280">
    <ele>4.8</ele>
    <time>2025-04-04T23:33:24Z</time>
   </trkpt>
   <trkpt lat="-6.8435880" lon="109.0517240">
    <ele>4.8</ele>
    <time>2025-04-04T23:33:25Z</time>
   </trkpt>
   <trkpt lat="-6.8436160" lon="109.0517190">
    <ele>4.8</ele>
    <time>2025-04-04T23:33:26Z</time>
   </trkpt>
   <trkpt lat="-6.8436430" lon="109.0517150">
    <ele>4.8</ele>
    <time>2025-04-04T23:33:27Z</time>
   </trkpt>
   <trkpt lat="-6.8436800" lon="109.0517110">
    <ele>4.8</ele>
    <time>2025-04-04T23:33:28Z</time>
   </trkpt>
   <trkpt lat="-6.8436920" lon="109.0517090">
    <ele>4.9</ele>
    <time>2025-04-04T23:33:29Z</time>
   </trkpt>
   <trkpt lat="-6.8437310" lon="109.0517080">
    <ele>4.9</ele>
    <time>2025-04-04T23:33:30Z</time>
   </trkpt>
   <trkpt lat="-6.8437450" lon="109.0517090">
    <ele>4.9</ele>
    <time>2025-04-04T23:33:31Z</time>
   </trkpt>
   <trkpt lat="-6.8437720" lon="109.0517070">
    <ele>4.9</ele>
    <time>2025-04-04T23:33:32Z</time>
   </trkpt>
   <trkpt lat="-6.8438020" lon="109.0517030">
    <ele>4.9</ele>
    <time>2025-04-04T23:33:33Z</time>
   </trkpt>
   <trkpt lat="-6.8438320" lon="109.0516980">
    <ele>4.9</ele>
    <time>2025-04-04T23:33:34Z</time>
   </trkpt>
   <trkpt lat="-6.8438610" lon="109.0516940">
    <ele>4.9</ele>
    <time>2025-04-04T23:33:35Z</time>
   </trkpt>
   <trkpt lat="-6.8438890" lon="109.0516890">
    <ele>4.9</ele>
    <time>2025-04-04T23:33:36Z</time>
   </trkpt>
   <trkpt lat="-6.8439180" lon="109.0516840">
    <ele>4.9</ele>
    <time>2025-04-04T23:33:37Z</time>
   </trkpt>
   <trkpt lat="-6.8439480" lon="109.0516800">
    <ele>5.0</ele>
    <time>2025-04-04T23:33:38Z</time>
   </trkpt>
   <trkpt lat="-6.8439790" lon="109.0516760">
    <ele>5.0</ele>
    <time>2025-04-04T23:33:39Z</time>
   </trkpt>
   <trkpt lat="-6.8440110" lon="109.0516720">
    <ele>5.0</ele>
    <time>2025-04-04T23:33:40Z</time>
   </trkpt>
   <trkpt lat="-6.8440440" lon="109.0516670">
    <ele>5.0</ele>
    <time>2025-04-04T23:33:41Z</time>
   </trkpt>
   <trkpt lat="-6.8440780" lon="109.0516620">
    <ele>5.0</ele>
    <time>2025-04-04T23:33:42Z</time>
   </trkpt>
   <trkpt lat="-6.8441100" lon="109.0516580">
    <ele>5.0</ele>
    <time>2025-04-04T23:33:43Z</time>
   </trkpt>
   <trkpt lat="-6.8441420" lon="109.0516540">
    <ele>5.0</ele>
    <time>2025-04-04T23:33:44Z</time>
   </trkpt>
   <trkpt lat="-6.8441740" lon="109.0516520">
    <ele>5.0</ele>
    <time>2025-04-04T23:33:45Z</time>
   </trkpt>
   <trkpt lat="-6.8442070" lon="109.0516470">
    <ele>5.0</ele>
    <time>2025-04-04T23:33:46Z</time>
   </trkpt>
   <trkpt lat="-6.8442380" lon="109.0516410">
    <ele>5.0</ele>
    <time>2025-04-04T23:33:47Z</time>
   </trkpt>
   <trkpt lat="-6.8442690" lon="109.0516320">
    <ele>5.0</ele>
    <time>2025-04-04T23:33:48Z</time>
   </trkpt>
   <trkpt lat="-6.8442990" lon="109.0516230">
    <ele>5.0</ele>
    <time>2025-04-04T23:33:49Z</time>
   </trkpt>
   <trkpt lat="-6.8443290" lon="109.0516150">
    <ele>5.0</ele>
    <time>2025-04-04T23:33:50Z</time>
   </trkpt>
   <trkpt lat="-6.8443610" lon="109.0516100">
    <ele>5.0</ele>
    <time>2025-04-04T23:33:51Z</time>
   </trkpt>
   <trkpt lat="-6.8443930" lon="109.0516050">
    <ele>5.0</ele>
    <time>2025-04-04T23:33:52Z</time>
   </trkpt>
   <trkpt lat="-6.8444260" lon="109.0516030">
    <ele>5.0</ele>
    <time>2025-04-04T23:33:53Z</time>
   </trkpt>
   <trkpt lat="-6.8444580" lon="109.0516020">
    <ele>5.0</ele>
    <time>2025-04-04T23:33:54Z</time>
   </trkpt>
   <trkpt lat="-6.8444910" lon="109.0515980">
    <ele>5.0</ele>
    <time>2025-04-04T23:33:55Z</time>
   </trkpt>
   <trkpt lat="-6.8445230" lon="109.0515910">
    <ele>5.0</ele>
    <time>2025-04-04T23:33:56Z</time>
   </trkpt>
   <trkpt lat="-6.8445570" lon="109.0515860">
    <ele>5.0</ele>
    <time>2025-04-04T23:33:57Z</time>
   </trkpt>
   <trkpt lat="-6.8445920" lon="109.0515830">
    <ele>5.0</ele>
    <time>2025-04-04T23:33:58Z</time>
   </trkpt>
   <trkpt lat="-6.8446290" lon="109.0515800">
    <ele>5.0</ele>
    <time>2025-04-04T23:33:59Z</time>
   </trkpt>
   <trkpt lat="-6.8446640" lon="109.0515730">
    <ele>5.0</ele>
    <time>2025-04-04T23:34:00Z</time>
   </trkpt>
   <trkpt lat="-6.8446940" lon="109.0515670">
    <ele>5.0</ele>
    <time>2025-04-04T23:34:01Z</time>
   </trkpt>
   <trkpt lat="-6.8447240" lon="109.0515640">
    <ele>5.0</ele>
    <time>2025-04-04T23:34:02Z</time>
   </trkpt>
   <trkpt lat="-6.8447590" lon="109.0515610">
    <ele>5.1</ele>
    <time>2025-04-04T23:34:03Z</time>
   </trkpt>
   <trkpt lat="-6.8447960" lon="109.0515580">
    <ele>5.1</ele>
    <time>2025-04-04T23:34:04Z</time>
   </trkpt>
   <trkpt lat="-6.8448320" lon="109.0515560">
    <ele>5.1</ele>
    <time>2025-04-04T23:34:05Z</time>
   </trkpt>
   <trkpt lat="-6.8448680" lon="109.0515520">
    <ele>5.1</ele>
    <time>2025-04-04T23:34:06Z</time>
   </trkpt>
   <trkpt lat="-6.8449030" lon="109.0515490">
    <ele>5.1</ele>
    <time>2025-04-04T23:34:07Z</time>
   </trkpt>
   <trkpt lat="-6.8449380" lon="109.0515450">
    <ele>5.1</ele>
    <time>2025-04-04T23:34:08Z</time>
   </trkpt>
   <trkpt lat="-6.8449720" lon="109.0515410">
    <ele>5.1</ele>
    <time>2025-04-04T23:34:09Z</time>
   </trkpt>
   <trkpt lat="-6.8450070" lon="109.0515330">
    <ele>5.1</ele>
    <time>2025-04-04T23:34:10Z</time>
   </trkpt>
   <trkpt lat="-6.8450430" lon="109.0515250">
    <ele>5.1</ele>
    <time>2025-04-04T23:34:11Z</time>
   </trkpt>
   <trkpt lat="-6.8450800" lon="109.0515180">
    <ele>5.1</ele>
    <time>2025-04-04T23:34:12Z</time>
   </trkpt>
   <trkpt lat="-6.8451170" lon="109.0515110">
    <ele>5.2</ele>
    <time>2025-04-04T23:34:13Z</time>
   </trkpt>
   <trkpt lat="-6.8451510" lon="109.0515060">
    <ele>5.2</ele>
    <time>2025-04-04T23:34:14Z</time>
   </trkpt>
   <trkpt lat="-6.8451860" lon="109.0515000">
    <ele>5.2</ele>
    <time>2025-04-04T23:34:15Z</time>
   </trkpt>
   <trkpt lat="-6.8452210" lon="109.0514930">
    <ele>5.2</ele>
    <time>2025-04-04T23:34:16Z</time>
   </trkpt>
   <trkpt lat="-6.8452550" lon="109.0514860">
    <ele>5.3</ele>
    <time>2025-04-04T23:34:17Z</time>
   </trkpt>
   <trkpt lat="-6.8452890" lon="109.0514810">
    <ele>5.3</ele>
    <time>2025-04-04T23:34:18Z</time>
   </trkpt>
   <trkpt lat="-6.8453240" lon="109.0514760">
    <ele>5.4</ele>
    <time>2025-04-04T23:34:19Z</time>
   </trkpt>
   <trkpt lat="-6.8453550" lon="109.0514690">
    <ele>5.4</ele>
    <time>2025-04-04T23:34:20Z</time>
   </trkpt>
   <trkpt lat="-6.8453880" lon="109.0514600">
    <ele>5.4</ele>
    <time>2025-04-04T23:34:21Z</time>
   </trkpt>
   <trkpt lat="-6.8454190" lon="109.0514530">
    <ele>5.4</ele>
    <time>2025-04-04T23:34:22Z</time>
   </trkpt>
   <trkpt lat="-6.8454480" lon="109.0514460">
    <ele>5.4</ele>
    <time>2025-04-04T23:34:23Z</time>
   </trkpt>
   <trkpt lat="-6.8454800" lon="109.0514410">
    <ele>5.4</ele>
    <time>2025-04-04T23:34:24Z</time>
   </trkpt>
   <trkpt lat="-6.8455140" lon="109.0514350">
    <ele>5.4</ele>
    <time>2025-04-04T23:34:25Z</time>
   </trkpt>
   <trkpt lat="-6.8455490" lon="109.0514280">
    <ele>5.4</ele>
    <time>2025-04-04T23:34:26Z</time>
   </trkpt>
   <trkpt lat="-6.8455840" lon="109.0514200">
    <ele>5.4</ele>
    <time>2025-04-04T23:34:27Z</time>
   </trkpt>
   <trkpt lat="-6.8456210" lon="109.0514090">
    <ele>5.4</ele>
    <time>2025-04-04T23:34:28Z</time>
   </trkpt>
   <trkpt lat="-6.8456570" lon="109.0514020">
    <ele>5.4</ele>
    <time>2025-04-04T23:34:29Z</time>
   </trkpt>
   <trkpt lat="-6.8456950" lon="109.0513990">
    <ele>5.4</ele>
    <time>2025-04-04T23:34:30Z</time>
   </trkpt>
   <trkpt lat="-6.8457300" lon="109.0513990">
    <ele>5.5</ele>
    <time>2025-04-04T23:34:31Z</time>
   </trkpt>
   <trkpt lat="-6.8457620" lon="109.0513970">
    <ele>5.5</ele>
    <time>2025-04-04T23:34:32Z</time>
   </trkpt>
   <trkpt lat="-6.8457930" lon="109.0513930">
    <ele>5.5</ele>
    <time>2025-04-04T23:34:33Z</time>
   </trkpt>
   <trkpt lat="-6.8458240" lon="109.0513890">
    <ele>5.6</ele>
    <time>2025-04-04T23:34:34Z</time>
   </trkpt>
   <trkpt lat="-6.8458560" lon="109.0513840">
    <ele>5.6</ele>
    <time>2025-04-04T23:34:35Z</time>
   </trkpt>
   <trkpt lat="-6.8458930" lon="109.0513780">
    <ele>5.7</ele>
    <time>2025-04-04T23:34:36Z</time>
   </trkpt>
   <trkpt lat="-6.8459240" lon="109.0513710">
    <ele>5.7</ele>
    <time>2025-04-04T23:34:37Z</time>
   </trkpt>
   <trkpt lat="-6.8459540" lon="109.0513660">
    <ele>5.8</ele>
    <time>2025-04-04T23:34:38Z</time>
   </trkpt>
   <trkpt lat="-6.8459900" lon="109.0513590">
    <ele>5.9</ele>
    <time>2025-04-04T23:34:39Z</time>
   </trkpt>
   <trkpt lat="-6.8460020" lon="109.0513560">
    <ele>5.9</ele>
    <time>2025-04-04T23:34:40Z</time>
   </trkpt>
   <trkpt lat="-6.8460400" lon="109.0513470">
    <ele>6.0</ele>
    <time>2025-04-04T23:34:41Z</time>
   </trkpt>
   <trkpt lat="-6.8460530" lon="109.0513440">
    <ele>6.0</ele>
    <time>2025-04-04T23:34:42Z</time>
   </trkpt>
   <trkpt lat="-6.8460750" lon="109.0513420">
    <ele>6.0</ele>
    <time>2025-04-04T23:34:43Z</time>
   </trkpt>
   <trkpt lat="-6.8460820" lon="109.0513420">
    <ele>6.0</ele>
    <time>2025-04-04T23:34:44Z</time>
   </trkpt>
   <trkpt lat="-6.8460880" lon="109.0513380">
    <ele>6.0</ele>
    <time>2025-04-04T23:34:45Z</time>
   </trkpt>
   <trkpt lat="-6.8460910" lon="109.0513340">
    <ele>6.0</ele>
    <time>2025-04-04T23:34:46Z</time>
   </trkpt>
   <trkpt lat="-6.8460950" lon="109.0513290">
    <ele>6.0</ele>
    <time>2025-04-04T23:34:47Z</time>
   </trkpt>
   <trkpt lat="-6.8460980" lon="109.0513240">
    <ele>6.0</ele>
    <time>2025-04-04T23:34:48Z</time>
   </trkpt>
   <trkpt lat="-6.8461020" lon="109.0513200">
    <ele>6.1</ele>
    <time>2025-04-04T23:34:49Z</time>
   </trkpt>
   <trkpt lat="-6.8461050" lon="109.0513150">
    <ele>6.1</ele>
    <time>2025-04-04T23:34:50Z</time>
   </trkpt>
   <trkpt lat="-6.8461090" lon="109.0513100">
    <ele>6.1</ele>
    <time>2025-04-04T23:34:51Z</time>
   </trkpt>
   <trkpt lat="-6.8461130" lon="109.0513060">
    <ele>6.1</ele>
    <time>2025-04-04T23:34:52Z</time>
   </trkpt>
   <trkpt lat="-6.8461160" lon="109.0513010">
    <ele>6.1</ele>
    <time>2025-04-04T23:34:53Z</time>
   </trkpt>
   <trkpt lat="-6.8461200" lon="109.0512960">
    <ele>6.1</ele>
    <time>2025-04-04T23:34:54Z</time>
   </trkpt>
   <trkpt lat="-6.8461230" lon="109.0512910">
    <ele>6.1</ele>
    <time>2025-04-04T23:34:55Z</time>
   </trkpt>
   <trkpt lat="-6.8461270" lon="109.0512870">
    <ele>6.1</ele>
    <time>2025-04-04T23:34:56Z</time>
   </trkpt>
   <trkpt lat="-6.8461300" lon="109.0512820">
    <ele>6.1</ele>
    <time>2025-04-04T23:34:57Z</time>
   </trkpt>
   <trkpt lat="-6.8461340" lon="109.0512770">
    <ele>6.1</ele>
    <time>2025-04-04T23:35:22Z</time>
   </trkpt>
   <trkpt lat="-6.8461370" lon="109.0512730">
    <ele>6.1</ele>
    <time>2025-04-04T23:35:23Z</time>
   </trkpt>
   <trkpt lat="-6.8461410" lon="109.0512680">
    <ele>6.1</ele>
    <time>2025-04-04T23:35:24Z</time>
   </trkpt>
   <trkpt lat="-6.8461550" lon="109.0512720">
    <ele>6.0</ele>
    <time>2025-04-04T23:35:25Z</time>
   </trkpt>
   <trkpt lat="-6.8461430" lon="109.0512840">
    <ele>6.0</ele>
    <time>2025-04-04T23:35:26Z</time>
   </trkpt>
   <trkpt lat="-6.8463750" lon="109.0512840">
    <ele>5.3</ele>
    <time>2025-04-04T23:35:30Z</time>
   </trkpt>
   <trkpt lat="-6.8464470" lon="109.0512720">
    <ele>5.1</ele>
    <time>2025-04-04T23:35:32Z</time>
   </trkpt>
   <trkpt lat="-6.8464800" lon="109.0512640">
    <ele>5.1</ele>
    <time>2025-04-04T23:35:33Z</time>
   </trkpt>
   <trkpt lat="-6.8465150" lon="109.0512560">
    <ele>5.0</ele>
    <time>2025-04-04T23:35:34Z</time>
   </trkpt>
   <trkpt lat="-6.8465540" lon="109.0512510">
    <ele>4.9</ele>
    <time>2025-04-04T23:35:35Z</time>
   </trkpt>
   <trkpt lat="-6.8465950" lon="109.0512460">
    <ele>4.9</ele>
    <time>2025-04-04T23:35:36Z</time>
   </trkpt>
   <trkpt lat="-6.8466110" lon="109.0512430">
    <ele>4.8</ele>
    <time>2025-04-04T23:35:37Z</time>
   </trkpt>
   <trkpt lat="-6.8466270" lon="109.0512470">
    <ele>4.8</ele>
    <time>2025-04-04T23:35:38Z</time>
   </trkpt>
   <trkpt lat="-6.8466830" lon="109.0512440">
    <ele>4.7</ele>
    <time>2025-04-04T23:35:39Z</time>
   </trkpt>
   <trkpt lat="-6.8467350" lon="109.0512290">
    <ele>4.6</ele>
    <time>2025-04-04T23:35:40Z</time>
   </trkpt>
   <trkpt lat="-6.8467800" lon="109.0512170">
    <ele>4.6</ele>
    <time>2025-04-04T23:35:41Z</time>
   </trkpt>
   <trkpt lat="-6.8468220" lon="109.0512080">
    <ele>4.6</ele>
    <time>2025-04-04T23:35:42Z</time>
   </trkpt>
   <trkpt lat="-6.8468570" lon="109.0512030">
    <ele>4.6</ele>
    <time>2025-04-04T23:35:43Z</time>
   </trkpt>
   <trkpt lat="-6.8468930" lon="109.0511960">
    <ele>4.6</ele>
    <time>2025-04-04T23:35:44Z</time>
   </trkpt>
   <trkpt lat="-6.8469270" lon="109.0511860">
    <ele>4.6</ele>
    <time>2025-04-04T23:35:45Z</time>
   </trkpt>
   <trkpt lat="-6.8469630" lon="109.0511770">
    <ele>4.6</ele>
    <time>2025-04-04T23:35:46Z</time>
   </trkpt>
   <trkpt lat="-6.8470000" lon="109.0511700">
    <ele>4.6</ele>
    <time>2025-04-04T23:35:47Z</time>
   </trkpt>
   <trkpt lat="-6.8470390" lon="109.0511600">
    <ele>4.6</ele>
    <time>2025-04-04T23:35:48Z</time>
   </trkpt>
   <trkpt lat="-6.8470730" lon="109.0511550">
    <ele>4.6</ele>
    <time>2025-04-04T23:35:49Z</time>
   </trkpt>
   <trkpt lat="-6.8471060" lon="109.0511450">
    <ele>4.6</ele>
    <time>2025-04-04T23:35:50Z</time>
   </trkpt>
   <trkpt lat="-6.8471440" lon="109.0511360">
    <ele>4.6</ele>
    <time>2025-04-04T23:35:51Z</time>
   </trkpt>
   <trkpt lat="-6.8471840" lon="109.0511270">
    <ele>4.6</ele>
    <time>2025-04-04T23:35:52Z</time>
   </trkpt>
   <trkpt lat="-6.8472240" lon="109.0511160">
    <ele>4.6</ele>
    <time>2025-04-04T23:35:53Z</time>
   </trkpt>
   <trkpt lat="-6.8472670" lon="109.0511060">
    <ele>4.6</ele>
    <time>2025-04-04T23:35:54Z</time>
   </trkpt>
   <trkpt lat="-6.8473080" lon="109.0510990">
    <ele>4.6</ele>
    <time>2025-04-04T23:35:55Z</time>
   </trkpt>
   <trkpt lat="-6.8473480" lon="109.0510930">
    <ele>4.6</ele>
    <time>2025-04-04T23:35:56Z</time>
   </trkpt>
   <trkpt lat="-6.8473880" lon="109.0510860">
    <ele>4.6</ele>
    <time>2025-04-04T23:35:57Z</time>
   </trkpt>
   <trkpt lat="-6.8474240" lon="109.0510800">
    <ele>4.6</ele>
    <time>2025-04-04T23:35:58Z</time>
   </trkpt>
   <trkpt lat="-6.8474630" lon="109.0510770">
    <ele>4.6</ele>
    <time>2025-04-04T23:35:59Z</time>
   </trkpt>
   <trkpt lat="-6.8475060" lon="109.0510730">
    <ele>4.6</ele>
    <time>2025-04-04T23:36:00Z</time>
   </trkpt>
   <trkpt lat="-6.8475480" lon="109.0510670">
    <ele>4.6</ele>
    <time>2025-04-04T23:36:01Z</time>
   </trkpt>
   <trkpt lat="-6.8475870" lon="109.0510620">
    <ele>4.6</ele>
    <time>2025-04-04T23:36:02Z</time>
   </trkpt>
   <trkpt lat="-6.8476220" lon="109.0510590">
    <ele>4.6</ele>
    <time>2025-04-04T23:36:03Z</time>
   </trkpt>
   <trkpt lat="-6.8476590" lon="109.0510520">
    <ele>4.6</ele>
    <time>2025-04-04T23:36:04Z</time>
   </trkpt>
   <trkpt lat="-6.8477010" lon="109.0510440">
    <ele>4.6</ele>
    <time>2025-04-04T23:36:05Z</time>
   </trkpt>
   <trkpt lat="-6.8477410" lon="109.0510360">
    <ele>4.6</ele>
    <time>2025-04-04T23:36:06Z</time>
   </trkpt>
   <trkpt lat="-6.8477810" lon="109.0510270">
    <ele>4.6</ele>
    <time>2025-04-04T23:36:07Z</time>
   </trkpt>
   <trkpt lat="-6.8478180" lon="109.0510170">
    <ele>4.7</ele>
    <time>2025-04-04T23:36:08Z</time>
   </trkpt>
   <trkpt lat="-6.8478550" lon="109.0510080">
    <ele>4.7</ele>
    <time>2025-04-04T23:36:09Z</time>
   </trkpt>
   <trkpt lat="-6.8478890" lon="109.0509990">
    <ele>4.7</ele>
    <time>2025-04-04T23:36:10Z</time>
   </trkpt>
   <trkpt lat="-6.8479240" lon="109.0509910">
    <ele>4.7</ele>
    <time>2025-04-04T23:36:11Z</time>
   </trkpt>
   <trkpt lat="-6.8479550" lon="109.0509870">
    <ele>4.7</ele>
    <time>2025-04-04T23:36:12Z</time>
   </trkpt>
   <trkpt lat="-6.8479870" lon="109.0509850">
    <ele>4.8</ele>
    <time>2025-04-04T23:36:13Z</time>
   </trkpt>
   <trkpt lat="-6.8480180" lon="109.0509820">
    <ele>4.8</ele>
    <time>2025-04-04T23:36:14Z</time>
   </trkpt>
   <trkpt lat="-6.8480490" lon="109.0509750">
    <ele>4.8</ele>
    <time>2025-04-04T23:36:15Z</time>
   </trkpt>
   <trkpt lat="-6.8480790" lon="109.0509670">
    <ele>4.8</ele>
    <time>2025-04-04T23:36:16Z</time>
   </trkpt>
   <trkpt lat="-6.8481120" lon="109.0509560">
    <ele>4.8</ele>
    <time>2025-04-04T23:36:17Z</time>
   </trkpt>
   <trkpt lat="-6.8481490" lon="109.0509450">
    <ele>4.8</ele>
    <time>2025-04-04T23:36:18Z</time>
   </trkpt>
   <trkpt lat="-6.8481900" lon="109.0509390">
    <ele>4.8</ele>
    <time>2025-04-04T23:36:19Z</time>
   </trkpt>
   <trkpt lat="-6.8482300" lon="109.0509370">
    <ele>4.8</ele>
    <time>2025-04-04T23:36:20Z</time>
   </trkpt>
   <trkpt lat="-6.8482660" lon="109.0509350">
    <ele>4.7</ele>
    <time>2025-04-04T23:36:21Z</time>
   </trkpt>
   <trkpt lat="-6.8482980" lon="109.0509310">
    <ele>4.7</ele>
    <time>2025-04-04T23:36:22Z</time>
   </trkpt>
   <trkpt lat="-6.8483330" lon="109.0509270">
    <ele>4.7</ele>
    <time>2025-04-04T23:36:23Z</time>
   </trkpt>
   <trkpt lat="-6.8483660" lon="109.0509220">
    <ele>4.7</ele>
    <time>2025-04-04T23:36:24Z</time>
   </trkpt>
   <trkpt lat="-6.8484010" lon="109.0509140">
    <ele>4.7</ele>
    <time>2025-04-04T23:36:25Z</time>
   </trkpt>
   <trkpt lat="-6.8484400" lon="109.0509040">
    <ele>4.7</ele>
    <time>2025-04-04T23:36:26Z</time>
   </trkpt>
   <trkpt lat="-6.8484790" lon="109.0508950">
    <ele>4.7</ele>
    <time>2025-04-04T23:36:27Z</time>
   </trkpt>
   <trkpt lat="-6.8485180" lon="109.0508860">
    <ele>4.7</ele>
    <time>2025-04-04T23:36:28Z</time>
   </trkpt>
   <trkpt lat="-6.8485610" lon="109.0508770">
    <ele>4.7</ele>
    <time>2025-04-04T23:36:29Z</time>
   </trkpt>
   <trkpt lat="-6.8486030" lon="109.0508660">
    <ele>4.7</ele>
    <time>2025-04-04T23:36:30Z</time>
   </trkpt>
   <trkpt lat="-6.8486390" lon="109.0508560">
    <ele>4.7</ele>
    <time>2025-04-04T23:36:31Z</time>
   </trkpt>
   <trkpt lat="-6.8486720" lon="109.0508460">
    <ele>4.8</ele>
    <time>2025-04-04T23:36:32Z</time>
   </trkpt>
   <trkpt lat="-6.8487080" lon="109.0508380">
    <ele>4.8</ele>
    <time>2025-04-04T23:36:33Z</time>
   </trkpt>
   <trkpt lat="-6.8487420" lon="109.0508340">
    <ele>4.8</ele>
    <time>2025-04-04T23:36:34Z</time>
   </trkpt>
   <trkpt lat="-6.8487730" lon="109.0508300">
    <ele>4.8</ele>
    <time>2025-04-04T23:36:35Z</time>
   </trkpt>
   <trkpt lat="-6.8488100" lon="109.0508230">
    <ele>4.8</ele>
    <time>2025-04-04T23:36:36Z</time>
   </trkpt>
   <trkpt lat="-6.8488460" lon="109.0508100">
    <ele>4.8</ele>
    <time>2025-04-04T23:36:37Z</time>
   </trkpt>
   <trkpt lat="-6.8488910" lon="109.0508010">
    <ele>4.8</ele>
    <time>2025-04-04T23:36:38Z</time>
   </trkpt>
   <trkpt lat="-6.8489360" lon="109.0507910">
    <ele>4.8</ele>
    <time>2025-04-04T23:36:39Z</time>
   </trkpt>
   <trkpt lat="-6.8489760" lon="109.0507830">
    <ele>4.8</ele>
    <time>2025-04-04T23:36:40Z</time>
   </trkpt>
   <trkpt lat="-6.8490110" lon="109.0507770">
    <ele>4.8</ele>
    <time>2025-04-04T23:36:41Z</time>
   </trkpt>
   <trkpt lat="-6.8490440" lon="109.0507680">
    <ele>4.8</ele>
    <time>2025-04-04T23:36:42Z</time>
   </trkpt>
   <trkpt lat="-6.8490760" lon="109.0507610">
    <ele>4.8</ele>
    <time>2025-04-04T23:36:43Z</time>
   </trkpt>
   <trkpt lat="-6.8491100" lon="109.0507540">
    <ele>4.9</ele>
    <time>2025-04-04T23:36:44Z</time>
   </trkpt>
   <trkpt lat="-6.8491400" lon="109.0507470">
    <ele>4.9</ele>
    <time>2025-04-04T23:36:45Z</time>
   </trkpt>
   <trkpt lat="-6.8491720" lon="109.0507380">
    <ele>4.9</ele>
    <time>2025-04-04T23:36:46Z</time>
   </trkpt>
   <trkpt lat="-6.8492080" lon="109.0507290">
    <ele>4.9</ele>
    <time>2025-04-04T23:36:47Z</time>
   </trkpt>
   <trkpt lat="-6.8492410" lon="109.0507210">
    <ele>4.9</ele>
    <time>2025-04-04T23:36:48Z</time>
   </trkpt>
   <trkpt lat="-6.8492750" lon="109.0507140">
    <ele>4.9</ele>
    <time>2025-04-04T23:36:49Z</time>
   </trkpt>
   <trkpt lat="-6.8493090" lon="109.0507070">
    <ele>4.8</ele>
    <time>2025-04-04T23:36:50Z</time>
   </trkpt>
   <trkpt lat="-6.8493490" lon="109.0507010">
    <ele>4.8</ele>
    <time>2025-04-04T23:36:51Z</time>
   </trkpt>
   <trkpt lat="-6.8493880" lon="109.0506960">
    <ele>4.8</ele>
    <time>2025-04-04T23:36:52Z</time>
   </trkpt>
   <trkpt lat="-6.8494270" lon="109.0506900">
    <ele>4.8</ele>
    <time>2025-04-04T23:36:53Z</time>
   </trkpt>
   <trkpt lat="-6.8494620" lon="109.0506830">
    <ele>4.8</ele>
    <time>2025-04-04T23:36:54Z</time>
   </trkpt>
   <trkpt lat="-6.8494930" lon="109.0506740">
    <ele>4.8</ele>
    <time>2025-04-04T23:36:55Z</time>
   </trkpt>
   <trkpt lat="-6.8495280" lon="109.0506650">
    <ele>4.8</ele>
    <time>2025-04-04T23:36:56Z</time>
   </trkpt>
   <trkpt lat="-6.8495640" lon="109.0506550">
    <ele>4.8</ele>
    <time>2025-04-04T23:36:57Z</time>
   </trkpt>
   <trkpt lat="-6.8496020" lon="109.0506470">
    <ele>4.8</ele>
    <time>2025-04-04T23:36:58Z</time>
   </trkpt>
   <trkpt lat="-6.8496400" lon="109.0506380">
    <ele>4.8</ele>
    <time>2025-04-04T23:36:59Z</time>
   </trkpt>
   <trkpt lat="-6.8496810" lon="109.0506280">
    <ele>4.8</ele>
    <time>2025-04-04T23:37:00Z</time>
   </trkpt>
   <trkpt lat="-6.8497240" lon="109.0506190">
    <ele>4.8</ele>
    <time>2025-04-04T23:37:01Z</time>
   </trkpt>
   <trkpt lat="-6.8497660" lon="109.0506130">
    <ele>4.8</ele>
    <time>2025-04-04T23:37:02Z</time>
   </trkpt>
   <trkpt lat="-6.8497990" lon="109.0506100">
    <ele>4.8</ele>
    <time>2025-04-04T23:37:03Z</time>
   </trkpt>
   <trkpt lat="-6.8498300" lon="109.0506090">
    <ele>4.8</ele>
    <time>2025-04-04T23:37:04Z</time>
   </trkpt>
   <trkpt lat="-6.8498640" lon="109.0506070">
    <ele>4.8</ele>
    <time>2025-04-04T23:37:05Z</time>
   </trkpt>
   <trkpt lat="-6.8498990" lon="109.0506060">
    <ele>4.8</ele>
    <time>2025-04-04T23:37:06Z</time>
   </trkpt>
   <trkpt lat="-6.8499360" lon="109.0506000">
    <ele>4.7</ele>
    <time>2025-04-04T23:37:07Z</time>
   </trkpt>
   <trkpt lat="-6.8499770" lon="109.0505950">
    <ele>4.7</ele>
    <time>2025-04-04T23:37:08Z</time>
   </trkpt>
   <trkpt lat="-6.8500210" lon="109.0505880">
    <ele>4.7</ele>
    <time>2025-04-04T23:37:09Z</time>
   </trkpt>
   <trkpt lat="-6.8500600" lon="109.0505830">
    <ele>4.7</ele>
    <time>2025-04-04T23:37:10Z</time>
   </trkpt>
   <trkpt lat="-6.8501000" lon="109.0505820">
    <ele>4.7</ele>
    <time>2025-04-04T23:37:11Z</time>
   </trkpt>
   <trkpt lat="-6.8501360" lon="109.0505870">
    <ele>4.7</ele>
    <time>2025-04-04T23:37:12Z</time>
   </trkpt>
   <trkpt lat="-6.8501690" lon="109.0505890">
    <ele>4.7</ele>
    <time>2025-04-04T23:37:13Z</time>
   </trkpt>
   <trkpt lat="-6.8502030" lon="109.0505900">
    <ele>4.7</ele>
    <time>2025-04-04T23:37:14Z</time>
   </trkpt>
   <trkpt lat="-6.8502370" lon="109.0505850">
    <ele>4.7</ele>
    <time>2025-04-04T23:37:15Z</time>
   </trkpt>
   <trkpt lat="-6.8502650" lon="109.0505760">
    <ele>4.6</ele>
    <time>2025-04-04T23:37:16Z</time>
   </trkpt>
   <trkpt lat="-6.8502930" lon="109.0505680">
    <ele>4.6</ele>
    <time>2025-04-04T23:37:17Z</time>
   </trkpt>
   <trkpt lat="-6.8503320" lon="109.0505630">
    <ele>4.6</ele>
    <time>2025-04-04T23:37:18Z</time>
   </trkpt>
   <trkpt lat="-6.8503440" lon="109.0505610">
    <ele>4.6</ele>
    <time>2025-04-04T23:37:19Z</time>
   </trkpt>
   <trkpt lat="-6.8503850" lon="109.0505540">
    <ele>4.6</ele>
    <time>2025-04-04T23:37:20Z</time>
   </trkpt>
   <trkpt lat="-6.8503990" lon="109.0505540">
    <ele>4.6</ele>
    <time>2025-04-04T23:37:21Z</time>
   </trkpt>
   <trkpt lat="-6.8504300" lon="109.0505520">
    <ele>4.5</ele>
    <time>2025-04-04T23:37:22Z</time>
   </trkpt>
   <trkpt lat="-6.8504630" lon="109.0505480">
    <ele>4.5</ele>
    <time>2025-04-04T23:37:23Z</time>
   </trkpt>
   <trkpt lat="-6.8504970" lon="109.0505420">
    <ele>4.5</ele>
    <time>2025-04-04T23:37:24Z</time>
   </trkpt>
   <trkpt lat="-6.8505280" lon="109.0505360">
    <ele>4.5</ele>
    <time>2025-04-04T23:37:25Z</time>
   </trkpt>
   <trkpt lat="-6.8505590" lon="109.0505310">
    <ele>4.5</ele>
    <time>2025-04-04T23:37:26Z</time>
   </trkpt>
   <trkpt lat="-6.8506190" lon="109.0505230">
    <ele>4.5</ele>
    <time>2025-04-04T23:37:28Z</time>
   </trkpt>
   <trkpt lat="-6.8506490" lon="109.0505180">
    <ele>4.5</ele>
    <time>2025-04-04T23:37:29Z</time>
   </trkpt>
   <trkpt lat="-6.8506810" lon="109.0505150">
    <ele>4.5</ele>
    <time>2025-04-04T23:37:30Z</time>
   </trkpt>
   <trkpt lat="-6.8507160" lon="109.0505110">
    <ele>4.5</ele>
    <time>2025-04-04T23:37:31Z</time>
   </trkpt>
   <trkpt lat="-6.8507510" lon="109.0505040">
    <ele>4.5</ele>
    <time>2025-04-04T23:37:32Z</time>
   </trkpt>
   <trkpt lat="-6.8507850" lon="109.0504980">
    <ele>4.5</ele>
    <time>2025-04-04T23:37:33Z</time>
   </trkpt>
   <trkpt lat="-6.8508190" lon="109.0504920">
    <ele>4.5</ele>
    <time>2025-04-04T23:37:34Z</time>
   </trkpt>
   <trkpt lat="-6.8508510" lon="109.0504880">
    <ele>4.5</ele>
    <time>2025-04-04T23:37:35Z</time>
   </trkpt>
   <trkpt lat="-6.8508840" lon="109.0504840">
    <ele>4.5</ele>
    <time>2025-04-04T23:37:36Z</time>
   </trkpt>
   <trkpt lat="-6.8509190" lon="109.0504780">
    <ele>4.5</ele>
    <time>2025-04-04T23:37:37Z</time>
   </trkpt>
   <trkpt lat="-6.8509560" lon="109.0504710">
    <ele>4.5</ele>
    <time>2025-04-04T23:37:38Z</time>
   </trkpt>
   <trkpt lat="-6.8509930" lon="109.0504640">
    <ele>4.5</ele>
    <time>2025-04-04T23:37:39Z</time>
   </trkpt>
   <trkpt lat="-6.8510280" lon="109.0504580">
    <ele>4.5</ele>
    <time>2025-04-04T23:37:40Z</time>
   </trkpt>
   <trkpt lat="-6.8510620" lon="109.0504530">
    <ele>4.5</ele>
    <time>2025-04-04T23:37:41Z</time>
   </trkpt>
   <trkpt lat="-6.8510930" lon="109.0504470">
    <ele>4.5</ele>
    <time>2025-04-04T23:37:42Z</time>
   </trkpt>
   <trkpt lat="-6.8511280" lon="109.0504420">
    <ele>4.5</ele>
    <time>2025-04-04T23:37:43Z</time>
   </trkpt>
   <trkpt lat="-6.8511640" lon="109.0504370">
    <ele>4.5</ele>
    <time>2025-04-04T23:37:44Z</time>
   </trkpt>
   <trkpt lat="-6.8512000" lon="109.0504330">
    <ele>4.5</ele>
    <time>2025-04-04T23:37:45Z</time>
   </trkpt>
   <trkpt lat="-6.8512380" lon="109.0504290">
    <ele>4.5</ele>
    <time>2025-04-04T23:37:46Z</time>
   </trkpt>
   <trkpt lat="-6.8512770" lon="109.0504230">
    <ele>4.6</ele>
    <time>2025-04-04T23:37:47Z</time>
   </trkpt>
   <trkpt lat="-6.8513150" lon="109.0504140">
    <ele>4.6</ele>
    <time>2025-04-04T23:37:48Z</time>
   </trkpt>
   <trkpt lat="-6.8513520" lon="109.0504040">
    <ele>4.6</ele>
    <time>2025-04-04T23:37:49Z</time>
   </trkpt>
   <trkpt lat="-6.8513890" lon="109.0503980">
    <ele>4.6</ele>
    <time>2025-04-04T23:37:50Z</time>
   </trkpt>
   <trkpt lat="-6.8514250" lon="109.0503920">
    <ele>4.5</ele>
    <time>2025-04-04T23:37:51Z</time>
   </trkpt>
   <trkpt lat="-6.8514610" lon="109.0503850">
    <ele>4.5</ele>
    <time>2025-04-04T23:37:52Z</time>
   </trkpt>
   <trkpt lat="-6.8514930" lon="109.0503790">
    <ele>4.5</ele>
    <time>2025-04-04T23:37:53Z</time>
   </trkpt>
   <trkpt lat="-6.8515240" lon="109.0503740">
    <ele>4.5</ele>
    <time>2025-04-04T23:37:54Z</time>
   </trkpt>
   <trkpt lat="-6.8515580" lon="109.0503710">
    <ele>4.5</ele>
    <time>2025-04-04T23:37:55Z</time>
   </trkpt>
   <trkpt lat="-6.8515970" lon="109.0503670">
    <ele>4.5</ele>
    <time>2025-04-04T23:37:56Z</time>
   </trkpt>
   <trkpt lat="-6.8516380" lon="109.0503620">
    <ele>4.5</ele>
    <time>2025-04-04T23:37:57Z</time>
   </trkpt>
   <trkpt lat="-6.8516770" lon="109.0503550">
    <ele>4.5</ele>
    <time>2025-04-04T23:37:58Z</time>
   </trkpt>
   <trkpt lat="-6.8517100" lon="109.0503460">
    <ele>4.5</ele>
    <time>2025-04-04T23:37:59Z</time>
   </trkpt>
   <trkpt lat="-6.8517420" lon="109.0503330">
    <ele>4.5</ele>
    <time>2025-04-04T23:38:00Z</time>
   </trkpt>
   <trkpt lat="-6.8517770" lon="109.0503200">
    <ele>4.5</ele>
    <time>2025-04-04T23:38:01Z</time>
   </trkpt>
   <trkpt lat="-6.8518090" lon="109.0503110">
    <ele>4.5</ele>
    <time>2025-04-04T23:38:02Z</time>
   </trkpt>
   <trkpt lat="-6.8518380" lon="109.0503050">
    <ele>4.5</ele>
    <time>2025-04-04T23:38:03Z</time>
   </trkpt>
   <trkpt lat="-6.8518650" lon="109.0502990">
    <ele>4.5</ele>
    <time>2025-04-04T23:38:04Z</time>
   </trkpt>
   <trkpt lat="-6.8518930" lon="109.0502950">
    <ele>4.5</ele>
    <time>2025-04-04T23:38:05Z</time>
   </trkpt>
   <trkpt lat="-6.8519250" lon="109.0502910">
    <ele>4.5</ele>
    <time>2025-04-04T23:38:06Z</time>
   </trkpt>
   <trkpt lat="-6.8519590" lon="109.0502870">
    <ele>4.5</ele>
    <time>2025-04-04T23:38:07Z</time>
   </trkpt>
   <trkpt lat="-6.8519970" lon="109.0502790">
    <ele>4.5</ele>
    <time>2025-04-04T23:38:08Z</time>
   </trkpt>
   <trkpt lat="-6.8520420" lon="109.0502650">
    <ele>4.5</ele>
    <time>2025-04-04T23:38:09Z</time>
   </trkpt>
   <trkpt lat="-6.8520830" lon="109.0502530">
    <ele>4.5</ele>
    <time>2025-04-04T23:38:10Z</time>
   </trkpt>
   <trkpt lat="-6.8521210" lon="109.0502440">
    <ele>4.5</ele>
    <time>2025-04-04T23:38:11Z</time>
   </trkpt>
   <trkpt lat="-6.8521580" lon="109.0502380">
    <ele>4.5</ele>
    <time>2025-04-04T23:38:12Z</time>
   </trkpt>
   <trkpt lat="-6.8521980" lon="109.0502300">
    <ele>4.5</ele>
    <time>2025-04-04T23:38:13Z</time>
   </trkpt>
   <trkpt lat="-6.8522390" lon="109.0502230">
    <ele>4.5</ele>
    <time>2025-04-04T23:38:14Z</time>
   </trkpt>
   <trkpt lat="-6.8522760" lon="109.0502140">
    <ele>4.5</ele>
    <time>2025-04-04T23:38:15Z</time>
   </trkpt>
   <trkpt lat="-6.8523120" lon="109.0502050">
    <ele>4.5</ele>
    <time>2025-04-04T23:38:16Z</time>
   </trkpt>
   <trkpt lat="-6.8523470" lon="109.0502000">
    <ele>4.5</ele>
    <time>2025-04-04T23:38:17Z</time>
   </trkpt>
   <trkpt lat="-6.8523840" lon="109.0501970">
    <ele>4.5</ele>
    <time>2025-04-04T23:38:18Z</time>
   </trkpt>
   <trkpt lat="-6.8524220" lon="109.0501940">
    <ele>4.5</ele>
    <time>2025-04-04T23:38:19Z</time>
   </trkpt>
   <trkpt lat="-6.8524630" lon="109.0501860">
    <ele>4.5</ele>
    <time>2025-04-04T23:38:20Z</time>
   </trkpt>
   <trkpt lat="-6.8525000" lon="109.0501770">
    <ele>4.5</ele>
    <time>2025-04-04T23:38:21Z</time>
   </trkpt>
   <trkpt lat="-6.8525410" lon="109.0501680">
    <ele>4.5</ele>
    <time>2025-04-04T23:38:22Z</time>
   </trkpt>
   <trkpt lat="-6.8525780" lon="109.0501600">
    <ele>4.5</ele>
    <time>2025-04-04T23:38:23Z</time>
   </trkpt>
   <trkpt lat="-6.8526120" lon="109.0501520">
    <ele>4.5</ele>
    <time>2025-04-04T23:38:24Z</time>
   </trkpt>
   <trkpt lat="-6.8526450" lon="109.0501460">
    <ele>4.5</ele>
    <time>2025-04-04T23:38:25Z</time>
   </trkpt>
   <trkpt lat="-6.8526780" lon="109.0501400">
    <ele>4.4</ele>
    <time>2025-04-04T23:38:26Z</time>
   </trkpt>
   <trkpt lat="-6.8527130" lon="109.0501340">
    <ele>4.4</ele>
    <time>2025-04-04T23:38:27Z</time>
   </trkpt>
   <trkpt lat="-6.8527470" lon="109.0501270">
    <ele>4.4</ele>
    <time>2025-04-04T23:38:28Z</time>
   </trkpt>
   <trkpt lat="-6.8527800" lon="109.0501210">
    <ele>4.4</ele>
    <time>2025-04-04T23:38:29Z</time>
   </trkpt>
   <trkpt lat="-6.8528130" lon="109.0501150">
    <ele>4.4</ele>
    <time>2025-04-04T23:38:30Z</time>
   </trkpt>
   <trkpt lat="-6.8528430" lon="109.0501090">
    <ele>4.4</ele>
    <time>2025-04-04T23:38:31Z</time>
   </trkpt>
   <trkpt lat="-6.8528760" lon="109.0501030">
    <ele>4.4</ele>
    <time>2025-04-04T23:38:32Z</time>
   </trkpt>
   <trkpt lat="-6.8529070" lon="109.0500940">
    <ele>4.4</ele>
    <time>2025-04-04T23:38:33Z</time>
   </trkpt>
   <trkpt lat="-6.8529410" lon="109.0500870">
    <ele>4.4</ele>
    <time>2025-04-04T23:38:34Z</time>
   </trkpt>
   <trkpt lat="-6.8529770" lon="109.0500820">
    <ele>4.4</ele>
    <time>2025-04-04T23:38:35Z</time>
   </trkpt>
   <trkpt lat="-6.8530150" lon="109.0500740">
    <ele>4.4</ele>
    <time>2025-04-04T23:38:36Z</time>
   </trkpt>
   <trkpt lat="-6.8530620" lon="109.0500640">
    <ele>4.4</ele>
    <time>2025-04-04T23:38:37Z</time>
   </trkpt>
   <trkpt lat="-6.8531060" lon="109.0500560">
    <ele>4.5</ele>
    <time>2025-04-04T23:38:38Z</time>
   </trkpt>
   <trkpt lat="-6.8531480" lon="109.0500490">
    <ele>4.5</ele>
    <time>2025-04-04T23:38:39Z</time>
   </trkpt>
   <trkpt lat="-6.8531880" lon="109.0500440">
    <ele>4.5</ele>
    <time>2025-04-04T23:38:40Z</time>
   </trkpt>
   <trkpt lat="-6.8532250" lon="109.0500390">
    <ele>4.5</ele>
    <time>2025-04-04T23:38:41Z</time>
   </trkpt>
   <trkpt lat="-6.8532640" lon="109.0500350">
    <ele>4.5</ele>
    <time>2025-04-04T23:38:42Z</time>
   </trkpt>
   <trkpt lat="-6.8533010" lon="109.0500300">
    <ele>4.5</ele>
    <time>2025-04-04T23:38:43Z</time>
   </trkpt>
   <trkpt lat="-6.8533380" lon="109.0500240">
    <ele>4.5</ele>
    <time>2025-04-04T23:38:44Z</time>
   </trkpt>
   <trkpt lat="-6.8533700" lon="109.0500170">
    <ele>4.5</ele>
    <time>2025-04-04T23:38:45Z</time>
   </trkpt>
   <trkpt lat="-6.8534020" lon="109.0500100">
    <ele>4.5</ele>
    <time>2025-04-04T23:38:46Z</time>
   </trkpt>
   <trkpt lat="-6.8534360" lon="109.0500040">
    <ele>4.5</ele>
    <time>2025-04-04T23:38:47Z</time>
   </trkpt>
   <trkpt lat="-6.8534700" lon="109.0499970">
    <ele>4.4</ele>
    <time>2025-04-04T23:38:48Z</time>
   </trkpt>
   <trkpt lat="-6.8535060" lon="109.0499920">
    <ele>4.4</ele>
    <time>2025-04-04T23:38:49Z</time>
   </trkpt>
   <trkpt lat="-6.8535420" lon="109.0499880">
    <ele>4.4</ele>
    <time>2025-04-04T23:38:50Z</time>
   </trkpt>
   <trkpt lat="-6.8535720" lon="109.0499830">
    <ele>4.4</ele>
    <time>2025-04-04T23:38:51Z</time>
   </trkpt>
   <trkpt lat="-6.8536060" lon="109.0499770">
    <ele>4.4</ele>
    <time>2025-04-04T23:38:52Z</time>
   </trkpt>
   <trkpt lat="-6.8536370" lon="109.0499690">
    <ele>4.4</ele>
    <time>2025-04-04T23:38:53Z</time>
   </trkpt>
   <trkpt lat="-6.8536700" lon="109.0499590">
    <ele>4.3</ele>
    <time>2025-04-04T23:38:54Z</time>
   </trkpt>
   <trkpt lat="-6.8537040" lon="109.0499500">
    <ele>4.3</ele>
    <time>2025-04-04T23:38:55Z</time>
   </trkpt>
   <trkpt lat="-6.8537350" lon="109.0499420">
    <ele>4.3</ele>
    <time>2025-04-04T23:38:56Z</time>
   </trkpt>
   <trkpt lat="-6.8537670" lon="109.0499370">
    <ele>4.3</ele>
    <time>2025-04-04T23:38:57Z</time>
   </trkpt>
   <trkpt lat="-6.8537990" lon="109.0499320">
    <ele>4.3</ele>
    <time>2025-04-04T23:38:58Z</time>
   </trkpt>
   <trkpt lat="-6.8538340" lon="109.0499260">
    <ele>4.3</ele>
    <time>2025-04-04T23:38:59Z</time>
   </trkpt>
   <trkpt lat="-6.8538690" lon="109.0499180">
    <ele>4.3</ele>
    <time>2025-04-04T23:39:00Z</time>
   </trkpt>
   <trkpt lat="-6.8539100" lon="109.0499090">
    <ele>4.3</ele>
    <time>2025-04-04T23:39:01Z</time>
   </trkpt>
   <trkpt lat="-6.8539530" lon="109.0498990">
    <ele>4.3</ele>
    <time>2025-04-04T23:39:02Z</time>
   </trkpt>
   <trkpt lat="-6.8539950" lon="109.0498890">
    <ele>4.3</ele>
    <time>2025-04-04T23:39:03Z</time>
   </trkpt>
   <trkpt lat="-6.8540340" lon="109.0498820">
    <ele>4.3</ele>
    <time>2025-04-04T23:39:04Z</time>
   </trkpt>
   <trkpt lat="-6.8540700" lon="109.0498770">
    <ele>4.3</ele>
    <time>2025-04-04T23:39:05Z</time>
   </trkpt>
   <trkpt lat="-6.8540990" lon="109.0498710">
    <ele>4.3</ele>
    <time>2025-04-04T23:39:06Z</time>
   </trkpt>
   <trkpt lat="-6.8541310" lon="109.0498620">
    <ele>4.3</ele>
    <time>2025-04-04T23:39:07Z</time>
   </trkpt>
   <trkpt lat="-6.8541610" lon="109.0498490">
    <ele>4.3</ele>
    <time>2025-04-04T23:39:08Z</time>
   </trkpt>
   <trkpt lat="-6.8541890" lon="109.0498360">
    <ele>4.3</ele>
    <time>2025-04-04T23:39:09Z</time>
   </trkpt>
   <trkpt lat="-6.8542190" lon="109.0498270">
    <ele>4.3</ele>
    <time>2025-04-04T23:39:10Z</time>
   </trkpt>
   <trkpt lat="-6.8542520" lon="109.0498200">
    <ele>4.3</ele>
    <time>2025-04-04T23:39:11Z</time>
   </trkpt>
   <trkpt lat="-6.8542860" lon="109.0498120">
    <ele>4.3</ele>
    <time>2025-04-04T23:39:12Z</time>
   </trkpt>
   <trkpt lat="-6.8543230" lon="109.0498020">
    <ele>4.3</ele>
    <time>2025-04-04T23:39:13Z</time>
   </trkpt>
   <trkpt lat="-6.8543570" lon="109.0497920">
    <ele>4.3</ele>
    <time>2025-04-04T23:39:14Z</time>
   </trkpt>
   <trkpt lat="-6.8543890" lon="109.0497830">
    <ele>4.3</ele>
    <time>2025-04-04T23:39:15Z</time>
   </trkpt>
   <trkpt lat="-6.8544210" lon="109.0497740">
    <ele>4.3</ele>
    <time>2025-04-04T23:39:16Z</time>
   </trkpt>
   <trkpt lat="-6.8544530" lon="109.0497630">
    <ele>4.3</ele>
    <time>2025-04-04T23:39:17Z</time>
   </trkpt>
   <trkpt lat="-6.8544950" lon="109.0497520">
    <ele>4.3</ele>
    <time>2025-04-04T23:39:18Z</time>
   </trkpt>
   <trkpt lat="-6.8545360" lon="109.0497420">
    <ele>4.3</ele>
    <time>2025-04-04T23:39:19Z</time>
   </trkpt>
   <trkpt lat="-6.8545790" lon="109.0497330">
    <ele>4.2</ele>
    <time>2025-04-04T23:39:20Z</time>
   </trkpt>
   <trkpt lat="-6.8546200" lon="109.0497240">
    <ele>4.2</ele>
    <time>2025-04-04T23:39:21Z</time>
   </trkpt>
   <trkpt lat="-6.8546600" lon="109.0497140">
    <ele>4.2</ele>
    <time>2025-04-04T23:39:22Z</time>
   </trkpt>
   <trkpt lat="-6.8546950" lon="109.0497050">
    <ele>4.2</ele>
    <time>2025-04-04T23:39:23Z</time>
   </trkpt>
   <trkpt lat="-6.8547290" lon="109.0496960">
    <ele>4.2</ele>
    <time>2025-04-04T23:39:24Z</time>
   </trkpt>
   <trkpt lat="-6.8547610" lon="109.0496870">
    <ele>4.2</ele>
    <time>2025-04-04T23:39:25Z</time>
   </trkpt>
   <trkpt lat="-6.8547940" lon="109.0496780">
    <ele>4.2</ele>
    <time>2025-04-04T23:39:26Z</time>
   </trkpt>
   <trkpt lat="-6.8548340" lon="109.0496710">
    <ele>4.2</ele>
    <time>2025-04-04T23:39:27Z</time>
   </trkpt>
   <trkpt lat="-6.8548750" lon="109.0496640">
    <ele>4.2</ele>
    <time>2025-04-04T23:39:28Z</time>
   </trkpt>
   <trkpt lat="-6.8549190" lon="109.0496560">
    <ele>4.2</ele>
    <time>2025-04-04T23:39:29Z</time>
   </trkpt>
   <trkpt lat="-6.8549590" lon="109.0496470">
    <ele>4.2</ele>
    <time>2025-04-04T23:39:30Z</time>
   </trkpt>
   <trkpt lat="-6.8549990" lon="109.0496390">
    <ele>4.2</ele>
    <time>2025-04-04T23:39:31Z</time>
   </trkpt>
   <trkpt lat="-6.8550350" lon="109.0496310">
    <ele>4.2</ele>
    <time>2025-04-04T23:39:32Z</time>
   </trkpt>
   <trkpt lat="-6.8550700" lon="109.0496230">
    <ele>4.1</ele>
    <time>2025-04-04T23:39:33Z</time>
   </trkpt>
   <trkpt lat="-6.8551050" lon="109.0496140">
    <ele>4.1</ele>
    <time>2025-04-04T23:39:34Z</time>
   </trkpt>
   <trkpt lat="-6.8551420" lon="109.0496050">
    <ele>4.1</ele>
    <time>2025-04-04T23:39:35Z</time>
   </trkpt>
   <trkpt lat="-6.8551820" lon="109.0495970">
    <ele>4.1</ele>
    <time>2025-04-04T23:39:36Z</time>
   </trkpt>
   <trkpt lat="-6.8552200" lon="109.0495880">
    <ele>4.1</ele>
    <time>2025-04-04T23:39:37Z</time>
   </trkpt>
   <trkpt lat="-6.8552570" lon="109.0495800">
    <ele>4.1</ele>
    <time>2025-04-04T23:39:38Z</time>
   </trkpt>
   <trkpt lat="-6.8552890" lon="109.0495740">
    <ele>4.1</ele>
    <time>2025-04-04T23:39:39Z</time>
   </trkpt>
   <trkpt lat="-6.8553210" lon="109.0495650">
    <ele>4.1</ele>
    <time>2025-04-04T23:39:40Z</time>
   </trkpt>
   <trkpt lat="-6.8553560" lon="109.0495550">
    <ele>4.1</ele>
    <time>2025-04-04T23:39:41Z</time>
   </trkpt>
   <trkpt lat="-6.8553940" lon="109.0495470">
    <ele>4.2</ele>
    <time>2025-04-04T23:39:42Z</time>
   </trkpt>
   <trkpt lat="-6.8554320" lon="109.0495390">
    <ele>4.2</ele>
    <time>2025-04-04T23:39:43Z</time>
   </trkpt>
   <trkpt lat="-6.8554670" lon="109.0495350">
    <ele>4.2</ele>
    <time>2025-04-04T23:39:44Z</time>
   </trkpt>
   <trkpt lat="-6.8555030" lon="109.0495300">
    <ele>4.2</ele>
    <time>2025-04-04T23:39:45Z</time>
   </trkpt>
   <trkpt lat="-6.8555400" lon="109.0495250">
    <ele>4.2</ele>
    <time>2025-04-04T23:39:46Z</time>
   </trkpt>
   <trkpt lat="-6.8555740" lon="109.0495190">
    <ele>4.2</ele>
    <time>2025-04-04T23:39:47Z</time>
   </trkpt>
   <trkpt lat="-6.8556050" lon="109.0495110">
    <ele>4.2</ele>
    <time>2025-04-04T23:39:48Z</time>
   </trkpt>
   <trkpt lat="-6.8556360" lon="109.0495040">
    <ele>4.2</ele>
    <time>2025-04-04T23:39:49Z</time>
   </trkpt>
   <trkpt lat="-6.8556700" lon="109.0494990">
    <ele>4.2</ele>
    <time>2025-04-04T23:39:50Z</time>
   </trkpt>
   <trkpt lat="-6.8557030" lon="109.0494950">
    <ele>4.2</ele>
    <time>2025-04-04T23:39:51Z</time>
   </trkpt>
   <trkpt lat="-6.8557400" lon="109.0494910">
    <ele>4.2</ele>
    <time>2025-04-04T23:39:52Z</time>
   </trkpt>
   <trkpt lat="-6.8557790" lon="109.0494860">
    <ele>4.2</ele>
    <time>2025-04-04T23:39:53Z</time>
   </trkpt>
   <trkpt lat="-6.8558190" lon="109.0494790">
    <ele>4.2</ele>
    <time>2025-04-04T23:39:54Z</time>
   </trkpt>
   <trkpt lat="-6.8558580" lon="109.0494730">
    <ele>4.2</ele>
    <time>2025-04-04T23:39:55Z</time>
   </trkpt>
   <trkpt lat="-6.8558990" lon="109.0494670">
    <ele>4.2</ele>
    <time>2025-04-04T23:39:56Z</time>
   </trkpt>
   <trkpt lat="-6.8559320" lon="109.0494650">
    <ele>4.2</ele>
    <time>2025-04-04T23:39:57Z</time>
   </trkpt>
   <trkpt lat="-6.8559630" lon="109.0494630">
    <ele>4.2</ele>
    <time>2025-04-04T23:39:58Z</time>
   </trkpt>
   <trkpt lat="-6.8559920" lon="109.0494610">
    <ele>4.2</ele>
    <time>2025-04-04T23:39:59Z</time>
   </trkpt>
   <trkpt lat="-6.8560250" lon="109.0494570">
    <ele>4.2</ele>
    <time>2025-04-04T23:40:00Z</time>
   </trkpt>
   <trkpt lat="-6.8560580" lon="109.0494500">
    <ele>4.2</ele>
    <time>2025-04-04T23:40:01Z</time>
   </trkpt>
   <trkpt lat="-6.8560930" lon="109.0494430">
    <ele>4.2</ele>
    <time>2025-04-04T23:40:02Z</time>
   </trkpt>
   <trkpt lat="-6.8561280" lon="109.0494360">
    <ele>4.2</ele>
    <time>2025-04-04T23:40:03Z</time>
   </trkpt>
   <trkpt lat="-6.8561670" lon="109.0494300">
    <ele>4.2</ele>
    <time>2025-04-04T23:40:04Z</time>
   </trkpt>
   <trkpt lat="-6.8562040" lon="109.0494250">
    <ele>4.2</ele>
    <time>2025-04-04T23:40:05Z</time>
   </trkpt>
   <trkpt lat="-6.8562430" lon="109.0494200">
    <ele>4.2</ele>
    <time>2025-04-04T23:40:06Z</time>
   </trkpt>
   <trkpt lat="-6.8562820" lon="109.0494170">
    <ele>4.2</ele>
    <time>2025-04-04T23:40:07Z</time>
   </trkpt>
   <trkpt lat="-6.8563160" lon="109.0494130">
    <ele>4.2</ele>
    <time>2025-04-04T23:40:08Z</time>
   </trkpt>
   <trkpt lat="-6.8563490" lon="109.0494090">
    <ele>4.3</ele>
    <time>2025-04-04T23:40:09Z</time>
   </trkpt>
   <trkpt lat="-6.8563820" lon="109.0494070">
    <ele>4.3</ele>
    <time>2025-04-04T23:40:10Z</time>
   </trkpt>
   <trkpt lat="-6.8564180" lon="109.0494060">
    <ele>4.3</ele>
    <time>2025-04-04T23:40:11Z</time>
   </trkpt>
   <trkpt lat="-6.8564560" lon="109.0494060">
    <ele>4.3</ele>
    <time>2025-04-04T23:40:12Z</time>
   </trkpt>
   <trkpt lat="-6.8564930" lon="109.0494060">
    <ele>4.3</ele>
    <time>2025-04-04T23:40:13Z</time>
   </trkpt>
   <trkpt lat="-6.8565290" lon="109.0494050">
    <ele>4.3</ele>
    <time>2025-04-04T23:40:14Z</time>
   </trkpt>
   <trkpt lat="-6.8565630" lon="109.0494010">
    <ele>4.3</ele>
    <time>2025-04-04T23:40:15Z</time>
   </trkpt>
   <trkpt lat="-6.8565940" lon="109.0493980">
    <ele>4.3</ele>
    <time>2025-04-04T23:40:16Z</time>
   </trkpt>
   <trkpt lat="-6.8566290" lon="109.0493950">
    <ele>4.3</ele>
    <time>2025-04-04T23:40:17Z</time>
   </trkpt>
   <trkpt lat="-6.8566690" lon="109.0493920">
    <ele>4.3</ele>
    <time>2025-04-04T23:40:18Z</time>
   </trkpt>
   <trkpt lat="-6.8567040" lon="109.0493880">
    <ele>4.3</ele>
    <time>2025-04-04T23:40:19Z</time>
   </trkpt>
   <trkpt lat="-6.8567380" lon="109.0493830">
    <ele>4.3</ele>
    <time>2025-04-04T23:40:20Z</time>
   </trkpt>
   <trkpt lat="-6.8567700" lon="109.0493810">
    <ele>4.2</ele>
    <time>2025-04-04T23:40:21Z</time>
   </trkpt>
   <trkpt lat="-6.8568000" lon="109.0493780">
    <ele>4.2</ele>
    <time>2025-04-04T23:40:22Z</time>
   </trkpt>
   <trkpt lat="-6.8568280" lon="109.0493750">
    <ele>4.2</ele>
    <time>2025-04-04T23:40:23Z</time>
   </trkpt>
   <trkpt lat="-6.8568560" lon="109.0493710">
    <ele>4.2</ele>
    <time>2025-04-04T23:40:24Z</time>
   </trkpt>
   <trkpt lat="-6.8568880" lon="109.0493640">
    <ele>4.2</ele>
    <time>2025-04-04T23:40:25Z</time>
   </trkpt>
   <trkpt lat="-6.8569260" lon="109.0493570">
    <ele>4.1</ele>
    <time>2025-04-04T23:40:26Z</time>
   </trkpt>
   <trkpt lat="-6.8569680" lon="109.0493480">
    <ele>4.1</ele>
    <time>2025-04-04T23:40:27Z</time>
   </trkpt>
   <trkpt lat="-6.8570090" lon="109.0493380">
    <ele>4.1</ele>
    <time>2025-04-04T23:40:28Z</time>
   </trkpt>
   <trkpt lat="-6.8570520" lon="109.0493290">
    <ele>4.0</ele>
    <time>2025-04-04T23:40:29Z</time>
   </trkpt>
   <trkpt lat="-6.8570920" lon="109.0493190">
    <ele>4.0</ele>
    <time>2025-04-04T23:40:30Z</time>
   </trkpt>
   <trkpt lat="-6.8571310" lon="109.0493090">
    <ele>4.0</ele>
    <time>2025-04-04T23:40:31Z</time>
   </trkpt>
   <trkpt lat="-6.8571720" lon="109.0493000">
    <ele>4.0</ele>
    <time>2025-04-04T23:40:32Z</time>
   </trkpt>
   <trkpt lat="-6.8572120" lon="109.0492920">
    <ele>4.0</ele>
    <time>2025-04-04T23:40:33Z</time>
   </trkpt>
   <trkpt lat="-6.8572490" lon="109.0492840">
    <ele>4.0</ele>
    <time>2025-04-04T23:40:34Z</time>
   </trkpt>
   <trkpt lat="-6.8572800" lon="109.0492790">
    <ele>4.0</ele>
    <time>2025-04-04T23:40:35Z</time>
   </trkpt>
   <trkpt lat="-6.8573190" lon="109.0492730">
    <ele>4.0</ele>
    <time>2025-04-04T23:40:36Z</time>
   </trkpt>
   <trkpt lat="-6.8573550" lon="109.0492680">
    <ele>4.0</ele>
    <time>2025-04-04T23:40:37Z</time>
   </trkpt>
   <trkpt lat="-6.8573870" lon="109.0492610">
    <ele>4.0</ele>
    <time>2025-04-04T23:40:38Z</time>
   </trkpt>
   <trkpt lat="-6.8574200" lon="109.0492530">
    <ele>4.0</ele>
    <time>2025-04-04T23:40:39Z</time>
   </trkpt>
   <trkpt lat="-6.8574500" lon="109.0492440">
    <ele>4.0</ele>
    <time>2025-04-04T23:40:40Z</time>
   </trkpt>
   <trkpt lat="-6.8574770" lon="109.0492350">
    <ele>4.0</ele>
    <time>2025-04-04T23:40:41Z</time>
   </trkpt>
   <trkpt lat="-6.8575070" lon="109.0492250">
    <ele>4.0</ele>
    <time>2025-04-04T23:40:42Z</time>
   </trkpt>
   <trkpt lat="-6.8575380" lon="109.0492150">
    <ele>4.0</ele>
    <time>2025-04-04T23:40:43Z</time>
   </trkpt>
   <trkpt lat="-6.8575680" lon="109.0492050">
    <ele>4.0</ele>
    <time>2025-04-04T23:40:44Z</time>
   </trkpt>
   <trkpt lat="-6.8576030" lon="109.0491940">
    <ele>4.0</ele>
    <time>2025-04-04T23:40:45Z</time>
   </trkpt>
   <trkpt lat="-6.8576440" lon="109.0491830">
    <ele>4.0</ele>
    <time>2025-04-04T23:40:46Z</time>
   </trkpt>
   <trkpt lat="-6.8576830" lon="109.0491710">
    <ele>4.0</ele>
    <time>2025-04-04T23:40:47Z</time>
   </trkpt>
   <trkpt lat="-6.8577140" lon="109.0491620">
    <ele>4.0</ele>
    <time>2025-04-04T23:40:48Z</time>
   </trkpt>
   <trkpt lat="-6.8577490" lon="109.0491530">
    <ele>4.0</ele>
    <time>2025-04-04T23:40:49Z</time>
   </trkpt>
   <trkpt lat="-6.8577830" lon="109.0491460">
    <ele>4.0</ele>
    <time>2025-04-04T23:40:50Z</time>
   </trkpt>
   <trkpt lat="-6.8578140" lon="109.0491410">
    <ele>4.0</ele>
    <time>2025-04-04T23:40:51Z</time>
   </trkpt>
   <trkpt lat="-6.8578440" lon="109.0491360">
    <ele>4.0</ele>
    <time>2025-04-04T23:40:52Z</time>
   </trkpt>
   <trkpt lat="-6.8578730" lon="109.0491290">
    <ele>4.0</ele>
    <time>2025-04-04T23:40:53Z</time>
   </trkpt>
   <trkpt lat="-6.8579030" lon="109.0491220">
    <ele>4.0</ele>
    <time>2025-04-04T23:40:54Z</time>
   </trkpt>
   <trkpt lat="-6.8579400" lon="109.0491120">
    <ele>4.0</ele>
    <time>2025-04-04T23:40:55Z</time>
   </trkpt>
   <trkpt lat="-6.8579770" lon="109.0491030">
    <ele>4.0</ele>
    <time>2025-04-04T23:40:56Z</time>
   </trkpt>
   <trkpt lat="-6.8580100" lon="109.0490980">
    <ele>4.0</ele>
    <time>2025-04-04T23:40:57Z</time>
   </trkpt>
   <trkpt lat="-6.8580490" lon="109.0490980">
    <ele>4.0</ele>
    <time>2025-04-04T23:40:58Z</time>
   </trkpt>
   <trkpt lat="-6.8580920" lon="109.0491030">
    <ele>4.0</ele>
    <time>2025-04-04T23:40:59Z</time>
   </trkpt>
   <trkpt lat="-6.8581360" lon="109.0491070">
    <ele>4.1</ele>
    <time>2025-04-04T23:41:00Z</time>
   </trkpt>
   <trkpt lat="-6.8581810" lon="109.0491040">
    <ele>4.1</ele>
    <time>2025-04-04T23:41:01Z</time>
   </trkpt>
   <trkpt lat="-6.8582270" lon="109.0491000">
    <ele>4.1</ele>
    <time>2025-04-04T23:41:02Z</time>
   </trkpt>
   <trkpt lat="-6.8582680" lon="109.0490930">
    <ele>4.2</ele>
    <time>2025-04-04T23:41:03Z</time>
   </trkpt>
   <trkpt lat="-6.8583020" lon="109.0490860">
    <ele>4.2</ele>
    <time>2025-04-04T23:41:04Z</time>
   </trkpt>
   <trkpt lat="-6.8583330" lon="109.0490800">
    <ele>4.2</ele>
    <time>2025-04-04T23:41:05Z</time>
   </trkpt>
   <trkpt lat="-6.8583660" lon="109.0490750">
    <ele>4.2</ele>
    <time>2025-04-04T23:41:06Z</time>
   </trkpt>
   <trkpt lat="-6.8583990" lon="109.0490680">
    <ele>4.3</ele>
    <time>2025-04-04T23:41:07Z</time>
   </trkpt>
   <trkpt lat="-6.8584340" lon="109.0490610">
    <ele>4.3</ele>
    <time>2025-04-04T23:41:08Z</time>
   </trkpt>
   <trkpt lat="-6.8584680" lon="109.0490530">
    <ele>4.3</ele>
    <time>2025-04-04T23:41:09Z</time>
   </trkpt>
   <trkpt lat="-6.8585020" lon="109.0490440">
    <ele>4.3</ele>
    <time>2025-04-04T23:41:10Z</time>
   </trkpt>
   <trkpt lat="-6.8585330" lon="109.0490350">
    <ele>4.3</ele>
    <time>2025-04-04T23:41:11Z</time>
   </trkpt>
   <trkpt lat="-6.8585650" lon="109.0490280">
    <ele>4.3</ele>
    <time>2025-04-04T23:41:12Z</time>
   </trkpt>
   <trkpt lat="-6.8585980" lon="109.0490210">
    <ele>4.3</ele>
    <time>2025-04-04T23:41:13Z</time>
   </trkpt>
   <trkpt lat="-6.8586300" lon="109.0490130">
    <ele>4.3</ele>
    <time>2025-04-04T23:41:14Z</time>
   </trkpt>
   <trkpt lat="-6.8586560" lon="109.0490030">
    <ele>4.4</ele>
    <time>2025-04-04T23:41:15Z</time>
   </trkpt>
   <trkpt lat="-6.8586840" lon="109.0489920">
    <ele>4.4</ele>
    <time>2025-04-04T23:41:16Z</time>
   </trkpt>
   <trkpt lat="-6.8587110" lon="109.0489820">
    <ele>4.4</ele>
    <time>2025-04-04T23:41:17Z</time>
   </trkpt>
   <trkpt lat="-6.8587410" lon="109.0489720">
    <ele>4.4</ele>
    <time>2025-04-04T23:41:18Z</time>
   </trkpt>
   <trkpt lat="-6.8587720" lon="109.0489610">
    <ele>4.4</ele>
    <time>2025-04-04T23:41:19Z</time>
   </trkpt>
   <trkpt lat="-6.8588060" lon="109.0489490">
    <ele>4.4</ele>
    <time>2025-04-04T23:41:20Z</time>
   </trkpt>
   <trkpt lat="-6.8588340" lon="109.0489380">
    <ele>4.4</ele>
    <time>2025-04-04T23:41:21Z</time>
   </trkpt>
   <trkpt lat="-6.8588660" lon="109.0489280">
    <ele>4.4</ele>
    <time>2025-04-04T23:41:22Z</time>
   </trkpt>
   <trkpt lat="-6.8589010" lon="109.0489180">
    <ele>4.4</ele>
    <time>2025-04-04T23:41:23Z</time>
   </trkpt>
   <trkpt lat="-6.8589350" lon="109.0489080">
    <ele>4.4</ele>
    <time>2025-04-04T23:41:24Z</time>
   </trkpt>
   <trkpt lat="-6.8589670" lon="109.0489000">
    <ele>4.4</ele>
    <time>2025-04-04T23:41:25Z</time>
   </trkpt>
   <trkpt lat="-6.8589980" lon="109.0488950">
    <ele>4.4</ele>
    <time>2025-04-04T23:41:26Z</time>
   </trkpt>
   <trkpt lat="-6.8590300" lon="109.0488890">
    <ele>4.4</ele>
    <time>2025-04-04T23:41:27Z</time>
   </trkpt>
   <trkpt lat="-6.8590640" lon="109.0488770">
    <ele>4.4</ele>
    <time>2025-04-04T23:41:28Z</time>
   </trkpt>
   <trkpt lat="-6.8590980" lon="109.0488620">
    <ele>4.4</ele>
    <time>2025-04-04T23:41:29Z</time>
   </trkpt>
   <trkpt lat="-6.8591360" lon="109.0488490">
    <ele>4.5</ele>
    <time>2025-04-04T23:41:30Z</time>
   </trkpt>
   <trkpt lat="-6.8591770" lon="109.0488380">
    <ele>4.5</ele>
    <time>2025-04-04T23:41:31Z</time>
   </trkpt>
   <trkpt lat="-6.8592160" lon="109.0488310">
    <ele>4.5</ele>
    <time>2025-04-04T23:41:32Z</time>
   </trkpt>
   <trkpt lat="-6.8592520" lon="109.0488270">
    <ele>4.5</ele>
    <time>2025-04-04T23:41:33Z</time>
   </trkpt>
   <trkpt lat="-6.8592840" lon="109.0488230">
    <ele>4.5</ele>
    <time>2025-04-04T23:41:34Z</time>
   </trkpt>
   <trkpt lat="-6.8593170" lon="109.0488180">
    <ele>4.5</ele>
    <time>2025-04-04T23:41:35Z</time>
   </trkpt>
   <trkpt lat="-6.8593550" lon="109.0488140">
    <ele>4.5</ele>
    <time>2025-04-04T23:41:36Z</time>
   </trkpt>
   <trkpt lat="-6.8593930" lon="109.0488100">
    <ele>4.5</ele>
    <time>2025-04-04T23:41:37Z</time>
   </trkpt>
   <trkpt lat="-6.8594250" lon="109.0488080">
    <ele>4.5</ele>
    <time>2025-04-04T23:41:38Z</time>
   </trkpt>
   <trkpt lat="-6.8594530" lon="109.0488060">
    <ele>4.5</ele>
    <time>2025-04-04T23:41:39Z</time>
   </trkpt>
   <trkpt lat="-6.8594820" lon="109.0488020">
    <ele>4.5</ele>
    <time>2025-04-04T23:41:40Z</time>
   </trkpt>
   <trkpt lat="-6.8595100" lon="109.0487990">
    <ele>4.5</ele>
    <time>2025-04-04T23:41:41Z</time>
   </trkpt>
   <trkpt lat="-6.8595410" lon="109.0487930">
    <ele>4.5</ele>
    <time>2025-04-04T23:41:42Z</time>
   </trkpt>
   <trkpt lat="-6.8595770" lon="109.0487850">
    <ele>4.5</ele>
    <time>2025-04-04T23:41:43Z</time>
   </trkpt>
   <trkpt lat="-6.8596160" lon="109.0487790">
    <ele>4.5</ele>
    <time>2025-04-04T23:41:44Z</time>
   </trkpt>
   <trkpt lat="-6.8596550" lon="109.0487730">
    <ele>4.5</ele>
    <time>2025-04-04T23:41:45Z</time>
   </trkpt>
   <trkpt lat="-6.8596910" lon="109.0487680">
    <ele>4.5</ele>
    <time>2025-04-04T23:41:46Z</time>
   </trkpt>
   <trkpt lat="-6.8597270" lon="109.0487650">
    <ele>4.5</ele>
    <time>2025-04-04T23:41:47Z</time>
   </trkpt>
   <trkpt lat="-6.8597600" lon="109.0487620">
    <ele>4.5</ele>
    <time>2025-04-04T23:41:48Z</time>
   </trkpt>
   <trkpt lat="-6.8597980" lon="109.0487580">
    <ele>4.5</ele>
    <time>2025-04-04T23:41:49Z</time>
   </trkpt>
   <trkpt lat="-6.8598380" lon="109.0487520">
    <ele>4.5</ele>
    <time>2025-04-04T23:41:50Z</time>
   </trkpt>
   <trkpt lat="-6.8598810" lon="109.0487450">
    <ele>4.5</ele>
    <time>2025-04-04T23:41:51Z</time>
   </trkpt>
   <trkpt lat="-6.8599210" lon="109.0487360">
    <ele>4.5</ele>
    <time>2025-04-04T23:41:52Z</time>
   </trkpt>
   <trkpt lat="-6.8599540" lon="109.0487280">
    <ele>4.5</ele>
    <time>2025-04-04T23:41:53Z</time>
   </trkpt>
   <trkpt lat="-6.8599890" lon="109.0487220">
    <ele>4.5</ele>
    <time>2025-04-04T23:41:54Z</time>
   </trkpt>
   <trkpt lat="-6.8600220" lon="109.0487140">
    <ele>4.4</ele>
    <time>2025-04-04T23:41:55Z</time>
   </trkpt>
   <trkpt lat="-6.8600530" lon="109.0487060">
    <ele>4.4</ele>
    <time>2025-04-04T23:41:56Z</time>
   </trkpt>
   <trkpt lat="-6.8600880" lon="109.0487000">
    <ele>4.4</ele>
    <time>2025-04-04T23:41:57Z</time>
   </trkpt>
   <trkpt lat="-6.8601240" lon="109.0486940">
    <ele>4.4</ele>
    <time>2025-04-04T23:41:58Z</time>
   </trkpt>
   <trkpt lat="-6.8601630" lon="109.0486900">
    <ele>4.4</ele>
    <time>2025-04-04T23:41:59Z</time>
   </trkpt>
   <trkpt lat="-6.8601990" lon="109.0486860">
    <ele>4.4</ele>
    <time>2025-04-04T23:42:00Z</time>
   </trkpt>
   <trkpt lat="-6.8602340" lon="109.0486840">
    <ele>4.4</ele>
    <time>2025-04-04T23:42:01Z</time>
   </trkpt>
   <trkpt lat="-6.8602690" lon="109.0486810">
    <ele>4.4</ele>
    <time>2025-04-04T23:42:02Z</time>
   </trkpt>
   <trkpt lat="-6.8603010" lon="109.0486770">
    <ele>4.4</ele>
    <time>2025-04-04T23:42:03Z</time>
   </trkpt>
   <trkpt lat="-6.8603340" lon="109.0486730">
    <ele>4.4</ele>
    <time>2025-04-04T23:42:04Z</time>
   </trkpt>
   <trkpt lat="-6.8603660" lon="109.0486700">
    <ele>4.4</ele>
    <time>2025-04-04T23:42:05Z</time>
   </trkpt>
   <trkpt lat="-6.8604000" lon="109.0486640">
    <ele>4.4</ele>
    <time>2025-04-04T23:42:06Z</time>
   </trkpt>
   <trkpt lat="-6.8604360" lon="109.0486590">
    <ele>4.4</ele>
    <time>2025-04-04T23:42:07Z</time>
   </trkpt>
   <trkpt lat="-6.8604690" lon="109.0486570">
    <ele>4.4</ele>
    <time>2025-04-04T23:42:08Z</time>
   </trkpt>
   <trkpt lat="-6.8605060" lon="109.0486540">
    <ele>4.4</ele>
    <time>2025-04-04T23:42:09Z</time>
   </trkpt>
   <trkpt lat="-6.8605470" lon="109.0486500">
    <ele>4.5</ele>
    <time>2025-04-04T23:42:10Z</time>
   </trkpt>
   <trkpt lat="-6.8605870" lon="109.0486450">
    <ele>4.5</ele>
    <time>2025-04-04T23:42:11Z</time>
   </trkpt>
   <trkpt lat="-6.8606280" lon="109.0486410">
    <ele>4.5</ele>
    <time>2025-04-04T23:42:12Z</time>
   </trkpt>
   <trkpt lat="-6.8606670" lon="109.0486350">
    <ele>4.5</ele>
    <time>2025-04-04T23:42:13Z</time>
   </trkpt>
   <trkpt lat="-6.8607020" lon="109.0486270">
    <ele>4.5</ele>
    <time>2025-04-04T23:42:14Z</time>
   </trkpt>
   <trkpt lat="-6.8607390" lon="109.0486220">
    <ele>4.5</ele>
    <time>2025-04-04T23:42:15Z</time>
   </trkpt>
   <trkpt lat="-6.8607760" lon="109.0486180">
    <ele>4.4</ele>
    <time>2025-04-04T23:42:16Z</time>
   </trkpt>
   <trkpt lat="-6.8608150" lon="109.0486150">
    <ele>4.4</ele>
    <time>2025-04-04T23:42:17Z</time>
   </trkpt>
   <trkpt lat="-6.8608530" lon="109.0486130">
    <ele>4.4</ele>
    <time>2025-04-04T23:42:18Z</time>
   </trkpt>
   <trkpt lat="-6.8608930" lon="109.0486090">
    <ele>4.4</ele>
    <time>2025-04-04T23:42:19Z</time>
   </trkpt>
   <trkpt lat="-6.8609290" lon="109.0486050">
    <ele>4.4</ele>
    <time>2025-04-04T23:42:20Z</time>
   </trkpt>
   <trkpt lat="-6.8609660" lon="109.0486000">
    <ele>4.4</ele>
    <time>2025-04-04T23:42:21Z</time>
   </trkpt>
   <trkpt lat="-6.8610010" lon="109.0485930">
    <ele>4.4</ele>
    <time>2025-04-04T23:42:22Z</time>
   </trkpt>
   <trkpt lat="-6.8610390" lon="109.0485850">
    <ele>4.4</ele>
    <time>2025-04-04T23:42:23Z</time>
   </trkpt>
   <trkpt lat="-6.8610750" lon="109.0485810">
    <ele>4.4</ele>
    <time>2025-04-04T23:42:24Z</time>
   </trkpt>
   <trkpt lat="-6.8611120" lon="109.0485780">
    <ele>4.4</ele>
    <time>2025-04-04T23:42:25Z</time>
   </trkpt>
   <trkpt lat="-6.8611520" lon="109.0485740">
    <ele>4.4</ele>
    <time>2025-04-04T23:42:26Z</time>
   </trkpt>
   <trkpt lat="-6.8611900" lon="109.0485670">
    <ele>4.4</ele>
    <time>2025-04-04T23:42:27Z</time>
   </trkpt>
   <trkpt lat="-6.8612270" lon="109.0485610">
    <ele>4.4</ele>
    <time>2025-04-04T23:42:28Z</time>
   </trkpt>
   <trkpt lat="-6.8612630" lon="109.0485560">
    <ele>4.4</ele>
    <time>2025-04-04T23:42:29Z</time>
   </trkpt>
   <trkpt lat="-6.8612990" lon="109.0485510">
    <ele>4.4</ele>
    <time>2025-04-04T23:42:30Z</time>
   </trkpt>
   <trkpt lat="-6.8613340" lon="109.0485470">
    <ele>4.4</ele>
    <time>2025-04-04T23:42:31Z</time>
   </trkpt>
   <trkpt lat="-6.8613720" lon="109.0485440">
    <ele>4.5</ele>
    <time>2025-04-04T23:42:32Z</time>
   </trkpt>
   <trkpt lat="-6.8614050" lon="109.0485390">
    <ele>4.5</ele>
    <time>2025-04-04T23:42:33Z</time>
   </trkpt>
   <trkpt lat="-6.8614400" lon="109.0485330">
    <ele>4.5</ele>
    <time>2025-04-04T23:42:34Z</time>
   </trkpt>
   <trkpt lat="-6.8614780" lon="109.0485260">
    <ele>4.5</ele>
    <time>2025-04-04T23:42:35Z</time>
   </trkpt>
   <trkpt lat="-6.8615130" lon="109.0485190">
    <ele>4.5</ele>
    <time>2025-04-04T23:42:36Z</time>
   </trkpt>
   <trkpt lat="-6.8615490" lon="109.0485110">
    <ele>4.5</ele>
    <time>2025-04-04T23:42:37Z</time>
   </trkpt>
   <trkpt lat="-6.8615870" lon="109.0485040">
    <ele>4.5</ele>
    <time>2025-04-04T23:42:38Z</time>
   </trkpt>
   <trkpt lat="-6.8616230" lon="109.0484970">
    <ele>4.5</ele>
    <time>2025-04-04T23:42:39Z</time>
   </trkpt>
   <trkpt lat="-6.8616590" lon="109.0484900">
    <ele>4.5</ele>
    <time>2025-04-04T23:42:40Z</time>
   </trkpt>
   <trkpt lat="-6.8616960" lon="109.0484850">
    <ele>4.5</ele>
    <time>2025-04-04T23:42:41Z</time>
   </trkpt>
   <trkpt lat="-6.8617350" lon="109.0484790">
    <ele>4.5</ele>
    <time>2025-04-04T23:42:42Z</time>
   </trkpt>
   <trkpt lat="-6.8617740" lon="109.0484720">
    <ele>4.6</ele>
    <time>2025-04-04T23:42:43Z</time>
   </trkpt>
   <trkpt lat="-6.8618140" lon="109.0484650">
    <ele>4.6</ele>
    <time>2025-04-04T23:42:44Z</time>
   </trkpt>
   <trkpt lat="-6.8618530" lon="109.0484610">
    <ele>4.6</ele>
    <time>2025-04-04T23:42:45Z</time>
   </trkpt>
   <trkpt lat="-6.8618930" lon="109.0484590">
    <ele>4.6</ele>
    <time>2025-04-04T23:42:46Z</time>
   </trkpt>
   <trkpt lat="-6.8619280" lon="109.0484580">
    <ele>4.6</ele>
    <time>2025-04-04T23:42:47Z</time>
   </trkpt>
   <trkpt lat="-6.8619630" lon="109.0484560">
    <ele>4.6</ele>
    <time>2025-04-04T23:42:48Z</time>
   </trkpt>
   <trkpt lat="-6.8619960" lon="109.0484520">
    <ele>4.6</ele>
    <time>2025-04-04T23:42:49Z</time>
   </trkpt>
   <trkpt lat="-6.8620300" lon="109.0484470">
    <ele>4.6</ele>
    <time>2025-04-04T23:42:50Z</time>
   </trkpt>
   <trkpt lat="-6.8620660" lon="109.0484410">
    <ele>4.6</ele>
    <time>2025-04-04T23:42:51Z</time>
   </trkpt>
   <trkpt lat="-6.8624780" lon="109.0483550">
    <ele>4.6</ele>
    <time>2025-04-04T23:43:04Z</time>
   </trkpt>
   <trkpt lat="-6.8627580" lon="109.0483020">
    <ele>4.5</ele>
    <time>2025-04-04T23:43:11Z</time>
   </trkpt>
   <trkpt lat="-6.8629490" lon="109.0482600">
    <ele>4.4</ele>
    <time>2025-04-04T23:43:16Z</time>
   </trkpt>
   <trkpt lat="-6.8629910" lon="109.0482510">
    <ele>4.4</ele>
    <time>2025-04-04T23:43:17Z</time>
   </trkpt>
   <trkpt lat="-6.8630060" lon="109.0482470">
    <ele>4.4</ele>
    <time>2025-04-04T23:43:18Z</time>
   </trkpt>
   <trkpt lat="-6.8630360" lon="109.0482370">
    <ele>4.4</ele>
    <time>2025-04-04T23:43:19Z</time>
   </trkpt>
   <trkpt lat="-6.8630680" lon="109.0482280">
    <ele>4.4</ele>
    <time>2025-04-04T23:43:20Z</time>
   </trkpt>
   <trkpt lat="-6.8631020" lon="109.0482190">
    <ele>4.3</ele>
    <time>2025-04-04T23:43:21Z</time>
   </trkpt>
   <trkpt lat="-6.8631400" lon="109.0482120">
    <ele>4.3</ele>
    <time>2025-04-04T23:43:22Z</time>
   </trkpt>
   <trkpt lat="-6.8631790" lon="109.0482030">
    <ele>4.3</ele>
    <time>2025-04-04T23:43:23Z</time>
   </trkpt>
   <trkpt lat="-6.8632180" lon="109.0481950">
    <ele>4.3</ele>
    <time>2025-04-04T23:43:24Z</time>
   </trkpt>
   <trkpt lat="-6.8632530" lon="109.0481880">
    <ele>4.3</ele>
    <time>2025-04-04T23:43:25Z</time>
   </trkpt>
   <trkpt lat="-6.8632830" lon="109.0481800">
    <ele>4.3</ele>
    <time>2025-04-04T23:43:26Z</time>
   </trkpt>
   <trkpt lat="-6.8633160" lon="109.0481730">
    <ele>4.4</ele>
    <time>2025-04-04T23:43:27Z</time>
   </trkpt>
   <trkpt lat="-6.8633480" lon="109.0481670">
    <ele>4.4</ele>
    <time>2025-04-04T23:43:28Z</time>
   </trkpt>
   <trkpt lat="-6.8633820" lon="109.0481610">
    <ele>4.4</ele>
    <time>2025-04-04T23:43:29Z</time>
   </trkpt>
   <trkpt lat="-6.8634090" lon="109.0481550">
    <ele>4.4</ele>
    <time>2025-04-04T23:43:30Z</time>
   </trkpt>
   <trkpt lat="-6.8634430" lon="109.0481440">
    <ele>4.4</ele>
    <time>2025-04-04T23:43:31Z</time>
   </trkpt>
   <trkpt lat="-6.8634560" lon="109.0481400">
    <ele>4.4</ele>
    <time>2025-04-04T23:43:32Z</time>
   </trkpt>
   <trkpt lat="-6.8634840" lon="109.0481320">
    <ele>4.5</ele>
    <time>2025-04-04T23:43:33Z</time>
   </trkpt>
   <trkpt lat="-6.8635150" lon="109.0481220">
    <ele>4.5</ele>
    <time>2025-04-04T23:43:34Z</time>
   </trkpt>
   <trkpt lat="-6.8635500" lon="109.0481150">
    <ele>4.5</ele>
    <time>2025-04-04T23:43:35Z</time>
   </trkpt>
   <trkpt lat="-6.8635840" lon="109.0481070">
    <ele>4.6</ele>
    <time>2025-04-04T23:43:36Z</time>
   </trkpt>
   <trkpt lat="-6.8636180" lon="109.0481010">
    <ele>4.6</ele>
    <time>2025-04-04T23:43:37Z</time>
   </trkpt>
   <trkpt lat="-6.8636470" lon="109.0480940">
    <ele>4.6</ele>
    <time>2025-04-04T23:43:38Z</time>
   </trkpt>
   <trkpt lat="-6.8636790" lon="109.0480870">
    <ele>4.7</ele>
    <time>2025-04-04T23:43:39Z</time>
   </trkpt>
   <trkpt lat="-6.8637100" lon="109.0480810">
    <ele>4.7</ele>
    <time>2025-04-04T23:43:40Z</time>
   </trkpt>
   <trkpt lat="-6.8637470" lon="109.0480750">
    <ele>4.7</ele>
    <time>2025-04-04T23:43:41Z</time>
   </trkpt>
   <trkpt lat="-6.8637870" lon="109.0480670">
    <ele>4.8</ele>
    <time>2025-04-04T23:43:42Z</time>
   </trkpt>
   <trkpt lat="-6.8638240" lon="109.0480580">
    <ele>4.8</ele>
    <time>2025-04-04T23:43:43Z</time>
   </trkpt>
   <trkpt lat="-6.8638560" lon="109.0480490">
    <ele>4.8</ele>
    <time>2025-04-04T23:43:44Z</time>
   </trkpt>
   <trkpt lat="-6.8638860" lon="109.0480390">
    <ele>4.8</ele>
    <time>2025-04-04T23:43:45Z</time>
   </trkpt>
   <trkpt lat="-6.8639280" lon="109.0480310">
    <ele>4.9</ele>
    <time>2025-04-04T23:43:46Z</time>
   </trkpt>
   <trkpt lat="-6.8639700" lon="109.0480240">
    <ele>4.9</ele>
    <time>2025-04-04T23:43:47Z</time>
   </trkpt>
   <trkpt lat="-6.8640140" lon="109.0480160">
    <ele>4.9</ele>
    <time>2025-04-04T23:43:48Z</time>
   </trkpt>
   <trkpt lat="-6.8640480" lon="109.0480090">
    <ele>5.0</ele>
    <time>2025-04-04T23:43:49Z</time>
   </trkpt>
   <trkpt lat="-6.8640780" lon="109.0480010">
    <ele>5.0</ele>
    <time>2025-04-04T23:43:50Z</time>
   </trkpt>
   <trkpt lat="-6.8641090" lon="109.0479920">
    <ele>5.1</ele>
    <time>2025-04-04T23:43:51Z</time>
   </trkpt>
   <trkpt lat="-6.8641420" lon="109.0479810">
    <ele>5.1</ele>
    <time>2025-04-04T23:43:52Z</time>
   </trkpt>
   <trkpt lat="-6.8641750" lon="109.0479690">
    <ele>5.2</ele>
    <time>2025-04-04T23:43:53Z</time>
   </trkpt>
   <trkpt lat="-6.8642040" lon="109.0479600">
    <ele>5.2</ele>
    <time>2025-04-04T23:43:54Z</time>
   </trkpt>
   <trkpt lat="-6.8642310" lon="109.0479510">
    <ele>5.2</ele>
    <time>2025-04-04T23:43:55Z</time>
   </trkpt>
   <trkpt lat="-6.8642620" lon="109.0479410">
    <ele>5.3</ele>
    <time>2025-04-04T23:43:56Z</time>
   </trkpt>
   <trkpt lat="-6.8642970" lon="109.0479300">
    <ele>5.3</ele>
    <time>2025-04-04T23:43:57Z</time>
   </trkpt>
   <trkpt lat="-6.8643350" lon="109.0479260">
    <ele>5.4</ele>
    <time>2025-04-04T23:43:58Z</time>
   </trkpt>
   <trkpt lat="-6.8643730" lon="109.0479290">
    <ele>5.4</ele>
    <time>2025-04-04T23:43:59Z</time>
   </trkpt>
   <trkpt lat="-6.8644080" lon="109.0479290">
    <ele>5.5</ele>
    <time>2025-04-04T23:44:00Z</time>
   </trkpt>
   <trkpt lat="-6.8644440" lon="109.0479240">
    <ele>5.5</ele>
    <time>2025-04-04T23:44:01Z</time>
   </trkpt>
   <trkpt lat="-6.8644530" lon="109.0479200">
    <ele>5.5</ele>
    <time>2025-04-04T23:44:02Z</time>
   </trkpt>
   <trkpt lat="-6.8644680" lon="109.0479150">
    <ele>5.6</ele>
    <time>2025-04-04T23:44:03Z</time>
   </trkpt>
   <trkpt lat="-6.8644820" lon="109.0479100">
    <ele>5.6</ele>
    <time>2025-04-04T23:44:04Z</time>
   </trkpt>
   <trkpt lat="-6.8645050" lon="109.0479060">
    <ele>5.6</ele>
    <time>2025-04-04T23:44:05Z</time>
   </trkpt>
   <trkpt lat="-6.8645120" lon="109.0479040">
    <ele>5.6</ele>
    <time>2025-04-04T23:44:06Z</time>
   </trkpt>
   <trkpt lat="-6.8645200" lon="109.0479030">
    <ele>5.6</ele>
    <time>2025-04-04T23:44:07Z</time>
   </trkpt>
   <trkpt lat="-6.8645530" lon="109.0478980">
    <ele>5.6</ele>
    <time>2025-04-04T23:44:08Z</time>
   </trkpt>
   <trkpt lat="-6.8645660" lon="109.0478960">
    <ele>5.6</ele>
    <time>2025-04-04T23:44:09Z</time>
   </trkpt>
   <trkpt lat="-6.8645970" lon="109.0478910">
    <ele>5.6</ele>
    <time>2025-04-04T23:44:10Z</time>
   </trkpt>
   <trkpt lat="-6.8646310" lon="109.0478910">
    <ele>5.6</ele>
    <time>2025-04-04T23:44:11Z</time>
   </trkpt>
   <trkpt lat="-6.8646640" lon="109.0478900">
    <ele>5.6</ele>
    <time>2025-04-04T23:44:12Z</time>
   </trkpt>
   <trkpt lat="-6.8646980" lon="109.0478850">
    <ele>5.6</ele>
    <time>2025-04-04T23:44:13Z</time>
   </trkpt>
   <trkpt lat="-6.8647330" lon="109.0478740">
    <ele>5.6</ele>
    <time>2025-04-04T23:44:14Z</time>
   </trkpt>
   <trkpt lat="-6.8647650" lon="109.0478620">
    <ele>5.6</ele>
    <time>2025-04-04T23:44:15Z</time>
   </trkpt>
   <trkpt lat="-6.8647950" lon="109.0478510">
    <ele>5.6</ele>
    <time>2025-04-04T23:44:16Z</time>
   </trkpt>
   <trkpt lat="-6.8648290" lon="109.0478380">
    <ele>5.6</ele>
    <time>2025-04-04T23:44:17Z</time>
   </trkpt>
   <trkpt lat="-6.8648680" lon="109.0478230">
    <ele>5.7</ele>
    <time>2025-04-04T23:44:18Z</time>
   </trkpt>
   <trkpt lat="-6.8649040" lon="109.0478120">
    <ele>5.7</ele>
    <time>2025-04-04T23:44:19Z</time>
   </trkpt>
   <trkpt lat="-6.8649340" lon="109.0478040">
    <ele>5.7</ele>
    <time>2025-04-04T23:44:20Z</time>
   </trkpt>
   <trkpt lat="-6.8649650" lon="109.0477930">
    <ele>5.7</ele>
    <time>2025-04-04T23:44:21Z</time>
   </trkpt>
   <trkpt lat="-6.8649920" lon="109.0477820">
    <ele>5.7</ele>
    <time>2025-04-04T23:44:22Z</time>
   </trkpt>
   <trkpt lat="-6.8650190" lon="109.0477730">
    <ele>5.8</ele>
    <time>2025-04-04T23:44:23Z</time>
   </trkpt>
   <trkpt lat="-6.8650480" lon="109.0477650">
    <ele>5.8</ele>
    <time>2025-04-04T23:44:24Z</time>
   </trkpt>
   <trkpt lat="-6.8650770" lon="109.0477560">
    <ele>5.8</ele>
    <time>2025-04-04T23:44:25Z</time>
   </trkpt>
   <trkpt lat="-6.8651060" lon="109.0477470">
    <ele>5.8</ele>
    <time>2025-04-04T23:44:26Z</time>
   </trkpt>
   <trkpt lat="-6.8651340" lon="109.0477370">
    <ele>5.8</ele>
    <time>2025-04-04T23:44:27Z</time>
   </trkpt>
   <trkpt lat="-6.8651670" lon="109.0477290">
    <ele>5.9</ele>
    <time>2025-04-04T23:44:28Z</time>
   </trkpt>
   <trkpt lat="-6.8652010" lon="109.0477240">
    <ele>5.9</ele>
    <time>2025-04-04T23:44:29Z</time>
   </trkpt>
   <trkpt lat="-6.8652360" lon="109.0477190">
    <ele>5.9</ele>
    <time>2025-04-04T23:44:30Z</time>
   </trkpt>
   <trkpt lat="-6.8652720" lon="109.0477120">
    <ele>5.9</ele>
    <time>2025-04-04T23:44:31Z</time>
   </trkpt>
   <trkpt lat="-6.8652820" lon="109.0477100">
    <ele>5.9</ele>
    <time>2025-04-04T23:44:32Z</time>
   </trkpt>
   <trkpt lat="-6.8653150" lon="109.0477000">
    <ele>5.9</ele>
    <time>2025-04-04T23:44:33Z</time>
   </trkpt>
   <trkpt lat="-6.8653280" lon="109.0476960">
    <ele>5.9</ele>
    <time>2025-04-04T23:44:34Z</time>
   </trkpt>
   <trkpt lat="-6.8653580" lon="109.0476890">
    <ele>6.0</ele>
    <time>2025-04-04T23:44:35Z</time>
   </trkpt>
   <trkpt lat="-6.8653870" lon="109.0476770">
    <ele>6.0</ele>
    <time>2025-04-04T23:44:36Z</time>
   </trkpt>
   <trkpt lat="-6.8654250" lon="109.0476630">
    <ele>6.0</ele>
    <time>2025-04-04T23:44:37Z</time>
   </trkpt>
   <trkpt lat="-6.8654630" lon="109.0476520">
    <ele>6.0</ele>
    <time>2025-04-04T23:44:38Z</time>
   </trkpt>
   <trkpt lat="-6.8655050" lon="109.0476420">
    <ele>6.0</ele>
    <time>2025-04-04T23:44:39Z</time>
   </trkpt>
   <trkpt lat="-6.8655450" lon="109.0476330">
    <ele>6.0</ele>
    <time>2025-04-04T23:44:40Z</time>
   </trkpt>
   <trkpt lat="-6.8655810" lon="109.0476260">
    <ele>6.0</ele>
    <time>2025-04-04T23:44:41Z</time>
   </trkpt>
   <trkpt lat="-6.8656240" lon="109.0476160">
    <ele>6.0</ele>
    <time>2025-04-04T23:44:42Z</time>
   </trkpt>
   <trkpt lat="-6.8657390" lon="109.0475900">
    <ele>6.1</ele>
    <time>2025-04-04T23:44:45Z</time>
   </trkpt>
   <trkpt lat="-6.8659760" lon="109.0475420">
    <ele>6.1</ele>
    <time>2025-04-04T23:44:52Z</time>
   </trkpt>
   <trkpt lat="-6.8661970" lon="109.0475300">
    <ele>6.1</ele>
    <time>2025-04-04T23:44:58Z</time>
   </trkpt>
   <trkpt lat="-6.8662890" lon="109.0475460">
    <ele>6.0</ele>
    <time>2025-04-04T23:45:01Z</time>
   </trkpt>
   <trkpt lat="-6.8663240" lon="109.0475540">
    <ele>6.0</ele>
    <time>2025-04-04T23:45:02Z</time>
   </trkpt>
   <trkpt lat="-6.8663580" lon="109.0475620">
    <ele>6.0</ele>
    <time>2025-04-04T23:45:03Z</time>
   </trkpt>
   <trkpt lat="-6.8663930" lon="109.0475700">
    <ele>6.0</ele>
    <time>2025-04-04T23:45:04Z</time>
   </trkpt>
   <trkpt lat="-6.8664280" lon="109.0475780">
    <ele>6.0</ele>
    <time>2025-04-04T23:45:05Z</time>
   </trkpt>
   <trkpt lat="-6.8664640" lon="109.0475850">
    <ele>6.0</ele>
    <time>2025-04-04T23:45:06Z</time>
   </trkpt>
   <trkpt lat="-6.8665030" lon="109.0475910">
    <ele>6.0</ele>
    <time>2025-04-04T23:45:07Z</time>
   </trkpt>
   <trkpt lat="-6.8665450" lon="109.0475960">
    <ele>6.0</ele>
    <time>2025-04-04T23:45:08Z</time>
   </trkpt>
   <trkpt lat="-6.8665830" lon="109.0476010">
    <ele>6.0</ele>
    <time>2025-04-04T23:45:09Z</time>
   </trkpt>
   <trkpt lat="-6.8666130" lon="109.0476080">
    <ele>6.0</ele>
    <time>2025-04-04T23:45:10Z</time>
   </trkpt>
   <trkpt lat="-6.8666460" lon="109.0476110">
    <ele>6.0</ele>
    <time>2025-04-04T23:45:11Z</time>
   </trkpt>
   <trkpt lat="-6.8666820" lon="109.0476110">
    <ele>5.9</ele>
    <time>2025-04-04T23:45:12Z</time>
   </trkpt>
   <trkpt lat="-6.8667160" lon="109.0476150">
    <ele>5.9</ele>
    <time>2025-04-04T23:45:13Z</time>
   </trkpt>
   <trkpt lat="-6.8667560" lon="109.0476190">
    <ele>5.9</ele>
    <time>2025-04-04T23:45:14Z</time>
   </trkpt>
   <trkpt lat="-6.8667930" lon="109.0476220">
    <ele>5.9</ele>
    <time>2025-04-04T23:45:15Z</time>
   </trkpt>
   <trkpt lat="-6.8668230" lon="109.0476240">
    <ele>5.9</ele>
    <time>2025-04-04T23:45:16Z</time>
   </trkpt>
   <trkpt lat="-6.8668540" lon="109.0476240">
    <ele>5.9</ele>
    <time>2025-04-04T23:45:17Z</time>
   </trkpt>
   <trkpt lat="-6.8668890" lon="109.0476230">
    <ele>5.9</ele>
    <time>2025-04-04T23:45:18Z</time>
   </trkpt>
   <trkpt lat="-6.8669200" lon="109.0476220">
    <ele>5.9</ele>
    <time>2025-04-04T23:45:19Z</time>
   </trkpt>
   <trkpt lat="-6.8669470" lon="109.0476210">
    <ele>5.9</ele>
    <time>2025-04-04T23:45:20Z</time>
   </trkpt>
   <trkpt lat="-6.8669870" lon="109.0476200">
    <ele>5.9</ele>
    <time>2025-04-04T23:45:21Z</time>
   </trkpt>
   <trkpt lat="-6.8670000" lon="109.0476200">
    <ele>5.9</ele>
    <time>2025-04-04T23:45:22Z</time>
   </trkpt>
   <trkpt lat="-6.8670290" lon="109.0476170">
    <ele>5.9</ele>
    <time>2025-04-04T23:45:23Z</time>
   </trkpt>
   <trkpt lat="-6.8670600" lon="109.0476160">
    <ele>5.9</ele>
    <time>2025-04-04T23:45:24Z</time>
   </trkpt>
   <trkpt lat="-6.8670940" lon="109.0476200">
    <ele>5.9</ele>
    <time>2025-04-04T23:45:25Z</time>
   </trkpt>
   <trkpt lat="-6.8671310" lon="109.0476240">
    <ele>5.9</ele>
    <time>2025-04-04T23:45:26Z</time>
   </trkpt>
   <trkpt lat="-6.8671670" lon="109.0476240">
    <ele>5.9</ele>
    <time>2025-04-04T23:45:27Z</time>
   </trkpt>
   <trkpt lat="-6.8672060" lon="109.0476210">
    <ele>5.9</ele>
    <time>2025-04-04T23:45:28Z</time>
   </trkpt>
   <trkpt lat="-6.8672450" lon="109.0476200">
    <ele>5.9</ele>
    <time>2025-04-04T23:45:29Z</time>
   </trkpt>
   <trkpt lat="-6.8672820" lon="109.0476200">
    <ele>5.9</ele>
    <time>2025-04-04T23:45:30Z</time>
   </trkpt>
   <trkpt lat="-6.8673170" lon="109.0476240">
    <ele>5.9</ele>
    <time>2025-04-04T23:45:31Z</time>
   </trkpt>
   <trkpt lat="-6.8673490" lon="109.0476320">
    <ele>5.9</ele>
    <time>2025-04-04T23:45:32Z</time>
   </trkpt>
   <trkpt lat="-6.8673840" lon="109.0476380">
    <ele>5.9</ele>
    <time>2025-04-04T23:45:33Z</time>
   </trkpt>
   <trkpt lat="-6.8674210" lon="109.0476420">
    <ele>5.9</ele>
    <time>2025-04-04T23:45:34Z</time>
   </trkpt>
   <trkpt lat="-6.8674610" lon="109.0476440">
    <ele>5.9</ele>
    <time>2025-04-04T23:45:35Z</time>
   </trkpt>
   <trkpt lat="-6.8675030" lon="109.0476440">
    <ele>5.9</ele>
    <time>2025-04-04T23:45:36Z</time>
   </trkpt>
   <trkpt lat="-6.8675370" lon="109.0476440">
    <ele>5.8</ele>
    <time>2025-04-04T23:45:37Z</time>
   </trkpt>
   <trkpt lat="-6.8675680" lon="109.0476440">
    <ele>5.8</ele>
    <time>2025-04-04T23:45:38Z</time>
   </trkpt>
   <trkpt lat="-6.8675980" lon="109.0476440">
    <ele>5.8</ele>
    <time>2025-04-04T23:45:39Z</time>
   </trkpt>
   <trkpt lat="-6.8676310" lon="109.0476430">
    <ele>5.8</ele>
    <time>2025-04-04T23:45:40Z</time>
   </trkpt>
   <trkpt lat="-6.8676610" lon="109.0476400">
    <ele>5.8</ele>
    <time>2025-04-04T23:45:41Z</time>
   </trkpt>
   <trkpt lat="-6.8676910" lon="109.0476390">
    <ele>5.8</ele>
    <time>2025-04-04T23:45:42Z</time>
   </trkpt>
   <trkpt lat="-6.8677190" lon="109.0476400">
    <ele>5.8</ele>
    <time>2025-04-04T23:45:43Z</time>
   </trkpt>
   <trkpt lat="-6.8677500" lon="109.0476410">
    <ele>5.8</ele>
    <time>2025-04-04T23:45:44Z</time>
   </trkpt>
   <trkpt lat="-6.8677800" lon="109.0476370">
    <ele>5.8</ele>
    <time>2025-04-04T23:45:45Z</time>
   </trkpt>
   <trkpt lat="-6.8678160" lon="109.0476310">
    <ele>5.8</ele>
    <time>2025-04-04T23:45:46Z</time>
   </trkpt>
   <trkpt lat="-6.8678520" lon="109.0476270">
    <ele>5.8</ele>
    <time>2025-04-04T23:45:47Z</time>
   </trkpt>
   <trkpt lat="-6.8678870" lon="109.0476230">
    <ele>5.8</ele>
    <time>2025-04-04T23:45:48Z</time>
   </trkpt>
   <trkpt lat="-6.8679200" lon="109.0476200">
    <ele>5.8</ele>
    <time>2025-04-04T23:45:49Z</time>
   </trkpt>
   <trkpt lat="-6.8679500" lon="109.0476170">
    <ele>5.9</ele>
    <time>2025-04-04T23:45:50Z</time>
   </trkpt>
   <trkpt lat="-6.8679790" lon="109.0476150">
    <ele>5.9</ele>
    <time>2025-04-04T23:45:51Z</time>
   </trkpt>
   <trkpt lat="-6.8680070" lon="109.0476110">
    <ele>5.9</ele>
    <time>2025-04-04T23:45:52Z</time>
   </trkpt>
   <trkpt lat="-6.8680380" lon="109.0476090">
    <ele>5.9</ele>
    <time>2025-04-04T23:45:53Z</time>
   </trkpt>
   <trkpt lat="-6.8680700" lon="109.0476100">
    <ele>5.9</ele>
    <time>2025-04-04T23:45:54Z</time>
   </trkpt>
   <trkpt lat="-6.8681030" lon="109.0476110">
    <ele>5.9</ele>
    <time>2025-04-04T23:45:55Z</time>
   </trkpt>
   <trkpt lat="-6.8681380" lon="109.0476110">
    <ele>5.9</ele>
    <time>2025-04-04T23:45:56Z</time>
   </trkpt>
   <trkpt lat="-6.8681760" lon="109.0476080">
    <ele>5.9</ele>
    <time>2025-04-04T23:45:57Z</time>
   </trkpt>
   <trkpt lat="-6.8682110" lon="109.0476020">
    <ele>5.9</ele>
    <time>2025-04-04T23:45:58Z</time>
   </trkpt>
   <trkpt lat="-6.8682460" lon="109.0475990">
    <ele>5.9</ele>
    <time>2025-04-04T23:45:59Z</time>
   </trkpt>
   <trkpt lat="-6.8682870" lon="109.0476010">
    <ele>5.9</ele>
    <time>2025-04-04T23:46:00Z</time>
   </trkpt>
   <trkpt lat="-6.8683180" lon="109.0476070">
    <ele>5.9</ele>
    <time>2025-04-04T23:46:01Z</time>
   </trkpt>
   <trkpt lat="-6.8683520" lon="109.0476140">
    <ele>5.8</ele>
    <time>2025-04-04T23:46:02Z</time>
   </trkpt>
   <trkpt lat="-6.8683890" lon="109.0476190">
    <ele>5.8</ele>
    <time>2025-04-04T23:46:03Z</time>
   </trkpt>
   <trkpt lat="-6.8684210" lon="109.0476220">
    <ele>5.8</ele>
    <time>2025-04-04T23:46:04Z</time>
   </trkpt>
   <trkpt lat="-6.8684530" lon="109.0476260">
    <ele>5.8</ele>
    <time>2025-04-04T23:46:05Z</time>
   </trkpt>
   <trkpt lat="-6.8684850" lon="109.0476320">
    <ele>5.8</ele>
    <time>2025-04-04T23:46:06Z</time>
   </trkpt>
   <trkpt lat="-6.8685200" lon="109.0476350">
    <ele>5.8</ele>
    <time>2025-04-04T23:46:07Z</time>
   </trkpt>
   <trkpt lat="-6.8685560" lon="109.0476400">
    <ele>5.8</ele>
    <time>2025-04-04T23:46:08Z</time>
   </trkpt>
   <trkpt lat="-6.8685880" lon="109.0476440">
    <ele>5.8</ele>
    <time>2025-04-04T23:46:09Z</time>
   </trkpt>
   <trkpt lat="-6.8686210" lon="109.0476510">
    <ele>5.8</ele>
    <time>2025-04-04T23:46:10Z</time>
   </trkpt>
   <trkpt lat="-6.8686530" lon="109.0476590">
    <ele>5.9</ele>
    <time>2025-04-04T23:46:11Z</time>
   </trkpt>
   <trkpt lat="-6.8686900" lon="109.0476730">
    <ele>5.9</ele>
    <time>2025-04-04T23:46:12Z</time>
   </trkpt>
   <trkpt lat="-6.8687310" lon="109.0476880">
    <ele>5.9</ele>
    <time>2025-04-04T23:46:13Z</time>
   </trkpt>
   <trkpt lat="-6.8687680" lon="109.0477040">
    <ele>5.9</ele>
    <time>2025-04-04T23:46:14Z</time>
   </trkpt>
   <trkpt lat="-6.8688000" lon="109.0477170">
    <ele>5.9</ele>
    <time>2025-04-04T23:46:15Z</time>
   </trkpt>
   <trkpt lat="-6.8688300" lon="109.0477320">
    <ele>5.9</ele>
    <time>2025-04-04T23:46:16Z</time>
   </trkpt>
   <trkpt lat="-6.8688610" lon="109.0477450">
    <ele>5.9</ele>
    <time>2025-04-04T23:46:17Z</time>
   </trkpt>
   <trkpt lat="-6.8688890" lon="109.0477550">
    <ele>5.9</ele>
    <time>2025-04-04T23:46:18Z</time>
   </trkpt>
   <trkpt lat="-6.8689250" lon="109.0477670">
    <ele>5.9</ele>
    <time>2025-04-04T23:46:19Z</time>
   </trkpt>
   <trkpt lat="-6.8689640" lon="109.0477790">
    <ele>6.0</ele>
    <time>2025-04-04T23:46:20Z</time>
   </trkpt>
   <trkpt lat="-6.8689980" lon="109.0477900">
    <ele>6.0</ele>
    <time>2025-04-04T23:46:21Z</time>
   </trkpt>
   <trkpt lat="-6.8690310" lon="109.0478000">
    <ele>6.0</ele>
    <time>2025-04-04T23:46:22Z</time>
   </trkpt>
   <trkpt lat="-6.8690660" lon="109.0478110">
    <ele>6.0</ele>
    <time>2025-04-04T23:46:23Z</time>
   </trkpt>
   <trkpt lat="-6.8691030" lon="109.0478190">
    <ele>6.0</ele>
    <time>2025-04-04T23:46:24Z</time>
   </trkpt>
   <trkpt lat="-6.8691400" lon="109.0478240">
    <ele>6.0</ele>
    <time>2025-04-04T23:46:25Z</time>
   </trkpt>
   <trkpt lat="-6.8691730" lon="109.0478220">
    <ele>6.0</ele>
    <time>2025-04-04T23:46:26Z</time>
   </trkpt>
   <trkpt lat="-6.8692040" lon="109.0478160">
    <ele>6.0</ele>
    <time>2025-04-04T23:46:27Z</time>
   </trkpt>
   <trkpt lat="-6.8692450" lon="109.0478090">
    <ele>6.0</ele>
    <time>2025-04-04T23:46:28Z</time>
   </trkpt>
   <trkpt lat="-6.8692600" lon="109.0478070">
    <ele>6.0</ele>
    <time>2025-04-04T23:46:29Z</time>
   </trkpt>
   <trkpt lat="-6.8692910" lon="109.0478090">
    <ele>6.0</ele>
    <time>2025-04-04T23:46:30Z</time>
   </trkpt>
   <trkpt lat="-6.8693230" lon="109.0478090">
    <ele>6.0</ele>
    <time>2025-04-04T23:46:31Z</time>
   </trkpt>
   <trkpt lat="-6.8693580" lon="109.0478090">
    <ele>6.0</ele>
    <time>2025-04-04T23:46:32Z</time>
   </trkpt>
   <trkpt lat="-6.8694000" lon="109.0478050">
    <ele>6.0</ele>
    <time>2025-04-04T23:46:33Z</time>
   </trkpt>
   <trkpt lat="-6.8694450" lon="109.0477990">
    <ele>6.1</ele>
    <time>2025-04-04T23:46:34Z</time>
   </trkpt>
   <trkpt lat="-6.8694910" lon="109.0477940">
    <ele>6.1</ele>
    <time>2025-04-04T23:46:35Z</time>
   </trkpt>
   <trkpt lat="-6.8695320" lon="109.0477960">
    <ele>6.1</ele>
    <time>2025-04-04T23:46:36Z</time>
   </trkpt>
   <trkpt lat="-6.8695710" lon="109.0478010">
    <ele>6.1</ele>
    <time>2025-04-04T23:46:37Z</time>
   </trkpt>
   <trkpt lat="-6.8696090" lon="109.0478080">
    <ele>6.1</ele>
    <time>2025-04-04T23:46:38Z</time>
   </trkpt>
   <trkpt lat="-6.8696430" lon="109.0478120">
    <ele>6.1</ele>
    <time>2025-04-04T23:46:39Z</time>
   </trkpt>
   <trkpt lat="-6.8696740" lon="109.0478120">
    <ele>6.1</ele>
    <time>2025-04-04T23:46:40Z</time>
   </trkpt>
   <trkpt lat="-6.8697060" lon="109.0478110">
    <ele>6.1</ele>
    <time>2025-04-04T23:46:41Z</time>
   </trkpt>
   <trkpt lat="-6.8697420" lon="109.0478110">
    <ele>6.1</ele>
    <time>2025-04-04T23:46:42Z</time>
   </trkpt>
   <trkpt lat="-6.8697800" lon="109.0478160">
    <ele>6.1</ele>
    <time>2025-04-04T23:46:43Z</time>
   </trkpt>
   <trkpt lat="-6.8698160" lon="109.0478230">
    <ele>6.1</ele>
    <time>2025-04-04T23:46:44Z</time>
   </trkpt>
   <trkpt lat="-6.8698540" lon="109.0478290">
    <ele>6.1</ele>
    <time>2025-04-04T23:46:45Z</time>
   </trkpt>
   <trkpt lat="-6.8698910" lon="109.0478310">
    <ele>6.1</ele>
    <time>2025-04-04T23:46:46Z</time>
   </trkpt>
   <trkpt lat="-6.8699200" lon="109.0478290">
    <ele>6.1</ele>
    <time>2025-04-04T23:46:47Z</time>
   </trkpt>
   <trkpt lat="-6.8699500" lon="109.0478220">
    <ele>6.1</ele>
    <time>2025-04-04T23:46:48Z</time>
   </trkpt>
   <trkpt lat="-6.8699780" lon="109.0478080">
    <ele>6.1</ele>
    <time>2025-04-04T23:46:49Z</time>
   </trkpt>
   <trkpt lat="-6.8700120" lon="109.0477940">
    <ele>6.1</ele>
    <time>2025-04-04T23:46:50Z</time>
   </trkpt>
   <trkpt lat="-6.8700480" lon="109.0477820">
    <ele>6.1</ele>
    <time>2025-04-04T23:46:51Z</time>
   </trkpt>
   <trkpt lat="-6.8700860" lon="109.0477700">
    <ele>6.1</ele>
    <time>2025-04-04T23:46:52Z</time>
   </trkpt>
   <trkpt lat="-6.8701240" lon="109.0477610">
    <ele>6.1</ele>
    <time>2025-04-04T23:46:53Z</time>
   </trkpt>
   <trkpt lat="-6.8701590" lon="109.0477510">
    <ele>6.1</ele>
    <time>2025-04-04T23:46:54Z</time>
   </trkpt>
   <trkpt lat="-6.8701890" lon="109.0477390">
    <ele>6.1</ele>
    <time>2025-04-04T23:46:55Z</time>
   </trkpt>
   <trkpt lat="-6.8702190" lon="109.0477290">
    <ele>6.1</ele>
    <time>2025-04-04T23:46:56Z</time>
   </trkpt>
   <trkpt lat="-6.8702520" lon="109.0477230">
    <ele>6.1</ele>
    <time>2025-04-04T23:46:57Z</time>
   </trkpt>
   <trkpt lat="-6.8702870" lon="109.0477170">
    <ele>6.1</ele>
    <time>2025-04-04T23:46:58Z</time>
   </trkpt>
   <trkpt lat="-6.8703220" lon="109.0477100">
    <ele>6.1</ele>
    <time>2025-04-04T23:46:59Z</time>
   </trkpt>
   <trkpt lat="-6.8703540" lon="109.0477010">
    <ele>6.1</ele>
    <time>2025-04-04T23:47:00Z</time>
   </trkpt>
   <trkpt lat="-6.8703910" lon="109.0476890">
    <ele>6.1</ele>
    <time>2025-04-04T23:47:01Z</time>
   </trkpt>
   <trkpt lat="-6.8704270" lon="109.0476800">
    <ele>6.1</ele>
    <time>2025-04-04T23:47:02Z</time>
   </trkpt>
   <trkpt lat="-6.8704650" lon="109.0476700">
    <ele>6.1</ele>
    <time>2025-04-04T23:47:03Z</time>
   </trkpt>
   <trkpt lat="-6.8705020" lon="109.0476610">
    <ele>6.2</ele>
    <time>2025-04-04T23:47:04Z</time>
   </trkpt>
   <trkpt lat="-6.8705330" lon="109.0476550">
    <ele>6.2</ele>
    <time>2025-04-04T23:47:05Z</time>
   </trkpt>
   <trkpt lat="-6.8705610" lon="109.0476480">
    <ele>6.2</ele>
    <time>2025-04-04T23:47:06Z</time>
   </trkpt>
   <trkpt lat="-6.8705880" lon="109.0476420">
    <ele>6.2</ele>
    <time>2025-04-04T23:47:07Z</time>
   </trkpt>
   <trkpt lat="-6.8706160" lon="109.0476360">
    <ele>6.2</ele>
    <time>2025-04-04T23:47:08Z</time>
   </trkpt>
   <trkpt lat="-6.8706500" lon="109.0476300">
    <ele>6.2</ele>
    <time>2025-04-04T23:47:09Z</time>
   </trkpt>
   <trkpt lat="-6.8706910" lon="109.0476230">
    <ele>6.2</ele>
    <time>2025-04-04T23:47:10Z</time>
   </trkpt>
   <trkpt lat="-6.8707330" lon="109.0476140">
    <ele>6.2</ele>
    <time>2025-04-04T23:47:11Z</time>
   </trkpt>
   <trkpt lat="-6.8707750" lon="109.0476070">
    <ele>6.3</ele>
    <time>2025-04-04T23:47:12Z</time>
   </trkpt>
   <trkpt lat="-6.8708120" lon="109.0476000">
    <ele>6.3</ele>
    <time>2025-04-04T23:47:13Z</time>
   </trkpt>
   <trkpt lat="-6.8708440" lon="109.0475940">
    <ele>6.3</ele>
    <time>2025-04-04T23:47:14Z</time>
   </trkpt>
   <trkpt lat="-6.8708730" lon="109.0475880">
    <ele>6.3</ele>
    <time>2025-04-04T23:47:15Z</time>
   </trkpt>
   <trkpt lat="-6.8709030" lon="109.0475830">
    <ele>6.3</ele>
    <time>2025-04-04T23:47:16Z</time>
   </trkpt>
   <trkpt lat="-6.8709370" lon="109.0475770">
    <ele>6.3</ele>
    <time>2025-04-04T23:47:17Z</time>
   </trkpt>
   <trkpt lat="-6.8709720" lon="109.0475690">
    <ele>6.3</ele>
    <time>2025-04-04T23:47:18Z</time>
   </trkpt>
   <trkpt lat="-6.8710080" lon="109.0475580">
    <ele>6.3</ele>
    <time>2025-04-04T23:47:19Z</time>
   </trkpt>
   <trkpt lat="-6.8710410" lon="109.0475470">
    <ele>6.3</ele>
    <time>2025-04-04T23:47:20Z</time>
   </trkpt>
   <trkpt lat="-6.8710740" lon="109.0475370">
    <ele>6.3</ele>
    <time>2025-04-04T23:47:21Z</time>
   </trkpt>
   <trkpt lat="-6.8711110" lon="109.0475290">
    <ele>6.3</ele>
    <time>2025-04-04T23:47:22Z</time>
   </trkpt>
   <trkpt lat="-6.8711460" lon="109.0475220">
    <ele>6.4</ele>
    <time>2025-04-04T23:47:23Z</time>
   </trkpt>
   <trkpt lat="-6.8711810" lon="109.0475150">
    <ele>6.4</ele>
    <time>2025-04-04T23:47:24Z</time>
   </trkpt>
   <trkpt lat="-6.8712150" lon="109.0475090">
    <ele>6.4</ele>
    <time>2025-04-04T23:47:25Z</time>
   </trkpt>
   <trkpt lat="-6.8712460" lon="109.0475020">
    <ele>6.4</ele>
    <time>2025-04-04T23:47:26Z</time>
   </trkpt>
   <trkpt lat="-6.8712780" lon="109.0474940">
    <ele>6.4</ele>
    <time>2025-04-04T23:47:27Z</time>
   </trkpt>
   <trkpt lat="-6.8713110" lon="109.0474830">
    <ele>6.4</ele>
    <time>2025-04-04T23:47:28Z</time>
   </trkpt>
   <trkpt lat="-6.8713450" lon="109.0474730">
    <ele>6.4</ele>
    <time>2025-04-04T23:47:29Z</time>
   </trkpt>
   <trkpt lat="-6.8713860" lon="109.0474640">
    <ele>6.4</ele>
    <time>2025-04-04T23:47:30Z</time>
   </trkpt>
   <trkpt lat="-6.8714280" lon="109.0474540">
    <ele>6.4</ele>
    <time>2025-04-04T23:47:31Z</time>
   </trkpt>
   <trkpt lat="-6.8714680" lon="109.0474470">
    <ele>6.4</ele>
    <time>2025-04-04T23:47:32Z</time>
   </trkpt>
   <trkpt lat="-6.8715060" lon="109.0474400">
    <ele>6.4</ele>
    <time>2025-04-04T23:47:33Z</time>
   </trkpt>
   <trkpt lat="-6.8715370" lon="109.0474340">
    <ele>6.4</ele>
    <time>2025-04-04T23:47:34Z</time>
   </trkpt>
   <trkpt lat="-6.8715690" lon="109.0474260">
    <ele>6.4</ele>
    <time>2025-04-04T23:47:35Z</time>
   </trkpt>
   <trkpt lat="-6.8716050" lon="109.0474170">
    <ele>6.5</ele>
    <time>2025-04-04T23:47:36Z</time>
   </trkpt>
   <trkpt lat="-6.8716410" lon="109.0474060">
    <ele>6.5</ele>
    <time>2025-04-04T23:47:37Z</time>
   </trkpt>
   <trkpt lat="-6.8716750" lon="109.0473950">
    <ele>6.5</ele>
    <time>2025-04-04T23:47:38Z</time>
   </trkpt>
   <trkpt lat="-6.8717070" lon="109.0473860">
    <ele>6.5</ele>
    <time>2025-04-04T23:47:39Z</time>
   </trkpt>
   <trkpt lat="-6.8717390" lon="109.0473790">
    <ele>6.5</ele>
    <time>2025-04-04T23:47:40Z</time>
   </trkpt>
   <trkpt lat="-6.8717660" lon="109.0473740">
    <ele>6.5</ele>
    <time>2025-04-04T23:47:41Z</time>
   </trkpt>
   <trkpt lat="-6.8717940" lon="109.0473670">
    <ele>6.5</ele>
    <time>2025-04-04T23:47:42Z</time>
   </trkpt>
   <trkpt lat="-6.8718260" lon="109.0473600">
    <ele>6.5</ele>
    <time>2025-04-04T23:47:43Z</time>
   </trkpt>
   <trkpt lat="-6.8718610" lon="109.0473510">
    <ele>6.5</ele>
    <time>2025-04-04T23:47:44Z</time>
   </trkpt>
   <trkpt lat="-6.8718960" lon="109.0473420">
    <ele>6.5</ele>
    <time>2025-04-04T23:47:45Z</time>
   </trkpt>
   <trkpt lat="-6.8719270" lon="109.0473330">
    <ele>6.6</ele>
    <time>2025-04-04T23:47:46Z</time>
   </trkpt>
   <trkpt lat="-6.8719530" lon="109.0473230">
    <ele>6.6</ele>
    <time>2025-04-04T23:47:47Z</time>
   </trkpt>
   <trkpt lat="-6.8719810" lon="109.0473140">
    <ele>6.6</ele>
    <time>2025-04-04T23:47:48Z</time>
   </trkpt>
   <trkpt lat="-6.8720120" lon="109.0473030">
    <ele>6.6</ele>
    <time>2025-04-04T23:47:49Z</time>
   </trkpt>
   <trkpt lat="-6.8720430" lon="109.0472900">
    <ele>6.6</ele>
    <time>2025-04-04T23:47:50Z</time>
   </trkpt>
   <trkpt lat="-6.8720730" lon="109.0472790">
    <ele>6.6</ele>
    <time>2025-04-04T23:47:51Z</time>
   </trkpt>
   <trkpt lat="-6.8721040" lon="109.0472660">
    <ele>6.6</ele>
    <time>2025-04-04T23:47:52Z</time>
   </trkpt>
   <trkpt lat="-6.8721360" lon="109.0472550">
    <ele>6.7</ele>
    <time>2025-04-04T23:47:53Z</time>
   </trkpt>
   <trkpt lat="-6.8721690" lon="109.0472450">
    <ele>6.7</ele>
    <time>2025-04-04T23:47:54Z</time>
   </trkpt>
   <trkpt lat="-6.8722030" lon="109.0472390">
    <ele>6.7</ele>
    <time>2025-04-04T23:47:55Z</time>
   </trkpt>
   <trkpt lat="-6.8722370" lon="109.0472360">
    <ele>6.7</ele>
    <time>2025-04-04T23:47:56Z</time>
   </trkpt>
   <trkpt lat="-6.8722690" lon="109.0472280">
    <ele>6.7</ele>
    <time>2025-04-04T23:47:57Z</time>
   </trkpt>
   <trkpt lat="-6.8722980" lon="109.0472190">
    <ele>6.7</ele>
    <time>2025-04-04T23:47:58Z</time>
   </trkpt>
   <trkpt lat="-6.8723260" lon="109.0472090">
    <ele>6.7</ele>
    <time>2025-04-04T23:47:59Z</time>
   </trkpt>
   <trkpt lat="-6.8723570" lon="109.0471990">
    <ele>6.8</ele>
    <time>2025-04-04T23:48:00Z</time>
   </trkpt>
   <trkpt lat="-6.8723890" lon="109.0471910">
    <ele>6.8</ele>
    <time>2025-04-04T23:48:01Z</time>
   </trkpt>
   <trkpt lat="-6.8724260" lon="109.0471850">
    <ele>6.8</ele>
    <time>2025-04-04T23:48:02Z</time>
   </trkpt>
   <trkpt lat="-6.8724610" lon="109.0471790">
    <ele>6.8</ele>
    <time>2025-04-04T23:48:03Z</time>
   </trkpt>
   <trkpt lat="-6.8724980" lon="109.0471740">
    <ele>6.8</ele>
    <time>2025-04-04T23:48:04Z</time>
   </trkpt>
   <trkpt lat="-6.8725360" lon="109.0471670">
    <ele>6.8</ele>
    <time>2025-04-04T23:48:05Z</time>
   </trkpt>
   <trkpt lat="-6.8725720" lon="109.0471590">
    <ele>6.9</ele>
    <time>2025-04-04T23:48:06Z</time>
   </trkpt>
   <trkpt lat="-6.8726020" lon="109.0471510">
    <ele>6.9</ele>
    <time>2025-04-04T23:48:07Z</time>
   </trkpt>
   <trkpt lat="-6.8726350" lon="109.0471410">
    <ele>6.9</ele>
    <time>2025-04-04T23:48:08Z</time>
   </trkpt>
   <trkpt lat="-6.8726640" lon="109.0471320">
    <ele>6.9</ele>
    <time>2025-04-04T23:48:09Z</time>
   </trkpt>
   <trkpt lat="-6.8726930" lon="109.0471200">
    <ele>7.0</ele>
    <time>2025-04-04T23:48:10Z</time>
   </trkpt>
   <trkpt lat="-6.8727230" lon="109.0471120">
    <ele>7.0</ele>
    <time>2025-04-04T23:48:11Z</time>
   </trkpt>
   <trkpt lat="-6.8727510" lon="109.0471060">
    <ele>7.1</ele>
    <time>2025-04-04T23:48:12Z</time>
   </trkpt>
   <trkpt lat="-6.8727910" lon="109.0470990">
    <ele>7.1</ele>
    <time>2025-04-04T23:48:13Z</time>
   </trkpt>
   <trkpt lat="-6.8728060" lon="109.0470960">
    <ele>7.1</ele>
    <time>2025-04-04T23:48:14Z</time>
   </trkpt>
   <trkpt lat="-6.8728460" lon="109.0471010">
    <ele>7.2</ele>
    <time>2025-04-04T23:48:15Z</time>
   </trkpt>
   <trkpt lat="-6.8728840" lon="109.0471170">
    <ele>7.3</ele>
    <time>2025-04-04T23:48:16Z</time>
   </trkpt>
   <trkpt lat="-6.8729000" lon="109.0471470">
    <ele>7.3</ele>
    <time>2025-04-04T23:48:17Z</time>
   </trkpt>
   <trkpt lat="-6.8729080" lon="109.0471900">
    <ele>7.3</ele>
    <time>2025-04-04T23:48:18Z</time>
   </trkpt>
   <trkpt lat="-6.8729180" lon="109.0472410">
    <ele>7.3</ele>
    <time>2025-04-04T23:48:19Z</time>
   </trkpt>
   <trkpt lat="-6.8729320" lon="109.0472850">
    <ele>7.2</ele>
    <time>2025-04-04T23:48:20Z</time>
   </trkpt>
   <trkpt lat="-6.8729480" lon="109.0473190">
    <ele>7.2</ele>
    <time>2025-04-04T23:48:21Z</time>
   </trkpt>
   <trkpt lat="-6.8729630" lon="109.0473540">
    <ele>7.2</ele>
    <time>2025-04-04T23:48:22Z</time>
   </trkpt>
   <trkpt lat="-6.8729700" lon="109.0473840">
    <ele>7.2</ele>
    <time>2025-04-04T23:48:23Z</time>
   </trkpt>
   <trkpt lat="-6.8729820" lon="109.0474150">
    <ele>7.2</ele>
    <time>2025-04-04T23:48:24Z</time>
   </trkpt>
   <trkpt lat="-6.8729950" lon="109.0474460">
    <ele>7.2</ele>
    <time>2025-04-04T23:48:25Z</time>
   </trkpt>
   <trkpt lat="-6.8730100" lon="109.0474820">
    <ele>7.2</ele>
    <time>2025-04-04T23:48:26Z</time>
   </trkpt>
   <trkpt lat="-6.8730270" lon="109.0475180">
    <ele>7.2</ele>
    <time>2025-04-04T23:48:27Z</time>
   </trkpt>
   <trkpt lat="-6.8730420" lon="109.0475540">
    <ele>7.2</ele>
    <time>2025-04-04T23:48:28Z</time>
   </trkpt>
   <trkpt lat="-6.8730570" lon="109.0475910">
    <ele>7.2</ele>
    <time>2025-04-04T23:48:29Z</time>
   </trkpt>
   <trkpt lat="-6.8730710" lon="109.0476320">
    <ele>7.1</ele>
    <time>2025-04-04T23:48:30Z</time>
   </trkpt>
   <trkpt lat="-6.8730850" lon="109.0476750">
    <ele>7.1</ele>
    <time>2025-04-04T23:48:31Z</time>
   </trkpt>
   <trkpt lat="-6.8730960" lon="109.0477200">
    <ele>7.1</ele>
    <time>2025-04-04T23:48:32Z</time>
   </trkpt>
   <trkpt lat="-6.8731060" lon="109.0477560">
    <ele>7.1</ele>
    <time>2025-04-04T23:48:33Z</time>
   </trkpt>
   <trkpt lat="-6.8731140" lon="109.0477910">
    <ele>7.1</ele>
    <time>2025-04-04T23:48:34Z</time>
   </trkpt>
   <trkpt lat="-6.8731130" lon="109.0478230">
    <ele>7.1</ele>
    <time>2025-04-04T23:48:35Z</time>
   </trkpt>
   <trkpt lat="-6.8731110" lon="109.0478590">
    <ele>7.1</ele>
    <time>2025-04-04T23:48:36Z</time>
   </trkpt>
   <trkpt lat="-6.8731120" lon="109.0478960">
    <ele>7.1</ele>
    <time>2025-04-04T23:48:37Z</time>
   </trkpt>
   <trkpt lat="-6.8731160" lon="109.0479380">
    <ele>7.1</ele>
    <time>2025-04-04T23:48:38Z</time>
   </trkpt>
   <trkpt lat="-6.8731280" lon="109.0479760">
    <ele>7.1</ele>
    <time>2025-04-04T23:48:39Z</time>
   </trkpt>
   <trkpt lat="-6.8731420" lon="109.0480150">
    <ele>7.1</ele>
    <time>2025-04-04T23:48:40Z</time>
   </trkpt>
   <trkpt lat="-6.8731580" lon="109.0480490">
    <ele>7.1</ele>
    <time>2025-04-04T23:48:41Z</time>
   </trkpt>
   <trkpt lat="-6.8731700" lon="109.0480870">
    <ele>7.1</ele>
    <time>2025-04-04T23:48:42Z</time>
   </trkpt>
   <trkpt lat="-6.8731810" lon="109.0481220">
    <ele>7.1</ele>
    <time>2025-04-04T23:48:43Z</time>
   </trkpt>
   <trkpt lat="-6.8731900" lon="109.0481530">
    <ele>7.1</ele>
    <time>2025-04-04T23:48:44Z</time>
   </trkpt>
   <trkpt lat="-6.8732000" lon="109.0481870">
    <ele>7.1</ele>
    <time>2025-04-04T23:48:45Z</time>
   </trkpt>
   <trkpt lat="-6.8732110" lon="109.0482230">
    <ele>7.1</ele>
    <time>2025-04-04T23:48:46Z</time>
   </trkpt>
   <trkpt lat="-6.8732110" lon="109.0482630">
    <ele>7.1</ele>
    <time>2025-04-04T23:48:47Z</time>
   </trkpt>
   <trkpt lat="-6.8732160" lon="109.0482940">
    <ele>7.1</ele>
    <time>2025-04-04T23:48:48Z</time>
   </trkpt>
   <trkpt lat="-6.8732200" lon="109.0483290">
    <ele>7.1</ele>
    <time>2025-04-04T23:48:49Z</time>
   </trkpt>
   <trkpt lat="-6.8732210" lon="109.0483400">
    <ele>7.1</ele>
    <time>2025-04-04T23:48:50Z</time>
   </trkpt>
   <trkpt lat="-6.8732270" lon="109.0483680">
    <ele>7.1</ele>
    <time>2025-04-04T23:48:51Z</time>
   </trkpt>
   <trkpt lat="-6.8732340" lon="109.0483990">
    <ele>7.1</ele>
    <time>2025-04-04T23:48:52Z</time>
   </trkpt>
   <trkpt lat="-6.8732460" lon="109.0484300">
    <ele>7.1</ele>
    <time>2025-04-04T23:48:53Z</time>
   </trkpt>
   <trkpt lat="-6.8732580" lon="109.0484620">
    <ele>7.1</ele>
    <time>2025-04-04T23:48:54Z</time>
   </trkpt>
   <trkpt lat="-6.8732700" lon="109.0484980">
    <ele>7.1</ele>
    <time>2025-04-04T23:48:55Z</time>
   </trkpt>
   <trkpt lat="-6.8732800" lon="109.0485340">
    <ele>7.1</ele>
    <time>2025-04-04T23:48:56Z</time>
   </trkpt>
   <trkpt lat="-6.8732900" lon="109.0485660">
    <ele>7.1</ele>
    <time>2025-04-04T23:48:57Z</time>
   </trkpt>
   <trkpt lat="-6.8732990" lon="109.0486020">
    <ele>7.1</ele>
    <time>2025-04-04T23:48:58Z</time>
   </trkpt>
   <trkpt lat="-6.8733110" lon="109.0486370">
    <ele>7.1</ele>
    <time>2025-04-04T23:48:59Z</time>
   </trkpt>
   <trkpt lat="-6.8733210" lon="109.0486720">
    <ele>7.1</ele>
    <time>2025-04-04T23:49:00Z</time>
   </trkpt>
   <trkpt lat="-6.8733300" lon="109.0487020">
    <ele>7.1</ele>
    <time>2025-04-04T23:49:01Z</time>
   </trkpt>
   <trkpt lat="-6.8733350" lon="109.0487340">
    <ele>7.1</ele>
    <time>2025-04-04T23:49:02Z</time>
   </trkpt>
   <trkpt lat="-6.8733370" lon="109.0487720">
    <ele>7.1</ele>
    <time>2025-04-04T23:49:03Z</time>
   </trkpt>
   <trkpt lat="-6.8733410" lon="109.0488040">
    <ele>7.0</ele>
    <time>2025-04-04T23:49:04Z</time>
   </trkpt>
   <trkpt lat="-6.8733450" lon="109.0488380">
    <ele>7.0</ele>
    <time>2025-04-04T23:49:05Z</time>
   </trkpt>
   <trkpt lat="-6.8733490" lon="109.0488660">
    <ele>7.0</ele>
    <time>2025-04-04T23:49:06Z</time>
   </trkpt>
   <trkpt lat="-6.8733550" lon="109.0488840">
    <ele>7.0</ele>
    <time>2025-04-04T23:49:07Z</time>
   </trkpt>
   <trkpt lat="-6.8733570" lon="109.0488940">
    <ele>7.0</ele>
    <time>2025-04-04T23:49:08Z</time>
   </trkpt>
   <trkpt lat="-6.8733590" lon="109.0489050">
    <ele>7.0</ele>
    <time>2025-04-04T23:49:09Z</time>
   </trkpt>
   <trkpt lat="-6.8733620" lon="109.0489240">
    <ele>7.0</ele>
    <time>2025-04-04T23:49:10Z</time>
   </trkpt>
   <trkpt lat="-6.8733670" lon="109.0489460">
    <ele>7.0</ele>
    <time>2025-04-04T23:49:11Z</time>
   </trkpt>
   <trkpt lat="-6.8733710" lon="109.0489520">
    <ele>7.0</ele>
    <time>2025-04-04T23:49:12Z</time>
   </trkpt>
   <trkpt lat="-6.8733760" lon="109.0489580">
    <ele>7.0</ele>
    <time>2025-04-04T23:49:13Z</time>
   </trkpt>
   <trkpt lat="-6.8733860" lon="109.0489670">
    <ele>7.0</ele>
    <time>2025-04-04T23:49:14Z</time>
   </trkpt>
   <trkpt lat="-6.8734040" lon="109.0489800">
    <ele>7.0</ele>
    <time>2025-04-04T23:49:15Z</time>
   </trkpt>
   <trkpt lat="-6.8734280" lon="109.0490150">
    <ele>7.0</ele>
    <time>2025-04-04T23:49:16Z</time>
   </trkpt>
   <trkpt lat="-6.8734350" lon="109.0490300">
    <ele>7.0</ele>
    <time>2025-04-04T23:49:17Z</time>
   </trkpt>
   <trkpt lat="-6.8734390" lon="109.0490700">
    <ele>7.0</ele>
    <time>2025-04-04T23:49:18Z</time>
   </trkpt>
   <trkpt lat="-6.8734310" lon="109.0491100">
    <ele>7.0</ele>
    <time>2025-04-04T23:49:19Z</time>
   </trkpt>
   <trkpt lat="-6.8734300" lon="109.0491500">
    <ele>7.0</ele>
    <time>2025-04-04T23:49:20Z</time>
   </trkpt>
   <trkpt lat="-6.8734360" lon="109.0491880">
    <ele>7.0</ele>
    <time>2025-04-04T23:49:21Z</time>
   </trkpt>
   <trkpt lat="-6.8734450" lon="109.0492260">
    <ele>6.9</ele>
    <time>2025-04-04T23:49:22Z</time>
   </trkpt>
   <trkpt lat="-6.8734600" lon="109.0492650">
    <ele>6.9</ele>
    <time>2025-04-04T23:49:23Z</time>
   </trkpt>
   <trkpt lat="-6.8734750" lon="109.0493030">
    <ele>6.9</ele>
    <time>2025-04-04T23:49:24Z</time>
   </trkpt>
   <trkpt lat="-6.8734820" lon="109.0493400">
    <ele>6.9</ele>
    <time>2025-04-04T23:49:25Z</time>
   </trkpt>
   <trkpt lat="-6.8734920" lon="109.0493780">
    <ele>6.9</ele>
    <time>2025-04-04T23:49:26Z</time>
   </trkpt>
   <trkpt lat="-6.8735020" lon="109.0494080">
    <ele>6.9</ele>
    <time>2025-04-04T23:49:27Z</time>
   </trkpt>
   <trkpt lat="-6.8735170" lon="109.0494440">
    <ele>6.9</ele>
    <time>2025-04-04T23:49:28Z</time>
   </trkpt>
   <trkpt lat="-6.8735310" lon="109.0494780">
    <ele>6.9</ele>
    <time>2025-04-04T23:49:29Z</time>
   </trkpt>
   <trkpt lat="-6.8735400" lon="109.0495140">
    <ele>6.9</ele>
    <time>2025-04-04T23:49:30Z</time>
   </trkpt>
   <trkpt lat="-6.8735450" lon="109.0495530">
    <ele>6.9</ele>
    <time>2025-04-04T23:49:31Z</time>
   </trkpt>
   <trkpt lat="-6.8735470" lon="109.0495880">
    <ele>6.9</ele>
    <time>2025-04-04T23:49:32Z</time>
   </trkpt>
   <trkpt lat="-6.8735510" lon="109.0496240">
    <ele>6.9</ele>
    <time>2025-04-04T23:49:33Z</time>
   </trkpt>
   <trkpt lat="-6.8735620" lon="109.0496580">
    <ele>6.9</ele>
    <time>2025-04-04T23:49:34Z</time>
   </trkpt>
   <trkpt lat="-6.8735780" lon="109.0496850">
    <ele>6.9</ele>
    <time>2025-04-04T23:49:35Z</time>
   </trkpt>
   <trkpt lat="-6.8735860" lon="109.0497340">
    <ele>6.9</ele>
    <time>2025-04-04T23:49:36Z</time>
   </trkpt>
   <trkpt lat="-6.8735980" lon="109.0497710">
    <ele>6.9</ele>
    <time>2025-04-04T23:49:37Z</time>
   </trkpt>
   <trkpt lat="-6.8736070" lon="109.0498090">
    <ele>6.9</ele>
    <time>2025-04-04T23:49:38Z</time>
   </trkpt>
   <trkpt lat="-6.8736140" lon="109.0498470">
    <ele>6.8</ele>
    <time>2025-04-04T23:49:39Z</time>
   </trkpt>
   <trkpt lat="-6.8736220" lon="109.0498890">
    <ele>6.8</ele>
    <time>2025-04-04T23:49:40Z</time>
   </trkpt>
   <trkpt lat="-6.8736310" lon="109.0499320">
    <ele>6.8</ele>
    <time>2025-04-04T23:49:41Z</time>
   </trkpt>
   <trkpt lat="-6.8736380" lon="109.0499700">
    <ele>6.8</ele>
    <time>2025-04-04T23:49:42Z</time>
   </trkpt>
   <trkpt lat="-6.8736470" lon="109.0500120">
    <ele>6.8</ele>
    <time>2025-04-04T23:49:43Z</time>
   </trkpt>
   <trkpt lat="-6.8736570" lon="109.0500560">
    <ele>6.8</ele>
    <time>2025-04-04T23:49:44Z</time>
   </trkpt>
   <trkpt lat="-6.8736680" lon="109.0501020">
    <ele>6.8</ele>
    <time>2025-04-04T23:49:45Z</time>
   </trkpt>
   <trkpt lat="-6.8736780" lon="109.0501480">
    <ele>6.8</ele>
    <time>2025-04-04T23:49:46Z</time>
   </trkpt>
   <trkpt lat="-6.8736890" lon="109.0501870">
    <ele>6.8</ele>
    <time>2025-04-04T23:49:47Z</time>
   </trkpt>
   <trkpt lat="-6.8736950" lon="109.0502190">
    <ele>6.8</ele>
    <time>2025-04-04T23:49:48Z</time>
   </trkpt>
   <trkpt lat="-6.8737000" lon="109.0502490">
    <ele>6.8</ele>
    <time>2025-04-04T23:49:49Z</time>
   </trkpt>
   <trkpt lat="-6.8737070" lon="109.0502780">
    <ele>6.8</ele>
    <time>2025-04-04T23:49:50Z</time>
   </trkpt>
   <trkpt lat="-6.8737150" lon="109.0503110">
    <ele>6.8</ele>
    <time>2025-04-04T23:49:51Z</time>
   </trkpt>
   <trkpt lat="-6.8737230" lon="109.0503490">
    <ele>6.8</ele>
    <time>2025-04-04T23:49:52Z</time>
   </trkpt>
   <trkpt lat="-6.8737310" lon="109.0503900">
    <ele>6.8</ele>
    <time>2025-04-04T23:49:53Z</time>
   </trkpt>
   <trkpt lat="-6.8737420" lon="109.0504330">
    <ele>6.8</ele>
    <time>2025-04-04T23:49:54Z</time>
   </trkpt>
   <trkpt lat="-6.8737540" lon="109.0504780">
    <ele>6.7</ele>
    <time>2025-04-04T23:49:55Z</time>
   </trkpt>
   <trkpt lat="-6.8737620" lon="109.0505270">
    <ele>6.7</ele>
    <time>2025-04-04T23:49:56Z</time>
   </trkpt>
   <trkpt lat="-6.8737660" lon="109.0505720">
    <ele>6.7</ele>
    <time>2025-04-04T23:49:57Z</time>
   </trkpt>
   <trkpt lat="-6.8737680" lon="109.0506140">
    <ele>6.7</ele>
    <time>2025-04-04T23:49:58Z</time>
   </trkpt>
   <trkpt lat="-6.8737720" lon="109.0506530">
    <ele>6.7</ele>
    <time>2025-04-04T23:49:59Z</time>
   </trkpt>
   <trkpt lat="-6.8737770" lon="109.0506900">
    <ele>6.7</ele>
    <time>2025-04-04T23:50:00Z</time>
   </trkpt>
   <trkpt lat="-6.8737860" lon="109.0507230">
    <ele>6.7</ele>
    <time>2025-04-04T23:50:01Z</time>
   </trkpt>
   <trkpt lat="-6.8737950" lon="109.0507590">
    <ele>6.7</ele>
    <time>2025-04-04T23:50:02Z</time>
   </trkpt>
   <trkpt lat="-6.8738090" lon="109.0507970">
    <ele>6.7</ele>
    <time>2025-04-04T23:50:03Z</time>
   </trkpt>
   <trkpt lat="-6.8738250" lon="109.0508370">
    <ele>6.7</ele>
    <time>2025-04-04T23:50:04Z</time>
   </trkpt>
   <trkpt lat="-6.8738410" lon="109.0508720">
    <ele>6.7</ele>
    <time>2025-04-04T23:50:05Z</time>
   </trkpt>
   <trkpt lat="-6.8738540" lon="109.0509090">
    <ele>6.7</ele>
    <time>2025-04-04T23:50:06Z</time>
   </trkpt>
   <trkpt lat="-6.8738640" lon="109.0509460">
    <ele>6.7</ele>
    <time>2025-04-04T23:50:07Z</time>
   </trkpt>
   <trkpt lat="-6.8738750" lon="109.0509820">
    <ele>6.7</ele>
    <time>2025-04-04T23:50:08Z</time>
   </trkpt>
   <trkpt lat="-6.8738920" lon="109.0510140">
    <ele>6.7</ele>
    <time>2025-04-04T23:50:09Z</time>
   </trkpt>
   <trkpt lat="-6.8739070" lon="109.0510500">
    <ele>6.6</ele>
    <time>2025-04-04T23:50:10Z</time>
   </trkpt>
   <trkpt lat="-6.8739200" lon="109.0510970">
    <ele>6.6</ele>
    <time>2025-04-04T23:50:11Z</time>
   </trkpt>
   <trkpt lat="-6.8739340" lon="109.0511420">
    <ele>6.6</ele>
    <time>2025-04-04T23:50:12Z</time>
   </trkpt>
   <trkpt lat="-6.8739460" lon="109.0511810">
    <ele>6.6</ele>
    <time>2025-04-04T23:50:13Z</time>
   </trkpt>
   <trkpt lat="-6.8739540" lon="109.0512140">
    <ele>6.6</ele>
    <time>2025-04-04T23:50:14Z</time>
   </trkpt>
   <trkpt lat="-6.8739570" lon="109.0512460">
    <ele>6.6</ele>
    <time>2025-04-04T23:50:15Z</time>
   </trkpt>
   <trkpt lat="-6.8739590" lon="109.0512740">
    <ele>6.6</ele>
    <time>2025-04-04T23:50:16Z</time>
   </trkpt>
   <trkpt lat="-6.8739640" lon="109.0513020">
    <ele>6.6</ele>
    <time>2025-04-04T23:50:17Z</time>
   </trkpt>
   <trkpt lat="-6.8739710" lon="109.0513330">
    <ele>6.6</ele>
    <time>2025-04-04T23:50:18Z</time>
   </trkpt>
   <trkpt lat="-6.8739750" lon="109.0513440">
    <ele>6.6</ele>
    <time>2025-04-04T23:50:19Z</time>
   </trkpt>
   <trkpt lat="-6.8739910" lon="109.0513800">
    <ele>6.7</ele>
    <time>2025-04-04T23:50:20Z</time>
   </trkpt>
   <trkpt lat="-6.8739960" lon="109.0513940">
    <ele>6.7</ele>
    <time>2025-04-04T23:50:21Z</time>
   </trkpt>
   <trkpt lat="-6.8740030" lon="109.0514260">
    <ele>6.7</ele>
    <time>2025-04-04T23:50:22Z</time>
   </trkpt>
   <trkpt lat="-6.8740100" lon="109.0514590">
    <ele>6.7</ele>
    <time>2025-04-04T23:50:23Z</time>
   </trkpt>
   <trkpt lat="-6.8740150" lon="109.0514930">
    <ele>6.7</ele>
    <time>2025-04-04T23:50:24Z</time>
   </trkpt>
   <trkpt lat="-6.8740200" lon="109.0515250">
    <ele>6.7</ele>
    <time>2025-04-04T23:50:25Z</time>
   </trkpt>
   <trkpt lat="-6.8740280" lon="109.0515590">
    <ele>6.7</ele>
    <time>2025-04-04T23:50:26Z</time>
   </trkpt>
   <trkpt lat="-6.8740370" lon="109.0515940">
    <ele>6.7</ele>
    <time>2025-04-04T23:50:27Z</time>
   </trkpt>
   <trkpt lat="-6.8740390" lon="109.0516040">
    <ele>6.7</ele>
    <time>2025-04-04T23:50:28Z</time>
   </trkpt>
   <trkpt lat="-6.8740400" lon="109.0516390">
    <ele>6.8</ele>
    <time>2025-04-04T23:50:29Z</time>
   </trkpt>
   <trkpt lat="-6.8740390" lon="109.0516510">
    <ele>6.8</ele>
    <time>2025-04-04T23:50:30Z</time>
   </trkpt>
   <trkpt lat="-6.8740430" lon="109.0516870">
    <ele>6.8</ele>
    <time>2025-04-04T23:50:31Z</time>
   </trkpt>
   <trkpt lat="-6.8740470" lon="109.0516990">
    <ele>6.8</ele>
    <time>2025-04-04T23:50:32Z</time>
   </trkpt>
   <trkpt lat="-6.8740570" lon="109.0517320">
    <ele>6.8</ele>
    <time>2025-04-04T23:50:33Z</time>
   </trkpt>
   <trkpt lat="-6.8740700" lon="109.0517650">
    <ele>6.8</ele>
    <time>2025-04-04T23:50:34Z</time>
   </trkpt>
   <trkpt lat="-6.8740860" lon="109.0517980">
    <ele>6.8</ele>
    <time>2025-04-04T23:50:35Z</time>
   </trkpt>
   <trkpt lat="-6.8741050" lon="109.0518320">
    <ele>6.8</ele>
    <time>2025-04-04T23:50:36Z</time>
   </trkpt>
   <trkpt lat="-6.8741220" lon="109.0518600">
    <ele>6.8</ele>
    <time>2025-04-04T23:50:37Z</time>
   </trkpt>
   <trkpt lat="-6.8741420" lon="109.0518920">
    <ele>6.8</ele>
    <time>2025-04-04T23:50:38Z</time>
   </trkpt>
   <trkpt lat="-6.8741590" lon="109.0519260">
    <ele>6.8</ele>
    <time>2025-04-04T23:50:39Z</time>
   </trkpt>
   <trkpt lat="-6.8741760" lon="109.0519910">
    <ele>6.8</ele>
    <time>2025-04-04T23:50:40Z</time>
   </trkpt>
   <trkpt lat="-6.8741890" lon="109.0520400">
    <ele>6.8</ele>
    <time>2025-04-04T23:50:41Z</time>
   </trkpt>
   <trkpt lat="-6.8742020" lon="109.0520770">
    <ele>6.8</ele>
    <time>2025-04-04T23:50:42Z</time>
   </trkpt>
   <trkpt lat="-6.8742180" lon="109.0521070">
    <ele>6.8</ele>
    <time>2025-04-04T23:50:43Z</time>
   </trkpt>
   <trkpt lat="-6.8742350" lon="109.0521350">
    <ele>6.8</ele>
    <time>2025-04-04T23:50:44Z</time>
   </trkpt>
   <trkpt lat="-6.8742560" lon="109.0521580">
    <ele>6.8</ele>
    <time>2025-04-04T23:50:45Z</time>
   </trkpt>
   <trkpt lat="-6.8742780" lon="109.0521760">
    <ele>6.8</ele>
    <time>2025-04-04T23:50:46Z</time>
   </trkpt>
   <trkpt lat="-6.8743020" lon="109.0521980">
    <ele>6.8</ele>
    <time>2025-04-04T23:50:47Z</time>
   </trkpt>
   <trkpt lat="-6.8743250" lon="109.0522190">
    <ele>6.8</ele>
    <time>2025-04-04T23:50:48Z</time>
   </trkpt>
   <trkpt lat="-6.8743500" lon="109.0522420">
    <ele>6.8</ele>
    <time>2025-04-04T23:50:49Z</time>
   </trkpt>
   <trkpt lat="-6.8743780" lon="109.0522650">
    <ele>6.8</ele>
    <time>2025-04-04T23:50:50Z</time>
   </trkpt>
   <trkpt lat="-6.8744080" lon="109.0522800">
    <ele>6.8</ele>
    <time>2025-04-04T23:50:51Z</time>
   </trkpt>
   <trkpt lat="-6.8744420" lon="109.0522930">
    <ele>6.8</ele>
    <time>2025-04-04T23:50:52Z</time>
   </trkpt>
   <trkpt lat="-6.8744770" lon="109.0523080">
    <ele>6.8</ele>
    <time>2025-04-04T23:50:53Z</time>
   </trkpt>
   <trkpt lat="-6.8745070" lon="109.0523210">
    <ele>6.8</ele>
    <time>2025-04-04T23:50:54Z</time>
   </trkpt>
   <trkpt lat="-6.8745380" lon="109.0523340">
    <ele>6.8</ele>
    <time>2025-04-04T23:50:55Z</time>
   </trkpt>
   <trkpt lat="-6.8746020" lon="109.0523470">
    <ele>6.8</ele>
    <time>2025-04-04T23:50:57Z</time>
   </trkpt>
   <trkpt lat="-6.8746410" lon="109.0523500">
    <ele>6.8</ele>
    <time>2025-04-04T23:50:58Z</time>
   </trkpt>
   <trkpt lat="-6.8746780" lon="109.0523540">
    <ele>6.7</ele>
    <time>2025-04-04T23:50:59Z</time>
   </trkpt>
   <trkpt lat="-6.8747120" lon="109.0523630">
    <ele>6.7</ele>
    <time>2025-04-04T23:51:00Z</time>
   </trkpt>
   <trkpt lat="-6.8747460" lon="109.0523770">
    <ele>6.7</ele>
    <time>2025-04-04T23:51:01Z</time>
   </trkpt>
   <trkpt lat="-6.8747780" lon="109.0523940">
    <ele>6.7</ele>
    <time>2025-04-04T23:51:02Z</time>
   </trkpt>
   <trkpt lat="-6.8748110" lon="109.0524130">
    <ele>6.7</ele>
    <time>2025-04-04T23:51:03Z</time>
   </trkpt>
   <trkpt lat="-6.8748500" lon="109.0524290">
    <ele>6.7</ele>
    <time>2025-04-04T23:51:04Z</time>
   </trkpt>
   <trkpt lat="-6.8748880" lon="109.0524400">
    <ele>6.7</ele>
    <time>2025-04-04T23:51:05Z</time>
   </trkpt>
   <trkpt lat="-6.8749250" lon="109.0524470">
    <ele>6.6</ele>
    <time>2025-04-04T23:51:06Z</time>
   </trkpt>
   <trkpt lat="-6.8749590" lon="109.0524540">
    <ele>6.6</ele>
    <time>2025-04-04T23:51:07Z</time>
   </trkpt>
   <trkpt lat="-6.8749930" lon="109.0524630">
    <ele>6.6</ele>
    <time>2025-04-04T23:51:08Z</time>
   </trkpt>
   <trkpt lat="-6.8750280" lon="109.0524760">
    <ele>6.6</ele>
    <time>2025-04-04T23:51:09Z</time>
   </trkpt>
   <trkpt lat="-6.8750650" lon="109.0524890">
    <ele>6.6</ele>
    <time>2025-04-04T23:51:10Z</time>
   </trkpt>
   <trkpt lat="-6.8751070" lon="109.0525030">
    <ele>6.5</ele>
    <time>2025-04-04T23:51:11Z</time>
   </trkpt>
   <trkpt lat="-6.8751520" lon="109.0525160">
    <ele>6.5</ele>
    <time>2025-04-04T23:51:12Z</time>
   </trkpt>
   <trkpt lat="-6.8751920" lon="109.0525350">
    <ele>6.5</ele>
    <time>2025-04-04T23:51:13Z</time>
   </trkpt>
   <trkpt lat="-6.8752310" lon="109.0525590">
    <ele>6.4</ele>
    <time>2025-04-04T23:51:14Z</time>
   </trkpt>
   <trkpt lat="-6.8752640" lon="109.0525880">
    <ele>6.4</ele>
    <time>2025-04-04T23:51:15Z</time>
   </trkpt>
   <trkpt lat="-6.8752930" lon="109.0526190">
    <ele>6.4</ele>
    <time>2025-04-04T23:51:16Z</time>
   </trkpt>
   <trkpt lat="-6.8753200" lon="109.0526510">
    <ele>6.4</ele>
    <time>2025-04-04T23:51:17Z</time>
   </trkpt>
   <trkpt lat="-6.8753450" lon="109.0526860">
    <ele>6.4</ele>
    <time>2025-04-04T23:51:18Z</time>
   </trkpt>
   <trkpt lat="-6.8753600" lon="109.0527260">
    <ele>6.3</ele>
    <time>2025-04-04T23:51:19Z</time>
   </trkpt>
   <trkpt lat="-6.8753670" lon="109.0527660">
    <ele>6.3</ele>
    <time>2025-04-04T23:51:20Z</time>
   </trkpt>
   <trkpt lat="-6.8753750" lon="109.0528040">
    <ele>6.3</ele>
    <time>2025-04-04T23:51:21Z</time>
   </trkpt>
   <trkpt lat="-6.8753740" lon="109.0528590">
    <ele>6.3</ele>
    <time>2025-04-04T23:51:22Z</time>
   </trkpt>
   <trkpt lat="-6.8753760" lon="109.0529080">
    <ele>6.3</ele>
    <time>2025-04-04T23:51:23Z</time>
   </trkpt>
   <trkpt lat="-6.8753780" lon="109.0529550">
    <ele>6.3</ele>
    <time>2025-04-04T23:51:24Z</time>
   </trkpt>
   <trkpt lat="-6.8753780" lon="109.0530010">
    <ele>6.3</ele>
    <time>2025-04-04T23:51:25Z</time>
   </trkpt>
   <trkpt lat="-6.8753770" lon="109.0530390">
    <ele>6.3</ele>
    <time>2025-04-04T23:51:26Z</time>
   </trkpt>
   <trkpt lat="-6.8753780" lon="109.0530730">
    <ele>6.3</ele>
    <time>2025-04-04T23:51:27Z</time>
   </trkpt>
   <trkpt lat="-6.8753770" lon="109.0531050">
    <ele>6.3</ele>
    <time>2025-04-04T23:51:28Z</time>
   </trkpt>
   <trkpt lat="-6.8753770" lon="109.0531360">
    <ele>6.3</ele>
    <time>2025-04-04T23:51:29Z</time>
   </trkpt>
   <trkpt lat="-6.8753780" lon="109.0531670">
    <ele>6.3</ele>
    <time>2025-04-04T23:51:30Z</time>
   </trkpt>
   <trkpt lat="-6.8753790" lon="109.0531980">
    <ele>6.3</ele>
    <time>2025-04-04T23:51:31Z</time>
   </trkpt>
   <trkpt lat="-6.8753800" lon="109.0532300">
    <ele>6.3</ele>
    <time>2025-04-04T23:51:32Z</time>
   </trkpt>
   <trkpt lat="-6.8753830" lon="109.0532670">
    <ele>6.3</ele>
    <time>2025-04-04T23:51:33Z</time>
   </trkpt>
   <trkpt lat="-6.8753860" lon="109.0533050">
    <ele>6.3</ele>
    <time>2025-04-04T23:51:34Z</time>
   </trkpt>
   <trkpt lat="-6.8753880" lon="109.0533400">
    <ele>6.3</ele>
    <time>2025-04-04T23:51:35Z</time>
   </trkpt>
   <trkpt lat="-6.8753900" lon="109.0533790">
    <ele>6.3</ele>
    <time>2025-04-04T23:51:36Z</time>
   </trkpt>
   <trkpt lat="-6.8753930" lon="109.0534180">
    <ele>6.3</ele>
    <time>2025-04-04T23:51:37Z</time>
   </trkpt>
   <trkpt lat="-6.8753940" lon="109.0534560">
    <ele>6.3</ele>
    <time>2025-04-04T23:51:38Z</time>
   </trkpt>
   <trkpt lat="-6.8753970" lon="109.0534980">
    <ele>6.3</ele>
    <time>2025-04-04T23:51:39Z</time>
   </trkpt>
   <trkpt lat="-6.8754010" lon="109.0535390">
    <ele>6.3</ele>
    <time>2025-04-04T23:51:40Z</time>
   </trkpt>
   <trkpt lat="-6.8754590" lon="109.0540380">
    <ele>6.3</ele>
    <time>2025-04-04T23:51:56Z</time>
   </trkpt>
   <trkpt lat="-6.8755520" lon="109.0545950">
    <ele>6.4</ele>
    <time>2025-04-04T23:52:12Z</time>
   </trkpt>
   <trkpt lat="-6.8755570" lon="109.0546310">
    <ele>6.4</ele>
    <time>2025-04-04T23:52:13Z</time>
   </trkpt>
   <trkpt lat="-6.8755640" lon="109.0546640">
    <ele>6.4</ele>
    <time>2025-04-04T23:52:14Z</time>
   </trkpt>
   <trkpt lat="-6.8755730" lon="109.0546990">
    <ele>6.4</ele>
    <time>2025-04-04T23:52:15Z</time>
   </trkpt>
   <trkpt lat="-6.8755820" lon="109.0547390">
    <ele>6.4</ele>
    <time>2025-04-04T23:52:16Z</time>
   </trkpt>
   <trkpt lat="-6.8755860" lon="109.0547800">
    <ele>6.4</ele>
    <time>2025-04-04T23:52:17Z</time>
   </trkpt>
   <trkpt lat="-6.8755880" lon="109.0548200">
    <ele>6.4</ele>
    <time>2025-04-04T23:52:18Z</time>
   </trkpt>
   <trkpt lat="-6.8755920" lon="109.0548590">
    <ele>6.5</ele>
    <time>2025-04-04T23:52:19Z</time>
   </trkpt>
   <trkpt lat="-6.8755970" lon="109.0548970">
    <ele>6.5</ele>
    <time>2025-04-04T23:52:20Z</time>
   </trkpt>
   <trkpt lat="-6.8756040" lon="109.0549340">
    <ele>6.5</ele>
    <time>2025-04-04T23:52:21Z</time>
   </trkpt>
   <trkpt lat="-6.8756130" lon="109.0549730">
    <ele>6.5</ele>
    <time>2025-04-04T23:52:22Z</time>
   </trkpt>
   <trkpt lat="-6.8756180" lon="109.0550120">
    <ele>6.5</ele>
    <time>2025-04-04T23:52:23Z</time>
   </trkpt>
   <trkpt lat="-6.8756260" lon="109.0550470">
    <ele>6.6</ele>
    <time>2025-04-04T23:52:24Z</time>
   </trkpt>
   <trkpt lat="-6.8756360" lon="109.0550740">
    <ele>6.6</ele>
    <time>2025-04-04T23:52:25Z</time>
   </trkpt>
   <trkpt lat="-6.8756500" lon="109.0551120">
    <ele>6.6</ele>
    <time>2025-04-04T23:52:26Z</time>
   </trkpt>
   <trkpt lat="-6.8756530" lon="109.0551270">
    <ele>6.6</ele>
    <time>2025-04-04T23:52:27Z</time>
   </trkpt>
   <trkpt lat="-6.8756580" lon="109.0551620">
    <ele>6.6</ele>
    <time>2025-04-04T23:52:28Z</time>
   </trkpt>
   <trkpt lat="-6.8756670" lon="109.0551990">
    <ele>6.6</ele>
    <time>2025-04-04T23:52:29Z</time>
   </trkpt>
   <trkpt lat="-6.8756790" lon="109.0552380">
    <ele>6.6</ele>
    <time>2025-04-04T23:52:30Z</time>
   </trkpt>
   <trkpt lat="-6.8756930" lon="109.0552770">
    <ele>6.6</ele>
    <time>2025-04-04T23:52:31Z</time>
   </trkpt>
   <trkpt lat="-6.8757050" lon="109.0553180">
    <ele>6.6</ele>
    <time>2025-04-04T23:52:32Z</time>
   </trkpt>
   <trkpt lat="-6.8757140" lon="109.0553570">
    <ele>6.6</ele>
    <time>2025-04-04T23:52:33Z</time>
   </trkpt>
   <trkpt lat="-6.8757210" lon="109.0553940">
    <ele>6.6</ele>
    <time>2025-04-04T23:52:34Z</time>
   </trkpt>
   <trkpt lat="-6.8757290" lon="109.0554290">
    <ele>6.6</ele>
    <time>2025-04-04T23:52:35Z</time>
   </trkpt>
   <trkpt lat="-6.8757380" lon="109.0554590">
    <ele>6.6</ele>
    <time>2025-04-04T23:52:36Z</time>
   </trkpt>
   <trkpt lat="-6.8757510" lon="109.0554920">
    <ele>6.6</ele>
    <time>2025-04-04T23:52:37Z</time>
   </trkpt>
   <trkpt lat="-6.8757580" lon="109.0555280">
    <ele>6.6</ele>
    <time>2025-04-04T23:52:38Z</time>
   </trkpt>
   <trkpt lat="-6.8757640" lon="109.0555660">
    <ele>6.6</ele>
    <time>2025-04-04T23:52:39Z</time>
   </trkpt>
   <trkpt lat="-6.8757690" lon="109.0556000">
    <ele>6.6</ele>
    <time>2025-04-04T23:52:40Z</time>
   </trkpt>
   <trkpt lat="-6.8757730" lon="109.0556370">
    <ele>6.6</ele>
    <time>2025-04-04T23:52:41Z</time>
   </trkpt>
   <trkpt lat="-6.8757760" lon="109.0556700">
    <ele>6.7</ele>
    <time>2025-04-04T23:52:42Z</time>
   </trkpt>
   <trkpt lat="-6.8757760" lon="109.0557090">
    <ele>6.7</ele>
    <time>2025-04-04T23:52:43Z</time>
   </trkpt>
   <trkpt lat="-6.8757760" lon="109.0557250">
    <ele>6.7</ele>
    <time>2025-04-04T23:52:44Z</time>
   </trkpt>
   <trkpt lat="-6.8757770" lon="109.0557680">
    <ele>6.7</ele>
    <time>2025-04-04T23:52:45Z</time>
   </trkpt>
   <trkpt lat="-6.8757770" lon="109.0558130">
    <ele>6.7</ele>
    <time>2025-04-04T23:52:46Z</time>
   </trkpt>
   <trkpt lat="-6.8757800" lon="109.0558570">
    <ele>6.7</ele>
    <time>2025-04-04T23:52:47Z</time>
   </trkpt>
   <trkpt lat="-6.8757920" lon="109.0558990">
    <ele>6.7</ele>
    <time>2025-04-04T23:52:48Z</time>
   </trkpt>
   <trkpt lat="-6.8757990" lon="109.0559390">
    <ele>6.7</ele>
    <time>2025-04-04T23:52:49Z</time>
   </trkpt>
   <trkpt lat="-6.8758060" lon="109.0559770">
    <ele>6.8</ele>
    <time>2025-04-04T23:52:50Z</time>
   </trkpt>
   <trkpt lat="-6.8758120" lon="109.0560170">
    <ele>6.8</ele>
    <time>2025-04-04T23:52:51Z</time>
   </trkpt>
   <trkpt lat="-6.8758180" lon="109.0560530">
    <ele>6.8</ele>
    <time>2025-04-04T23:52:52Z</time>
   </trkpt>
   <trkpt lat="-6.8758240" lon="109.0560890">
    <ele>6.8</ele>
    <time>2025-04-04T23:52:53Z</time>
   </trkpt>
   <trkpt lat="-6.8758220" lon="109.0561260">
    <ele>6.8</ele>
    <time>2025-04-04T23:52:54Z</time>
   </trkpt>
   <trkpt lat="-6.8758200" lon="109.0561670">
    <ele>6.9</ele>
    <time>2025-04-04T23:52:55Z</time>
   </trkpt>
   <trkpt lat="-6.8758150" lon="109.0562050">
    <ele>6.9</ele>
    <time>2025-04-04T23:52:56Z</time>
   </trkpt>
   <trkpt lat="-6.8758150" lon="109.0562450">
    <ele>6.9</ele>
    <time>2025-04-04T23:52:57Z</time>
   </trkpt>
   <trkpt lat="-6.8758140" lon="109.0562820">
    <ele>6.9</ele>
    <time>2025-04-04T23:52:58Z</time>
   </trkpt>
   <trkpt lat="-6.8758150" lon="109.0563210">
    <ele>6.9</ele>
    <time>2025-04-04T23:52:59Z</time>
   </trkpt>
   <trkpt lat="-6.8758120" lon="109.0563650">
    <ele>6.9</ele>
    <time>2025-04-04T23:53:00Z</time>
   </trkpt>
   <trkpt lat="-6.8758070" lon="109.0564080">
    <ele>6.9</ele>
    <time>2025-04-04T23:53:01Z</time>
   </trkpt>
   <trkpt lat="-6.8758080" lon="109.0564450">
    <ele>6.8</ele>
    <time>2025-04-04T23:53:02Z</time>
   </trkpt>
   <trkpt lat="-6.8758090" lon="109.0564810">
    <ele>6.8</ele>
    <time>2025-04-04T23:53:03Z</time>
   </trkpt>
   <trkpt lat="-6.8758110" lon="109.0565210">
    <ele>6.8</ele>
    <time>2025-04-04T23:53:04Z</time>
   </trkpt>
   <trkpt lat="-6.8758190" lon="109.0565580">
    <ele>6.8</ele>
    <time>2025-04-04T23:53:05Z</time>
   </trkpt>
   <trkpt lat="-6.8758290" lon="109.0565940">
    <ele>6.8</ele>
    <time>2025-04-04T23:53:06Z</time>
   </trkpt>
   <trkpt lat="-6.8758390" lon="109.0566300">
    <ele>6.8</ele>
    <time>2025-04-04T23:53:07Z</time>
   </trkpt>
   <trkpt lat="-6.8758450" lon="109.0566650">
    <ele>6.7</ele>
    <time>2025-04-04T23:53:08Z</time>
   </trkpt>
   <trkpt lat="-6.8758490" lon="109.0566990">
    <ele>6.7</ele>
    <time>2025-04-04T23:53:09Z</time>
   </trkpt>
   <trkpt lat="-6.8758530" lon="109.0567330">
    <ele>6.7</ele>
    <time>2025-04-04T23:53:10Z</time>
   </trkpt>
   <trkpt lat="-6.8758550" lon="109.0567690">
    <ele>6.7</ele>
    <time>2025-04-04T23:53:11Z</time>
   </trkpt>
   <trkpt lat="-6.8758590" lon="109.0568090">
    <ele>6.7</ele>
    <time>2025-04-04T23:53:12Z</time>
   </trkpt>
   <trkpt lat="-6.8758690" lon="109.0568400">
    <ele>6.7</ele>
    <time>2025-04-04T23:53:13Z</time>
   </trkpt>
   <trkpt lat="-6.8758770" lon="109.0568670">
    <ele>6.7</ele>
    <time>2025-04-04T23:53:14Z</time>
   </trkpt>
   <trkpt lat="-6.8758790" lon="109.0568970">
    <ele>6.7</ele>
    <time>2025-04-04T23:53:15Z</time>
   </trkpt>
   <trkpt lat="-6.8758810" lon="109.0569320">
    <ele>6.7</ele>
    <time>2025-04-04T23:53:16Z</time>
   </trkpt>
   <trkpt lat="-6.8758810" lon="109.0569700">
    <ele>6.6</ele>
    <time>2025-04-04T23:53:17Z</time>
   </trkpt>
   <trkpt lat="-6.8758830" lon="109.0570100">
    <ele>6.6</ele>
    <time>2025-04-04T23:53:18Z</time>
   </trkpt>
   <trkpt lat="-6.8758840" lon="109.0570490">
    <ele>6.6</ele>
    <time>2025-04-04T23:53:19Z</time>
   </trkpt>
   <trkpt lat="-6.8758860" lon="109.0570880">
    <ele>6.6</ele>
    <time>2025-04-04T23:53:20Z</time>
   </trkpt>
   <trkpt lat="-6.8758900" lon="109.0571320">
    <ele>6.6</ele>
    <time>2025-04-04T23:53:21Z</time>
   </trkpt>
   <trkpt lat="-6.8758950" lon="109.0571750">
    <ele>6.6</ele>
    <time>2025-04-04T23:53:22Z</time>
   </trkpt>
   <trkpt lat="-6.8759030" lon="109.0572120">
    <ele>6.6</ele>
    <time>2025-04-04T23:53:23Z</time>
   </trkpt>
   <trkpt lat="-6.8759130" lon="109.0572460">
    <ele>6.6</ele>
    <time>2025-04-04T23:53:24Z</time>
   </trkpt>
   <trkpt lat="-6.8759250" lon="109.0572850">
    <ele>6.6</ele>
    <time>2025-04-04T23:53:25Z</time>
   </trkpt>
   <trkpt lat="-6.8759370" lon="109.0573170">
    <ele>6.6</ele>
    <time>2025-04-04T23:53:26Z</time>
   </trkpt>
   <trkpt lat="-6.8759430" lon="109.0573530">
    <ele>6.6</ele>
    <time>2025-04-04T23:53:27Z</time>
   </trkpt>
   <trkpt lat="-6.8759480" lon="109.0573890">
    <ele>6.5</ele>
    <time>2025-04-04T23:53:28Z</time>
   </trkpt>
   <trkpt lat="-6.8759510" lon="109.0574180">
    <ele>6.5</ele>
    <time>2025-04-04T23:53:29Z</time>
   </trkpt>
   <trkpt lat="-6.8759560" lon="109.0574480">
    <ele>6.5</ele>
    <time>2025-04-04T23:53:30Z</time>
   </trkpt>
   <trkpt lat="-6.8759610" lon="109.0574800">
    <ele>6.5</ele>
    <time>2025-04-04T23:53:31Z</time>
   </trkpt>
   <trkpt lat="-6.8759650" lon="109.0575160">
    <ele>6.5</ele>
    <time>2025-04-04T23:53:32Z</time>
   </trkpt>
   <trkpt lat="-6.8759670" lon="109.0575550">
    <ele>6.5</ele>
    <time>2025-04-04T23:53:33Z</time>
   </trkpt>
   <trkpt lat="-6.8759670" lon="109.0575950">
    <ele>6.5</ele>
    <time>2025-04-04T23:53:34Z</time>
   </trkpt>
   <trkpt lat="-6.8759680" lon="109.0576330">
    <ele>6.5</ele>
    <time>2025-04-04T23:53:35Z</time>
   </trkpt>
   <trkpt lat="-6.8759630" lon="109.0576890">
    <ele>6.5</ele>
    <time>2025-04-04T23:53:36Z</time>
   </trkpt>
   <trkpt lat="-6.8759620" lon="109.0577340">
    <ele>6.5</ele>
    <time>2025-04-04T23:53:37Z</time>
   </trkpt>
   <trkpt lat="-6.8759660" lon="109.0577740">
    <ele>6.5</ele>
    <time>2025-04-04T23:53:38Z</time>
   </trkpt>
   <trkpt lat="-6.8759670" lon="109.0578150">
    <ele>6.5</ele>
    <time>2025-04-04T23:53:39Z</time>
   </trkpt>
   <trkpt lat="-6.8759740" lon="109.0578550">
    <ele>6.5</ele>
    <time>2025-04-04T23:53:40Z</time>
   </trkpt>
   <trkpt lat="-6.8759740" lon="109.0578900">
    <ele>6.5</ele>
    <time>2025-04-04T23:53:41Z</time>
   </trkpt>
   <trkpt lat="-6.8759760" lon="109.0579270">
    <ele>6.5</ele>
    <time>2025-04-04T23:53:42Z</time>
   </trkpt>
   <trkpt lat="-6.8759780" lon="109.0579600">
    <ele>6.5</ele>
    <time>2025-04-04T23:53:43Z</time>
   </trkpt>
   <trkpt lat="-6.8759790" lon="109.0580070">
    <ele>6.5</ele>
    <time>2025-04-04T23:53:44Z</time>
   </trkpt>
   <trkpt lat="-6.8759750" lon="109.0580560">
    <ele>6.5</ele>
    <time>2025-04-04T23:53:45Z</time>
   </trkpt>
   <trkpt lat="-6.8759670" lon="109.0581030">
    <ele>6.5</ele>
    <time>2025-04-04T23:53:46Z</time>
   </trkpt>
   <trkpt lat="-6.8759610" lon="109.0581500">
    <ele>6.5</ele>
    <time>2025-04-04T23:53:47Z</time>
   </trkpt>
   <trkpt lat="-6.8759590" lon="109.0581930">
    <ele>6.5</ele>
    <time>2025-04-04T23:53:48Z</time>
   </trkpt>
   <trkpt lat="-6.8759600" lon="109.0582280">
    <ele>6.5</ele>
    <time>2025-04-04T23:53:49Z</time>
   </trkpt>
   <trkpt lat="-6.8759580" lon="109.0582590">
    <ele>6.5</ele>
    <time>2025-04-04T23:53:50Z</time>
   </trkpt>
   <trkpt lat="-6.8759560" lon="109.0582910">
    <ele>6.5</ele>
    <time>2025-04-04T23:53:51Z</time>
   </trkpt>
   <trkpt lat="-6.8759540" lon="109.0583250">
    <ele>6.5</ele>
    <time>2025-04-04T23:53:52Z</time>
   </trkpt>
   <trkpt lat="-6.8759540" lon="109.0583570">
    <ele>6.5</ele>
    <time>2025-04-04T23:53:53Z</time>
   </trkpt>
   <trkpt lat="-6.8759570" lon="109.0583850">
    <ele>6.5</ele>
    <time>2025-04-04T23:53:54Z</time>
   </trkpt>
   <trkpt lat="-6.8759630" lon="109.0584160">
    <ele>6.5</ele>
    <time>2025-04-04T23:53:55Z</time>
   </trkpt>
   <trkpt lat="-6.8759700" lon="109.0584470">
    <ele>6.5</ele>
    <time>2025-04-04T23:53:56Z</time>
   </trkpt>
   <trkpt lat="-6.8759740" lon="109.0584850">
    <ele>6.5</ele>
    <time>2025-04-04T23:53:57Z</time>
   </trkpt>
   <trkpt lat="-6.8759810" lon="109.0585240">
    <ele>6.5</ele>
    <time>2025-04-04T23:53:58Z</time>
   </trkpt>
   <trkpt lat="-6.8759880" lon="109.0585590">
    <ele>6.5</ele>
    <time>2025-04-04T23:53:59Z</time>
   </trkpt>
   <trkpt lat="-6.8759970" lon="109.0585940">
    <ele>6.5</ele>
    <time>2025-04-04T23:54:00Z</time>
   </trkpt>
   <trkpt lat="-6.8760090" lon="109.0586290">
    <ele>6.4</ele>
    <time>2025-04-04T23:54:01Z</time>
   </trkpt>
   <trkpt lat="-6.8760140" lon="109.0586700">
    <ele>6.4</ele>
    <time>2025-04-04T23:54:02Z</time>
   </trkpt>
   <trkpt lat="-6.8760140" lon="109.0587110">
    <ele>6.4</ele>
    <time>2025-04-04T23:54:03Z</time>
   </trkpt>
   <trkpt lat="-6.8760180" lon="109.0587470">
    <ele>6.4</ele>
    <time>2025-04-04T23:54:04Z</time>
   </trkpt>
   <trkpt lat="-6.8760200" lon="109.0587880">
    <ele>6.4</ele>
    <time>2025-04-04T23:54:05Z</time>
   </trkpt>
   <trkpt lat="-6.8760210" lon="109.0588290">
    <ele>6.4</ele>
    <time>2025-04-04T23:54:06Z</time>
   </trkpt>
   <trkpt lat="-6.8760220" lon="109.0588700">
    <ele>6.4</ele>
    <time>2025-04-04T23:54:07Z</time>
   </trkpt>
   <trkpt lat="-6.8760260" lon="109.0589160">
    <ele>6.4</ele>
    <time>2025-04-04T23:54:08Z</time>
   </trkpt>
   <trkpt lat="-6.8760290" lon="109.0589610">
    <ele>6.4</ele>
    <time>2025-04-04T23:54:09Z</time>
   </trkpt>
   <trkpt lat="-6.8760310" lon="109.0590030">
    <ele>6.4</ele>
    <time>2025-04-04T23:54:10Z</time>
   </trkpt>
   <trkpt lat="-6.8760330" lon="109.0590430">
    <ele>6.4</ele>
    <time>2025-04-04T23:54:11Z</time>
   </trkpt>
   <trkpt lat="-6.8760350" lon="109.0590840">
    <ele>6.4</ele>
    <time>2025-04-04T23:54:12Z</time>
   </trkpt>
   <trkpt lat="-6.8760350" lon="109.0591200">
    <ele>6.5</ele>
    <time>2025-04-04T23:54:13Z</time>
   </trkpt>
   <trkpt lat="-6.8760380" lon="109.0591550">
    <ele>6.5</ele>
    <time>2025-04-04T23:54:14Z</time>
   </trkpt>
   <trkpt lat="-6.8760440" lon="109.0591930">
    <ele>6.5</ele>
    <time>2025-04-04T23:54:15Z</time>
   </trkpt>
   <trkpt lat="-6.8760520" lon="109.0592290">
    <ele>6.5</ele>
    <time>2025-04-04T23:54:16Z</time>
   </trkpt>
   <trkpt lat="-6.8760600" lon="109.0592670">
    <ele>6.5</ele>
    <time>2025-04-04T23:54:17Z</time>
   </trkpt>
   <trkpt lat="-6.8760640" lon="109.0592980">
    <ele>6.6</ele>
    <time>2025-04-04T23:54:18Z</time>
   </trkpt>
   <trkpt lat="-6.8760680" lon="109.0593290">
    <ele>6.6</ele>
    <time>2025-04-04T23:54:19Z</time>
   </trkpt>
   <trkpt lat="-6.8760730" lon="109.0593600">
    <ele>6.6</ele>
    <time>2025-04-04T23:54:20Z</time>
   </trkpt>
   <trkpt lat="-6.8760770" lon="109.0593950">
    <ele>6.6</ele>
    <time>2025-04-04T23:54:21Z</time>
   </trkpt>
   <trkpt lat="-6.8760820" lon="109.0594330">
    <ele>6.6</ele>
    <time>2025-04-04T23:54:22Z</time>
   </trkpt>
   <trkpt lat="-6.8760870" lon="109.0594670">
    <ele>6.6</ele>
    <time>2025-04-04T23:54:23Z</time>
   </trkpt>
   <trkpt lat="-6.8760920" lon="109.0595060">
    <ele>6.6</ele>
    <time>2025-04-04T23:54:24Z</time>
   </trkpt>
   <trkpt lat="-6.8760940" lon="109.0595450">
    <ele>6.6</ele>
    <time>2025-04-04T23:54:25Z</time>
   </trkpt>
   <trkpt lat="-6.8760960" lon="109.0595820">
    <ele>6.7</ele>
    <time>2025-04-04T23:54:26Z</time>
   </trkpt>
   <trkpt lat="-6.8760980" lon="109.0596120">
    <ele>6.7</ele>
    <time>2025-04-04T23:54:27Z</time>
   </trkpt>
   <trkpt lat="-6.8761030" lon="109.0596520">
    <ele>6.7</ele>
    <time>2025-04-04T23:54:28Z</time>
   </trkpt>
   <trkpt lat="-6.8761050" lon="109.0596690">
    <ele>6.7</ele>
    <time>2025-04-04T23:54:29Z</time>
   </trkpt>
   <trkpt lat="-6.8761070" lon="109.0597060">
    <ele>6.7</ele>
    <time>2025-04-04T23:54:30Z</time>
   </trkpt>
   <trkpt lat="-6.8761090" lon="109.0597400">
    <ele>6.7</ele>
    <time>2025-04-04T23:54:31Z</time>
   </trkpt>
   <trkpt lat="-6.8761100" lon="109.0597760">
    <ele>6.7</ele>
    <time>2025-04-04T23:54:32Z</time>
   </trkpt>
   <trkpt lat="-6.8761070" lon="109.0598130">
    <ele>6.7</ele>
    <time>2025-04-04T23:54:33Z</time>
   </trkpt>
   <trkpt lat="-6.8760980" lon="109.0598650">
    <ele>6.7</ele>
    <time>2025-04-04T23:54:34Z</time>
   </trkpt>
   <trkpt lat="-6.8760930" lon="109.0599100">
    <ele>6.7</ele>
    <time>2025-04-04T23:54:35Z</time>
   </trkpt>
   <trkpt lat="-6.8760920" lon="109.0599530">
    <ele>6.7</ele>
    <time>2025-04-04T23:54:36Z</time>
   </trkpt>
   <trkpt lat="-6.8760900" lon="109.0599910">
    <ele>6.7</ele>
    <time>2025-04-04T23:54:37Z</time>
   </trkpt>
   <trkpt lat="-6.8760840" lon="109.0600210">
    <ele>6.7</ele>
    <time>2025-04-04T23:54:38Z</time>
   </trkpt>
   <trkpt lat="-6.8760920" lon="109.0600620">
    <ele>6.7</ele>
    <time>2025-04-04T23:54:39Z</time>
   </trkpt>
   <trkpt lat="-6.8760970" lon="109.0600770">
    <ele>6.7</ele>
    <time>2025-04-04T23:54:40Z</time>
   </trkpt>
   <trkpt lat="-6.8761080" lon="109.0601070">
    <ele>6.7</ele>
    <time>2025-04-04T23:54:41Z</time>
   </trkpt>
   <trkpt lat="-6.8761140" lon="109.0601440">
    <ele>6.7</ele>
    <time>2025-04-04T23:54:42Z</time>
   </trkpt>
   <trkpt lat="-6.8761150" lon="109.0601780">
    <ele>6.7</ele>
    <time>2025-04-04T23:54:43Z</time>
   </trkpt>
   <trkpt lat="-6.8761130" lon="109.0602150">
    <ele>6.7</ele>
    <time>2025-04-04T23:54:44Z</time>
   </trkpt>
   <trkpt lat="-6.8761160" lon="109.0602510">
    <ele>6.7</ele>
    <time>2025-04-04T23:54:45Z</time>
   </trkpt>
   <trkpt lat="-6.8761200" lon="109.0602820">
    <ele>6.7</ele>
    <time>2025-04-04T23:54:46Z</time>
   </trkpt>
   <trkpt lat="-6.8761260" lon="109.0603140">
    <ele>6.6</ele>
    <time>2025-04-04T23:54:47Z</time>
   </trkpt>
   <trkpt lat="-6.8761320" lon="109.0603470">
    <ele>6.6</ele>
    <time>2025-04-04T23:54:48Z</time>
   </trkpt>
   <trkpt lat="-6.8761360" lon="109.0603820">
    <ele>6.6</ele>
    <time>2025-04-04T23:54:49Z</time>
   </trkpt>
   <trkpt lat="-6.8761370" lon="109.0604140">
    <ele>6.6</ele>
    <time>2025-04-04T23:54:50Z</time>
   </trkpt>
   <trkpt lat="-6.8761400" lon="109.0604470">
    <ele>6.6</ele>
    <time>2025-04-04T23:54:51Z</time>
   </trkpt>
   <trkpt lat="-6.8761440" lon="109.0604810">
    <ele>6.6</ele>
    <time>2025-04-04T23:54:52Z</time>
   </trkpt>
   <trkpt lat="-6.8761470" lon="109.0605160">
    <ele>6.6</ele>
    <time>2025-04-04T23:54:53Z</time>
   </trkpt>
   <trkpt lat="-6.8761460" lon="109.0605550">
    <ele>6.6</ele>
    <time>2025-04-04T23:54:54Z</time>
   </trkpt>
   <trkpt lat="-6.8761500" lon="109.0605930">
    <ele>6.7</ele>
    <time>2025-04-04T23:54:55Z</time>
   </trkpt>
   <trkpt lat="-6.8761560" lon="109.0606300">
    <ele>6.7</ele>
    <time>2025-04-04T23:54:56Z</time>
   </trkpt>
   <trkpt lat="-6.8761640" lon="109.0606650">
    <ele>6.7</ele>
    <time>2025-04-04T23:54:57Z</time>
   </trkpt>
   <trkpt lat="-6.8761740" lon="109.0607000">
    <ele>6.7</ele>
    <time>2025-04-04T23:54:58Z</time>
   </trkpt>
   <trkpt lat="-6.8761820" lon="109.0607390">
    <ele>6.7</ele>
    <time>2025-04-04T23:54:59Z</time>
   </trkpt>
   <trkpt lat="-6.8761850" lon="109.0607780">
    <ele>6.7</ele>
    <time>2025-04-04T23:55:00Z</time>
   </trkpt>
   <trkpt lat="-6.8761840" lon="109.0608120">
    <ele>6.7</ele>
    <time>2025-04-04T23:55:01Z</time>
   </trkpt>
   <trkpt lat="-6.8761820" lon="109.0608450">
    <ele>6.7</ele>
    <time>2025-04-04T23:55:02Z</time>
   </trkpt>
   <trkpt lat="-6.8761820" lon="109.0608790">
    <ele>6.7</ele>
    <time>2025-04-04T23:55:03Z</time>
   </trkpt>
   <trkpt lat="-6.8761850" lon="109.0609190">
    <ele>6.7</ele>
    <time>2025-04-04T23:55:04Z</time>
   </trkpt>
   <trkpt lat="-6.8761860" lon="109.0609570">
    <ele>6.7</ele>
    <time>2025-04-04T23:55:05Z</time>
   </trkpt>
   <trkpt lat="-6.8761870" lon="109.0609920">
    <ele>6.7</ele>
    <time>2025-04-04T23:55:06Z</time>
   </trkpt>
   <trkpt lat="-6.8761870" lon="109.0610280">
    <ele>6.6</ele>
    <time>2025-04-04T23:55:07Z</time>
   </trkpt>
   <trkpt lat="-6.8761880" lon="109.0610660">
    <ele>6.6</ele>
    <time>2025-04-04T23:55:08Z</time>
   </trkpt>
   <trkpt lat="-6.8761860" lon="109.0611030">
    <ele>6.6</ele>
    <time>2025-04-04T23:55:09Z</time>
   </trkpt>
   <trkpt lat="-6.8761900" lon="109.0611410">
    <ele>6.6</ele>
    <time>2025-04-04T23:55:10Z</time>
   </trkpt>
   <trkpt lat="-6.8761920" lon="109.0611810">
    <ele>6.6</ele>
    <time>2025-04-04T23:55:11Z</time>
   </trkpt>
   <trkpt lat="-6.8761950" lon="109.0612200">
    <ele>6.6</ele>
    <time>2025-04-04T23:55:12Z</time>
   </trkpt>
   <trkpt lat="-6.8762010" lon="109.0612570">
    <ele>6.6</ele>
    <time>2025-04-04T23:55:13Z</time>
   </trkpt>
   <trkpt lat="-6.8762060" lon="109.0612950">
    <ele>6.6</ele>
    <time>2025-04-04T23:55:14Z</time>
   </trkpt>
   <trkpt lat="-6.8762050" lon="109.0613320">
    <ele>6.6</ele>
    <time>2025-04-04T23:55:15Z</time>
   </trkpt>
   <trkpt lat="-6.8762080" lon="109.0613700">
    <ele>6.6</ele>
    <time>2025-04-04T23:55:16Z</time>
   </trkpt>
   <trkpt lat="-6.8762100" lon="109.0614120">
    <ele>6.6</ele>
    <time>2025-04-04T23:55:17Z</time>
   </trkpt>
   <trkpt lat="-6.8762120" lon="109.0614540">
    <ele>6.6</ele>
    <time>2025-04-04T23:55:18Z</time>
   </trkpt>
   <trkpt lat="-6.8762150" lon="109.0614960">
    <ele>6.6</ele>
    <time>2025-04-04T23:55:19Z</time>
   </trkpt>
   <trkpt lat="-6.8762170" lon="109.0615390">
    <ele>6.6</ele>
    <time>2025-04-04T23:55:20Z</time>
   </trkpt>
   <trkpt lat="-6.8762190" lon="109.0615810">
    <ele>6.6</ele>
    <time>2025-04-04T23:55:21Z</time>
   </trkpt>
   <trkpt lat="-6.8762210" lon="109.0616190">
    <ele>6.6</ele>
    <time>2025-04-04T23:55:22Z</time>
   </trkpt>
   <trkpt lat="-6.8762250" lon="109.0616550">
    <ele>6.6</ele>
    <time>2025-04-04T23:55:23Z</time>
   </trkpt>
   <trkpt lat="-6.8762320" lon="109.0616940">
    <ele>6.6</ele>
    <time>2025-04-04T23:55:24Z</time>
   </trkpt>
   <trkpt lat="-6.8762380" lon="109.0617310">
    <ele>6.6</ele>
    <time>2025-04-04T23:55:25Z</time>
   </trkpt>
   <trkpt lat="-6.8762430" lon="109.0617700">
    <ele>6.6</ele>
    <time>2025-04-04T23:55:26Z</time>
   </trkpt>
   <trkpt lat="-6.8762460" lon="109.0618070">
    <ele>6.6</ele>
    <time>2025-04-04T23:55:27Z</time>
   </trkpt>
   <trkpt lat="-6.8762490" lon="109.0618390">
    <ele>6.6</ele>
    <time>2025-04-04T23:55:28Z</time>
   </trkpt>
   <trkpt lat="-6.8762520" lon="109.0618740">
    <ele>6.6</ele>
    <time>2025-04-04T23:55:29Z</time>
   </trkpt>
   <trkpt lat="-6.8762560" lon="109.0619140">
    <ele>6.6</ele>
    <time>2025-04-04T23:55:30Z</time>
   </trkpt>
   <trkpt lat="-6.8762620" lon="109.0619490">
    <ele>6.6</ele>
    <time>2025-04-04T23:55:31Z</time>
   </trkpt>
   <trkpt lat="-6.8762690" lon="109.0619860">
    <ele>6.6</ele>
    <time>2025-04-04T23:55:32Z</time>
   </trkpt>
   <trkpt lat="-6.8762770" lon="109.0620240">
    <ele>6.6</ele>
    <time>2025-04-04T23:55:33Z</time>
   </trkpt>
   <trkpt lat="-6.8762850" lon="109.0620670">
    <ele>6.6</ele>
    <time>2025-04-04T23:55:34Z</time>
   </trkpt>
   <trkpt lat="-6.8762940" lon="109.0621090">
    <ele>6.6</ele>
    <time>2025-04-04T23:55:35Z</time>
   </trkpt>
   <trkpt lat="-6.8762930" lon="109.0621540">
    <ele>6.6</ele>
    <time>2025-04-04T23:55:36Z</time>
   </trkpt>
   <trkpt lat="-6.8762950" lon="109.0621930">
    <ele>6.6</ele>
    <time>2025-04-04T23:55:37Z</time>
   </trkpt>
   <trkpt lat="-6.8762930" lon="109.0622240">
    <ele>6.6</ele>
    <time>2025-04-04T23:55:38Z</time>
   </trkpt>
   <trkpt lat="-6.8762910" lon="109.0622780">
    <ele>6.6</ele>
    <time>2025-04-04T23:55:39Z</time>
   </trkpt>
   <trkpt lat="-6.8762870" lon="109.0623200">
    <ele>6.6</ele>
    <time>2025-04-04T23:55:40Z</time>
   </trkpt>
   <trkpt lat="-6.8762830" lon="109.0623600">
    <ele>6.6</ele>
    <time>2025-04-04T23:55:41Z</time>
   </trkpt>
   <trkpt lat="-6.8762770" lon="109.0623980">
    <ele>6.6</ele>
    <time>2025-04-04T23:55:42Z</time>
   </trkpt>
   <trkpt lat="-6.8762710" lon="109.0624290">
    <ele>6.6</ele>
    <time>2025-04-04T23:55:43Z</time>
   </trkpt>
   <trkpt lat="-6.8762710" lon="109.0624580">
    <ele>6.6</ele>
    <time>2025-04-04T23:55:44Z</time>
   </trkpt>
   <trkpt lat="-6.8762760" lon="109.0624900">
    <ele>6.6</ele>
    <time>2025-04-04T23:55:45Z</time>
   </trkpt>
   <trkpt lat="-6.8762850" lon="109.0625300">
    <ele>6.6</ele>
    <time>2025-04-04T23:55:46Z</time>
   </trkpt>
   <trkpt lat="-6.8762970" lon="109.0625720">
    <ele>6.6</ele>
    <time>2025-04-04T23:55:47Z</time>
   </trkpt>
   <trkpt lat="-6.8763050" lon="109.0626140">
    <ele>6.6</ele>
    <time>2025-04-04T23:55:48Z</time>
   </trkpt>
   <trkpt lat="-6.8763140" lon="109.0626540">
    <ele>6.6</ele>
    <time>2025-04-04T23:55:49Z</time>
   </trkpt>
   <trkpt lat="-6.8763150" lon="109.0627060">
    <ele>6.5</ele>
    <time>2025-04-04T23:55:50Z</time>
   </trkpt>
   <trkpt lat="-6.8763120" lon="109.0627510">
    <ele>6.5</ele>
    <time>2025-04-04T23:55:51Z</time>
   </trkpt>
   <trkpt lat="-6.8763080" lon="109.0627950">
    <ele>6.5</ele>
    <time>2025-04-04T23:55:52Z</time>
   </trkpt>
   <trkpt lat="-6.8763050" lon="109.0628350">
    <ele>6.5</ele>
    <time>2025-04-04T23:55:53Z</time>
   </trkpt>
   <trkpt lat="-6.8763040" lon="109.0628740">
    <ele>6.5</ele>
    <time>2025-04-04T23:55:54Z</time>
   </trkpt>
   <trkpt lat="-6.8763050" lon="109.0629090">
    <ele>6.5</ele>
    <time>2025-04-04T23:55:55Z</time>
   </trkpt>
   <trkpt lat="-6.8763050" lon="109.0629420">
    <ele>6.5</ele>
    <time>2025-04-04T23:55:56Z</time>
   </trkpt>
   <trkpt lat="-6.8763050" lon="109.0629750">
    <ele>6.5</ele>
    <time>2025-04-04T23:55:57Z</time>
   </trkpt>
   <trkpt lat="-6.8763070" lon="109.0630160">
    <ele>6.5</ele>
    <time>2025-04-04T23:55:58Z</time>
   </trkpt>
   <trkpt lat="-6.8763060" lon="109.0630600">
    <ele>6.5</ele>
    <time>2025-04-04T23:55:59Z</time>
   </trkpt>
   <trkpt lat="-6.8763040" lon="109.0631100">
    <ele>6.5</ele>
    <time>2025-04-04T23:56:00Z</time>
   </trkpt>
   <trkpt lat="-6.8763010" lon="109.0631580">
    <ele>6.5</ele>
    <time>2025-04-04T23:56:01Z</time>
   </trkpt>
   <trkpt lat="-6.8763010" lon="109.0632060">
    <ele>6.5</ele>
    <time>2025-04-04T23:56:02Z</time>
   </trkpt>
   <trkpt lat="-6.8763010" lon="109.0632510">
    <ele>6.5</ele>
    <time>2025-04-04T23:56:03Z</time>
   </trkpt>
   <trkpt lat="-6.8763020" lon="109.0632950">
    <ele>6.5</ele>
    <time>2025-04-04T23:56:04Z</time>
   </trkpt>
   <trkpt lat="-6.8763040" lon="109.0633390">
    <ele>6.5</ele>
    <time>2025-04-04T23:56:05Z</time>
   </trkpt>
   <trkpt lat="-6.8763060" lon="109.0633780">
    <ele>6.5</ele>
    <time>2025-04-04T23:56:06Z</time>
   </trkpt>
   <trkpt lat="-6.8763090" lon="109.0634100">
    <ele>6.5</ele>
    <time>2025-04-04T23:56:07Z</time>
   </trkpt>
   <trkpt lat="-6.8763170" lon="109.0634440">
    <ele>6.4</ele>
    <time>2025-04-04T23:56:08Z</time>
   </trkpt>
   <trkpt lat="-6.8763220" lon="109.0634880">
    <ele>6.4</ele>
    <time>2025-04-04T23:56:09Z</time>
   </trkpt>
   <trkpt lat="-6.8763250" lon="109.0635340">
    <ele>6.4</ele>
    <time>2025-04-04T23:56:10Z</time>
   </trkpt>
   <trkpt lat="-6.8763290" lon="109.0635830">
    <ele>6.4</ele>
    <time>2025-04-04T23:56:11Z</time>
   </trkpt>
   <trkpt lat="-6.8763320" lon="109.0636330">
    <ele>6.4</ele>
    <time>2025-04-04T23:56:12Z</time>
   </trkpt>
   <trkpt lat="-6.8763330" lon="109.0636740">
    <ele>6.4</ele>
    <time>2025-04-04T23:56:13Z</time>
   </trkpt>
   <trkpt lat="-6.8763330" lon="109.0637110">
    <ele>6.4</ele>
    <time>2025-04-04T23:56:14Z</time>
   </trkpt>
   <trkpt lat="-6.8763350" lon="109.0637480">
    <ele>6.4</ele>
    <time>2025-04-04T23:56:15Z</time>
   </trkpt>
   <trkpt lat="-6.8763330" lon="109.0637810">
    <ele>6.4</ele>
    <time>2025-04-04T23:56:16Z</time>
   </trkpt>
   <trkpt lat="-6.8763340" lon="109.0638140">
    <ele>6.4</ele>
    <time>2025-04-04T23:56:17Z</time>
   </trkpt>
   <trkpt lat="-6.8763380" lon="109.0638450">
    <ele>6.4</ele>
    <time>2025-04-04T23:56:18Z</time>
   </trkpt>
   <trkpt lat="-6.8763460" lon="109.0638760">
    <ele>6.4</ele>
    <time>2025-04-04T23:56:19Z</time>
   </trkpt>
   <trkpt lat="-6.8763540" lon="109.0639120">
    <ele>6.4</ele>
    <time>2025-04-04T23:56:20Z</time>
   </trkpt>
   <trkpt lat="-6.8763640" lon="109.0639560">
    <ele>6.4</ele>
    <time>2025-04-04T23:56:21Z</time>
   </trkpt>
   <trkpt lat="-6.8763730" lon="109.0639960">
    <ele>6.3</ele>
    <time>2025-04-04T23:56:22Z</time>
   </trkpt>
   <trkpt lat="-6.8763790" lon="109.0640290">
    <ele>6.3</ele>
    <time>2025-04-04T23:56:23Z</time>
   </trkpt>
   <trkpt lat="-6.8763760" lon="109.0640730">
    <ele>6.3</ele>
    <time>2025-04-04T23:56:24Z</time>
   </trkpt>
   <trkpt lat="-6.8763770" lon="109.0641130">
    <ele>6.3</ele>
    <time>2025-04-04T23:56:25Z</time>
   </trkpt>
   <trkpt lat="-6.8763790" lon="109.0641560">
    <ele>6.3</ele>
    <time>2025-04-04T23:56:26Z</time>
   </trkpt>
   <trkpt lat="-6.8763810" lon="109.0641970">
    <ele>6.3</ele>
    <time>2025-04-04T23:56:27Z</time>
   </trkpt>
   <trkpt lat="-6.8763830" lon="109.0642410">
    <ele>6.3</ele>
    <time>2025-04-04T23:56:28Z</time>
   </trkpt>
   <trkpt lat="-6.8763860" lon="109.0642790">
    <ele>6.3</ele>
    <time>2025-04-04T23:56:29Z</time>
   </trkpt>
   <trkpt lat="-6.8763850" lon="109.0643150">
    <ele>6.3</ele>
    <time>2025-04-04T23:56:30Z</time>
   </trkpt>
   <trkpt lat="-6.8763840" lon="109.0643470">
    <ele>6.3</ele>
    <time>2025-04-04T23:56:31Z</time>
   </trkpt>
   <trkpt lat="-6.8763870" lon="109.0643760">
    <ele>6.3</ele>
    <time>2025-04-04T23:56:32Z</time>
   </trkpt>
   <trkpt lat="-6.8763920" lon="109.0644080">
    <ele>6.3</ele>
    <time>2025-04-04T23:56:33Z</time>
   </trkpt>
   <trkpt lat="-6.8764000" lon="109.0644450">
    <ele>6.3</ele>
    <time>2025-04-04T23:56:34Z</time>
   </trkpt>
   <trkpt lat="-6.8764090" lon="109.0644830">
    <ele>6.3</ele>
    <time>2025-04-04T23:56:35Z</time>
   </trkpt>
   <trkpt lat="-6.8764160" lon="109.0645230">
    <ele>6.3</ele>
    <time>2025-04-04T23:56:36Z</time>
   </trkpt>
   <trkpt lat="-6.8764210" lon="109.0645600">
    <ele>6.3</ele>
    <time>2025-04-04T23:56:37Z</time>
   </trkpt>
   <trkpt lat="-6.8764290" lon="109.0645980">
    <ele>6.3</ele>
    <time>2025-04-04T23:56:38Z</time>
   </trkpt>
   <trkpt lat="-6.8764340" lon="109.0646360">
    <ele>6.3</ele>
    <time>2025-04-04T23:56:39Z</time>
   </trkpt>
   <trkpt lat="-6.8764370" lon="109.0646740">
    <ele>6.3</ele>
    <time>2025-04-04T23:56:40Z</time>
   </trkpt>
   <trkpt lat="-6.8764380" lon="109.0647070">
    <ele>6.3</ele>
    <time>2025-04-04T23:56:41Z</time>
   </trkpt>
   <trkpt lat="-6.8764390" lon="109.0647470">
    <ele>6.3</ele>
    <time>2025-04-04T23:56:42Z</time>
   </trkpt>
   <trkpt lat="-6.8764270" lon="109.0648110">
    <ele>6.3</ele>
    <time>2025-04-04T23:56:43Z</time>
   </trkpt>
   <trkpt lat="-6.8764250" lon="109.0648500">
    <ele>6.3</ele>
    <time>2025-04-04T23:56:44Z</time>
   </trkpt>
   <trkpt lat="-6.8764270" lon="109.0648840">
    <ele>6.3</ele>
    <time>2025-04-04T23:56:45Z</time>
   </trkpt>
   <trkpt lat="-6.8764290" lon="109.0649220">
    <ele>6.3</ele>
    <time>2025-04-04T23:56:46Z</time>
   </trkpt>
   <trkpt lat="-6.8764320" lon="109.0649600">
    <ele>6.2</ele>
    <time>2025-04-04T23:56:47Z</time>
   </trkpt>
   <trkpt lat="-6.8764350" lon="109.0649970">
    <ele>6.2</ele>
    <time>2025-04-04T23:56:48Z</time>
   </trkpt>
   <trkpt lat="-6.8764350" lon="109.0650370">
    <ele>6.2</ele>
    <time>2025-04-04T23:56:49Z</time>
   </trkpt>
   <trkpt lat="-6.8764370" lon="109.0650720">
    <ele>6.2</ele>
    <time>2025-04-04T23:56:50Z</time>
   </trkpt>
   <trkpt lat="-6.8764430" lon="109.0651120">
    <ele>6.2</ele>
    <time>2025-04-04T23:56:51Z</time>
   </trkpt>
   <trkpt lat="-6.8764470" lon="109.0651540">
    <ele>6.2</ele>
    <time>2025-04-04T23:56:52Z</time>
   </trkpt>
   <trkpt lat="-6.8764540" lon="109.0652000">
    <ele>6.2</ele>
    <time>2025-04-04T23:56:53Z</time>
   </trkpt>
   <trkpt lat="-6.8764630" lon="109.0652410">
    <ele>6.2</ele>
    <time>2025-04-04T23:56:54Z</time>
   </trkpt>
   <trkpt lat="-6.8764710" lon="109.0652830">
    <ele>6.2</ele>
    <time>2025-04-04T23:56:55Z</time>
   </trkpt>
   <trkpt lat="-6.8764780" lon="109.0653260">
    <ele>6.2</ele>
    <time>2025-04-04T23:56:56Z</time>
   </trkpt>
   <trkpt lat="-6.8764850" lon="109.0653630">
    <ele>6.2</ele>
    <time>2025-04-04T23:56:57Z</time>
   </trkpt>
   <trkpt lat="-6.8764910" lon="109.0653960">
    <ele>6.2</ele>
    <time>2025-04-04T23:56:58Z</time>
   </trkpt>
   <trkpt lat="-6.8764960" lon="109.0654330">
    <ele>6.2</ele>
    <time>2025-04-04T23:56:59Z</time>
   </trkpt>
   <trkpt lat="-6.8764970" lon="109.0654740">
    <ele>6.2</ele>
    <time>2025-04-04T23:57:00Z</time>
   </trkpt>
   <trkpt lat="-6.8764980" lon="109.0655090">
    <ele>6.1</ele>
    <time>2025-04-04T23:57:01Z</time>
   </trkpt>
   <trkpt lat="-6.8765020" lon="109.0655460">
    <ele>6.1</ele>
    <time>2025-04-04T23:57:02Z</time>
   </trkpt>
   <trkpt lat="-6.8765040" lon="109.0655850">
    <ele>6.1</ele>
    <time>2025-04-04T23:57:03Z</time>
   </trkpt>
   <trkpt lat="-6.8765060" lon="109.0656240">
    <ele>6.1</ele>
    <time>2025-04-04T23:57:04Z</time>
   </trkpt>
   <trkpt lat="-6.8765130" lon="109.0656640">
    <ele>6.1</ele>
    <time>2025-04-04T23:57:05Z</time>
   </trkpt>
   <trkpt lat="-6.8765140" lon="109.0657050">
    <ele>6.0</ele>
    <time>2025-04-04T23:57:06Z</time>
   </trkpt>
   <trkpt lat="-6.8765110" lon="109.0657480">
    <ele>6.0</ele>
    <time>2025-04-04T23:57:07Z</time>
   </trkpt>
   <trkpt lat="-6.8765100" lon="109.0657860">
    <ele>6.0</ele>
    <time>2025-04-04T23:57:08Z</time>
   </trkpt>
   <trkpt lat="-6.8765130" lon="109.0658260">
    <ele>6.0</ele>
    <time>2025-04-04T23:57:09Z</time>
   </trkpt>
   <trkpt lat="-6.8765170" lon="109.0658620">
    <ele>6.0</ele>
    <time>2025-04-04T23:57:10Z</time>
   </trkpt>
   <trkpt lat="-6.8765190" lon="109.0658920">
    <ele>6.0</ele>
    <time>2025-04-04T23:57:11Z</time>
   </trkpt>
   <trkpt lat="-6.8765210" lon="109.0659260">
    <ele>6.0</ele>
    <time>2025-04-04T23:57:12Z</time>
   </trkpt>
   <trkpt lat="-6.8765210" lon="109.0659700">
    <ele>6.0</ele>
    <time>2025-04-04T23:57:13Z</time>
   </trkpt>
   <trkpt lat="-6.8765190" lon="109.0660160">
    <ele>6.0</ele>
    <time>2025-04-04T23:57:14Z</time>
   </trkpt>
   <trkpt lat="-6.8765220" lon="109.0660580">
    <ele>6.0</ele>
    <time>2025-04-04T23:57:15Z</time>
   </trkpt>
   <trkpt lat="-6.8765240" lon="109.0660990">
    <ele>6.0</ele>
    <time>2025-04-04T23:57:16Z</time>
   </trkpt>
   <trkpt lat="-6.8765270" lon="109.0661440">
    <ele>6.0</ele>
    <time>2025-04-04T23:57:17Z</time>
   </trkpt>
   <trkpt lat="-6.8765310" lon="109.0661810">
    <ele>6.1</ele>
    <time>2025-04-04T23:57:18Z</time>
   </trkpt>
   <trkpt lat="-6.8765340" lon="109.0662170">
    <ele>6.1</ele>
    <time>2025-04-04T23:57:19Z</time>
   </trkpt>
   <trkpt lat="-6.8765380" lon="109.0662520">
    <ele>6.1</ele>
    <time>2025-04-04T23:57:20Z</time>
   </trkpt>
   <trkpt lat="-6.8765440" lon="109.0662860">
    <ele>6.1</ele>
    <time>2025-04-04T23:57:21Z</time>
   </trkpt>
   <trkpt lat="-6.8765530" lon="109.0663240">
    <ele>6.1</ele>
    <time>2025-04-04T23:57:22Z</time>
   </trkpt>
   <trkpt lat="-6.8765600" lon="109.0663650">
    <ele>6.1</ele>
    <time>2025-04-04T23:57:23Z</time>
   </trkpt>
   <trkpt lat="-6.8765660" lon="109.0664050">
    <ele>6.1</ele>
    <time>2025-04-04T23:57:24Z</time>
   </trkpt>
   <trkpt lat="-6.8765710" lon="109.0664450">
    <ele>6.2</ele>
    <time>2025-04-04T23:57:25Z</time>
   </trkpt>
   <trkpt lat="-6.8765730" lon="109.0664840">
    <ele>6.2</ele>
    <time>2025-04-04T23:57:26Z</time>
   </trkpt>
   <trkpt lat="-6.8765780" lon="109.0665260">
    <ele>6.2</ele>
    <time>2025-04-04T23:57:27Z</time>
   </trkpt>
   <trkpt lat="-6.8765830" lon="109.0665690">
    <ele>6.2</ele>
    <time>2025-04-04T23:57:28Z</time>
   </trkpt>
   <trkpt lat="-6.8765890" lon="109.0666100">
    <ele>6.2</ele>
    <time>2025-04-04T23:57:29Z</time>
   </trkpt>
   <trkpt lat="-6.8765980" lon="109.0666450">
    <ele>6.2</ele>
    <time>2025-04-04T23:57:30Z</time>
   </trkpt>
   <trkpt lat="-6.8766060" lon="109.0666810">
    <ele>6.2</ele>
    <time>2025-04-04T23:57:31Z</time>
   </trkpt>
   <trkpt lat="-6.8766120" lon="109.0667150">
    <ele>6.2</ele>
    <time>2025-04-04T23:57:32Z</time>
   </trkpt>
   <trkpt lat="-6.8766210" lon="109.0667470">
    <ele>6.2</ele>
    <time>2025-04-04T23:57:33Z</time>
   </trkpt>
   <trkpt lat="-6.8766280" lon="109.0667840">
    <ele>6.2</ele>
    <time>2025-04-04T23:57:34Z</time>
   </trkpt>
   <trkpt lat="-6.8766320" lon="109.0668200">
    <ele>6.2</ele>
    <time>2025-04-04T23:57:35Z</time>
   </trkpt>
   <trkpt lat="-6.8766340" lon="109.0668600">
    <ele>6.2</ele>
    <time>2025-04-04T23:57:36Z</time>
   </trkpt>
   <trkpt lat="-6.8766360" lon="109.0668950">
    <ele>6.2</ele>
    <time>2025-04-04T23:57:37Z</time>
   </trkpt>
   <trkpt lat="-6.8766400" lon="109.0669300">
    <ele>6.2</ele>
    <time>2025-04-04T23:57:38Z</time>
   </trkpt>
   <trkpt lat="-6.8766430" lon="109.0669650">
    <ele>6.2</ele>
    <time>2025-04-04T23:57:39Z</time>
   </trkpt>
   <trkpt lat="-6.8766450" lon="109.0669970">
    <ele>6.2</ele>
    <time>2025-04-04T23:57:40Z</time>
   </trkpt>
   <trkpt lat="-6.8766460" lon="109.0670370">
    <ele>6.2</ele>
    <time>2025-04-04T23:57:41Z</time>
   </trkpt>
   <trkpt lat="-6.8766460" lon="109.0670770">
    <ele>6.1</ele>
    <time>2025-04-04T23:57:42Z</time>
   </trkpt>
   <trkpt lat="-6.8766480" lon="109.0671230">
    <ele>6.1</ele>
    <time>2025-04-04T23:57:43Z</time>
   </trkpt>
   <trkpt lat="-6.8766490" lon="109.0671710">
    <ele>6.1</ele>
    <time>2025-04-04T23:57:44Z</time>
   </trkpt>
   <trkpt lat="-6.8766500" lon="109.0672160">
    <ele>6.1</ele>
    <time>2025-04-04T23:57:45Z</time>
   </trkpt>
   <trkpt lat="-6.8766520" lon="109.0672610">
    <ele>6.1</ele>
    <time>2025-04-04T23:57:46Z</time>
   </trkpt>
   <trkpt lat="-6.8766590" lon="109.0672960">
    <ele>6.1</ele>
    <time>2025-04-04T23:57:47Z</time>
   </trkpt>
   <trkpt lat="-6.8766670" lon="109.0673270">
    <ele>6.1</ele>
    <time>2025-04-04T23:57:48Z</time>
   </trkpt>
   <trkpt lat="-6.8766730" lon="109.0673600">
    <ele>6.1</ele>
    <time>2025-04-04T23:57:49Z</time>
   </trkpt>
   <trkpt lat="-6.8766760" lon="109.0673710">
    <ele>6.1</ele>
    <time>2025-04-04T23:57:50Z</time>
   </trkpt>
   <trkpt lat="-6.8766870" lon="109.0674070">
    <ele>6.1</ele>
    <time>2025-04-04T23:57:51Z</time>
   </trkpt>
   <trkpt lat="-6.8766910" lon="109.0674210">
    <ele>6.1</ele>
    <time>2025-04-04T23:57:52Z</time>
   </trkpt>
   <trkpt lat="-6.8767000" lon="109.0674530">
    <ele>6.1</ele>
    <time>2025-04-04T23:57:53Z</time>
   </trkpt>
   <trkpt lat="-6.8767060" lon="109.0674980">
    <ele>6.1</ele>
    <time>2025-04-04T23:57:54Z</time>
   </trkpt>
   <trkpt lat="-6.8767050" lon="109.0675430">
    <ele>6.1</ele>
    <time>2025-04-04T23:57:55Z</time>
   </trkpt>
   <trkpt lat="-6.8767020" lon="109.0675840">
    <ele>6.1</ele>
    <time>2025-04-04T23:57:56Z</time>
   </trkpt>
   <trkpt lat="-6.8767020" lon="109.0676210">
    <ele>6.1</ele>
    <time>2025-04-04T23:57:57Z</time>
   </trkpt>
   <trkpt lat="-6.8767060" lon="109.0676590">
    <ele>6.1</ele>
    <time>2025-04-04T23:57:58Z</time>
   </trkpt>
   <trkpt lat="-6.8767150" lon="109.0677020">
    <ele>6.1</ele>
    <time>2025-04-04T23:57:59Z</time>
   </trkpt>
   <trkpt lat="-6.8767280" lon="109.0677410">
    <ele>6.1</ele>
    <time>2025-04-04T23:58:00Z</time>
   </trkpt>
   <trkpt lat="-6.8767360" lon="109.0677830">
    <ele>6.1</ele>
    <time>2025-04-04T23:58:01Z</time>
   </trkpt>
   <trkpt lat="-6.8767410" lon="109.0678260">
    <ele>6.1</ele>
    <time>2025-04-04T23:58:02Z</time>
   </trkpt>
   <trkpt lat="-6.8767500" lon="109.0678690">
    <ele>6.1</ele>
    <time>2025-04-04T23:58:03Z</time>
   </trkpt>
   <trkpt lat="-6.8767570" lon="109.0679100">
    <ele>6.0</ele>
    <time>2025-04-04T23:58:04Z</time>
   </trkpt>
   <trkpt lat="-6.8767660" lon="109.0679510">
    <ele>6.0</ele>
    <time>2025-04-04T23:58:05Z</time>
   </trkpt>
   <trkpt lat="-6.8767680" lon="109.0679930">
    <ele>6.0</ele>
    <time>2025-04-04T23:58:06Z</time>
   </trkpt>
   <trkpt lat="-6.8767650" lon="109.0680340">
    <ele>6.0</ele>
    <time>2025-04-04T23:58:07Z</time>
   </trkpt>
   <trkpt lat="-6.8767640" lon="109.0680680">
    <ele>6.0</ele>
    <time>2025-04-04T23:58:08Z</time>
   </trkpt>
   <trkpt lat="-6.8767660" lon="109.0680990">
    <ele>6.0</ele>
    <time>2025-04-04T23:58:09Z</time>
   </trkpt>
   <trkpt lat="-6.8767740" lon="109.0681320">
    <ele>6.0</ele>
    <time>2025-04-04T23:58:10Z</time>
   </trkpt>
   <trkpt lat="-6.8767870" lon="109.0681730">
    <ele>6.0</ele>
    <time>2025-04-04T23:58:11Z</time>
   </trkpt>
   <trkpt lat="-6.8768010" lon="109.0682140">
    <ele>6.0</ele>
    <time>2025-04-04T23:58:12Z</time>
   </trkpt>
   <trkpt lat="-6.8768110" lon="109.0682570">
    <ele>5.9</ele>
    <time>2025-04-04T23:58:13Z</time>
   </trkpt>
   <trkpt lat="-6.8768210" lon="109.0683000">
    <ele>5.9</ele>
    <time>2025-04-04T23:58:14Z</time>
   </trkpt>
   <trkpt lat="-6.8768290" lon="109.0683390">
    <ele>5.9</ele>
    <time>2025-04-04T23:58:15Z</time>
   </trkpt>
   <trkpt lat="-6.8768370" lon="109.0683730">
    <ele>5.9</ele>
    <time>2025-04-04T23:58:16Z</time>
   </trkpt>
   <trkpt lat="-6.8768380" lon="109.0684090">
    <ele>5.9</ele>
    <time>2025-04-04T23:58:17Z</time>
   </trkpt>
   <trkpt lat="-6.8768380" lon="109.0684410">
    <ele>5.9</ele>
    <time>2025-04-04T23:58:18Z</time>
   </trkpt>
   <trkpt lat="-6.8768390" lon="109.0684790">
    <ele>5.9</ele>
    <time>2025-04-04T23:58:19Z</time>
   </trkpt>
   <trkpt lat="-6.8768420" lon="109.0685180">
    <ele>5.9</ele>
    <time>2025-04-04T23:58:20Z</time>
   </trkpt>
   <trkpt lat="-6.8768430" lon="109.0685520">
    <ele>5.9</ele>
    <time>2025-04-04T23:58:21Z</time>
   </trkpt>
   <trkpt lat="-6.8768510" lon="109.0685900">
    <ele>5.9</ele>
    <time>2025-04-04T23:58:22Z</time>
   </trkpt>
   <trkpt lat="-6.8768650" lon="109.0686310">
    <ele>5.9</ele>
    <time>2025-04-04T23:58:23Z</time>
   </trkpt>
   <trkpt lat="-6.8768810" lon="109.0686720">
    <ele>5.9</ele>
    <time>2025-04-04T23:58:24Z</time>
   </trkpt>
   <trkpt lat="-6.8768950" lon="109.0687130">
    <ele>5.9</ele>
    <time>2025-04-04T23:58:25Z</time>
   </trkpt>
   <trkpt lat="-6.8769080" lon="109.0687530">
    <ele>5.9</ele>
    <time>2025-04-04T23:58:26Z</time>
   </trkpt>
   <trkpt lat="-6.8769190" lon="109.0687860">
    <ele>5.9</ele>
    <time>2025-04-04T23:58:27Z</time>
   </trkpt>
   <trkpt lat="-6.8769180" lon="109.0688400">
    <ele>5.9</ele>
    <time>2025-04-04T23:58:28Z</time>
   </trkpt>
   <trkpt lat="-6.8769220" lon="109.0688760">
    <ele>5.9</ele>
    <time>2025-04-04T23:58:29Z</time>
   </trkpt>
   <trkpt lat="-6.8769230" lon="109.0689110">
    <ele>5.9</ele>
    <time>2025-04-04T23:58:30Z</time>
   </trkpt>
   <trkpt lat="-6.8769200" lon="109.0689470">
    <ele>5.9</ele>
    <time>2025-04-04T23:58:31Z</time>
   </trkpt>
   <trkpt lat="-6.8769180" lon="109.0689800">
    <ele>6.0</ele>
    <time>2025-04-04T23:58:32Z</time>
   </trkpt>
   <trkpt lat="-6.8769200" lon="109.0690180">
    <ele>6.0</ele>
    <time>2025-04-04T23:58:33Z</time>
   </trkpt>
   <trkpt lat="-6.8769240" lon="109.0690510">
    <ele>6.0</ele>
    <time>2025-04-04T23:58:34Z</time>
   </trkpt>
   <trkpt lat="-6.8769310" lon="109.0690790">
    <ele>6.0</ele>
    <time>2025-04-04T23:58:35Z</time>
   </trkpt>
   <trkpt lat="-6.8769420" lon="109.0691180">
    <ele>6.0</ele>
    <time>2025-04-04T23:58:36Z</time>
   </trkpt>
   <trkpt lat="-6.8770320" lon="109.0696090">
    <ele>6.1</ele>
    <time>2025-04-04T23:58:51Z</time>
   </trkpt>
   <trkpt lat="-6.8770570" lon="109.0699960">
    <ele>6.1</ele>
    <time>2025-04-04T23:58:57Z</time>
   </trkpt>
   <trkpt lat="-6.8770000" lon="109.0701040">
    <ele>6.1</ele>
    <time>2025-04-04T23:59:02Z</time>
   </trkpt>
   <trkpt lat="-6.8770750" lon="109.0702560">
    <ele>6.1</ele>
    <time>2025-04-04T23:59:06Z</time>
   </trkpt>
   <trkpt lat="-6.8770790" lon="109.0702920">
    <ele>6.1</ele>
    <time>2025-04-04T23:59:07Z</time>
   </trkpt>
   <trkpt lat="-6.8770820" lon="109.0703270">
    <ele>6.1</ele>
    <time>2025-04-04T23:59:08Z</time>
   </trkpt>
   <trkpt lat="-6.8770880" lon="109.0703610">
    <ele>6.1</ele>
    <time>2025-04-04T23:59:09Z</time>
   </trkpt>
   <trkpt lat="-6.8770950" lon="109.0703950">
    <ele>6.1</ele>
    <time>2025-04-04T23:59:10Z</time>
   </trkpt>
   <trkpt lat="-6.8771010" lon="109.0704310">
    <ele>6.1</ele>
    <time>2025-04-04T23:59:11Z</time>
   </trkpt>
   <trkpt lat="-6.8771070" lon="109.0704690">
    <ele>6.1</ele>
    <time>2025-04-04T23:59:12Z</time>
   </trkpt>
   <trkpt lat="-6.8771120" lon="109.0705040">
    <ele>6.1</ele>
    <time>2025-04-04T23:59:13Z</time>
   </trkpt>
   <trkpt lat="-6.8771180" lon="109.0705420">
    <ele>6.1</ele>
    <time>2025-04-04T23:59:14Z</time>
   </trkpt>
   <trkpt lat="-6.8771240" lon="109.0705750">
    <ele>6.1</ele>
    <time>2025-04-04T23:59:15Z</time>
   </trkpt>
   <trkpt lat="-6.8771290" lon="109.0706090">
    <ele>6.1</ele>
    <time>2025-04-04T23:59:16Z</time>
   </trkpt>
   <trkpt lat="-6.8771350" lon="109.0706420">
    <ele>6.1</ele>
    <time>2025-04-04T23:59:17Z</time>
   </trkpt>
   <trkpt lat="-6.8771420" lon="109.0706740">
    <ele>6.1</ele>
    <time>2025-04-04T23:59:18Z</time>
   </trkpt>
   <trkpt lat="-6.8771490" lon="109.0707070">
    <ele>6.1</ele>
    <time>2025-04-04T23:59:19Z</time>
   </trkpt>
   <trkpt lat="-6.8771550" lon="109.0707400">
    <ele>6.1</ele>
    <time>2025-04-04T23:59:20Z</time>
   </trkpt>
   <trkpt lat="-6.8771560" lon="109.0707770">
    <ele>6.1</ele>
    <time>2025-04-04T23:59:21Z</time>
   </trkpt>
   <trkpt lat="-6.8771610" lon="109.0708100">
    <ele>6.1</ele>
    <time>2025-04-04T23:59:22Z</time>
   </trkpt>
   <trkpt lat="-6.8771650" lon="109.0708430">
    <ele>6.1</ele>
    <time>2025-04-04T23:59:23Z</time>
   </trkpt>
   <trkpt lat="-6.8771700" lon="109.0708760">
    <ele>6.1</ele>
    <time>2025-04-04T23:59:24Z</time>
   </trkpt>
   <trkpt lat="-6.8771730" lon="109.0709110">
    <ele>6.1</ele>
    <time>2025-04-04T23:59:25Z</time>
   </trkpt>
   <trkpt lat="-6.8771760" lon="109.0709480">
    <ele>6.1</ele>
    <time>2025-04-04T23:59:26Z</time>
   </trkpt>
   <trkpt lat="-6.8771770" lon="109.0709840">
    <ele>6.1</ele>
    <time>2025-04-04T23:59:27Z</time>
   </trkpt>
   <trkpt lat="-6.8771790" lon="109.0710180">
    <ele>6.1</ele>
    <time>2025-04-04T23:59:28Z</time>
   </trkpt>
   <trkpt lat="-6.8771840" lon="109.0710540">
    <ele>6.1</ele>
    <time>2025-04-04T23:59:29Z</time>
   </trkpt>
   <trkpt lat="-6.8771900" lon="109.0710900">
    <ele>6.1</ele>
    <time>2025-04-04T23:59:30Z</time>
   </trkpt>
   <trkpt lat="-6.8771960" lon="109.0711270">
    <ele>6.1</ele>
    <time>2025-04-04T23:59:31Z</time>
   </trkpt>
   <trkpt lat="-6.8772040" lon="109.0711640">
    <ele>6.1</ele>
    <time>2025-04-04T23:59:32Z</time>
   </trkpt>
   <trkpt lat="-6.8772130" lon="109.0711990">
    <ele>6.1</ele>
    <time>2025-04-04T23:59:33Z</time>
   </trkpt>
   <trkpt lat="-6.8772240" lon="109.0712360">
    <ele>6.1</ele>
    <time>2025-04-04T23:59:34Z</time>
   </trkpt>
   <trkpt lat="-6.8772330" lon="109.0712740">
    <ele>6.1</ele>
    <time>2025-04-04T23:59:35Z</time>
   </trkpt>
   <trkpt lat="-6.8772390" lon="109.0713140">
    <ele>6.1</ele>
    <time>2025-04-04T23:59:36Z</time>
   </trkpt>
   <trkpt lat="-6.8772460" lon="109.0713480">
    <ele>6.1</ele>
    <time>2025-04-04T23:59:37Z</time>
   </trkpt>
   <trkpt lat="-6.8772560" lon="109.0713810">
    <ele>6.1</ele>
    <time>2025-04-04T23:59:38Z</time>
   </trkpt>
   <trkpt lat="-6.8772630" lon="109.0714180">
    <ele>6.1</ele>
    <time>2025-04-04T23:59:39Z</time>
   </trkpt>
   <trkpt lat="-6.8772680" lon="109.0714520">
    <ele>6.1</ele>
    <time>2025-04-04T23:59:40Z</time>
   </trkpt>
   <trkpt lat="-6.8772730" lon="109.0714820">
    <ele>6.1</ele>
    <time>2025-04-04T23:59:41Z</time>
   </trkpt>
   <trkpt lat="-6.8772780" lon="109.0715130">
    <ele>6.1</ele>
    <time>2025-04-04T23:59:42Z</time>
   </trkpt>
   <trkpt lat="-6.8772800" lon="109.0715480">
    <ele>6.1</ele>
    <time>2025-04-04T23:59:43Z</time>
   </trkpt>
   <trkpt lat="-6.8772820" lon="109.0715860">
    <ele>6.1</ele>
    <time>2025-04-04T23:59:44Z</time>
   </trkpt>
   <trkpt lat="-6.8772860" lon="109.0716230">
    <ele>6.1</ele>
    <time>2025-04-04T23:59:45Z</time>
   </trkpt>
   <trkpt lat="-6.8772910" lon="109.0716580">
    <ele>6.1</ele>
    <time>2025-04-04T23:59:46Z</time>
   </trkpt>
   <trkpt lat="-6.8772970" lon="109.0716940">
    <ele>6.1</ele>
    <time>2025-04-04T23:59:47Z</time>
   </trkpt>
   <trkpt lat="-6.8773030" lon="109.0717300">
    <ele>6.1</ele>
    <time>2025-04-04T23:59:48Z</time>
   </trkpt>
   <trkpt lat="-6.8773070" lon="109.0717660">
    <ele>6.1</ele>
    <time>2025-04-04T23:59:49Z</time>
   </trkpt>
   <trkpt lat="-6.8773110" lon="109.0718020">
    <ele>6.1</ele>
    <time>2025-04-04T23:59:50Z</time>
   </trkpt>
   <trkpt lat="-6.8773160" lon="109.0718360">
    <ele>6.1</ele>
    <time>2025-04-04T23:59:51Z</time>
   </trkpt>
   <trkpt lat="-6.8773230" lon="109.0718680">
    <ele>6.1</ele>
    <time>2025-04-04T23:59:52Z</time>
   </trkpt>
   <trkpt lat="-6.8773280" lon="109.0719010">
    <ele>6.1</ele>
    <time>2025-04-04T23:59:53Z</time>
   </trkpt>
   <trkpt lat="-6.8773330" lon="109.0719360">
    <ele>6.1</ele>
    <time>2025-04-04T23:59:54Z</time>
   </trkpt>
   <trkpt lat="-6.8773400" lon="109.0719700">
    <ele>6.1</ele>
    <time>2025-04-04T23:59:55Z</time>
   </trkpt>
   <trkpt lat="-6.8773470" lon="109.0720040">
    <ele>6.1</ele>
    <time>2025-04-04T23:59:56Z</time>
   </trkpt>
   <trkpt lat="-6.8773540" lon="109.0720390">
    <ele>6.1</ele>
    <time>2025-04-04T23:59:57Z</time>
   </trkpt>
   <trkpt lat="-6.8773610" lon="109.0720740">
    <ele>6.1</ele>
    <time>2025-04-04T23:59:58Z</time>
   </trkpt>
   <trkpt lat="-6.8773700" lon="109.0721110">
    <ele>6.1</ele>
    <time>2025-04-04T23:59:59Z</time>
   </trkpt>
   <trkpt lat="-6.8773740" lon="109.0721460">
    <ele>6.1</ele>
    <time>2025-04-05T00:00:00Z</time>
   </trkpt>
   <trkpt lat="-6.8773780" lon="109.0721810">
    <ele>6.1</ele>
    <time>2025-04-05T00:00:01Z</time>
   </trkpt>
   <trkpt lat="-6.8773860" lon="109.0722200">
    <ele>6.1</ele>
    <time>2025-04-05T00:00:02Z</time>
   </trkpt>
   <trkpt lat="-6.8773920" lon="109.0722610">
    <ele>6.1</ele>
    <time>2025-04-05T00:00:03Z</time>
   </trkpt>
   <trkpt lat="-6.8773970" lon="109.0722980">
    <ele>6.1</ele>
    <time>2025-04-05T00:00:04Z</time>
   </trkpt>
   <trkpt lat="-6.8774010" lon="109.0723330">
    <ele>6.1</ele>
    <time>2025-04-05T00:00:05Z</time>
   </trkpt>
   <trkpt lat="-6.8774050" lon="109.0723700">
    <ele>6.1</ele>
    <time>2025-04-05T00:00:06Z</time>
   </trkpt>
   <trkpt lat="-6.8774090" lon="109.0724070">
    <ele>6.1</ele>
    <time>2025-04-05T00:00:07Z</time>
   </trkpt>
   <trkpt lat="-6.8774120" lon="109.0724420">
    <ele>6.1</ele>
    <time>2025-04-05T00:00:08Z</time>
   </trkpt>
   <trkpt lat="-6.8774180" lon="109.0724750">
    <ele>6.1</ele>
    <time>2025-04-05T00:00:09Z</time>
   </trkpt>
   <trkpt lat="-6.8774240" lon="109.0725100">
    <ele>6.1</ele>
    <time>2025-04-05T00:00:10Z</time>
   </trkpt>
   <trkpt lat="-6.8774310" lon="109.0725470">
    <ele>6.2</ele>
    <time>2025-04-05T00:00:11Z</time>
   </trkpt>
   <trkpt lat="-6.8774380" lon="109.0725870">
    <ele>6.2</ele>
    <time>2025-04-05T00:00:12Z</time>
   </trkpt>
   <trkpt lat="-6.8774450" lon="109.0726260">
    <ele>6.2</ele>
    <time>2025-04-05T00:00:13Z</time>
   </trkpt>
   <trkpt lat="-6.8774540" lon="109.0726610">
    <ele>6.2</ele>
    <time>2025-04-05T00:00:14Z</time>
   </trkpt>
   <trkpt lat="-6.8774600" lon="109.0726960">
    <ele>6.2</ele>
    <time>2025-04-05T00:00:15Z</time>
   </trkpt>
   <trkpt lat="-6.8774640" lon="109.0727270">
    <ele>6.2</ele>
    <time>2025-04-05T00:00:16Z</time>
   </trkpt>
   <trkpt lat="-6.8774660" lon="109.0727580">
    <ele>6.2</ele>
    <time>2025-04-05T00:00:17Z</time>
   </trkpt>
   <trkpt lat="-6.8774710" lon="109.0727920">
    <ele>6.2</ele>
    <time>2025-04-05T00:00:18Z</time>
   </trkpt>
   <trkpt lat="-6.8774780" lon="109.0728270">
    <ele>6.2</ele>
    <time>2025-04-05T00:00:19Z</time>
   </trkpt>
   <trkpt lat="-6.8774860" lon="109.0728580">
    <ele>6.2</ele>
    <time>2025-04-05T00:00:20Z</time>
   </trkpt>
   <trkpt lat="-6.8774930" lon="109.0728890">
    <ele>6.2</ele>
    <time>2025-04-05T00:00:21Z</time>
   </trkpt>
   <trkpt lat="-6.8774990" lon="109.0729220">
    <ele>6.2</ele>
    <time>2025-04-05T00:00:22Z</time>
   </trkpt>
   <trkpt lat="-6.8775020" lon="109.0729580">
    <ele>6.2</ele>
    <time>2025-04-05T00:00:23Z</time>
   </trkpt>
   <trkpt lat="-6.8775060" lon="109.0729960">
    <ele>6.2</ele>
    <time>2025-04-05T00:00:24Z</time>
   </trkpt>
   <trkpt lat="-6.8775110" lon="109.0730330">
    <ele>6.2</ele>
    <time>2025-04-05T00:00:25Z</time>
   </trkpt>
   <trkpt lat="-6.8775190" lon="109.0730730">
    <ele>6.2</ele>
    <time>2025-04-05T00:00:26Z</time>
   </trkpt>
   <trkpt lat="-6.8775260" lon="109.0731110">
    <ele>6.2</ele>
    <time>2025-04-05T00:00:27Z</time>
   </trkpt>
   <trkpt lat="-6.8775320" lon="109.0731460">
    <ele>6.2</ele>
    <time>2025-04-05T00:00:28Z</time>
   </trkpt>
   <trkpt lat="-6.8775380" lon="109.0731790">
    <ele>6.2</ele>
    <time>2025-04-05T00:00:29Z</time>
   </trkpt>
   <trkpt lat="-6.8775420" lon="109.0732110">
    <ele>6.2</ele>
    <time>2025-04-05T00:00:30Z</time>
   </trkpt>
   <trkpt lat="-6.8775470" lon="109.0732450">
    <ele>6.2</ele>
    <time>2025-04-05T00:00:31Z</time>
   </trkpt>
   <trkpt lat="-6.8775530" lon="109.0732810">
    <ele>6.2</ele>
    <time>2025-04-05T00:00:32Z</time>
   </trkpt>
   <trkpt lat="-6.8775590" lon="109.0733190">
    <ele>6.2</ele>
    <time>2025-04-05T00:00:33Z</time>
   </trkpt>
   <trkpt lat="-6.8775670" lon="109.0733530">
    <ele>6.2</ele>
    <time>2025-04-05T00:00:34Z</time>
   </trkpt>
   <trkpt lat="-6.8775770" lon="109.0733850">
    <ele>6.2</ele>
    <time>2025-04-05T00:00:35Z</time>
   </trkpt>
   <trkpt lat="-6.8775870" lon="109.0734170">
    <ele>6.2</ele>
    <time>2025-04-05T00:00:36Z</time>
   </trkpt>
   <trkpt lat="-6.8776000" lon="109.0734490">
    <ele>6.2</ele>
    <time>2025-04-05T00:00:37Z</time>
   </trkpt>
   <trkpt lat="-6.8776150" lon="109.0734830">
    <ele>6.2</ele>
    <time>2025-04-05T00:00:38Z</time>
   </trkpt>
   <trkpt lat="-6.8776280" lon="109.0735200">
    <ele>6.2</ele>
    <time>2025-04-05T00:00:39Z</time>
   </trkpt>
   <trkpt lat="-6.8776390" lon="109.0735580">
    <ele>6.2</ele>
    <time>2025-04-05T00:00:40Z</time>
   </trkpt>
   <trkpt lat="-6.8776520" lon="109.0735930">
    <ele>6.2</ele>
    <time>2025-04-05T00:00:41Z</time>
   </trkpt>
   <trkpt lat="-6.8776680" lon="109.0736310">
    <ele>6.2</ele>
    <time>2025-04-05T00:00:42Z</time>
   </trkpt>
   <trkpt lat="-6.8776830" lon="109.0736690">
    <ele>6.2</ele>
    <time>2025-04-05T00:00:43Z</time>
   </trkpt>
   <trkpt lat="-6.8776950" lon="109.0737030">
    <ele>6.2</ele>
    <time>2025-04-05T00:00:44Z</time>
   </trkpt>
   <trkpt lat="-6.8777060" lon="109.0737370">
    <ele>6.2</ele>
    <time>2025-04-05T00:00:45Z</time>
   </trkpt>
   <trkpt lat="-6.8777160" lon="109.0737700">
    <ele>6.2</ele>
    <time>2025-04-05T00:00:46Z</time>
   </trkpt>
   <trkpt lat="-6.8777220" lon="109.0738070">
    <ele>6.2</ele>
    <time>2025-04-05T00:00:47Z</time>
   </trkpt>
   <trkpt lat="-6.8777240" lon="109.0738430">
    <ele>6.2</ele>
    <time>2025-04-05T00:00:48Z</time>
   </trkpt>
   <trkpt lat="-6.8777210" lon="109.0738800">
    <ele>6.2</ele>
    <time>2025-04-05T00:00:49Z</time>
   </trkpt>
   <trkpt lat="-6.8777180" lon="109.0739180">
    <ele>6.2</ele>
    <time>2025-04-05T00:00:50Z</time>
   </trkpt>
   <trkpt lat="-6.8777150" lon="109.0739540">
    <ele>6.2</ele>
    <time>2025-04-05T00:00:51Z</time>
   </trkpt>
   <trkpt lat="-6.8777130" lon="109.0739860">
    <ele>6.2</ele>
    <time>2025-04-05T00:00:52Z</time>
   </trkpt>
   <trkpt lat="-6.8777190" lon="109.0740190">
    <ele>6.2</ele>
    <time>2025-04-05T00:00:53Z</time>
   </trkpt>
   <trkpt lat="-6.8777260" lon="109.0740540">
    <ele>6.2</ele>
    <time>2025-04-05T00:00:54Z</time>
   </trkpt>
   <trkpt lat="-6.8777370" lon="109.0740820">
    <ele>6.2</ele>
    <time>2025-04-05T00:00:55Z</time>
   </trkpt>
   <trkpt lat="-6.8777480" lon="109.0741110">
    <ele>6.2</ele>
    <time>2025-04-05T00:00:56Z</time>
   </trkpt>
   <trkpt lat="-6.8777560" lon="109.0741380">
    <ele>6.3</ele>
    <time>2025-04-05T00:00:57Z</time>
   </trkpt>
   <trkpt lat="-6.8777650" lon="109.0741670">
    <ele>6.3</ele>
    <time>2025-04-05T00:00:58Z</time>
   </trkpt>
   <trkpt lat="-6.8777740" lon="109.0741980">
    <ele>6.3</ele>
    <time>2025-04-05T00:00:59Z</time>
   </trkpt>
   <trkpt lat="-6.8777820" lon="109.0742340">
    <ele>6.4</ele>
    <time>2025-04-05T00:01:00Z</time>
   </trkpt>
   <trkpt lat="-6.8777890" lon="109.0742690">
    <ele>6.4</ele>
    <time>2025-04-05T00:01:01Z</time>
   </trkpt>
   <trkpt lat="-6.8777900" lon="109.0743010">
    <ele>6.5</ele>
    <time>2025-04-05T00:01:02Z</time>
   </trkpt>
   <trkpt lat="-6.8777920" lon="109.0743320">
    <ele>6.5</ele>
    <time>2025-04-05T00:01:03Z</time>
   </trkpt>
   <trkpt lat="-6.8777920" lon="109.0743640">
    <ele>6.5</ele>
    <time>2025-04-05T00:01:04Z</time>
   </trkpt>
   <trkpt lat="-6.8777940" lon="109.0743940">
    <ele>6.6</ele>
    <time>2025-04-05T00:01:05Z</time>
   </trkpt>
   <trkpt lat="-6.8778020" lon="109.0744310">
    <ele>6.7</ele>
    <time>2025-04-05T00:01:06Z</time>
   </trkpt>
   <trkpt lat="-6.8778050" lon="109.0744430">
    <ele>6.7</ele>
    <time>2025-04-05T00:01:07Z</time>
   </trkpt>
   <trkpt lat="-6.8778120" lon="109.0744730">
    <ele>6.7</ele>
    <time>2025-04-05T00:01:08Z</time>
   </trkpt>
   <trkpt lat="-6.8778130" lon="109.0744830">
    <ele>6.7</ele>
    <time>2025-04-05T00:01:09Z</time>
   </trkpt>
   <trkpt lat="-6.8778160" lon="109.0745200">
    <ele>6.8</ele>
    <time>2025-04-05T00:01:10Z</time>
   </trkpt>
   <trkpt lat="-6.8778170" lon="109.0745310">
    <ele>6.8</ele>
    <time>2025-04-05T00:01:11Z</time>
   </trkpt>
   <trkpt lat="-6.8778220" lon="109.0745670">
    <ele>6.9</ele>
    <time>2025-04-05T00:01:12Z</time>
   </trkpt>
   <trkpt lat="-6.8778240" lon="109.0745800">
    <ele>6.9</ele>
    <time>2025-04-05T00:01:13Z</time>
   </trkpt>
   <trkpt lat="-6.8778310" lon="109.0746190">
    <ele>7.0</ele>
    <time>2025-04-05T00:01:14Z</time>
   </trkpt>
   <trkpt lat="-6.8778330" lon="109.0746320">
    <ele>7.0</ele>
    <time>2025-04-05T00:01:15Z</time>
   </trkpt>
   <trkpt lat="-6.8778400" lon="109.0746600">
    <ele>7.0</ele>
    <time>2025-04-05T00:01:16Z</time>
   </trkpt>
   <trkpt lat="-6.8778430" lon="109.0746880">
    <ele>7.1</ele>
    <time>2025-04-05T00:01:17Z</time>
   </trkpt>
   <trkpt lat="-6.8778450" lon="109.0747200">
    <ele>7.1</ele>
    <time>2025-04-05T00:01:18Z</time>
   </trkpt>
   <trkpt lat="-6.8778460" lon="109.0747310">
    <ele>7.2</ele>
    <time>2025-04-05T00:01:19Z</time>
   </trkpt>
   <trkpt lat="-6.8778500" lon="109.0747710">
    <ele>7.2</ele>
    <time>2025-04-05T00:01:20Z</time>
   </trkpt>
   <trkpt lat="-6.8778510" lon="109.0747850">
    <ele>7.2</ele>
    <time>2025-04-05T00:01:21Z</time>
   </trkpt>
   <trkpt lat="-6.8778570" lon="109.0748790">
    <ele>7.3</ele>
    <time>2025-04-05T00:01:25Z</time>
   </trkpt>
   <trkpt lat="-6.8774740" lon="109.0757780">
    <ele>8.6</ele>
    <time>2025-04-05T00:01:32Z</time>
   </trkpt>
   <trkpt lat="-6.8771850" lon="109.0766750">
    <ele>8.7</ele>
    <time>2025-04-05T00:01:38Z</time>
   </trkpt>
   <trkpt lat="-6.8778810" lon="109.0752610">
    <ele>7.6</ele>
    <time>2025-04-05T00:01:40Z</time>
   </trkpt>
   <trkpt lat="-6.8778830" lon="109.0752690">
    <ele>7.6</ele>
    <time>2025-04-05T00:01:41Z</time>
   </trkpt>
   <trkpt lat="-6.8778850" lon="109.0752760">
    <ele>7.6</ele>
    <time>2025-04-05T00:01:42Z</time>
   </trkpt>
   <trkpt lat="-6.8778910" lon="109.0752920">
    <ele>7.6</ele>
    <time>2025-04-05T00:01:43Z</time>
   </trkpt>
   <trkpt lat="-6.8778950" lon="109.0753070">
    <ele>7.6</ele>
    <time>2025-04-05T00:01:44Z</time>
   </trkpt>
   <trkpt lat="-6.8778960" lon="109.0753380">
    <ele>7.6</ele>
    <time>2025-04-05T00:01:45Z</time>
   </trkpt>
   <trkpt lat="-6.8778940" lon="109.0753470">
    <ele>7.6</ele>
    <time>2025-04-05T00:01:46Z</time>
   </trkpt>
   <trkpt lat="-6.8778910" lon="109.0753660">
    <ele>7.6</ele>
    <time>2025-04-05T00:01:47Z</time>
   </trkpt>
   <trkpt lat="-6.8778910" lon="109.0753770">
    <ele>7.6</ele>
    <time>2025-04-05T00:01:48Z</time>
   </trkpt>
   <trkpt lat="-6.8778910" lon="109.0753740">
    <ele>7.6</ele>
    <time>2025-04-05T00:01:49Z</time>
   </trkpt>
   <trkpt lat="-6.8778910" lon="109.0753660">
    <ele>7.6</ele>
    <time>2025-04-05T00:01:50Z</time>
   </trkpt>
   <trkpt lat="-6.8778910" lon="109.0753550">
    <ele>7.7</ele>
    <time>2025-04-05T00:01:51Z</time>
   </trkpt>
   <trkpt lat="-6.8778900" lon="109.0753510">
    <ele>7.7</ele>
    <time>2025-04-05T00:01:52Z</time>
   </trkpt>
   <trkpt lat="-6.8778900" lon="109.0753510">
    <ele>7.7</ele>
    <time>2025-04-05T00:01:53Z</time>
   </trkpt>
   <trkpt lat="-6.8778900" lon="109.0753510">
    <ele>7.7</ele>
    <time>2025-04-05T00:01:54Z</time>
   </trkpt>
   <trkpt lat="-6.8778900" lon="109.0753510">
    <ele>7.7</ele>
    <time>2025-04-05T00:01:55Z</time>
   </trkpt>
   <trkpt lat="-6.8778900" lon="109.0753520">
    <ele>7.7</ele>
    <time>2025-04-05T00:01:56Z</time>
   </trkpt>
   <trkpt lat="-6.8778900" lon="109.0753520">
    <ele>7.7</ele>
    <time>2025-04-05T00:01:57Z</time>
   </trkpt>
   <trkpt lat="-6.8778900" lon="109.0753520">
    <ele>7.7</ele>
    <time>2025-04-05T00:01:58Z</time>
   </trkpt>
   <trkpt lat="-6.8778900" lon="109.0753520">
    <ele>7.7</ele>
    <time>2025-04-05T00:01:59Z</time>
   </trkpt>
   <trkpt lat="-6.8778900" lon="109.0753520">
    <ele>7.7</ele>
    <time>2025-04-05T00:02:00Z</time>
   </trkpt>
   <trkpt lat="-6.8779020" lon="109.0754170">
    <ele>7.7</ele>
    <time>2025-04-05T00:02:29Z</time>
   </trkpt>
   <trkpt lat="-6.8779080" lon="109.0754480">
    <ele>7.7</ele>
    <time>2025-04-05T00:02:30Z</time>
   </trkpt>
   <trkpt lat="-6.8779100" lon="109.0754770">
    <ele>7.7</ele>
    <time>2025-04-05T00:02:31Z</time>
   </trkpt>
   <trkpt lat="-6.8779120" lon="109.0755060">
    <ele>7.7</ele>
    <time>2025-04-05T00:02:32Z</time>
   </trkpt>
   <trkpt lat="-6.8779160" lon="109.0755340">
    <ele>7.6</ele>
    <time>2025-04-05T00:02:33Z</time>
   </trkpt>
   <trkpt lat="-6.8779220" lon="109.0755650">
    <ele>7.6</ele>
    <time>2025-04-05T00:02:34Z</time>
   </trkpt>
   <trkpt lat="-6.8779300" lon="109.0755960">
    <ele>7.6</ele>
    <time>2025-04-05T00:02:35Z</time>
   </trkpt>
   <trkpt lat="-6.8779390" lon="109.0756270">
    <ele>7.6</ele>
    <time>2025-04-05T00:02:36Z</time>
   </trkpt>
   <trkpt lat="-6.8779480" lon="109.0756590">
    <ele>7.6</ele>
    <time>2025-04-05T00:02:37Z</time>
   </trkpt>
   <trkpt lat="-6.8779590" lon="109.0756960">
    <ele>7.5</ele>
    <time>2025-04-05T00:02:38Z</time>
   </trkpt>
   <trkpt lat="-6.8779680" lon="109.0757360">
    <ele>7.5</ele>
    <time>2025-04-05T00:02:39Z</time>
   </trkpt>
   <trkpt lat="-6.8779800" lon="109.0757770">
    <ele>7.4</ele>
    <time>2025-04-05T00:02:40Z</time>
   </trkpt>
   <trkpt lat="-6.8779880" lon="109.0758160">
    <ele>7.4</ele>
    <time>2025-04-05T00:02:41Z</time>
   </trkpt>
   <trkpt lat="-6.8779920" lon="109.0758550">
    <ele>7.3</ele>
    <time>2025-04-05T00:02:42Z</time>
   </trkpt>
   <trkpt lat="-6.8779950" lon="109.0758950">
    <ele>7.3</ele>
    <time>2025-04-05T00:02:43Z</time>
   </trkpt>
   <trkpt lat="-6.8779960" lon="109.0759360">
    <ele>7.2</ele>
    <time>2025-04-05T00:02:44Z</time>
   </trkpt>
   <trkpt lat="-6.8779970" lon="109.0759760">
    <ele>7.2</ele>
    <time>2025-04-05T00:02:45Z</time>
   </trkpt>
   <trkpt lat="-6.8780000" lon="109.0760210">
    <ele>7.1</ele>
    <time>2025-04-05T00:02:46Z</time>
   </trkpt>
   <trkpt lat="-6.8780050" lon="109.0760690">
    <ele>7.1</ele>
    <time>2025-04-05T00:02:47Z</time>
   </trkpt>
   <trkpt lat="-6.8780080" lon="109.0761110">
    <ele>7.0</ele>
    <time>2025-04-05T00:02:48Z</time>
   </trkpt>
   <trkpt lat="-6.8780120" lon="109.0761530">
    <ele>6.9</ele>
    <time>2025-04-05T00:02:49Z</time>
   </trkpt>
   <trkpt lat="-6.8780180" lon="109.0762020">
    <ele>6.8</ele>
    <time>2025-04-05T00:02:50Z</time>
   </trkpt>
   <trkpt lat="-6.8780270" lon="109.0762590">
    <ele>6.7</ele>
    <time>2025-04-05T00:02:51Z</time>
   </trkpt>
   <trkpt lat="-6.8780290" lon="109.0763170">
    <ele>6.7</ele>
    <time>2025-04-05T00:02:52Z</time>
   </trkpt>
   <trkpt lat="-6.8780280" lon="109.0763700">
    <ele>6.6</ele>
    <time>2025-04-05T00:02:53Z</time>
   </trkpt>
   <trkpt lat="-6.8780300" lon="109.0764110">
    <ele>6.6</ele>
    <time>2025-04-05T00:02:54Z</time>
   </trkpt>
   <trkpt lat="-6.8780320" lon="109.0764560">
    <ele>6.5</ele>
    <time>2025-04-05T00:02:55Z</time>
   </trkpt>
   <trkpt lat="-6.8780360" lon="109.0765100">
    <ele>6.5</ele>
    <time>2025-04-05T00:02:56Z</time>
   </trkpt>
   <trkpt lat="-6.8780390" lon="109.0765470">
    <ele>6.5</ele>
    <time>2025-04-05T00:02:57Z</time>
   </trkpt>
   <trkpt lat="-6.8780450" lon="109.0765960">
    <ele>6.4</ele>
    <time>2025-04-05T00:02:58Z</time>
   </trkpt>
   <trkpt lat="-6.8780520" lon="109.0766430">
    <ele>6.4</ele>
    <time>2025-04-05T00:02:59Z</time>
   </trkpt>
   <trkpt lat="-6.8780550" lon="109.0766940">
    <ele>6.4</ele>
    <time>2025-04-05T00:03:00Z</time>
   </trkpt>
   <trkpt lat="-6.8780590" lon="109.0767400">
    <ele>6.4</ele>
    <time>2025-04-05T00:03:01Z</time>
   </trkpt>
   <trkpt lat="-6.8780640" lon="109.0767820">
    <ele>6.4</ele>
    <time>2025-04-05T00:03:02Z</time>
   </trkpt>
   <trkpt lat="-6.8780700" lon="109.0768200">
    <ele>6.4</ele>
    <time>2025-04-05T00:03:03Z</time>
   </trkpt>
   <trkpt lat="-6.8780790" lon="109.0768650">
    <ele>6.3</ele>
    <time>2025-04-05T00:03:04Z</time>
   </trkpt>
   <trkpt lat="-6.8780860" lon="109.0769080">
    <ele>6.3</ele>
    <time>2025-04-05T00:03:05Z</time>
   </trkpt>
   <trkpt lat="-6.8780900" lon="109.0769500">
    <ele>6.3</ele>
    <time>2025-04-05T00:03:06Z</time>
   </trkpt>
   <trkpt lat="-6.8780970" lon="109.0769960">
    <ele>6.3</ele>
    <time>2025-04-05T00:03:07Z</time>
   </trkpt>
   <trkpt lat="-6.8781060" lon="109.0770440">
    <ele>6.3</ele>
    <time>2025-04-05T00:03:08Z</time>
   </trkpt>
   <trkpt lat="-6.8781160" lon="109.0770910">
    <ele>6.3</ele>
    <time>2025-04-05T00:03:09Z</time>
   </trkpt>
   <trkpt lat="-6.8781250" lon="109.0771360">
    <ele>6.3</ele>
    <time>2025-04-05T00:03:10Z</time>
   </trkpt>
   <trkpt lat="-6.8781290" lon="109.0771840">
    <ele>6.3</ele>
    <time>2025-04-05T00:03:11Z</time>
   </trkpt>
   <trkpt lat="-6.8781300" lon="109.0772310">
    <ele>6.2</ele>
    <time>2025-04-05T00:03:12Z</time>
   </trkpt>
   <trkpt lat="-6.8781370" lon="109.0772750">
    <ele>6.2</ele>
    <time>2025-04-05T00:03:13Z</time>
   </trkpt>
   <trkpt lat="-6.8781450" lon="109.0773300">
    <ele>6.2</ele>
    <time>2025-04-05T00:03:14Z</time>
   </trkpt>
   <trkpt lat="-6.8781510" lon="109.0773830">
    <ele>6.1</ele>
    <time>2025-04-05T00:03:15Z</time>
   </trkpt>
   <trkpt lat="-6.8781520" lon="109.0774390">
    <ele>6.1</ele>
    <time>2025-04-05T00:03:16Z</time>
   </trkpt>
   <trkpt lat="-6.8781480" lon="109.0774900">
    <ele>6.1</ele>
    <time>2025-04-05T00:03:17Z</time>
   </trkpt>
   <trkpt lat="-6.8781470" lon="109.0775370">
    <ele>6.1</ele>
    <time>2025-04-05T00:03:18Z</time>
   </trkpt>
   <trkpt lat="-6.8781530" lon="109.0775800">
    <ele>6.1</ele>
    <time>2025-04-05T00:03:19Z</time>
   </trkpt>
   <trkpt lat="-6.8781600" lon="109.0776150">
    <ele>6.1</ele>
    <time>2025-04-05T00:03:20Z</time>
   </trkpt>
   <trkpt lat="-6.8781700" lon="109.0776560">
    <ele>6.1</ele>
    <time>2025-04-05T00:03:21Z</time>
   </trkpt>
   <trkpt lat="-6.8781780" lon="109.0777010">
    <ele>6.1</ele>
    <time>2025-04-05T00:03:22Z</time>
   </trkpt>
   <trkpt lat="-6.8781820" lon="109.0777490">
    <ele>6.1</ele>
    <time>2025-04-05T00:03:23Z</time>
   </trkpt>
   <trkpt lat="-6.8781810" lon="109.0777980">
    <ele>6.1</ele>
    <time>2025-04-05T00:03:24Z</time>
   </trkpt>
   <trkpt lat="-6.8781850" lon="109.0778390">
    <ele>6.0</ele>
    <time>2025-04-05T00:03:25Z</time>
   </trkpt>
   <trkpt lat="-6.8781930" lon="109.0778850">
    <ele>6.0</ele>
    <time>2025-04-05T00:03:26Z</time>
   </trkpt>
   <trkpt lat="-6.8782010" lon="109.0779260">
    <ele>6.0</ele>
    <time>2025-04-05T00:03:27Z</time>
   </trkpt>
   <trkpt lat="-6.8782090" lon="109.0779670">
    <ele>6.0</ele>
    <time>2025-04-05T00:03:28Z</time>
   </trkpt>
   <trkpt lat="-6.8782140" lon="109.0780060">
    <ele>6.0</ele>
    <time>2025-04-05T00:03:29Z</time>
   </trkpt>
   <trkpt lat="-6.8782120" lon="109.0780590">
    <ele>5.9</ele>
    <time>2025-04-05T00:03:30Z</time>
   </trkpt>
   <trkpt lat="-6.8782170" lon="109.0781010">
    <ele>5.9</ele>
    <time>2025-04-05T00:03:31Z</time>
   </trkpt>
   <trkpt lat="-6.8782220" lon="109.0781410">
    <ele>5.9</ele>
    <time>2025-04-05T00:03:32Z</time>
   </trkpt>
   <trkpt lat="-6.8782240" lon="109.0781830">
    <ele>5.9</ele>
    <time>2025-04-05T00:03:33Z</time>
   </trkpt>
   <trkpt lat="-6.8782280" lon="109.0782270">
    <ele>5.9</ele>
    <time>2025-04-05T00:03:34Z</time>
   </trkpt>
   <trkpt lat="-6.8782320" lon="109.0782780">
    <ele>5.8</ele>
    <time>2025-04-05T00:03:35Z</time>
   </trkpt>
   <trkpt lat="-6.8782380" lon="109.0783260">
    <ele>5.8</ele>
    <time>2025-04-05T00:03:36Z</time>
   </trkpt>
   <trkpt lat="-6.8782400" lon="109.0783700">
    <ele>5.8</ele>
    <time>2025-04-05T00:03:37Z</time>
   </trkpt>
   <trkpt lat="-6.8782410" lon="109.0784110">
    <ele>5.8</ele>
    <time>2025-04-05T00:03:38Z</time>
   </trkpt>
   <trkpt lat="-6.8782490" lon="109.0784480">
    <ele>5.8</ele>
    <time>2025-04-05T00:03:39Z</time>
   </trkpt>
   <trkpt lat="-6.8782540" lon="109.0784880">
    <ele>5.8</ele>
    <time>2025-04-05T00:03:40Z</time>
   </trkpt>
   <trkpt lat="-6.8782580" lon="109.0785320">
    <ele>5.8</ele>
    <time>2025-04-05T00:03:41Z</time>
   </trkpt>
   <trkpt lat="-6.8782590" lon="109.0785800">
    <ele>5.8</ele>
    <time>2025-04-05T00:03:42Z</time>
   </trkpt>
   <trkpt lat="-6.8782600" lon="109.0786320">
    <ele>5.7</ele>
    <time>2025-04-05T00:03:43Z</time>
   </trkpt>
   <trkpt lat="-6.8782660" lon="109.0786810">
    <ele>5.7</ele>
    <time>2025-04-05T00:03:44Z</time>
   </trkpt>
   <trkpt lat="-6.8782730" lon="109.0787320">
    <ele>5.7</ele>
    <time>2025-04-05T00:03:45Z</time>
   </trkpt>
   <trkpt lat="-6.8782800" lon="109.0787760">
    <ele>5.7</ele>
    <time>2025-04-05T00:03:46Z</time>
   </trkpt>
   <trkpt lat="-6.8782840" lon="109.0788210">
    <ele>5.7</ele>
    <time>2025-04-05T00:03:47Z</time>
   </trkpt>
   <trkpt lat="-6.8782860" lon="109.0788660">
    <ele>5.7</ele>
    <time>2025-04-05T00:03:48Z</time>
   </trkpt>
   <trkpt lat="-6.8782870" lon="109.0789100">
    <ele>5.7</ele>
    <time>2025-04-05T00:03:49Z</time>
   </trkpt>
   <trkpt lat="-6.8782880" lon="109.0789490">
    <ele>5.7</ele>
    <time>2025-04-05T00:03:50Z</time>
   </trkpt>
   <trkpt lat="-6.8782910" lon="109.0789860">
    <ele>5.7</ele>
    <time>2025-04-05T00:03:51Z</time>
   </trkpt>
   <trkpt lat="-6.8782960" lon="109.0790250">
    <ele>5.7</ele>
    <time>2025-04-05T00:03:52Z</time>
   </trkpt>
   <trkpt lat="-6.8783070" lon="109.0790650">
    <ele>5.7</ele>
    <time>2025-04-05T00:03:53Z</time>
   </trkpt>
   <trkpt lat="-6.8783140" lon="109.0791090">
    <ele>5.7</ele>
    <time>2025-04-05T00:03:54Z</time>
   </trkpt>
   <trkpt lat="-6.8783180" lon="109.0791540">
    <ele>5.7</ele>
    <time>2025-04-05T00:03:55Z</time>
   </trkpt>
   <trkpt lat="-6.8783220" lon="109.0792000">
    <ele>5.7</ele>
    <time>2025-04-05T00:03:56Z</time>
   </trkpt>
   <trkpt lat="-6.8783260" lon="109.0792440">
    <ele>5.7</ele>
    <time>2025-04-05T00:03:57Z</time>
   </trkpt>
   <trkpt lat="-6.8783310" lon="109.0792840">
    <ele>5.6</ele>
    <time>2025-04-05T00:03:58Z</time>
   </trkpt>
   <trkpt lat="-6.8783380" lon="109.0793260">
    <ele>5.6</ele>
    <time>2025-04-05T00:03:59Z</time>
   </trkpt>
   <trkpt lat="-6.8783450" lon="109.0793700">
    <ele>5.6</ele>
    <time>2025-04-05T00:04:00Z</time>
   </trkpt>
   <trkpt lat="-6.8783490" lon="109.0794190">
    <ele>5.6</ele>
    <time>2025-04-05T00:04:01Z</time>
   </trkpt>
   <trkpt lat="-6.8783430" lon="109.0794660">
    <ele>5.6</ele>
    <time>2025-04-05T00:04:02Z</time>
   </trkpt>
   <trkpt lat="-6.8783430" lon="109.0795050">
    <ele>5.6</ele>
    <time>2025-04-05T00:04:03Z</time>
   </trkpt>
   <trkpt lat="-6.8783460" lon="109.0795460">
    <ele>5.6</ele>
    <time>2025-04-05T00:04:04Z</time>
   </trkpt>
   <trkpt lat="-6.8783520" lon="109.0795830">
    <ele>5.6</ele>
    <time>2025-04-05T00:04:05Z</time>
   </trkpt>
   <trkpt lat="-6.8783510" lon="109.0796210">
    <ele>5.6</ele>
    <time>2025-04-05T00:04:06Z</time>
   </trkpt>
   <trkpt lat="-6.8783520" lon="109.0796570">
    <ele>5.6</ele>
    <time>2025-04-05T00:04:07Z</time>
   </trkpt>
   <trkpt lat="-6.8783540" lon="109.0796680">
    <ele>5.6</ele>
    <time>2025-04-05T00:04:08Z</time>
   </trkpt>
   <trkpt lat="-6.8783680" lon="109.0796940">
    <ele>5.7</ele>
    <time>2025-04-05T00:04:09Z</time>
   </trkpt>
   <trkpt lat="-6.8783850" lon="109.0797240">
    <ele>5.7</ele>
    <time>2025-04-05T00:04:10Z</time>
   </trkpt>
   <trkpt lat="-6.8784000" lon="109.0797580">
    <ele>5.7</ele>
    <time>2025-04-05T00:04:11Z</time>
   </trkpt>
   <trkpt lat="-6.8784090" lon="109.0797920">
    <ele>5.7</ele>
    <time>2025-04-05T00:04:12Z</time>
   </trkpt>
   <trkpt lat="-6.8784100" lon="109.0798220">
    <ele>5.7</ele>
    <time>2025-04-05T00:04:13Z</time>
   </trkpt>
   <trkpt lat="-6.8784060" lon="109.0798580">
    <ele>5.7</ele>
    <time>2025-04-05T00:04:14Z</time>
   </trkpt>
   <trkpt lat="-6.8784040" lon="109.0799010">
    <ele>5.8</ele>
    <time>2025-04-05T00:04:15Z</time>
   </trkpt>
   <trkpt lat="-6.8784060" lon="109.0799440">
    <ele>5.8</ele>
    <time>2025-04-05T00:04:16Z</time>
   </trkpt>
   <trkpt lat="-6.8784110" lon="109.0799920">
    <ele>5.8</ele>
    <time>2025-04-05T00:04:17Z</time>
   </trkpt>
   <trkpt lat="-6.8784140" lon="109.0800380">
    <ele>5.8</ele>
    <time>2025-04-05T00:04:18Z</time>
   </trkpt>
   <trkpt lat="-6.8784170" lon="109.0800850">
    <ele>5.8</ele>
    <time>2025-04-05T00:04:19Z</time>
   </trkpt>
   <trkpt lat="-6.8784170" lon="109.0801320">
    <ele>5.8</ele>
    <time>2025-04-05T00:04:20Z</time>
   </trkpt>
   <trkpt lat="-6.8784210" lon="109.0801750">
    <ele>5.8</ele>
    <time>2025-04-05T00:04:21Z</time>
   </trkpt>
   <trkpt lat="-6.8784210" lon="109.0802220">
    <ele>5.8</ele>
    <time>2025-04-05T00:04:22Z</time>
   </trkpt>
   <trkpt lat="-6.8784290" lon="109.0802570">
    <ele>5.8</ele>
    <time>2025-04-05T00:04:23Z</time>
   </trkpt>
   <trkpt lat="-6.8784380" lon="109.0802940">
    <ele>5.8</ele>
    <time>2025-04-05T00:04:24Z</time>
   </trkpt>
   <trkpt lat="-6.8784450" lon="109.0803290">
    <ele>5.8</ele>
    <time>2025-04-05T00:04:25Z</time>
   </trkpt>
   <trkpt lat="-6.8784520" lon="109.0803630">
    <ele>5.7</ele>
    <time>2025-04-05T00:04:26Z</time>
   </trkpt>
   <trkpt lat="-6.8784600" lon="109.0804010">
    <ele>5.7</ele>
    <time>2025-04-05T00:04:27Z</time>
   </trkpt>
   <trkpt lat="-6.8784690" lon="109.0804370">
    <ele>5.7</ele>
    <time>2025-04-05T00:04:28Z</time>
   </trkpt>
   <trkpt lat="-6.8784780" lon="109.0804790">
    <ele>5.7</ele>
    <time>2025-04-05T00:04:29Z</time>
   </trkpt>
   <trkpt lat="-6.8784850" lon="109.0805180">
    <ele>5.7</ele>
    <time>2025-04-05T00:04:30Z</time>
   </trkpt>
   <trkpt lat="-6.8784900" lon="109.0805500">
    <ele>5.7</ele>
    <time>2025-04-05T00:04:31Z</time>
   </trkpt>
   <trkpt lat="-6.8784920" lon="109.0805870">
    <ele>5.7</ele>
    <time>2025-04-05T00:04:32Z</time>
   </trkpt>
   <trkpt lat="-6.8784940" lon="109.0806220">
    <ele>5.7</ele>
    <time>2025-04-05T00:04:33Z</time>
   </trkpt>
   <trkpt lat="-6.8784950" lon="109.0806570">
    <ele>5.7</ele>
    <time>2025-04-05T00:04:34Z</time>
   </trkpt>
   <trkpt lat="-6.8784980" lon="109.0806970">
    <ele>5.7</ele>
    <time>2025-04-05T00:04:35Z</time>
   </trkpt>
   <trkpt lat="-6.8785030" lon="109.0807360">
    <ele>5.7</ele>
    <time>2025-04-05T00:04:36Z</time>
   </trkpt>
   <trkpt lat="-6.8785100" lon="109.0807740">
    <ele>5.7</ele>
    <time>2025-04-05T00:04:37Z</time>
   </trkpt>
   <trkpt lat="-6.8785170" lon="109.0808200">
    <ele>5.7</ele>
    <time>2025-04-05T00:04:38Z</time>
   </trkpt>
   <trkpt lat="-6.8785180" lon="109.0808630">
    <ele>5.7</ele>
    <time>2025-04-05T00:04:39Z</time>
   </trkpt>
   <trkpt lat="-6.8785180" lon="109.0809010">
    <ele>5.7</ele>
    <time>2025-04-05T00:04:40Z</time>
   </trkpt>
   <trkpt lat="-6.8785210" lon="109.0809360">
    <ele>5.7</ele>
    <time>2025-04-05T00:04:41Z</time>
   </trkpt>
   <trkpt lat="-6.8785260" lon="109.0809720">
    <ele>5.7</ele>
    <time>2025-04-05T00:04:42Z</time>
   </trkpt>
   <trkpt lat="-6.8785330" lon="109.0810100">
    <ele>5.7</ele>
    <time>2025-04-05T00:04:43Z</time>
   </trkpt>
   <trkpt lat="-6.8785390" lon="109.0810480">
    <ele>5.7</ele>
    <time>2025-04-05T00:04:44Z</time>
   </trkpt>
   <trkpt lat="-6.8785460" lon="109.0810840">
    <ele>5.7</ele>
    <time>2025-04-05T00:04:45Z</time>
   </trkpt>
   <trkpt lat="-6.8785570" lon="109.0811160">
    <ele>5.6</ele>
    <time>2025-04-05T00:04:46Z</time>
   </trkpt>
   <trkpt lat="-6.8785680" lon="109.0811490">
    <ele>5.6</ele>
    <time>2025-04-05T00:04:47Z</time>
   </trkpt>
   <trkpt lat="-6.8785800" lon="109.0811820">
    <ele>5.6</ele>
    <time>2025-04-05T00:04:48Z</time>
   </trkpt>
   <trkpt lat="-6.8785880" lon="109.0812210">
    <ele>5.7</ele>
    <time>2025-04-05T00:04:49Z</time>
   </trkpt>
   <trkpt lat="-6.8785990" lon="109.0812590">
    <ele>5.7</ele>
    <time>2025-04-05T00:04:50Z</time>
   </trkpt>
   <trkpt lat="-6.8786090" lon="109.0813000">
    <ele>5.7</ele>
    <time>2025-04-05T00:04:51Z</time>
   </trkpt>
   <trkpt lat="-6.8786070" lon="109.0813530">
    <ele>5.7</ele>
    <time>2025-04-05T00:04:52Z</time>
   </trkpt>
   <trkpt lat="-6.8786070" lon="109.0813950">
    <ele>5.7</ele>
    <time>2025-04-05T00:04:53Z</time>
   </trkpt>
   <trkpt lat="-6.8786070" lon="109.0814310">
    <ele>5.7</ele>
    <time>2025-04-05T00:04:54Z</time>
   </trkpt>
   <trkpt lat="-6.8786050" lon="109.0814710">
    <ele>5.7</ele>
    <time>2025-04-05T00:04:55Z</time>
   </trkpt>
   <trkpt lat="-6.8786020" lon="109.0815150">
    <ele>5.7</ele>
    <time>2025-04-05T00:04:56Z</time>
   </trkpt>
   <trkpt lat="-6.8786020" lon="109.0815590">
    <ele>5.7</ele>
    <time>2025-04-05T00:04:57Z</time>
   </trkpt>
   <trkpt lat="-6.8786050" lon="109.0815910">
    <ele>5.7</ele>
    <time>2025-04-05T00:04:58Z</time>
   </trkpt>
   <trkpt lat="-6.8786120" lon="109.0816270">
    <ele>5.6</ele>
    <time>2025-04-05T00:04:59Z</time>
   </trkpt>
   <trkpt lat="-6.8786200" lon="109.0816670">
    <ele>5.6</ele>
    <time>2025-04-05T00:05:00Z</time>
   </trkpt>
   <trkpt lat="-6.8786250" lon="109.0817070">
    <ele>5.6</ele>
    <time>2025-04-05T00:05:01Z</time>
   </trkpt>
   <trkpt lat="-6.8786300" lon="109.0817450">
    <ele>5.6</ele>
    <time>2025-04-05T00:05:02Z</time>
   </trkpt>
   <trkpt lat="-6.8786330" lon="109.0817840">
    <ele>5.6</ele>
    <time>2025-04-05T00:05:03Z</time>
   </trkpt>
   <trkpt lat="-6.8786360" lon="109.0818270">
    <ele>5.6</ele>
    <time>2025-04-05T00:05:04Z</time>
   </trkpt>
   <trkpt lat="-6.8786390" lon="109.0818680">
    <ele>5.6</ele>
    <time>2025-04-05T00:05:05Z</time>
   </trkpt>
   <trkpt lat="-6.8786430" lon="109.0819090">
    <ele>5.6</ele>
    <time>2025-04-05T00:05:06Z</time>
   </trkpt>
   <trkpt lat="-6.8786510" lon="109.0819490">
    <ele>5.6</ele>
    <time>2025-04-05T00:05:07Z</time>
   </trkpt>
   <trkpt lat="-6.8786590" lon="109.0819900">
    <ele>5.5</ele>
    <time>2025-04-05T00:05:08Z</time>
   </trkpt>
   <trkpt lat="-6.8786650" lon="109.0820290">
    <ele>5.5</ele>
    <time>2025-04-05T00:05:09Z</time>
   </trkpt>
   <trkpt lat="-6.8786690" lon="109.0820700">
    <ele>5.5</ele>
    <time>2025-04-05T00:05:10Z</time>
   </trkpt>
   <trkpt lat="-6.8786750" lon="109.0821090">
    <ele>5.5</ele>
    <time>2025-04-05T00:05:11Z</time>
   </trkpt>
   <trkpt lat="-6.8786800" lon="109.0821510">
    <ele>5.5</ele>
    <time>2025-04-05T00:05:12Z</time>
   </trkpt>
   <trkpt lat="-6.8786850" lon="109.0821950">
    <ele>5.5</ele>
    <time>2025-04-05T00:05:13Z</time>
   </trkpt>
   <trkpt lat="-6.8786860" lon="109.0822410">
    <ele>5.5</ele>
    <time>2025-04-05T00:05:14Z</time>
   </trkpt>
   <trkpt lat="-6.8786890" lon="109.0822860">
    <ele>5.5</ele>
    <time>2025-04-05T00:05:15Z</time>
   </trkpt>
   <trkpt lat="-6.8786920" lon="109.0823220">
    <ele>5.5</ele>
    <time>2025-04-05T00:05:16Z</time>
   </trkpt>
   <trkpt lat="-6.8786970" lon="109.0823550">
    <ele>5.5</ele>
    <time>2025-04-05T00:05:17Z</time>
   </trkpt>
   <trkpt lat="-6.8786970" lon="109.0823920">
    <ele>5.5</ele>
    <time>2025-04-05T00:05:18Z</time>
   </trkpt>
   <trkpt lat="-6.8786950" lon="109.0824330">
    <ele>5.5</ele>
    <time>2025-04-05T00:05:19Z</time>
   </trkpt>
   <trkpt lat="-6.8786940" lon="109.0824770">
    <ele>5.5</ele>
    <time>2025-04-05T00:05:20Z</time>
   </trkpt>
   <trkpt lat="-6.8786960" lon="109.0825160">
    <ele>5.5</ele>
    <time>2025-04-05T00:05:21Z</time>
   </trkpt>
   <trkpt lat="-6.8787010" lon="109.0825590">
    <ele>5.5</ele>
    <time>2025-04-05T00:05:22Z</time>
   </trkpt>
   <trkpt lat="-6.8787040" lon="109.0826000">
    <ele>5.5</ele>
    <time>2025-04-05T00:05:23Z</time>
   </trkpt>
   <trkpt lat="-6.8787070" lon="109.0826440">
    <ele>5.4</ele>
    <time>2025-04-05T00:05:24Z</time>
   </trkpt>
   <trkpt lat="-6.8787100" lon="109.0826840">
    <ele>5.4</ele>
    <time>2025-04-05T00:05:25Z</time>
   </trkpt>
   <trkpt lat="-6.8787150" lon="109.0827220">
    <ele>5.4</ele>
    <time>2025-04-05T00:05:26Z</time>
   </trkpt>
   <trkpt lat="-6.8787210" lon="109.0827610">
    <ele>5.4</ele>
    <time>2025-04-05T00:05:27Z</time>
   </trkpt>
   <trkpt lat="-6.8787260" lon="109.0827990">
    <ele>5.4</ele>
    <time>2025-04-05T00:05:28Z</time>
   </trkpt>
   <trkpt lat="-6.8787300" lon="109.0828410">
    <ele>5.4</ele>
    <time>2025-04-05T00:05:29Z</time>
   </trkpt>
   <trkpt lat="-6.8787320" lon="109.0828810">
    <ele>5.4</ele>
    <time>2025-04-05T00:05:30Z</time>
   </trkpt>
   <trkpt lat="-6.8787310" lon="109.0829300">
    <ele>5.4</ele>
    <time>2025-04-05T00:05:31Z</time>
   </trkpt>
   <trkpt lat="-6.8787310" lon="109.0829760">
    <ele>5.4</ele>
    <time>2025-04-05T00:05:32Z</time>
   </trkpt>
   <trkpt lat="-6.8787320" lon="109.0830170">
    <ele>5.4</ele>
    <time>2025-04-05T00:05:33Z</time>
   </trkpt>
   <trkpt lat="-6.8787340" lon="109.0830560">
    <ele>5.4</ele>
    <time>2025-04-05T00:05:34Z</time>
   </trkpt>
   <trkpt lat="-6.8787360" lon="109.0830960">
    <ele>5.4</ele>
    <time>2025-04-05T00:05:35Z</time>
   </trkpt>
   <trkpt lat="-6.8787390" lon="109.0831400">
    <ele>5.4</ele>
    <time>2025-04-05T00:05:36Z</time>
   </trkpt>
   <trkpt lat="-6.8787440" lon="109.0831770">
    <ele>5.4</ele>
    <time>2025-04-05T00:05:37Z</time>
   </trkpt>
   <trkpt lat="-6.8787460" lon="109.0832170">
    <ele>5.4</ele>
    <time>2025-04-05T00:05:38Z</time>
   </trkpt>
   <trkpt lat="-6.8787450" lon="109.0832600">
    <ele>5.4</ele>
    <time>2025-04-05T00:05:39Z</time>
   </trkpt>
   <trkpt lat="-6.8787440" lon="109.0833000">
    <ele>5.4</ele>
    <time>2025-04-05T00:05:40Z</time>
   </trkpt>
   <trkpt lat="-6.8787470" lon="109.0833370">
    <ele>5.4</ele>
    <time>2025-04-05T00:05:41Z</time>
   </trkpt>
   <trkpt lat="-6.8787480" lon="109.0833760">
    <ele>5.4</ele>
    <time>2025-04-05T00:05:42Z</time>
   </trkpt>
   <trkpt lat="-6.8787500" lon="109.0834160">
    <ele>5.4</ele>
    <time>2025-04-05T00:05:43Z</time>
   </trkpt>
   <trkpt lat="-6.8787530" lon="109.0834540">
    <ele>5.4</ele>
    <time>2025-04-05T00:05:44Z</time>
   </trkpt>
   <trkpt lat="-6.8787550" lon="109.0834910">
    <ele>5.4</ele>
    <time>2025-04-05T00:05:45Z</time>
   </trkpt>
   <trkpt lat="-6.8787590" lon="109.0835260">
    <ele>5.4</ele>
    <time>2025-04-05T00:05:46Z</time>
   </trkpt>
   <trkpt lat="-6.8787660" lon="109.0835620">
    <ele>5.4</ele>
    <time>2025-04-05T00:05:47Z</time>
   </trkpt>
   <trkpt lat="-6.8787740" lon="109.0835990">
    <ele>5.4</ele>
    <time>2025-04-05T00:05:48Z</time>
   </trkpt>
   <trkpt lat="-6.8787820" lon="109.0836380">
    <ele>5.4</ele>
    <time>2025-04-05T00:05:49Z</time>
   </trkpt>
   <trkpt lat="-6.8787840" lon="109.0836790">
    <ele>5.4</ele>
    <time>2025-04-05T00:05:50Z</time>
   </trkpt>
   <trkpt lat="-6.8787840" lon="109.0837180">
    <ele>5.4</ele>
    <time>2025-04-05T00:05:51Z</time>
   </trkpt>
   <trkpt lat="-6.8787860" lon="109.0837560">
    <ele>5.4</ele>
    <time>2025-04-05T00:05:52Z</time>
   </trkpt>
   <trkpt lat="-6.8787870" lon="109.0837910">
    <ele>5.4</ele>
    <time>2025-04-05T00:05:53Z</time>
   </trkpt>
   <trkpt lat="-6.8787910" lon="109.0838300">
    <ele>5.4</ele>
    <time>2025-04-05T00:05:54Z</time>
   </trkpt>
   <trkpt lat="-6.8787960" lon="109.0838680">
    <ele>5.4</ele>
    <time>2025-04-05T00:05:55Z</time>
   </trkpt>
   <trkpt lat="-6.8787880" lon="109.0839050">
    <ele>5.4</ele>
    <time>2025-04-05T00:05:56Z</time>
   </trkpt>
   <trkpt lat="-6.8787880" lon="109.0839470">
    <ele>5.4</ele>
    <time>2025-04-05T00:05:57Z</time>
   </trkpt>
   <trkpt lat="-6.8787900" lon="109.0839850">
    <ele>5.4</ele>
    <time>2025-04-05T00:05:58Z</time>
   </trkpt>
   <trkpt lat="-6.8787920" lon="109.0840240">
    <ele>5.4</ele>
    <time>2025-04-05T00:05:59Z</time>
   </trkpt>
   <trkpt lat="-6.8787950" lon="109.0840620">
    <ele>5.4</ele>
    <time>2025-04-05T00:06:00Z</time>
   </trkpt>
   <trkpt lat="-6.8787970" lon="109.0840980">
    <ele>5.4</ele>
    <time>2025-04-05T00:06:01Z</time>
   </trkpt>
   <trkpt lat="-6.8788030" lon="109.0841310">
    <ele>5.4</ele>
    <time>2025-04-05T00:06:02Z</time>
   </trkpt>
   <trkpt lat="-6.8788050" lon="109.0841700">
    <ele>5.4</ele>
    <time>2025-04-05T00:06:03Z</time>
   </trkpt>
   <trkpt lat="-6.8788100" lon="109.0842040">
    <ele>5.4</ele>
    <time>2025-04-05T00:06:04Z</time>
   </trkpt>
   <trkpt lat="-6.8788140" lon="109.0842400">
    <ele>5.4</ele>
    <time>2025-04-05T00:06:05Z</time>
   </trkpt>
   <trkpt lat="-6.8788200" lon="109.0842730">
    <ele>5.4</ele>
    <time>2025-04-05T00:06:06Z</time>
   </trkpt>
   <trkpt lat="-6.8788230" lon="109.0843100">
    <ele>5.4</ele>
    <time>2025-04-05T00:06:07Z</time>
   </trkpt>
   <trkpt lat="-6.8788280" lon="109.0843450">
    <ele>5.4</ele>
    <time>2025-04-05T00:06:08Z</time>
   </trkpt>
   <trkpt lat="-6.8788290" lon="109.0843890">
    <ele>5.4</ele>
    <time>2025-04-05T00:06:09Z</time>
   </trkpt>
   <trkpt lat="-6.8788240" lon="109.0844350">
    <ele>5.4</ele>
    <time>2025-04-05T00:06:10Z</time>
   </trkpt>
   <trkpt lat="-6.8788190" lon="109.0844810">
    <ele>5.4</ele>
    <time>2025-04-05T00:06:11Z</time>
   </trkpt>
   <trkpt lat="-6.8788140" lon="109.0845260">
    <ele>5.4</ele>
    <time>2025-04-05T00:06:12Z</time>
   </trkpt>
   <trkpt lat="-6.8788120" lon="109.0845680">
    <ele>5.5</ele>
    <time>2025-04-05T00:06:13Z</time>
   </trkpt>
   <trkpt lat="-6.8788130" lon="109.0846090">
    <ele>5.5</ele>
    <time>2025-04-05T00:06:14Z</time>
   </trkpt>
   <trkpt lat="-6.8788170" lon="109.0846480">
    <ele>5.5</ele>
    <time>2025-04-05T00:06:15Z</time>
   </trkpt>
   <trkpt lat="-6.8788230" lon="109.0846870">
    <ele>5.5</ele>
    <time>2025-04-05T00:06:16Z</time>
   </trkpt>
   <trkpt lat="-6.8788260" lon="109.0847270">
    <ele>5.5</ele>
    <time>2025-04-05T00:06:17Z</time>
   </trkpt>
   <trkpt lat="-6.8788280" lon="109.0847690">
    <ele>5.5</ele>
    <time>2025-04-05T00:06:18Z</time>
   </trkpt>
   <trkpt lat="-6.8788280" lon="109.0848110">
    <ele>5.5</ele>
    <time>2025-04-05T00:06:19Z</time>
   </trkpt>
   <trkpt lat="-6.8788280" lon="109.0848470">
    <ele>5.5</ele>
    <time>2025-04-05T00:06:20Z</time>
   </trkpt>
   <trkpt lat="-6.8788270" lon="109.0848850">
    <ele>5.5</ele>
    <time>2025-04-05T00:06:21Z</time>
   </trkpt>
   <trkpt lat="-6.8788310" lon="109.0849250">
    <ele>5.5</ele>
    <time>2025-04-05T00:06:22Z</time>
   </trkpt>
   <trkpt lat="-6.8788380" lon="109.0849610">
    <ele>5.5</ele>
    <time>2025-04-05T00:06:23Z</time>
   </trkpt>
   <trkpt lat="-6.8788430" lon="109.0849980">
    <ele>5.5</ele>
    <time>2025-04-05T00:06:24Z</time>
   </trkpt>
   <trkpt lat="-6.8788440" lon="109.0850370">
    <ele>5.5</ele>
    <time>2025-04-05T00:06:25Z</time>
   </trkpt>
   <trkpt lat="-6.8788430" lon="109.0850760">
    <ele>5.5</ele>
    <time>2025-04-05T00:06:26Z</time>
   </trkpt>
   <trkpt lat="-6.8788390" lon="109.0851170">
    <ele>5.5</ele>
    <time>2025-04-05T00:06:27Z</time>
   </trkpt>
   <trkpt lat="-6.8788390" lon="109.0851530">
    <ele>5.5</ele>
    <time>2025-04-05T00:06:28Z</time>
   </trkpt>
   <trkpt lat="-6.8788380" lon="109.0851920">
    <ele>5.5</ele>
    <time>2025-04-05T00:06:29Z</time>
   </trkpt>
   <trkpt lat="-6.8788340" lon="109.0852330">
    <ele>5.5</ele>
    <time>2025-04-05T00:06:30Z</time>
   </trkpt>
   <trkpt lat="-6.8788300" lon="109.0852750">
    <ele>5.5</ele>
    <time>2025-04-05T00:06:31Z</time>
   </trkpt>
   <trkpt lat="-6.8788280" lon="109.0853170">
    <ele>5.5</ele>
    <time>2025-04-05T00:06:32Z</time>
   </trkpt>
   <trkpt lat="-6.8788270" lon="109.0853570">
    <ele>5.5</ele>
    <time>2025-04-05T00:06:33Z</time>
   </trkpt>
   <trkpt lat="-6.8788280" lon="109.0853980">
    <ele>5.6</ele>
    <time>2025-04-05T00:06:34Z</time>
   </trkpt>
   <trkpt lat="-6.8788300" lon="109.0854330">
    <ele>5.6</ele>
    <time>2025-04-05T00:06:35Z</time>
   </trkpt>
   <trkpt lat="-6.8788330" lon="109.0854710">
    <ele>5.6</ele>
    <time>2025-04-05T00:06:36Z</time>
   </trkpt>
   <trkpt lat="-6.8788340" lon="109.0855090">
    <ele>5.6</ele>
    <time>2025-04-05T00:06:37Z</time>
   </trkpt>
   <trkpt lat="-6.8788360" lon="109.0855440">
    <ele>5.6</ele>
    <time>2025-04-05T00:06:38Z</time>
   </trkpt>
   <trkpt lat="-6.8788370" lon="109.0855790">
    <ele>5.6</ele>
    <time>2025-04-05T00:06:39Z</time>
   </trkpt>
   <trkpt lat="-6.8788340" lon="109.0856200">
    <ele>5.6</ele>
    <time>2025-04-05T00:06:40Z</time>
   </trkpt>
   <trkpt lat="-6.8788320" lon="109.0856620">
    <ele>5.6</ele>
    <time>2025-04-05T00:06:41Z</time>
   </trkpt>
   <trkpt lat="-6.8788270" lon="109.0857050">
    <ele>5.6</ele>
    <time>2025-04-05T00:06:42Z</time>
   </trkpt>
   <trkpt lat="-6.8788220" lon="109.0857430">
    <ele>5.7</ele>
    <time>2025-04-05T00:06:43Z</time>
   </trkpt>
   <trkpt lat="-6.8788180" lon="109.0857790">
    <ele>5.7</ele>
    <time>2025-04-05T00:06:44Z</time>
   </trkpt>
   <trkpt lat="-6.8788150" lon="109.0858160">
    <ele>5.7</ele>
    <time>2025-04-05T00:06:45Z</time>
   </trkpt>
   <trkpt lat="-6.8788110" lon="109.0858560">
    <ele>5.7</ele>
    <time>2025-04-05T00:06:46Z</time>
   </trkpt>
   <trkpt lat="-6.8788070" lon="109.0858980">
    <ele>5.7</ele>
    <time>2025-04-05T00:06:47Z</time>
   </trkpt>
   <trkpt lat="-6.8788070" lon="109.0859390">
    <ele>5.6</ele>
    <time>2025-04-05T00:06:48Z</time>
   </trkpt>
   <trkpt lat="-6.8788110" lon="109.0859780">
    <ele>5.6</ele>
    <time>2025-04-05T00:06:49Z</time>
   </trkpt>
   <trkpt lat="-6.8788140" lon="109.0860170">
    <ele>5.6</ele>
    <time>2025-04-05T00:06:50Z</time>
   </trkpt>
   <trkpt lat="-6.8788150" lon="109.0860540">
    <ele>5.6</ele>
    <time>2025-04-05T00:06:51Z</time>
   </trkpt>
   <trkpt lat="-6.8788130" lon="109.0860960">
    <ele>5.6</ele>
    <time>2025-04-05T00:06:52Z</time>
   </trkpt>
   <trkpt lat="-6.8788100" lon="109.0861400">
    <ele>5.6</ele>
    <time>2025-04-05T00:06:53Z</time>
   </trkpt>
   <trkpt lat="-6.8788070" lon="109.0861830">
    <ele>5.6</ele>
    <time>2025-04-05T00:06:54Z</time>
   </trkpt>
   <trkpt lat="-6.8788040" lon="109.0862300">
    <ele>5.6</ele>
    <time>2025-04-05T00:06:55Z</time>
   </trkpt>
   <trkpt lat="-6.8788050" lon="109.0862740">
    <ele>5.6</ele>
    <time>2025-04-05T00:06:56Z</time>
   </trkpt>
   <trkpt lat="-6.8788050" lon="109.0863150">
    <ele>5.6</ele>
    <time>2025-04-05T00:06:57Z</time>
   </trkpt>
   <trkpt lat="-6.8788030" lon="109.0863600">
    <ele>5.6</ele>
    <time>2025-04-05T00:06:58Z</time>
   </trkpt>
   <trkpt lat="-6.8788010" lon="109.0864010">
    <ele>5.6</ele>
    <time>2025-04-05T00:06:59Z</time>
   </trkpt>
   <trkpt lat="-6.8788000" lon="109.0864400">
    <ele>5.6</ele>
    <time>2025-04-05T00:07:00Z</time>
   </trkpt>
   <trkpt lat="-6.8787990" lon="109.0864810">
    <ele>5.6</ele>
    <time>2025-04-05T00:07:01Z</time>
   </trkpt>
   <trkpt lat="-6.8787950" lon="109.0865270">
    <ele>5.6</ele>
    <time>2025-04-05T00:07:02Z</time>
   </trkpt>
   <trkpt lat="-6.8787950" lon="109.0865730">
    <ele>5.6</ele>
    <time>2025-04-05T00:07:03Z</time>
   </trkpt>
   <trkpt lat="-6.8787960" lon="109.0866090">
    <ele>5.6</ele>
    <time>2025-04-05T00:07:04Z</time>
   </trkpt>
   <trkpt lat="-6.8787920" lon="109.0866430">
    <ele>5.6</ele>
    <time>2025-04-05T00:07:05Z</time>
   </trkpt>
   <trkpt lat="-6.8787880" lon="109.0866540">
    <ele>5.6</ele>
    <time>2025-04-05T00:07:06Z</time>
   </trkpt>
   <trkpt lat="-6.8787860" lon="109.0866890">
    <ele>5.6</ele>
    <time>2025-04-05T00:07:07Z</time>
   </trkpt>
   <trkpt lat="-6.8787860" lon="109.0867010">
    <ele>5.6</ele>
    <time>2025-04-05T00:07:08Z</time>
   </trkpt>
   <trkpt lat="-6.8787850" lon="109.0867330">
    <ele>5.6</ele>
    <time>2025-04-05T00:07:09Z</time>
   </trkpt>
   <trkpt lat="-6.8787850" lon="109.0867670">
    <ele>5.6</ele>
    <time>2025-04-05T00:07:10Z</time>
   </trkpt>
   <trkpt lat="-6.8787870" lon="109.0868020">
    <ele>5.6</ele>
    <time>2025-04-05T00:07:11Z</time>
   </trkpt>
   <trkpt lat="-6.8787900" lon="109.0868380">
    <ele>5.6</ele>
    <time>2025-04-05T00:07:12Z</time>
   </trkpt>
   <trkpt lat="-6.8787890" lon="109.0868740">
    <ele>5.6</ele>
    <time>2025-04-05T00:07:13Z</time>
   </trkpt>
   <trkpt lat="-6.8787840" lon="109.0869150">
    <ele>5.6</ele>
    <time>2025-04-05T00:07:14Z</time>
   </trkpt>
   <trkpt lat="-6.8787730" lon="109.0869570">
    <ele>5.6</ele>
    <time>2025-04-05T00:07:15Z</time>
   </trkpt>
   <trkpt lat="-6.8787660" lon="109.0869930">
    <ele>5.6</ele>
    <time>2025-04-05T00:07:16Z</time>
   </trkpt>
   <trkpt lat="-6.8787640" lon="109.0870260">
    <ele>5.6</ele>
    <time>2025-04-05T00:07:17Z</time>
   </trkpt>
   <trkpt lat="-6.8787630" lon="109.0870630">
    <ele>5.6</ele>
    <time>2025-04-05T00:07:18Z</time>
   </trkpt>
   <trkpt lat="-6.8787650" lon="109.0871010">
    <ele>5.6</ele>
    <time>2025-04-05T00:07:19Z</time>
   </trkpt>
   <trkpt lat="-6.8787690" lon="109.0871380">
    <ele>5.6</ele>
    <time>2025-04-05T00:07:20Z</time>
   </trkpt>
   <trkpt lat="-6.8787740" lon="109.0871760">
    <ele>5.6</ele>
    <time>2025-04-05T00:07:21Z</time>
   </trkpt>
   <trkpt lat="-6.8787750" lon="109.0872120">
    <ele>5.6</ele>
    <time>2025-04-05T00:07:22Z</time>
   </trkpt>
   <trkpt lat="-6.8787760" lon="109.0872470">
    <ele>5.6</ele>
    <time>2025-04-05T00:07:23Z</time>
   </trkpt>
   <trkpt lat="-6.8787780" lon="109.0872820">
    <ele>5.6</ele>
    <time>2025-04-05T00:07:24Z</time>
   </trkpt>
   <trkpt lat="-6.8787770" lon="109.0873110">
    <ele>5.6</ele>
    <time>2025-04-05T00:07:25Z</time>
   </trkpt>
   <trkpt lat="-6.8787770" lon="109.0873390">
    <ele>5.6</ele>
    <time>2025-04-05T00:07:26Z</time>
   </trkpt>
   <trkpt lat="-6.8787770" lon="109.0873690">
    <ele>5.6</ele>
    <time>2025-04-05T00:07:27Z</time>
   </trkpt>
   <trkpt lat="-6.8787830" lon="109.0873950">
    <ele>5.6</ele>
    <time>2025-04-05T00:07:28Z</time>
   </trkpt>
   <trkpt lat="-6.8787890" lon="109.0874270">
    <ele>5.6</ele>
    <time>2025-04-05T00:07:29Z</time>
   </trkpt>
   <trkpt lat="-6.8787880" lon="109.0874600">
    <ele>5.6</ele>
    <time>2025-04-05T00:07:30Z</time>
   </trkpt>
   <trkpt lat="-6.8787870" lon="109.0874970">
    <ele>5.6</ele>
    <time>2025-04-05T00:07:31Z</time>
   </trkpt>
   <trkpt lat="-6.8787860" lon="109.0875310">
    <ele>5.5</ele>
    <time>2025-04-05T00:07:32Z</time>
   </trkpt>
   <trkpt lat="-6.8787840" lon="109.0875630">
    <ele>5.5</ele>
    <time>2025-04-05T00:07:33Z</time>
   </trkpt>
   <trkpt lat="-6.8787810" lon="109.0876050">
    <ele>5.5</ele>
    <time>2025-04-05T00:07:34Z</time>
   </trkpt>
   <trkpt lat="-6.8787810" lon="109.0876440">
    <ele>5.5</ele>
    <time>2025-04-05T00:07:35Z</time>
   </trkpt>
   <trkpt lat="-6.8787800" lon="109.0876850">
    <ele>5.5</ele>
    <time>2025-04-05T00:07:36Z</time>
   </trkpt>
   <trkpt lat="-6.8787760" lon="109.0877260">
    <ele>5.5</ele>
    <time>2025-04-05T00:07:37Z</time>
   </trkpt>
   <trkpt lat="-6.8787730" lon="109.0877630">
    <ele>5.5</ele>
    <time>2025-04-05T00:07:38Z</time>
   </trkpt>
   <trkpt lat="-6.8787730" lon="109.0877990">
    <ele>5.5</ele>
    <time>2025-04-05T00:07:39Z</time>
   </trkpt>
   <trkpt lat="-6.8787750" lon="109.0878360">
    <ele>5.5</ele>
    <time>2025-04-05T00:07:40Z</time>
   </trkpt>
   <trkpt lat="-6.8787760" lon="109.0878750">
    <ele>5.5</ele>
    <time>2025-04-05T00:07:41Z</time>
   </trkpt>
   <trkpt lat="-6.8787780" lon="109.0879120">
    <ele>5.5</ele>
    <time>2025-04-05T00:07:42Z</time>
   </trkpt>
   <trkpt lat="-6.8787760" lon="109.0879560">
    <ele>5.5</ele>
    <time>2025-04-05T00:07:43Z</time>
   </trkpt>
   <trkpt lat="-6.8787740" lon="109.0879990">
    <ele>5.6</ele>
    <time>2025-04-05T00:07:44Z</time>
   </trkpt>
   <trkpt lat="-6.8787740" lon="109.0880380">
    <ele>5.6</ele>
    <time>2025-04-05T00:07:45Z</time>
   </trkpt>
   <trkpt lat="-6.8787720" lon="109.0880760">
    <ele>5.6</ele>
    <time>2025-04-05T00:07:46Z</time>
   </trkpt>
   <trkpt lat="-6.8787680" lon="109.0881080">
    <ele>5.6</ele>
    <time>2025-04-05T00:07:47Z</time>
   </trkpt>
   <trkpt lat="-6.8787630" lon="109.0881400">
    <ele>5.6</ele>
    <time>2025-04-05T00:07:48Z</time>
   </trkpt>
   <trkpt lat="-6.8787590" lon="109.0881730">
    <ele>5.6</ele>
    <time>2025-04-05T00:07:49Z</time>
   </trkpt>
   <trkpt lat="-6.8787560" lon="109.0882090">
    <ele>5.6</ele>
    <time>2025-04-05T00:07:50Z</time>
   </trkpt>
   <trkpt lat="-6.8787550" lon="109.0882470">
    <ele>5.6</ele>
    <time>2025-04-05T00:07:51Z</time>
   </trkpt>
   <trkpt lat="-6.8787540" lon="109.0882840">
    <ele>5.6</ele>
    <time>2025-04-05T00:07:52Z</time>
   </trkpt>
   <trkpt lat="-6.8787530" lon="109.0883180">
    <ele>5.6</ele>
    <time>2025-04-05T00:07:53Z</time>
   </trkpt>
   <trkpt lat="-6.8787480" lon="109.0883580">
    <ele>5.6</ele>
    <time>2025-04-05T00:07:54Z</time>
   </trkpt>
   <trkpt lat="-6.8787430" lon="109.0884020">
    <ele>5.6</ele>
    <time>2025-04-05T00:07:55Z</time>
   </trkpt>
   <trkpt lat="-6.8787330" lon="109.0884510">
    <ele>5.6</ele>
    <time>2025-04-05T00:07:56Z</time>
   </trkpt>
   <trkpt lat="-6.8787240" lon="109.0884940">
    <ele>5.6</ele>
    <time>2025-04-05T00:07:57Z</time>
   </trkpt>
   <trkpt lat="-6.8787220" lon="109.0885330">
    <ele>5.6</ele>
    <time>2025-04-05T00:07:58Z</time>
   </trkpt>
   <trkpt lat="-6.8787220" lon="109.0885700">
    <ele>5.6</ele>
    <time>2025-04-05T00:07:59Z</time>
   </trkpt>
   <trkpt lat="-6.8787200" lon="109.0886060">
    <ele>5.6</ele>
    <time>2025-04-05T00:08:00Z</time>
   </trkpt>
   <trkpt lat="-6.8787150" lon="109.0886390">
    <ele>5.6</ele>
    <time>2025-04-05T00:08:01Z</time>
   </trkpt>
   <trkpt lat="-6.8787070" lon="109.0886680">
    <ele>5.6</ele>
    <time>2025-04-05T00:08:02Z</time>
   </trkpt>
   <trkpt lat="-6.8787030" lon="109.0887060">
    <ele>5.6</ele>
    <time>2025-04-05T00:08:03Z</time>
   </trkpt>
   <trkpt lat="-6.8787040" lon="109.0887190">
    <ele>5.7</ele>
    <time>2025-04-05T00:08:04Z</time>
   </trkpt>
   <trkpt lat="-6.8787090" lon="109.0887460">
    <ele>5.7</ele>
    <time>2025-04-05T00:08:05Z</time>
   </trkpt>
   <trkpt lat="-6.8787140" lon="109.0887740">
    <ele>5.7</ele>
    <time>2025-04-05T00:08:06Z</time>
   </trkpt>
   <trkpt lat="-6.8787100" lon="109.0888050">
    <ele>5.7</ele>
    <time>2025-04-05T00:08:07Z</time>
   </trkpt>
   <trkpt lat="-6.8787060" lon="109.0888360">
    <ele>5.7</ele>
    <time>2025-04-05T00:08:08Z</time>
   </trkpt>
   <trkpt lat="-6.8786990" lon="109.0888780">
    <ele>5.7</ele>
    <time>2025-04-05T00:08:09Z</time>
   </trkpt>
   <trkpt lat="-6.8786920" lon="109.0889170">
    <ele>5.7</ele>
    <time>2025-04-05T00:08:10Z</time>
   </trkpt>
   <trkpt lat="-6.8786860" lon="109.0889510">
    <ele>5.7</ele>
    <time>2025-04-05T00:08:11Z</time>
   </trkpt>
   <trkpt lat="-6.8786810" lon="109.0889850">
    <ele>5.7</ele>
    <time>2025-04-05T00:08:12Z</time>
   </trkpt>
   <trkpt lat="-6.8786790" lon="109.0890190">
    <ele>5.7</ele>
    <time>2025-04-05T00:08:13Z</time>
   </trkpt>
   <trkpt lat="-6.8786760" lon="109.0890520">
    <ele>5.7</ele>
    <time>2025-04-05T00:08:14Z</time>
   </trkpt>
   <trkpt lat="-6.8786700" lon="109.0890830">
    <ele>5.7</ele>
    <time>2025-04-05T00:08:15Z</time>
   </trkpt>
   <trkpt lat="-6.8786650" lon="109.0891130">
    <ele>5.7</ele>
    <time>2025-04-05T00:08:16Z</time>
   </trkpt>
   <trkpt lat="-6.8786630" lon="109.0891450">
    <ele>5.8</ele>
    <time>2025-04-05T00:08:17Z</time>
   </trkpt>
   <trkpt lat="-6.8786610" lon="109.0891890">
    <ele>5.8</ele>
    <time>2025-04-05T00:08:18Z</time>
   </trkpt>
   <trkpt lat="-6.8786590" lon="109.0892250">
    <ele>5.8</ele>
    <time>2025-04-05T00:08:19Z</time>
   </trkpt>
   <trkpt lat="-6.8786610" lon="109.0892550">
    <ele>5.8</ele>
    <time>2025-04-05T00:08:20Z</time>
   </trkpt>
   <trkpt lat="-6.8786630" lon="109.0892890">
    <ele>5.8</ele>
    <time>2025-04-05T00:08:21Z</time>
   </trkpt>
   <trkpt lat="-6.8786650" lon="109.0893250">
    <ele>5.8</ele>
    <time>2025-04-05T00:08:22Z</time>
   </trkpt>
   <trkpt lat="-6.8786640" lon="109.0893630">
    <ele>5.8</ele>
    <time>2025-04-05T00:08:23Z</time>
   </trkpt>
   <trkpt lat="-6.8786620" lon="109.0893960">
    <ele>5.8</ele>
    <time>2025-04-05T00:08:24Z</time>
   </trkpt>
   <trkpt lat="-6.8786560" lon="109.0894310">
    <ele>5.9</ele>
    <time>2025-04-05T00:08:25Z</time>
   </trkpt>
   <trkpt lat="-6.8786490" lon="109.0894630">
    <ele>5.9</ele>
    <time>2025-04-05T00:08:26Z</time>
   </trkpt>
   <trkpt lat="-6.8786420" lon="109.0895000">
    <ele>5.9</ele>
    <time>2025-04-05T00:08:27Z</time>
   </trkpt>
   <trkpt lat="-6.8786330" lon="109.0895320">
    <ele>5.9</ele>
    <time>2025-04-05T00:08:28Z</time>
   </trkpt>
   <trkpt lat="-6.8786270" lon="109.0895650">
    <ele>5.9</ele>
    <time>2025-04-05T00:08:29Z</time>
   </trkpt>
   <trkpt lat="-6.8786220" lon="109.0895990">
    <ele>5.9</ele>
    <time>2025-04-05T00:08:30Z</time>
   </trkpt>
   <trkpt lat="-6.8786200" lon="109.0896310">
    <ele>5.9</ele>
    <time>2025-04-05T00:08:31Z</time>
   </trkpt>
   <trkpt lat="-6.8786120" lon="109.0896690">
    <ele>5.9</ele>
    <time>2025-04-05T00:08:32Z</time>
   </trkpt>
   <trkpt lat="-6.8786060" lon="109.0897040">
    <ele>6.0</ele>
    <time>2025-04-05T00:08:33Z</time>
   </trkpt>
   <trkpt lat="-6.8785980" lon="109.0897340">
    <ele>6.0</ele>
    <time>2025-04-05T00:08:34Z</time>
   </trkpt>
   <trkpt lat="-6.8785910" lon="109.0897660">
    <ele>6.0</ele>
    <time>2025-04-05T00:08:35Z</time>
   </trkpt>
   <trkpt lat="-6.8785840" lon="109.0898020">
    <ele>6.0</ele>
    <time>2025-04-05T00:08:36Z</time>
   </trkpt>
   <trkpt lat="-6.8785800" lon="109.0898320">
    <ele>5.9</ele>
    <time>2025-04-05T00:08:37Z</time>
   </trkpt>
   <trkpt lat="-6.8785760" lon="109.0898630">
    <ele>5.9</ele>
    <time>2025-04-05T00:08:38Z</time>
   </trkpt>
   <trkpt lat="-6.8785760" lon="109.0898940">
    <ele>5.9</ele>
    <time>2025-04-05T00:08:39Z</time>
   </trkpt>
   <trkpt lat="-6.8785760" lon="109.0899260">
    <ele>5.9</ele>
    <time>2025-04-05T00:08:40Z</time>
   </trkpt>
   <trkpt lat="-6.8785730" lon="109.0899570">
    <ele>5.9</ele>
    <time>2025-04-05T00:08:41Z</time>
   </trkpt>
   <trkpt lat="-6.8785690" lon="109.0899880">
    <ele>5.9</ele>
    <time>2025-04-05T00:08:42Z</time>
   </trkpt>
   <trkpt lat="-6.8785650" lon="109.0900160">
    <ele>5.9</ele>
    <time>2025-04-05T00:08:43Z</time>
   </trkpt>
   <trkpt lat="-6.8785600" lon="109.0900500">
    <ele>5.9</ele>
    <time>2025-04-05T00:08:44Z</time>
   </trkpt>
   <trkpt lat="-6.8785520" lon="109.0900840">
    <ele>5.9</ele>
    <time>2025-04-05T00:08:45Z</time>
   </trkpt>
   <trkpt lat="-6.8785460" lon="109.0901150">
    <ele>6.0</ele>
    <time>2025-04-05T00:08:46Z</time>
   </trkpt>
   <trkpt lat="-6.8785400" lon="109.0901500">
    <ele>6.0</ele>
    <time>2025-04-05T00:08:47Z</time>
   </trkpt>
   <trkpt lat="-6.8785370" lon="109.0901840">
    <ele>6.0</ele>
    <time>2025-04-05T00:08:48Z</time>
   </trkpt>
   <trkpt lat="-6.8785380" lon="109.0902130">
    <ele>6.0</ele>
    <time>2025-04-05T00:08:49Z</time>
   </trkpt>
   <trkpt lat="-6.8785430" lon="109.0902440">
    <ele>6.0</ele>
    <time>2025-04-05T00:08:50Z</time>
   </trkpt>
   <trkpt lat="-6.8785470" lon="109.0902780">
    <ele>6.0</ele>
    <time>2025-04-05T00:08:51Z</time>
   </trkpt>
   <trkpt lat="-6.8785510" lon="109.0903170">
    <ele>6.0</ele>
    <time>2025-04-05T00:08:52Z</time>
   </trkpt>
   <trkpt lat="-6.8785520" lon="109.0903560">
    <ele>6.1</ele>
    <time>2025-04-05T00:08:53Z</time>
   </trkpt>
   <trkpt lat="-6.8785470" lon="109.0903990">
    <ele>6.1</ele>
    <time>2025-04-05T00:08:54Z</time>
   </trkpt>
   <trkpt lat="-6.8785340" lon="109.0904420">
    <ele>6.1</ele>
    <time>2025-04-05T00:08:55Z</time>
   </trkpt>
   <trkpt lat="-6.8785170" lon="109.0904820">
    <ele>6.1</ele>
    <time>2025-04-05T00:08:56Z</time>
   </trkpt>
   <trkpt lat="-6.8785080" lon="109.0905180">
    <ele>6.1</ele>
    <time>2025-04-05T00:08:57Z</time>
   </trkpt>
   <trkpt lat="-6.8785050" lon="109.0905490">
    <ele>6.1</ele>
    <time>2025-04-05T00:08:58Z</time>
   </trkpt>
   <trkpt lat="-6.8784990" lon="109.0905850">
    <ele>6.1</ele>
    <time>2025-04-05T00:08:59Z</time>
   </trkpt>
   <trkpt lat="-6.8784960" lon="109.0905950">
    <ele>6.1</ele>
    <time>2025-04-05T00:09:00Z</time>
   </trkpt>
   <trkpt lat="-6.8784870" lon="109.0906260">
    <ele>6.1</ele>
    <time>2025-04-05T00:09:01Z</time>
   </trkpt>
   <trkpt lat="-6.8784850" lon="109.0906360">
    <ele>6.1</ele>
    <time>2025-04-05T00:09:02Z</time>
   </trkpt>
   <trkpt lat="-6.8784850" lon="109.0906710">
    <ele>6.1</ele>
    <time>2025-04-05T00:09:03Z</time>
   </trkpt>
   <trkpt lat="-6.8784840" lon="109.0906840">
    <ele>6.1</ele>
    <time>2025-04-05T00:09:04Z</time>
   </trkpt>
   <trkpt lat="-6.8784820" lon="109.0907110">
    <ele>6.1</ele>
    <time>2025-04-05T00:09:05Z</time>
   </trkpt>
   <trkpt lat="-6.8784790" lon="109.0907400">
    <ele>6.1</ele>
    <time>2025-04-05T00:09:06Z</time>
   </trkpt>
   <trkpt lat="-6.8784650" lon="109.0907830">
    <ele>6.1</ele>
    <time>2025-04-05T00:09:07Z</time>
   </trkpt>
   <trkpt lat="-6.8784500" lon="109.0908250">
    <ele>6.1</ele>
    <time>2025-04-05T00:09:08Z</time>
   </trkpt>
   <trkpt lat="-6.8784390" lon="109.0908590">
    <ele>6.0</ele>
    <time>2025-04-05T00:09:09Z</time>
   </trkpt>
   <trkpt lat="-6.8784330" lon="109.0908900">
    <ele>6.0</ele>
    <time>2025-04-05T00:09:10Z</time>
   </trkpt>
   <trkpt lat="-6.8784270" lon="109.0909210">
    <ele>6.0</ele>
    <time>2025-04-05T00:09:11Z</time>
   </trkpt>
   <trkpt lat="-6.8784230" lon="109.0909560">
    <ele>6.0</ele>
    <time>2025-04-05T00:09:12Z</time>
   </trkpt>
   <trkpt lat="-6.8784170" lon="109.0909900">
    <ele>6.0</ele>
    <time>2025-04-05T00:09:13Z</time>
   </trkpt>
   <trkpt lat="-6.8784110" lon="109.0910230">
    <ele>6.0</ele>
    <time>2025-04-05T00:09:14Z</time>
   </trkpt>
   <trkpt lat="-6.8784060" lon="109.0910550">
    <ele>6.0</ele>
    <time>2025-04-05T00:09:15Z</time>
   </trkpt>
   <trkpt lat="-6.8784030" lon="109.0910840">
    <ele>6.0</ele>
    <time>2025-04-05T00:09:16Z</time>
   </trkpt>
   <trkpt lat="-6.8784010" lon="109.0911130">
    <ele>6.0</ele>
    <time>2025-04-05T00:09:17Z</time>
   </trkpt>
   <trkpt lat="-6.8783970" lon="109.0911430">
    <ele>6.0</ele>
    <time>2025-04-05T00:09:18Z</time>
   </trkpt>
   <trkpt lat="-6.8783910" lon="109.0911750">
    <ele>6.1</ele>
    <time>2025-04-05T00:09:19Z</time>
   </trkpt>
   <trkpt lat="-6.8783850" lon="109.0912100">
    <ele>6.1</ele>
    <time>2025-04-05T00:09:20Z</time>
   </trkpt>
   <trkpt lat="-6.8783790" lon="109.0912450">
    <ele>6.1</ele>
    <time>2025-04-05T00:09:21Z</time>
   </trkpt>
   <trkpt lat="-6.8783750" lon="109.0912780">
    <ele>6.1</ele>
    <time>2025-04-05T00:09:22Z</time>
   </trkpt>
   <trkpt lat="-6.8783650" lon="109.0913450">
    <ele>6.1</ele>
    <time>2025-04-05T00:09:24Z</time>
   </trkpt>
   <trkpt lat="-6.8783570" lon="109.0913790">
    <ele>6.1</ele>
    <time>2025-04-05T00:09:25Z</time>
   </trkpt>
   <trkpt lat="-6.8783530" lon="109.0914140">
    <ele>6.1</ele>
    <time>2025-04-05T00:09:26Z</time>
   </trkpt>
   <trkpt lat="-6.8783510" lon="109.0914520">
    <ele>6.1</ele>
    <time>2025-04-05T00:09:27Z</time>
   </trkpt>
   <trkpt lat="-6.8783470" lon="109.0914890">
    <ele>6.1</ele>
    <time>2025-04-05T00:09:28Z</time>
   </trkpt>
   <trkpt lat="-6.8783420" lon="109.0915280">
    <ele>6.1</ele>
    <time>2025-04-05T00:09:29Z</time>
   </trkpt>
   <trkpt lat="-6.8783370" lon="109.0915640">
    <ele>6.1</ele>
    <time>2025-04-05T00:09:30Z</time>
   </trkpt>
   <trkpt lat="-6.8783360" lon="109.0915980">
    <ele>6.1</ele>
    <time>2025-04-05T00:09:31Z</time>
   </trkpt>
   <trkpt lat="-6.8783370" lon="109.0916310">
    <ele>6.1</ele>
    <time>2025-04-05T00:09:32Z</time>
   </trkpt>
   <trkpt lat="-6.8783410" lon="109.0916650">
    <ele>6.1</ele>
    <time>2025-04-05T00:09:33Z</time>
   </trkpt>
   <trkpt lat="-6.8783390" lon="109.0917000">
    <ele>6.1</ele>
    <time>2025-04-05T00:09:34Z</time>
   </trkpt>
   <trkpt lat="-6.8783360" lon="109.0917390">
    <ele>6.1</ele>
    <time>2025-04-05T00:09:35Z</time>
   </trkpt>
   <trkpt lat="-6.8783330" lon="109.0917760">
    <ele>6.1</ele>
    <time>2025-04-05T00:09:36Z</time>
   </trkpt>
   <trkpt lat="-6.8783280" lon="109.0918100">
    <ele>6.1</ele>
    <time>2025-04-05T00:09:37Z</time>
   </trkpt>
   <trkpt lat="-6.8783240" lon="109.0918430">
    <ele>6.1</ele>
    <time>2025-04-05T00:09:38Z</time>
   </trkpt>
   <trkpt lat="-6.8783150" lon="109.0918840">
    <ele>6.1</ele>
    <time>2025-04-05T00:09:39Z</time>
   </trkpt>
   <trkpt lat="-6.8783070" lon="109.0919180">
    <ele>6.2</ele>
    <time>2025-04-05T00:09:40Z</time>
   </trkpt>
   <trkpt lat="-6.8783010" lon="109.0919490">
    <ele>6.2</ele>
    <time>2025-04-05T00:09:41Z</time>
   </trkpt>
   <trkpt lat="-6.8782940" lon="109.0919790">
    <ele>6.2</ele>
    <time>2025-04-05T00:09:42Z</time>
   </trkpt>
   <trkpt lat="-6.8782900" lon="109.0920070">
    <ele>6.2</ele>
    <time>2025-04-05T00:09:43Z</time>
   </trkpt>
   <trkpt lat="-6.8782890" lon="109.0920380">
    <ele>6.2</ele>
    <time>2025-04-05T00:09:44Z</time>
   </trkpt>
   <trkpt lat="-6.8782880" lon="109.0920730">
    <ele>6.2</ele>
    <time>2025-04-05T00:09:45Z</time>
   </trkpt>
   <trkpt lat="-6.8782850" lon="109.0921090">
    <ele>6.2</ele>
    <time>2025-04-05T00:09:46Z</time>
   </trkpt>
   <trkpt lat="-6.8782770" lon="109.0921460">
    <ele>6.2</ele>
    <time>2025-04-05T00:09:47Z</time>
   </trkpt>
   <trkpt lat="-6.8782710" lon="109.0921790">
    <ele>6.2</ele>
    <time>2025-04-05T00:09:48Z</time>
   </trkpt>
   <trkpt lat="-6.8782660" lon="109.0922090">
    <ele>6.2</ele>
    <time>2025-04-05T00:09:49Z</time>
   </trkpt>
   <trkpt lat="-6.8782600" lon="109.0922490">
    <ele>6.2</ele>
    <time>2025-04-05T00:09:50Z</time>
   </trkpt>
   <trkpt lat="-6.8782550" lon="109.0922850">
    <ele>6.2</ele>
    <time>2025-04-05T00:09:51Z</time>
   </trkpt>
   <trkpt lat="-6.8782450" lon="109.0923220">
    <ele>6.2</ele>
    <time>2025-04-05T00:09:52Z</time>
   </trkpt>
   <trkpt lat="-6.8782360" lon="109.0923560">
    <ele>6.2</ele>
    <time>2025-04-05T00:09:53Z</time>
   </trkpt>
   <trkpt lat="-6.8782290" lon="109.0923910">
    <ele>6.2</ele>
    <time>2025-04-05T00:09:54Z</time>
   </trkpt>
   <trkpt lat="-6.8782280" lon="109.0924220">
    <ele>6.2</ele>
    <time>2025-04-05T00:09:55Z</time>
   </trkpt>
   <trkpt lat="-6.8782280" lon="109.0924540">
    <ele>6.2</ele>
    <time>2025-04-05T00:09:56Z</time>
   </trkpt>
   <trkpt lat="-6.8782270" lon="109.0924880">
    <ele>6.2</ele>
    <time>2025-04-05T00:09:57Z</time>
   </trkpt>
   <trkpt lat="-6.8782250" lon="109.0925190">
    <ele>6.2</ele>
    <time>2025-04-05T00:09:58Z</time>
   </trkpt>
   <trkpt lat="-6.8782240" lon="109.0925510">
    <ele>6.2</ele>
    <time>2025-04-05T00:09:59Z</time>
   </trkpt>
   <trkpt lat="-6.8782230" lon="109.0925880">
    <ele>6.2</ele>
    <time>2025-04-05T00:10:00Z</time>
   </trkpt>
   <trkpt lat="-6.8782190" lon="109.0926260">
    <ele>6.2</ele>
    <time>2025-04-05T00:10:01Z</time>
   </trkpt>
   <trkpt lat="-6.8782100" lon="109.0926640">
    <ele>6.2</ele>
    <time>2025-04-05T00:10:02Z</time>
   </trkpt>
   <trkpt lat="-6.8782020" lon="109.0927010">
    <ele>6.2</ele>
    <time>2025-04-05T00:10:03Z</time>
   </trkpt>
   <trkpt lat="-6.8781950" lon="109.0927380">
    <ele>6.2</ele>
    <time>2025-04-05T00:10:04Z</time>
   </trkpt>
   <trkpt lat="-6.8781860" lon="109.0927760">
    <ele>6.3</ele>
    <time>2025-04-05T00:10:05Z</time>
   </trkpt>
   <trkpt lat="-6.8781800" lon="109.0928110">
    <ele>6.3</ele>
    <time>2025-04-05T00:10:06Z</time>
   </trkpt>
   <trkpt lat="-6.8781750" lon="109.0928450">
    <ele>6.3</ele>
    <time>2025-04-05T00:10:07Z</time>
   </trkpt>
   <trkpt lat="-6.8781670" lon="109.0928810">
    <ele>6.3</ele>
    <time>2025-04-05T00:10:08Z</time>
   </trkpt>
   <trkpt lat="-6.8781630" lon="109.0929150">
    <ele>6.3</ele>
    <time>2025-04-05T00:10:09Z</time>
   </trkpt>
   <trkpt lat="-6.8781610" lon="109.0929490">
    <ele>6.3</ele>
    <time>2025-04-05T00:10:10Z</time>
   </trkpt>
   <trkpt lat="-6.8781570" lon="109.0929900">
    <ele>6.3</ele>
    <time>2025-04-05T00:10:11Z</time>
   </trkpt>
   <trkpt lat="-6.8781520" lon="109.0930300">
    <ele>6.3</ele>
    <time>2025-04-05T00:10:12Z</time>
   </trkpt>
   <trkpt lat="-6.8781430" lon="109.0930720">
    <ele>6.3</ele>
    <time>2025-04-05T00:10:13Z</time>
   </trkpt>
   <trkpt lat="-6.8781310" lon="109.0931140">
    <ele>6.3</ele>
    <time>2025-04-05T00:10:14Z</time>
   </trkpt>
   <trkpt lat="-6.8781200" lon="109.0931530">
    <ele>6.3</ele>
    <time>2025-04-05T00:10:15Z</time>
   </trkpt>
   <trkpt lat="-6.8781110" lon="109.0931890">
    <ele>6.3</ele>
    <time>2025-04-05T00:10:16Z</time>
   </trkpt>
   <trkpt lat="-6.8781050" lon="109.0932240">
    <ele>6.3</ele>
    <time>2025-04-05T00:10:17Z</time>
   </trkpt>
   <trkpt lat="-6.8780970" lon="109.0932560">
    <ele>6.3</ele>
    <time>2025-04-05T00:10:18Z</time>
   </trkpt>
   <trkpt lat="-6.8780920" lon="109.0932870">
    <ele>6.3</ele>
    <time>2025-04-05T00:10:19Z</time>
   </trkpt>
   <trkpt lat="-6.8780900" lon="109.0933180">
    <ele>6.3</ele>
    <time>2025-04-05T00:10:20Z</time>
   </trkpt>
   <trkpt lat="-6.8780870" lon="109.0933550">
    <ele>6.3</ele>
    <time>2025-04-05T00:10:21Z</time>
   </trkpt>
   <trkpt lat="-6.8780810" lon="109.0933950">
    <ele>6.3</ele>
    <time>2025-04-05T00:10:22Z</time>
   </trkpt>
   <trkpt lat="-6.8780750" lon="109.0934330">
    <ele>6.3</ele>
    <time>2025-04-05T00:10:23Z</time>
   </trkpt>
   <trkpt lat="-6.8780680" lon="109.0934680">
    <ele>6.3</ele>
    <time>2025-04-05T00:10:24Z</time>
   </trkpt>
   <trkpt lat="-6.8780600" lon="109.0935040">
    <ele>6.3</ele>
    <time>2025-04-05T00:10:25Z</time>
   </trkpt>
   <trkpt lat="-6.8780550" lon="109.0935410">
    <ele>6.3</ele>
    <time>2025-04-05T00:10:26Z</time>
   </trkpt>
   <trkpt lat="-6.8780520" lon="109.0935750">
    <ele>6.3</ele>
    <time>2025-04-05T00:10:27Z</time>
   </trkpt>
   <trkpt lat="-6.8780460" lon="109.0936120">
    <ele>6.3</ele>
    <time>2025-04-05T00:10:28Z</time>
   </trkpt>
   <trkpt lat="-6.8780400" lon="109.0936510">
    <ele>6.3</ele>
    <time>2025-04-05T00:10:29Z</time>
   </trkpt>
   <trkpt lat="-6.8780310" lon="109.0936890">
    <ele>6.3</ele>
    <time>2025-04-05T00:10:30Z</time>
   </trkpt>
   <trkpt lat="-6.8780220" lon="109.0937260">
    <ele>6.3</ele>
    <time>2025-04-05T00:10:31Z</time>
   </trkpt>
   <trkpt lat="-6.8780110" lon="109.0937650">
    <ele>6.3</ele>
    <time>2025-04-05T00:10:32Z</time>
   </trkpt>
   <trkpt lat="-6.8780050" lon="109.0938020">
    <ele>6.3</ele>
    <time>2025-04-05T00:10:33Z</time>
   </trkpt>
   <trkpt lat="-6.8780000" lon="109.0938350">
    <ele>6.4</ele>
    <time>2025-04-05T00:10:34Z</time>
   </trkpt>
   <trkpt lat="-6.8779950" lon="109.0938650">
    <ele>6.4</ele>
    <time>2025-04-05T00:10:35Z</time>
   </trkpt>
   <trkpt lat="-6.8779860" lon="109.0938990">
    <ele>6.4</ele>
    <time>2025-04-05T00:10:36Z</time>
   </trkpt>
   <trkpt lat="-6.8779770" lon="109.0939340">
    <ele>6.4</ele>
    <time>2025-04-05T00:10:37Z</time>
   </trkpt>
   <trkpt lat="-6.8779690" lon="109.0939720">
    <ele>6.4</ele>
    <time>2025-04-05T00:10:38Z</time>
   </trkpt>
   <trkpt lat="-6.8779600" lon="109.0940070">
    <ele>6.4</ele>
    <time>2025-04-05T00:10:39Z</time>
   </trkpt>
   <trkpt lat="-6.8779540" lon="109.0940390">
    <ele>6.4</ele>
    <time>2025-04-05T00:10:40Z</time>
   </trkpt>
   <trkpt lat="-6.8779490" lon="109.0940730">
    <ele>6.3</ele>
    <time>2025-04-05T00:10:41Z</time>
   </trkpt>
   <trkpt lat="-6.8779440" lon="109.0941110">
    <ele>6.3</ele>
    <time>2025-04-05T00:10:42Z</time>
   </trkpt>
   <trkpt lat="-6.8779360" lon="109.0941490">
    <ele>6.3</ele>
    <time>2025-04-05T00:10:43Z</time>
   </trkpt>
   <trkpt lat="-6.8779340" lon="109.0941810">
    <ele>6.3</ele>
    <time>2025-04-05T00:10:44Z</time>
   </trkpt>
   <trkpt lat="-6.8779290" lon="109.0942130">
    <ele>6.3</ele>
    <time>2025-04-05T00:10:45Z</time>
   </trkpt>
   <trkpt lat="-6.8779250" lon="109.0942450">
    <ele>6.3</ele>
    <time>2025-04-05T00:10:46Z</time>
   </trkpt>
   <trkpt lat="-6.8779190" lon="109.0942760">
    <ele>6.3</ele>
    <time>2025-04-05T00:10:47Z</time>
   </trkpt>
   <trkpt lat="-6.8779090" lon="109.0943160">
    <ele>6.3</ele>
    <time>2025-04-05T00:10:48Z</time>
   </trkpt>
   <trkpt lat="-6.8779030" lon="109.0943490">
    <ele>6.3</ele>
    <time>2025-04-05T00:10:49Z</time>
   </trkpt>
   <trkpt lat="-6.8778950" lon="109.0943850">
    <ele>6.3</ele>
    <time>2025-04-05T00:10:50Z</time>
   </trkpt>
   <trkpt lat="-6.8778850" lon="109.0944230">
    <ele>6.3</ele>
    <time>2025-04-05T00:10:51Z</time>
   </trkpt>
   <trkpt lat="-6.8778760" lon="109.0944640">
    <ele>6.3</ele>
    <time>2025-04-05T00:10:52Z</time>
   </trkpt>
   <trkpt lat="-6.8778690" lon="109.0945020">
    <ele>6.2</ele>
    <time>2025-04-05T00:10:53Z</time>
   </trkpt>
   <trkpt lat="-6.8778590" lon="109.0945410">
    <ele>6.2</ele>
    <time>2025-04-05T00:10:54Z</time>
   </trkpt>
   <trkpt lat="-6.8778530" lon="109.0945820">
    <ele>6.2</ele>
    <time>2025-04-05T00:10:55Z</time>
   </trkpt>
   <trkpt lat="-6.8778480" lon="109.0946240">
    <ele>6.2</ele>
    <time>2025-04-05T00:10:56Z</time>
   </trkpt>
   <trkpt lat="-6.8778430" lon="109.0946660">
    <ele>6.2</ele>
    <time>2025-04-05T00:10:57Z</time>
   </trkpt>
   <trkpt lat="-6.8778400" lon="109.0947040">
    <ele>6.2</ele>
    <time>2025-04-05T00:10:58Z</time>
   </trkpt>
   <trkpt lat="-6.8778350" lon="109.0947400">
    <ele>6.2</ele>
    <time>2025-04-05T00:10:59Z</time>
   </trkpt>
   <trkpt lat="-6.8778300" lon="109.0947760">
    <ele>6.2</ele>
    <time>2025-04-05T00:11:00Z</time>
   </trkpt>
   <trkpt lat="-6.8778230" lon="109.0948150">
    <ele>6.2</ele>
    <time>2025-04-05T00:11:01Z</time>
   </trkpt>
   <trkpt lat="-6.8778140" lon="109.0948500">
    <ele>6.2</ele>
    <time>2025-04-05T00:11:02Z</time>
   </trkpt>
   <trkpt lat="-6.8778050" lon="109.0948870">
    <ele>6.2</ele>
    <time>2025-04-05T00:11:03Z</time>
   </trkpt>
   <trkpt lat="-6.8777940" lon="109.0949280">
    <ele>6.2</ele>
    <time>2025-04-05T00:11:04Z</time>
   </trkpt>
   <trkpt lat="-6.8777840" lon="109.0949700">
    <ele>6.2</ele>
    <time>2025-04-05T00:11:05Z</time>
   </trkpt>
   <trkpt lat="-6.8777750" lon="109.0950100">
    <ele>6.2</ele>
    <time>2025-04-05T00:11:06Z</time>
   </trkpt>
   <trkpt lat="-6.8777680" lon="109.0950510">
    <ele>6.2</ele>
    <time>2025-04-05T00:11:07Z</time>
   </trkpt>
   <trkpt lat="-6.8777600" lon="109.0950930">
    <ele>6.2</ele>
    <time>2025-04-05T00:11:08Z</time>
   </trkpt>
   <trkpt lat="-6.8777540" lon="109.0951280">
    <ele>6.2</ele>
    <time>2025-04-05T00:11:09Z</time>
   </trkpt>
   <trkpt lat="-6.8777490" lon="109.0951710">
    <ele>6.1</ele>
    <time>2025-04-05T00:11:10Z</time>
   </trkpt>
   <trkpt lat="-6.8777420" lon="109.0952190">
    <ele>6.1</ele>
    <time>2025-04-05T00:11:11Z</time>
   </trkpt>
   <trkpt lat="-6.8777260" lon="109.0952630">
    <ele>6.1</ele>
    <time>2025-04-05T00:11:12Z</time>
   </trkpt>
   <trkpt lat="-6.8777120" lon="109.0953010">
    <ele>6.1</ele>
    <time>2025-04-05T00:11:13Z</time>
   </trkpt>
   <trkpt lat="-6.8777030" lon="109.0953340">
    <ele>6.0</ele>
    <time>2025-04-05T00:11:14Z</time>
   </trkpt>
   <trkpt lat="-6.8776940" lon="109.0953660">
    <ele>6.0</ele>
    <time>2025-04-05T00:11:15Z</time>
   </trkpt>
   <trkpt lat="-6.8776860" lon="109.0954030">
    <ele>6.0</ele>
    <time>2025-04-05T00:11:16Z</time>
   </trkpt>
   <trkpt lat="-6.8776810" lon="109.0954420">
    <ele>6.0</ele>
    <time>2025-04-05T00:11:17Z</time>
   </trkpt>
   <trkpt lat="-6.8776740" lon="109.0954810">
    <ele>6.0</ele>
    <time>2025-04-05T00:11:18Z</time>
   </trkpt>
   <trkpt lat="-6.8776670" lon="109.0955240">
    <ele>6.0</ele>
    <time>2025-04-05T00:11:19Z</time>
   </trkpt>
   <trkpt lat="-6.8776600" lon="109.0955670">
    <ele>6.0</ele>
    <time>2025-04-05T00:11:20Z</time>
   </trkpt>
   <trkpt lat="-6.8776550" lon="109.0956120">
    <ele>6.0</ele>
    <time>2025-04-05T00:11:21Z</time>
   </trkpt>
   <trkpt lat="-6.8776510" lon="109.0956540">
    <ele>6.0</ele>
    <time>2025-04-05T00:11:22Z</time>
   </trkpt>
   <trkpt lat="-6.8776450" lon="109.0956940">
    <ele>6.1</ele>
    <time>2025-04-05T00:11:23Z</time>
   </trkpt>
   <trkpt lat="-6.8776390" lon="109.0957340">
    <ele>6.1</ele>
    <time>2025-04-05T00:11:24Z</time>
   </trkpt>
   <trkpt lat="-6.8776350" lon="109.0957750">
    <ele>6.1</ele>
    <time>2025-04-05T00:11:25Z</time>
   </trkpt>
   <trkpt lat="-6.8776310" lon="109.0958170">
    <ele>6.1</ele>
    <time>2025-04-05T00:11:26Z</time>
   </trkpt>
   <trkpt lat="-6.8776250" lon="109.0958580">
    <ele>6.1</ele>
    <time>2025-04-05T00:11:27Z</time>
   </trkpt>
   <trkpt lat="-6.8776170" lon="109.0958970">
    <ele>6.1</ele>
    <time>2025-04-05T00:11:28Z</time>
   </trkpt>
   <trkpt lat="-6.8776100" lon="109.0959340">
    <ele>6.2</ele>
    <time>2025-04-05T00:11:29Z</time>
   </trkpt>
   <trkpt lat="-6.8776070" lon="109.0959660">
    <ele>6.2</ele>
    <time>2025-04-05T00:11:30Z</time>
   </trkpt>
   <trkpt lat="-6.8776010" lon="109.0960010">
    <ele>6.2</ele>
    <time>2025-04-05T00:11:31Z</time>
   </trkpt>
   <trkpt lat="-6.8775930" lon="109.0960300">
    <ele>6.2</ele>
    <time>2025-04-05T00:11:32Z</time>
   </trkpt>
   <trkpt lat="-6.8775880" lon="109.0960610">
    <ele>6.2</ele>
    <time>2025-04-05T00:11:33Z</time>
   </trkpt>
   <trkpt lat="-6.8775850" lon="109.0960980">
    <ele>6.2</ele>
    <time>2025-04-05T00:11:34Z</time>
   </trkpt>
   <trkpt lat="-6.8775730" lon="109.0961540">
    <ele>6.2</ele>
    <time>2025-04-05T00:11:35Z</time>
   </trkpt>
   <trkpt lat="-6.8775650" lon="109.0962030">
    <ele>6.3</ele>
    <time>2025-04-05T00:11:36Z</time>
   </trkpt>
   <trkpt lat="-6.8775570" lon="109.0962430">
    <ele>6.3</ele>
    <time>2025-04-05T00:11:37Z</time>
   </trkpt>
   <trkpt lat="-6.8775470" lon="109.0962810">
    <ele>6.3</ele>
    <time>2025-04-05T00:11:38Z</time>
   </trkpt>
   <trkpt lat="-6.8775400" lon="109.0963120">
    <ele>6.3</ele>
    <time>2025-04-05T00:11:39Z</time>
   </trkpt>
   <trkpt lat="-6.8775320" lon="109.0963420">
    <ele>6.3</ele>
    <time>2025-04-05T00:11:40Z</time>
   </trkpt>
   <trkpt lat="-6.8775290" lon="109.0963720">
    <ele>6.3</ele>
    <time>2025-04-05T00:11:41Z</time>
   </trkpt>
   <trkpt lat="-6.8775270" lon="109.0964060">
    <ele>6.3</ele>
    <time>2025-04-05T00:11:42Z</time>
   </trkpt>
   <trkpt lat="-6.8775250" lon="109.0964400">
    <ele>6.3</ele>
    <time>2025-04-05T00:11:43Z</time>
   </trkpt>
   <trkpt lat="-6.8775210" lon="109.0964750">
    <ele>6.3</ele>
    <time>2025-04-05T00:11:44Z</time>
   </trkpt>
   <trkpt lat="-6.8775200" lon="109.0965090">
    <ele>6.3</ele>
    <time>2025-04-05T00:11:45Z</time>
   </trkpt>
   <trkpt lat="-6.8775160" lon="109.0965450">
    <ele>6.3</ele>
    <time>2025-04-05T00:11:46Z</time>
   </trkpt>
   <trkpt lat="-6.8775050" lon="109.0965880">
    <ele>6.4</ele>
    <time>2025-04-05T00:11:47Z</time>
   </trkpt>
   <trkpt lat="-6.8774930" lon="109.0966310">
    <ele>6.4</ele>
    <time>2025-04-05T00:11:48Z</time>
   </trkpt>
   <trkpt lat="-6.8774770" lon="109.0966770">
    <ele>6.4</ele>
    <time>2025-04-05T00:11:49Z</time>
   </trkpt>
   <trkpt lat="-6.8774630" lon="109.0967140">
    <ele>6.4</ele>
    <time>2025-04-05T00:11:50Z</time>
   </trkpt>
   <trkpt lat="-6.8774490" lon="109.0967500">
    <ele>6.4</ele>
    <time>2025-04-05T00:11:51Z</time>
   </trkpt>
   <trkpt lat="-6.8774350" lon="109.0967860">
    <ele>6.3</ele>
    <time>2025-04-05T00:11:52Z</time>
   </trkpt>
   <trkpt lat="-6.8774240" lon="109.0968210">
    <ele>6.3</ele>
    <time>2025-04-05T00:11:53Z</time>
   </trkpt>
   <trkpt lat="-6.8774160" lon="109.0968570">
    <ele>6.3</ele>
    <time>2025-04-05T00:11:54Z</time>
   </trkpt>
   <trkpt lat="-6.8774080" lon="109.0968940">
    <ele>6.3</ele>
    <time>2025-04-05T00:11:55Z</time>
   </trkpt>
   <trkpt lat="-6.8774030" lon="109.0969360">
    <ele>6.3</ele>
    <time>2025-04-05T00:11:56Z</time>
   </trkpt>
   <trkpt lat="-6.8773970" lon="109.0969770">
    <ele>6.3</ele>
    <time>2025-04-05T00:11:57Z</time>
   </trkpt>
   <trkpt lat="-6.8773890" lon="109.0970130">
    <ele>6.3</ele>
    <time>2025-04-05T00:11:58Z</time>
   </trkpt>
   <trkpt lat="-6.8773830" lon="109.0970500">
    <ele>6.3</ele>
    <time>2025-04-05T00:11:59Z</time>
   </trkpt>
   <trkpt lat="-6.8773780" lon="109.0970900">
    <ele>6.3</ele>
    <time>2025-04-05T00:12:00Z</time>
   </trkpt>
   <trkpt lat="-6.8773740" lon="109.0971290">
    <ele>6.3</ele>
    <time>2025-04-05T00:12:01Z</time>
   </trkpt>
   <trkpt lat="-6.8773720" lon="109.0971680">
    <ele>6.3</ele>
    <time>2025-04-05T00:12:02Z</time>
   </trkpt>
   <trkpt lat="-6.8773690" lon="109.0972070">
    <ele>6.3</ele>
    <time>2025-04-05T00:12:03Z</time>
   </trkpt>
   <trkpt lat="-6.8773660" lon="109.0972460">
    <ele>6.3</ele>
    <time>2025-04-05T00:12:04Z</time>
   </trkpt>
   <trkpt lat="-6.8773620" lon="109.0972870">
    <ele>6.3</ele>
    <time>2025-04-05T00:12:05Z</time>
   </trkpt>
   <trkpt lat="-6.8773580" lon="109.0973280">
    <ele>6.3</ele>
    <time>2025-04-05T00:12:06Z</time>
   </trkpt>
   <trkpt lat="-6.8773590" lon="109.0973680">
    <ele>6.3</ele>
    <time>2025-04-05T00:12:07Z</time>
   </trkpt>
   <trkpt lat="-6.8773540" lon="109.0974040">
    <ele>6.3</ele>
    <time>2025-04-05T00:12:08Z</time>
   </trkpt>
   <trkpt lat="-6.8773480" lon="109.0974370">
    <ele>6.3</ele>
    <time>2025-04-05T00:12:09Z</time>
   </trkpt>
   <trkpt lat="-6.8773400" lon="109.0974720">
    <ele>6.3</ele>
    <time>2025-04-05T00:12:10Z</time>
   </trkpt>
   <trkpt lat="-6.8773290" lon="109.0975080">
    <ele>6.3</ele>
    <time>2025-04-05T00:12:11Z</time>
   </trkpt>
   <trkpt lat="-6.8773190" lon="109.0975460">
    <ele>6.3</ele>
    <time>2025-04-05T00:12:12Z</time>
   </trkpt>
   <trkpt lat="-6.8773020" lon="109.0975830">
    <ele>6.3</ele>
    <time>2025-04-05T00:12:13Z</time>
   </trkpt>
   <trkpt lat="-6.8772840" lon="109.0976260">
    <ele>6.3</ele>
    <time>2025-04-05T00:12:14Z</time>
   </trkpt>
   <trkpt lat="-6.8772650" lon="109.0976650">
    <ele>6.3</ele>
    <time>2025-04-05T00:12:15Z</time>
   </trkpt>
   <trkpt lat="-6.8772520" lon="109.0977030">
    <ele>6.3</ele>
    <time>2025-04-05T00:12:16Z</time>
   </trkpt>
   <trkpt lat="-6.8772410" lon="109.0977410">
    <ele>6.3</ele>
    <time>2025-04-05T00:12:17Z</time>
   </trkpt>
   <trkpt lat="-6.8772330" lon="109.0977770">
    <ele>6.3</ele>
    <time>2025-04-05T00:12:18Z</time>
   </trkpt>
   <trkpt lat="-6.8772260" lon="109.0978130">
    <ele>6.3</ele>
    <time>2025-04-05T00:12:19Z</time>
   </trkpt>
   <trkpt lat="-6.8772190" lon="109.0978520">
    <ele>6.3</ele>
    <time>2025-04-05T00:12:20Z</time>
   </trkpt>
   <trkpt lat="-6.8772120" lon="109.0978910">
    <ele>6.3</ele>
    <time>2025-04-05T00:12:21Z</time>
   </trkpt>
   <trkpt lat="-6.8772030" lon="109.0979320">
    <ele>6.3</ele>
    <time>2025-04-05T00:12:22Z</time>
   </trkpt>
   <trkpt lat="-6.8771920" lon="109.0979720">
    <ele>6.3</ele>
    <time>2025-04-05T00:12:23Z</time>
   </trkpt>
   <trkpt lat="-6.8771840" lon="109.0980070">
    <ele>6.3</ele>
    <time>2025-04-05T00:12:24Z</time>
   </trkpt>
   <trkpt lat="-6.8771790" lon="109.0980350">
    <ele>6.3</ele>
    <time>2025-04-05T00:12:25Z</time>
   </trkpt>
   <trkpt lat="-6.8771720" lon="109.0980680">
    <ele>6.3</ele>
    <time>2025-04-05T00:12:26Z</time>
   </trkpt>
   <trkpt lat="-6.8771630" lon="109.0981110">
    <ele>6.3</ele>
    <time>2025-04-05T00:12:27Z</time>
   </trkpt>
   <trkpt lat="-6.8771540" lon="109.0981500">
    <ele>6.3</ele>
    <time>2025-04-05T00:12:28Z</time>
   </trkpt>
   <trkpt lat="-6.8771450" lon="109.0981900">
    <ele>6.4</ele>
    <time>2025-04-05T00:12:29Z</time>
   </trkpt>
   <trkpt lat="-6.8771340" lon="109.0982260">
    <ele>6.4</ele>
    <time>2025-04-05T00:12:30Z</time>
   </trkpt>
   <trkpt lat="-6.8771250" lon="109.0982610">
    <ele>6.4</ele>
    <time>2025-04-05T00:12:31Z</time>
   </trkpt>
   <trkpt lat="-6.8771190" lon="109.0983000">
    <ele>6.4</ele>
    <time>2025-04-05T00:12:32Z</time>
   </trkpt>
   <trkpt lat="-6.8771130" lon="109.0983410">
    <ele>6.4</ele>
    <time>2025-04-05T00:12:33Z</time>
   </trkpt>
   <trkpt lat="-6.8771070" lon="109.0983810">
    <ele>6.4</ele>
    <time>2025-04-05T00:12:34Z</time>
   </trkpt>
   <trkpt lat="-6.8770970" lon="109.0984210">
    <ele>6.4</ele>
    <time>2025-04-05T00:12:35Z</time>
   </trkpt>
   <trkpt lat="-6.8770890" lon="109.0984600">
    <ele>6.4</ele>
    <time>2025-04-05T00:12:36Z</time>
   </trkpt>
   <trkpt lat="-6.8770820" lon="109.0985020">
    <ele>6.4</ele>
    <time>2025-04-05T00:12:37Z</time>
   </trkpt>
   <trkpt lat="-6.8770730" lon="109.0985470">
    <ele>6.4</ele>
    <time>2025-04-05T00:12:38Z</time>
   </trkpt>
   <trkpt lat="-6.8770580" lon="109.0985930">
    <ele>6.4</ele>
    <time>2025-04-05T00:12:39Z</time>
   </trkpt>
   <trkpt lat="-6.8770440" lon="109.0986320">
    <ele>6.4</ele>
    <time>2025-04-05T00:12:40Z</time>
   </trkpt>
   <trkpt lat="-6.8770340" lon="109.0986720">
    <ele>6.4</ele>
    <time>2025-04-05T00:12:41Z</time>
   </trkpt>
   <trkpt lat="-6.8770260" lon="109.0987130">
    <ele>6.4</ele>
    <time>2025-04-05T00:12:42Z</time>
   </trkpt>
   <trkpt lat="-6.8770190" lon="109.0987480">
    <ele>6.4</ele>
    <time>2025-04-05T00:12:43Z</time>
   </trkpt>
   <trkpt lat="-6.8770070" lon="109.0987800">
    <ele>6.4</ele>
    <time>2025-04-05T00:12:44Z</time>
   </trkpt>
   <trkpt lat="-6.8769970" lon="109.0988090">
    <ele>6.4</ele>
    <time>2025-04-05T00:12:45Z</time>
   </trkpt>
   <trkpt lat="-6.8769870" lon="109.0988420">
    <ele>6.3</ele>
    <time>2025-04-05T00:12:46Z</time>
   </trkpt>
   <trkpt lat="-6.8769780" lon="109.0988800">
    <ele>6.3</ele>
    <time>2025-04-05T00:12:47Z</time>
   </trkpt>
   <trkpt lat="-6.8769700" lon="109.0989150">
    <ele>6.3</ele>
    <time>2025-04-05T00:12:48Z</time>
   </trkpt>
   <trkpt lat="-6.8769630" lon="109.0989530">
    <ele>6.3</ele>
    <time>2025-04-05T00:12:49Z</time>
   </trkpt>
   <trkpt lat="-6.8769540" lon="109.0989960">
    <ele>6.3</ele>
    <time>2025-04-05T00:12:50Z</time>
   </trkpt>
   <trkpt lat="-6.8769430" lon="109.0990400">
    <ele>6.2</ele>
    <time>2025-04-05T00:12:51Z</time>
   </trkpt>
   <trkpt lat="-6.8769280" lon="109.0990870">
    <ele>6.2</ele>
    <time>2025-04-05T00:12:52Z</time>
   </trkpt>
   <trkpt lat="-6.8769160" lon="109.0991310">
    <ele>6.2</ele>
    <time>2025-04-05T00:12:53Z</time>
   </trkpt>
   <trkpt lat="-6.8769060" lon="109.0991710">
    <ele>6.2</ele>
    <time>2025-04-05T00:12:54Z</time>
   </trkpt>
   <trkpt lat="-6.8769020" lon="109.0992110">
    <ele>6.2</ele>
    <time>2025-04-05T00:12:55Z</time>
   </trkpt>
   <trkpt lat="-6.8768970" lon="109.0992460">
    <ele>6.2</ele>
    <time>2025-04-05T00:12:56Z</time>
   </trkpt>
   <trkpt lat="-6.8768910" lon="109.0992810">
    <ele>6.2</ele>
    <time>2025-04-05T00:12:57Z</time>
   </trkpt>
   <trkpt lat="-6.8768830" lon="109.0993200">
    <ele>6.2</ele>
    <time>2025-04-05T00:12:58Z</time>
   </trkpt>
   <trkpt lat="-6.8768750" lon="109.0993620">
    <ele>6.2</ele>
    <time>2025-04-05T00:12:59Z</time>
   </trkpt>
   <trkpt lat="-6.8768650" lon="109.0994020">
    <ele>6.2</ele>
    <time>2025-04-05T00:13:00Z</time>
   </trkpt>
   <trkpt lat="-6.8768590" lon="109.0994430">
    <ele>6.2</ele>
    <time>2025-04-05T00:13:01Z</time>
   </trkpt>
   <trkpt lat="-6.8768520" lon="109.0994850">
    <ele>6.2</ele>
    <time>2025-04-05T00:13:02Z</time>
   </trkpt>
   <trkpt lat="-6.8768470" lon="109.0995240">
    <ele>6.2</ele>
    <time>2025-04-05T00:13:03Z</time>
   </trkpt>
   <trkpt lat="-6.8768420" lon="109.0995620">
    <ele>6.2</ele>
    <time>2025-04-05T00:13:04Z</time>
   </trkpt>
   <trkpt lat="-6.8768310" lon="109.0996040">
    <ele>6.1</ele>
    <time>2025-04-05T00:13:05Z</time>
   </trkpt>
   <trkpt lat="-6.8768190" lon="109.0996510">
    <ele>6.1</ele>
    <time>2025-04-05T00:13:06Z</time>
   </trkpt>
   <trkpt lat="-6.8768090" lon="109.0996940">
    <ele>6.1</ele>
    <time>2025-04-05T00:13:07Z</time>
   </trkpt>
   <trkpt lat="-6.8767970" lon="109.0997360">
    <ele>6.1</ele>
    <time>2025-04-05T00:13:08Z</time>
   </trkpt>
   <trkpt lat="-6.8767840" lon="109.0997800">
    <ele>6.1</ele>
    <time>2025-04-05T00:13:09Z</time>
   </trkpt>
   <trkpt lat="-6.8767700" lon="109.0998260">
    <ele>6.1</ele>
    <time>2025-04-05T00:13:10Z</time>
   </trkpt>
   <trkpt lat="-6.8767570" lon="109.0998690">
    <ele>6.1</ele>
    <time>2025-04-05T00:13:11Z</time>
   </trkpt>
   <trkpt lat="-6.8767450" lon="109.0999080">
    <ele>6.1</ele>
    <time>2025-04-05T00:13:12Z</time>
   </trkpt>
   <trkpt lat="-6.8767390" lon="109.0999410">
    <ele>6.1</ele>
    <time>2025-04-05T00:13:13Z</time>
   </trkpt>
   <trkpt lat="-6.8767310" lon="109.0999730">
    <ele>6.1</ele>
    <time>2025-04-05T00:13:14Z</time>
   </trkpt>
   <trkpt lat="-6.8767260" lon="109.1000090">
    <ele>6.1</ele>
    <time>2025-04-05T00:13:15Z</time>
   </trkpt>
   <trkpt lat="-6.8767210" lon="109.1000430">
    <ele>6.1</ele>
    <time>2025-04-05T00:13:16Z</time>
   </trkpt>
   <trkpt lat="-6.8767200" lon="109.1000750">
    <ele>6.1</ele>
    <time>2025-04-05T00:13:17Z</time>
   </trkpt>
   <trkpt lat="-6.8767170" lon="109.1001070">
    <ele>6.1</ele>
    <time>2025-04-05T00:13:18Z</time>
   </trkpt>
   <trkpt lat="-6.8767090" lon="109.1001340">
    <ele>6.1</ele>
    <time>2025-04-05T00:13:19Z</time>
   </trkpt>
   <trkpt lat="-6.8766970" lon="109.1001680">
    <ele>6.1</ele>
    <time>2025-04-05T00:13:20Z</time>
   </trkpt>
   <trkpt lat="-6.8766930" lon="109.1001790">
    <ele>6.1</ele>
    <time>2025-04-05T00:13:21Z</time>
   </trkpt>
   <trkpt lat="-6.8766850" lon="109.1002060">
    <ele>6.1</ele>
    <time>2025-04-05T00:13:22Z</time>
   </trkpt>
   <trkpt lat="-6.8766800" lon="109.1002380">
    <ele>6.1</ele>
    <time>2025-04-05T00:13:23Z</time>
   </trkpt>
   <trkpt lat="-6.8766690" lon="109.1002720">
    <ele>6.1</ele>
    <time>2025-04-05T00:13:24Z</time>
   </trkpt>
   <trkpt lat="-6.8766600" lon="109.1003040">
    <ele>6.1</ele>
    <time>2025-04-05T00:13:25Z</time>
   </trkpt>
   <trkpt lat="-6.8766540" lon="109.1003380">
    <ele>6.1</ele>
    <time>2025-04-05T00:13:26Z</time>
   </trkpt>
   <trkpt lat="-6.8766460" lon="109.1003770">
    <ele>6.1</ele>
    <time>2025-04-05T00:13:27Z</time>
   </trkpt>
   <trkpt lat="-6.8766350" lon="109.1004090">
    <ele>6.1</ele>
    <time>2025-04-05T00:13:28Z</time>
   </trkpt>
   <trkpt lat="-6.8766250" lon="109.1004370">
    <ele>6.1</ele>
    <time>2025-04-05T00:13:29Z</time>
   </trkpt>
   <trkpt lat="-6.8766130" lon="109.1004770">
    <ele>6.1</ele>
    <time>2025-04-05T00:13:30Z</time>
   </trkpt>
   <trkpt lat="-6.8766090" lon="109.1004900">
    <ele>6.1</ele>
    <time>2025-04-05T00:13:31Z</time>
   </trkpt>
   <trkpt lat="-6.8766020" lon="109.1005180">
    <ele>6.1</ele>
    <time>2025-04-05T00:13:32Z</time>
   </trkpt>
   <trkpt lat="-6.8765960" lon="109.1005500">
    <ele>6.1</ele>
    <time>2025-04-05T00:13:33Z</time>
   </trkpt>
   <trkpt lat="-6.8765880" lon="109.1005810">
    <ele>6.1</ele>
    <time>2025-04-05T00:13:34Z</time>
   </trkpt>
   <trkpt lat="-6.8765850" lon="109.1006110">
    <ele>6.1</ele>
    <time>2025-04-05T00:13:35Z</time>
   </trkpt>
   <trkpt lat="-6.8765820" lon="109.1006420">
    <ele>6.1</ele>
    <time>2025-04-05T00:13:36Z</time>
   </trkpt>
   <trkpt lat="-6.8765770" lon="109.1006770">
    <ele>6.1</ele>
    <time>2025-04-05T00:13:37Z</time>
   </trkpt>
   <trkpt lat="-6.8765720" lon="109.1007140">
    <ele>6.1</ele>
    <time>2025-04-05T00:13:38Z</time>
   </trkpt>
   <trkpt lat="-6.8765650" lon="109.1007520">
    <ele>6.1</ele>
    <time>2025-04-05T00:13:39Z</time>
   </trkpt>
   <trkpt lat="-6.8765580" lon="109.1007860">
    <ele>6.1</ele>
    <time>2025-04-05T00:13:40Z</time>
   </trkpt>
   <trkpt lat="-6.8765510" lon="109.1008210">
    <ele>6.1</ele>
    <time>2025-04-05T00:13:41Z</time>
   </trkpt>
   <trkpt lat="-6.8765470" lon="109.1008570">
    <ele>6.1</ele>
    <time>2025-04-05T00:13:42Z</time>
   </trkpt>
   <trkpt lat="-6.8765470" lon="109.1008900">
    <ele>6.1</ele>
    <time>2025-04-05T00:13:43Z</time>
   </trkpt>
   <trkpt lat="-6.8765460" lon="109.1009210">
    <ele>6.1</ele>
    <time>2025-04-05T00:13:44Z</time>
   </trkpt>
   <trkpt lat="-6.8765440" lon="109.1009560">
    <ele>6.1</ele>
    <time>2025-04-05T00:13:45Z</time>
   </trkpt>
   <trkpt lat="-6.8765360" lon="109.1009940">
    <ele>6.1</ele>
    <time>2025-04-05T00:13:46Z</time>
   </trkpt>
   <trkpt lat="-6.8765250" lon="109.1010370">
    <ele>6.1</ele>
    <time>2025-04-05T00:13:47Z</time>
   </trkpt>
   <trkpt lat="-6.8765170" lon="109.1010720">
    <ele>6.1</ele>
    <time>2025-04-05T00:13:48Z</time>
   </trkpt>
   <trkpt lat="-6.8765080" lon="109.1011050">
    <ele>6.1</ele>
    <time>2025-04-05T00:13:49Z</time>
   </trkpt>
   <trkpt lat="-6.8764940" lon="109.1011300">
    <ele>6.1</ele>
    <time>2025-04-05T00:13:50Z</time>
   </trkpt>
   <trkpt lat="-6.8764770" lon="109.1011590">
    <ele>6.1</ele>
    <time>2025-04-05T00:13:51Z</time>
   </trkpt>
   <trkpt lat="-6.8764670" lon="109.1011930">
    <ele>6.1</ele>
    <time>2025-04-05T00:13:52Z</time>
   </trkpt>
   <trkpt lat="-6.8764560" lon="109.1012290">
    <ele>6.1</ele>
    <time>2025-04-05T00:13:53Z</time>
   </trkpt>
   <trkpt lat="-6.8764440" lon="109.1012630">
    <ele>6.1</ele>
    <time>2025-04-05T00:13:54Z</time>
   </trkpt>
   <trkpt lat="-6.8764330" lon="109.1012990">
    <ele>6.1</ele>
    <time>2025-04-05T00:13:55Z</time>
   </trkpt>
   <trkpt lat="-6.8764160" lon="109.1013370">
    <ele>6.1</ele>
    <time>2025-04-05T00:13:56Z</time>
   </trkpt>
   <trkpt lat="-6.8763980" lon="109.1013760">
    <ele>6.1</ele>
    <time>2025-04-05T00:13:57Z</time>
   </trkpt>
   <trkpt lat="-6.8763810" lon="109.1014160">
    <ele>6.1</ele>
    <time>2025-04-05T00:13:58Z</time>
   </trkpt>
   <trkpt lat="-6.8763680" lon="109.1014540">
    <ele>6.1</ele>
    <time>2025-04-05T00:13:59Z</time>
   </trkpt>
   <trkpt lat="-6.8763570" lon="109.1014890">
    <ele>6.1</ele>
    <time>2025-04-05T00:14:00Z</time>
   </trkpt>
   <trkpt lat="-6.8763460" lon="109.1015230">
    <ele>6.1</ele>
    <time>2025-04-05T00:14:01Z</time>
   </trkpt>
   <trkpt lat="-6.8763310" lon="109.1015600">
    <ele>6.1</ele>
    <time>2025-04-05T00:14:02Z</time>
   </trkpt>
   <trkpt lat="-6.8763230" lon="109.1015920">
    <ele>6.1</ele>
    <time>2025-04-05T00:14:03Z</time>
   </trkpt>
   <trkpt lat="-6.8763120" lon="109.1016240">
    <ele>6.1</ele>
    <time>2025-04-05T00:14:04Z</time>
   </trkpt>
   <trkpt lat="-6.8762980" lon="109.1016590">
    <ele>6.1</ele>
    <time>2025-04-05T00:14:05Z</time>
   </trkpt>
   <trkpt lat="-6.8762860" lon="109.1016910">
    <ele>6.2</ele>
    <time>2025-04-05T00:14:06Z</time>
   </trkpt>
   <trkpt lat="-6.8762730" lon="109.1017290">
    <ele>6.2</ele>
    <time>2025-04-05T00:14:07Z</time>
   </trkpt>
   <trkpt lat="-6.8762610" lon="109.1017690">
    <ele>6.2</ele>
    <time>2025-04-05T00:14:08Z</time>
   </trkpt>
   <trkpt lat="-6.8762520" lon="109.1018080">
    <ele>6.2</ele>
    <time>2025-04-05T00:14:09Z</time>
   </trkpt>
   <trkpt lat="-6.8762450" lon="109.1018400">
    <ele>6.2</ele>
    <time>2025-04-05T00:14:10Z</time>
   </trkpt>
   <trkpt lat="-6.8762340" lon="109.1018740">
    <ele>6.2</ele>
    <time>2025-04-05T00:14:11Z</time>
   </trkpt>
   <trkpt lat="-6.8762220" lon="109.1019080">
    <ele>6.2</ele>
    <time>2025-04-05T00:14:12Z</time>
   </trkpt>
   <trkpt lat="-6.8762100" lon="109.1019440">
    <ele>6.2</ele>
    <time>2025-04-05T00:14:13Z</time>
   </trkpt>
   <trkpt lat="-6.8761980" lon="109.1019810">
    <ele>6.2</ele>
    <time>2025-04-05T00:14:14Z</time>
   </trkpt>
   <trkpt lat="-6.8761880" lon="109.1020180">
    <ele>6.2</ele>
    <time>2025-04-05T00:14:15Z</time>
   </trkpt>
   <trkpt lat="-6.8761770" lon="109.1020560">
    <ele>6.2</ele>
    <time>2025-04-05T00:14:16Z</time>
   </trkpt>
   <trkpt lat="-6.8761710" lon="109.1020880">
    <ele>6.2</ele>
    <time>2025-04-05T00:14:17Z</time>
   </trkpt>
   <trkpt lat="-6.8761630" lon="109.1021230">
    <ele>6.2</ele>
    <time>2025-04-05T00:14:18Z</time>
   </trkpt>
   <trkpt lat="-6.8761580" lon="109.1021530">
    <ele>6.2</ele>
    <time>2025-04-05T00:14:19Z</time>
   </trkpt>
   <trkpt lat="-6.8761510" lon="109.1021840">
    <ele>6.2</ele>
    <time>2025-04-05T00:14:20Z</time>
   </trkpt>
   <trkpt lat="-6.8761460" lon="109.1022140">
    <ele>6.2</ele>
    <time>2025-04-05T00:14:21Z</time>
   </trkpt>
   <trkpt lat="-6.8761410" lon="109.1022480">
    <ele>6.2</ele>
    <time>2025-04-05T00:14:22Z</time>
   </trkpt>
   <trkpt lat="-6.8761340" lon="109.1022780">
    <ele>6.2</ele>
    <time>2025-04-05T00:14:23Z</time>
   </trkpt>
   <trkpt lat="-6.8761220" lon="109.1023060">
    <ele>6.2</ele>
    <time>2025-04-05T00:14:24Z</time>
   </trkpt>
   <trkpt lat="-6.8761110" lon="109.1023360">
    <ele>6.2</ele>
    <time>2025-04-05T00:14:25Z</time>
   </trkpt>
   <trkpt lat="-6.8761060" lon="109.1023650">
    <ele>6.2</ele>
    <time>2025-04-05T00:14:26Z</time>
   </trkpt>
   <trkpt lat="-6.8760990" lon="109.1023980">
    <ele>6.2</ele>
    <time>2025-04-05T00:14:27Z</time>
   </trkpt>
   <trkpt lat="-6.8760920" lon="109.1024330">
    <ele>6.2</ele>
    <time>2025-04-05T00:14:28Z</time>
   </trkpt>
   <trkpt lat="-6.8760850" lon="109.1024690">
    <ele>6.2</ele>
    <time>2025-04-05T00:14:29Z</time>
   </trkpt>
   <trkpt lat="-6.8760760" lon="109.1025040">
    <ele>6.2</ele>
    <time>2025-04-05T00:14:30Z</time>
   </trkpt>
   <trkpt lat="-6.8760690" lon="109.1025390">
    <ele>6.2</ele>
    <time>2025-04-05T00:14:31Z</time>
   </trkpt>
   <trkpt lat="-6.8760270" lon="109.1026530">
    <ele>6.2</ele>
    <time>2025-04-05T00:14:35Z</time>
   </trkpt>
   <trkpt lat="-6.8760350" lon="109.1030770">
    <ele>6.2</ele>
    <time>2025-04-05T00:14:42Z</time>
   </trkpt>
   <trkpt lat="-6.8759970" lon="109.1031320">
    <ele>6.2</ele>
    <time>2025-04-05T00:14:49Z</time>
   </trkpt>
   <trkpt lat="-6.8758780" lon="109.1031620">
    <ele>6.3</ele>
    <time>2025-04-05T00:14:51Z</time>
   </trkpt>
   <trkpt lat="-6.8758690" lon="109.1031940">
    <ele>6.3</ele>
    <time>2025-04-05T00:14:52Z</time>
   </trkpt>
   <trkpt lat="-6.8758630" lon="109.1032270">
    <ele>6.3</ele>
    <time>2025-04-05T00:14:53Z</time>
   </trkpt>
   <trkpt lat="-6.8758540" lon="109.1032580">
    <ele>6.3</ele>
    <time>2025-04-05T00:14:54Z</time>
   </trkpt>
   <trkpt lat="-6.8758460" lon="109.1032910">
    <ele>6.3</ele>
    <time>2025-04-05T00:14:55Z</time>
   </trkpt>
   <trkpt lat="-6.8758380" lon="109.1033240">
    <ele>6.3</ele>
    <time>2025-04-05T00:14:56Z</time>
   </trkpt>
   <trkpt lat="-6.8758290" lon="109.1033630">
    <ele>6.3</ele>
    <time>2025-04-05T00:14:57Z</time>
   </trkpt>
   <trkpt lat="-6.8758170" lon="109.1033950">
    <ele>6.3</ele>
    <time>2025-04-05T00:14:58Z</time>
   </trkpt>
   <trkpt lat="-6.8758050" lon="109.1034270">
    <ele>6.3</ele>
    <time>2025-04-05T00:14:59Z</time>
   </trkpt>
   <trkpt lat="-6.8757940" lon="109.1034600">
    <ele>6.3</ele>
    <time>2025-04-05T00:15:00Z</time>
   </trkpt>
   <trkpt lat="-6.8757820" lon="109.1034980">
    <ele>6.4</ele>
    <time>2025-04-05T00:15:01Z</time>
   </trkpt>
   <trkpt lat="-6.8757670" lon="109.1035360">
    <ele>6.4</ele>
    <time>2025-04-05T00:15:02Z</time>
   </trkpt>
   <trkpt lat="-6.8757500" lon="109.1035660">
    <ele>6.4</ele>
    <time>2025-04-05T00:15:03Z</time>
   </trkpt>
   <trkpt lat="-6.8757390" lon="109.1035920">
    <ele>6.4</ele>
    <time>2025-04-05T00:15:04Z</time>
   </trkpt>
   <trkpt lat="-6.8757290" lon="109.1036280">
    <ele>6.4</ele>
    <time>2025-04-05T00:15:05Z</time>
   </trkpt>
   <trkpt lat="-6.8757260" lon="109.1036380">
    <ele>6.4</ele>
    <time>2025-04-05T00:15:06Z</time>
   </trkpt>
   <trkpt lat="-6.8757250" lon="109.1036520">
    <ele>6.4</ele>
    <time>2025-04-05T00:15:07Z</time>
   </trkpt>
   <trkpt lat="-6.8757220" lon="109.1036550">
    <ele>6.4</ele>
    <time>2025-04-05T00:15:08Z</time>
   </trkpt>
   <trkpt lat="-6.8757190" lon="109.1036540">
    <ele>6.4</ele>
    <time>2025-04-05T00:15:09Z</time>
   </trkpt>
   <trkpt lat="-6.8757180" lon="109.1036510">
    <ele>6.4</ele>
    <time>2025-04-05T00:15:10Z</time>
   </trkpt>
   <trkpt lat="-6.8757180" lon="109.1036480">
    <ele>6.4</ele>
    <time>2025-04-05T00:15:11Z</time>
   </trkpt>
   <trkpt lat="-6.8757180" lon="109.1036470">
    <ele>6.4</ele>
    <time>2025-04-05T00:15:12Z</time>
   </trkpt>
   <trkpt lat="-6.8757180" lon="109.1036470">
    <ele>6.4</ele>
    <time>2025-04-05T00:15:13Z</time>
   </trkpt>
   <trkpt lat="-6.8757180" lon="109.1036470">
    <ele>6.4</ele>
    <time>2025-04-05T00:15:14Z</time>
   </trkpt>
   <trkpt lat="-6.8757180" lon="109.1036470">
    <ele>6.4</ele>
    <time>2025-04-05T00:15:15Z</time>
   </trkpt>
   <trkpt lat="-6.8757180" lon="109.1036470">
    <ele>6.4</ele>
    <time>2025-04-05T00:15:16Z</time>
   </trkpt>
   <trkpt lat="-6.8757180" lon="109.1036470">
    <ele>6.4</ele>
    <time>2025-04-05T00:15:17Z</time>
   </trkpt>
   <trkpt lat="-6.8757060" lon="109.1036640">
    <ele>6.5</ele>
    <time>2025-04-05T00:15:19Z</time>
   </trkpt>
   <trkpt lat="-6.8756900" lon="109.1036990">
    <ele>6.5</ele>
    <time>2025-04-05T00:15:20Z</time>
   </trkpt>
   <trkpt lat="-6.8756750" lon="109.1037330">
    <ele>6.5</ele>
    <time>2025-04-05T00:15:21Z</time>
   </trkpt>
   <trkpt lat="-6.8756570" lon="109.1037760">
    <ele>6.5</ele>
    <time>2025-04-05T00:15:22Z</time>
   </trkpt>
   <trkpt lat="-6.8756440" lon="109.1038110">
    <ele>6.5</ele>
    <time>2025-04-05T00:15:23Z</time>
   </trkpt>
   <trkpt lat="-6.8756360" lon="109.1038410">
    <ele>6.5</ele>
    <time>2025-04-05T00:15:24Z</time>
   </trkpt>
   <trkpt lat="-6.8756290" lon="109.1038730">
    <ele>6.5</ele>
    <time>2025-04-05T00:15:25Z</time>
   </trkpt>
   <trkpt lat="-6.8756170" lon="109.1039070">
    <ele>6.5</ele>
    <time>2025-04-05T00:15:26Z</time>
   </trkpt>
   <trkpt lat="-6.8756100" lon="109.1039400">
    <ele>6.5</ele>
    <time>2025-04-05T00:15:27Z</time>
   </trkpt>
   <trkpt lat="-6.8756030" lon="109.1039710">
    <ele>6.4</ele>
    <time>2025-04-05T00:15:28Z</time>
   </trkpt>
   <trkpt lat="-6.8755970" lon="109.1039980">
    <ele>6.4</ele>
    <time>2025-04-05T00:15:29Z</time>
   </trkpt>
   <trkpt lat="-6.8755900" lon="109.1040270">
    <ele>6.4</ele>
    <time>2025-04-05T00:15:30Z</time>
   </trkpt>
   <trkpt lat="-6.8755800" lon="109.1040590">
    <ele>6.4</ele>
    <time>2025-04-05T00:15:31Z</time>
   </trkpt>
   <trkpt lat="-6.8755720" lon="109.1040940">
    <ele>6.4</ele>
    <time>2025-04-05T00:15:32Z</time>
   </trkpt>
   <trkpt lat="-6.8755640" lon="109.1041280">
    <ele>6.4</ele>
    <time>2025-04-05T00:15:33Z</time>
   </trkpt>
   <trkpt lat="-6.8755570" lon="109.1041620">
    <ele>6.4</ele>
    <time>2025-04-05T00:15:34Z</time>
   </trkpt>
   <trkpt lat="-6.8755490" lon="109.1041910">
    <ele>6.4</ele>
    <time>2025-04-05T00:15:35Z</time>
   </trkpt>
   <trkpt lat="-6.8755380" lon="109.1042200">
    <ele>6.4</ele>
    <time>2025-04-05T00:15:36Z</time>
   </trkpt>
   <trkpt lat="-6.8755240" lon="109.1042520">
    <ele>6.4</ele>
    <time>2025-04-05T00:15:37Z</time>
   </trkpt>
   <trkpt lat="-6.8755150" lon="109.1042870">
    <ele>6.3</ele>
    <time>2025-04-05T00:15:38Z</time>
   </trkpt>
   <trkpt lat="-6.8755070" lon="109.1043220">
    <ele>6.3</ele>
    <time>2025-04-05T00:15:39Z</time>
   </trkpt>
   <trkpt lat="-6.8755020" lon="109.1043540">
    <ele>6.3</ele>
    <time>2025-04-05T00:15:40Z</time>
   </trkpt>
   <trkpt lat="-6.8754920" lon="109.1043820">
    <ele>6.3</ele>
    <time>2025-04-05T00:15:41Z</time>
   </trkpt>
   <trkpt lat="-6.8754870" lon="109.1044110">
    <ele>6.3</ele>
    <time>2025-04-05T00:15:42Z</time>
   </trkpt>
   <trkpt lat="-6.8754800" lon="109.1044450">
    <ele>6.3</ele>
    <time>2025-04-05T00:15:43Z</time>
   </trkpt>
   <trkpt lat="-6.8754670" lon="109.1044870">
    <ele>6.3</ele>
    <time>2025-04-05T00:15:44Z</time>
   </trkpt>
   <trkpt lat="-6.8754570" lon="109.1045280">
    <ele>6.3</ele>
    <time>2025-04-05T00:15:45Z</time>
   </trkpt>
   <trkpt lat="-6.8754460" lon="109.1045640">
    <ele>6.3</ele>
    <time>2025-04-05T00:15:46Z</time>
   </trkpt>
   <trkpt lat="-6.8754390" lon="109.1045950">
    <ele>6.3</ele>
    <time>2025-04-05T00:15:47Z</time>
   </trkpt>
   <trkpt lat="-6.8754260" lon="109.1046400">
    <ele>6.3</ele>
    <time>2025-04-05T00:15:48Z</time>
   </trkpt>
   <trkpt lat="-6.8754130" lon="109.1046800">
    <ele>6.2</ele>
    <time>2025-04-05T00:15:49Z</time>
   </trkpt>
   <trkpt lat="-6.8754010" lon="109.1047130">
    <ele>6.2</ele>
    <time>2025-04-05T00:15:50Z</time>
   </trkpt>
   <trkpt lat="-6.8753850" lon="109.1047420">
    <ele>6.2</ele>
    <time>2025-04-05T00:15:51Z</time>
   </trkpt>
   <trkpt lat="-6.8753670" lon="109.1047770">
    <ele>6.2</ele>
    <time>2025-04-05T00:15:52Z</time>
   </trkpt>
   <trkpt lat="-6.8753510" lon="109.1048110">
    <ele>6.2</ele>
    <time>2025-04-05T00:15:53Z</time>
   </trkpt>
   <trkpt lat="-6.8753350" lon="109.1048500">
    <ele>6.2</ele>
    <time>2025-04-05T00:15:54Z</time>
   </trkpt>
   <trkpt lat="-6.8753210" lon="109.1048870">
    <ele>6.2</ele>
    <time>2025-04-05T00:15:55Z</time>
   </trkpt>
   <trkpt lat="-6.8753110" lon="109.1049140">
    <ele>6.2</ele>
    <time>2025-04-05T00:15:56Z</time>
   </trkpt>
   <trkpt lat="-6.8752990" lon="109.1049460">
    <ele>6.2</ele>
    <time>2025-04-05T00:15:57Z</time>
   </trkpt>
   <trkpt lat="-6.8752820" lon="109.1049810">
    <ele>6.3</ele>
    <time>2025-04-05T00:15:58Z</time>
   </trkpt>
   <trkpt lat="-6.8752640" lon="109.1050180">
    <ele>6.3</ele>
    <time>2025-04-05T00:15:59Z</time>
   </trkpt>
   <trkpt lat="-6.8752510" lon="109.1050560">
    <ele>6.3</ele>
    <time>2025-04-05T00:16:00Z</time>
   </trkpt>
   <trkpt lat="-6.8752440" lon="109.1050920">
    <ele>6.3</ele>
    <time>2025-04-05T00:16:01Z</time>
   </trkpt>
   <trkpt lat="-6.8752370" lon="109.1051270">
    <ele>6.3</ele>
    <time>2025-04-05T00:16:02Z</time>
   </trkpt>
   <trkpt lat="-6.8752270" lon="109.1051690">
    <ele>6.3</ele>
    <time>2025-04-05T00:16:03Z</time>
   </trkpt>
   <trkpt lat="-6.8752180" lon="109.1052050">
    <ele>6.3</ele>
    <time>2025-04-05T00:16:04Z</time>
   </trkpt>
   <trkpt lat="-6.8752080" lon="109.1052420">
    <ele>6.3</ele>
    <time>2025-04-05T00:16:05Z</time>
   </trkpt>
   <trkpt lat="-6.8752000" lon="109.1052790">
    <ele>6.3</ele>
    <time>2025-04-05T00:16:06Z</time>
   </trkpt>
   <trkpt lat="-6.8751890" lon="109.1053130">
    <ele>6.3</ele>
    <time>2025-04-05T00:16:07Z</time>
   </trkpt>
   <trkpt lat="-6.8751790" lon="109.1053430">
    <ele>6.3</ele>
    <time>2025-04-05T00:16:08Z</time>
   </trkpt>
   <trkpt lat="-6.8751710" lon="109.1053740">
    <ele>6.2</ele>
    <time>2025-04-05T00:16:09Z</time>
   </trkpt>
   <trkpt lat="-6.8751600" lon="109.1054110">
    <ele>6.2</ele>
    <time>2025-04-05T00:16:10Z</time>
   </trkpt>
   <trkpt lat="-6.8751490" lon="109.1054530">
    <ele>6.2</ele>
    <time>2025-04-05T00:16:11Z</time>
   </trkpt>
   <trkpt lat="-6.8751360" lon="109.1054900">
    <ele>6.2</ele>
    <time>2025-04-05T00:16:12Z</time>
   </trkpt>
   <trkpt lat="-6.8751250" lon="109.1055210">
    <ele>6.2</ele>
    <time>2025-04-05T00:16:13Z</time>
   </trkpt>
   <trkpt lat="-6.8751160" lon="109.1055510">
    <ele>6.2</ele>
    <time>2025-04-05T00:16:14Z</time>
   </trkpt>
   <trkpt lat="-6.8751080" lon="109.1055810">
    <ele>6.2</ele>
    <time>2025-04-05T00:16:15Z</time>
   </trkpt>
   <trkpt lat="-6.8750980" lon="109.1056160">
    <ele>6.2</ele>
    <time>2025-04-05T00:16:16Z</time>
   </trkpt>
   <trkpt lat="-6.8750880" lon="109.1056510">
    <ele>6.2</ele>
    <time>2025-04-05T00:16:17Z</time>
   </trkpt>
   <trkpt lat="-6.8750750" lon="109.1056860">
    <ele>6.2</ele>
    <time>2025-04-05T00:16:18Z</time>
   </trkpt>
   <trkpt lat="-6.8750640" lon="109.1057190">
    <ele>6.2</ele>
    <time>2025-04-05T00:16:19Z</time>
   </trkpt>
   <trkpt lat="-6.8750520" lon="109.1057550">
    <ele>6.2</ele>
    <time>2025-04-05T00:16:20Z</time>
   </trkpt>
   <trkpt lat="-6.8750420" lon="109.1057890">
    <ele>6.2</ele>
    <time>2025-04-05T00:16:21Z</time>
   </trkpt>
   <trkpt lat="-6.8750310" lon="109.1058260">
    <ele>6.2</ele>
    <time>2025-04-05T00:16:22Z</time>
   </trkpt>
   <trkpt lat="-6.8750210" lon="109.1058630">
    <ele>6.2</ele>
    <time>2025-04-05T00:16:23Z</time>
   </trkpt>
   <trkpt lat="-6.8750100" lon="109.1059010">
    <ele>6.2</ele>
    <time>2025-04-05T00:16:24Z</time>
   </trkpt>
   <trkpt lat="-6.8750010" lon="109.1059320">
    <ele>6.2</ele>
    <time>2025-04-05T00:16:25Z</time>
   </trkpt>
   <trkpt lat="-6.8749930" lon="109.1059640">
    <ele>6.2</ele>
    <time>2025-04-05T00:16:26Z</time>
   </trkpt>
   <trkpt lat="-6.8749830" lon="109.1060020">
    <ele>6.2</ele>
    <time>2025-04-05T00:16:27Z</time>
   </trkpt>
   <trkpt lat="-6.8749690" lon="109.1060480">
    <ele>6.2</ele>
    <time>2025-04-05T00:16:28Z</time>
   </trkpt>
   <trkpt lat="-6.8749570" lon="109.1060820">
    <ele>6.2</ele>
    <time>2025-04-05T00:16:29Z</time>
   </trkpt>
   <trkpt lat="-6.8749440" lon="109.1061170">
    <ele>6.2</ele>
    <time>2025-04-05T00:16:30Z</time>
   </trkpt>
   <trkpt lat="-6.8749340" lon="109.1061540">
    <ele>6.2</ele>
    <time>2025-04-05T00:16:31Z</time>
   </trkpt>
   <trkpt lat="-6.8749250" lon="109.1061900">
    <ele>6.2</ele>
    <time>2025-04-05T00:16:32Z</time>
   </trkpt>
   <trkpt lat="-6.8749150" lon="109.1062200">
    <ele>6.3</ele>
    <time>2025-04-05T00:16:33Z</time>
   </trkpt>
   <trkpt lat="-6.8749030" lon="109.1062460">
    <ele>6.3</ele>
    <time>2025-04-05T00:16:34Z</time>
   </trkpt>
   <trkpt lat="-6.8748920" lon="109.1062750">
    <ele>6.3</ele>
    <time>2025-04-05T00:16:35Z</time>
   </trkpt>
   <trkpt lat="-6.8748790" lon="109.1063080">
    <ele>6.3</ele>
    <time>2025-04-05T00:16:36Z</time>
   </trkpt>
   <trkpt lat="-6.8748670" lon="109.1063430">
    <ele>6.3</ele>
    <time>2025-04-05T00:16:37Z</time>
   </trkpt>
   <trkpt lat="-6.8748570" lon="109.1063800">
    <ele>6.3</ele>
    <time>2025-04-05T00:16:38Z</time>
   </trkpt>
   <trkpt lat="-6.8748480" lon="109.1064110">
    <ele>6.4</ele>
    <time>2025-04-05T00:16:39Z</time>
   </trkpt>
   <trkpt lat="-6.8748380" lon="109.1064480">
    <ele>6.4</ele>
    <time>2025-04-05T00:16:40Z</time>
   </trkpt>
   <trkpt lat="-6.8748350" lon="109.1064600">
    <ele>6.4</ele>
    <time>2025-04-05T00:16:41Z</time>
   </trkpt>
   <trkpt lat="-6.8748270" lon="109.1064980">
    <ele>6.4</ele>
    <time>2025-04-05T00:16:42Z</time>
   </trkpt>
   <trkpt lat="-6.8748230" lon="109.1065110">
    <ele>6.4</ele>
    <time>2025-04-05T00:16:43Z</time>
   </trkpt>
   <trkpt lat="-6.8748140" lon="109.1065440">
    <ele>6.4</ele>
    <time>2025-04-05T00:16:44Z</time>
   </trkpt>
   <trkpt lat="-6.8748050" lon="109.1065770">
    <ele>6.4</ele>
    <time>2025-04-05T00:16:45Z</time>
   </trkpt>
   <trkpt lat="-6.8747950" lon="109.1066120">
    <ele>6.5</ele>
    <time>2025-04-05T00:16:46Z</time>
   </trkpt>
   <trkpt lat="-6.8747830" lon="109.1066490">
    <ele>6.5</ele>
    <time>2025-04-05T00:16:47Z</time>
   </trkpt>
   <trkpt lat="-6.8747720" lon="109.1066880">
    <ele>6.5</ele>
    <time>2025-04-05T00:16:48Z</time>
   </trkpt>
   <trkpt lat="-6.8747620" lon="109.1067210">
    <ele>6.5</ele>
    <time>2025-04-05T00:16:49Z</time>
   </trkpt>
   <trkpt lat="-6.8747500" lon="109.1067540">
    <ele>6.5</ele>
    <time>2025-04-05T00:16:50Z</time>
   </trkpt>
   <trkpt lat="-6.8747410" lon="109.1067900">
    <ele>6.6</ele>
    <time>2025-04-05T00:16:51Z</time>
   </trkpt>
   <trkpt lat="-6.8747300" lon="109.1068280">
    <ele>6.6</ele>
    <time>2025-04-05T00:16:52Z</time>
   </trkpt>
   <trkpt lat="-6.8747190" lon="109.1068590">
    <ele>6.6</ele>
    <time>2025-04-05T00:16:53Z</time>
   </trkpt>
   <trkpt lat="-6.8747070" lon="109.1068890">
    <ele>6.6</ele>
    <time>2025-04-05T00:16:54Z</time>
   </trkpt>
   <trkpt lat="-6.8746960" lon="109.1069180">
    <ele>6.6</ele>
    <time>2025-04-05T00:16:55Z</time>
   </trkpt>
   <trkpt lat="-6.8746840" lon="109.1069480">
    <ele>6.6</ele>
    <time>2025-04-05T00:16:56Z</time>
   </trkpt>
   <trkpt lat="-6.8746740" lon="109.1069760">
    <ele>6.6</ele>
    <time>2025-04-05T00:16:57Z</time>
   </trkpt>
   <trkpt lat="-6.8746640" lon="109.1070080">
    <ele>6.6</ele>
    <time>2025-04-05T00:16:58Z</time>
   </trkpt>
   <trkpt lat="-6.8746540" lon="109.1070400">
    <ele>6.6</ele>
    <time>2025-04-05T00:16:59Z</time>
   </trkpt>
   <trkpt lat="-6.8746440" lon="109.1070750">
    <ele>6.6</ele>
    <time>2025-04-05T00:17:00Z</time>
   </trkpt>
   <trkpt lat="-6.8746350" lon="109.1071150">
    <ele>6.6</ele>
    <time>2025-04-05T00:17:01Z</time>
   </trkpt>
   <trkpt lat="-6.8746220" lon="109.1071550">
    <ele>6.5</ele>
    <time>2025-04-05T00:17:02Z</time>
   </trkpt>
   <trkpt lat="-6.8746020" lon="109.1071930">
    <ele>6.5</ele>
    <time>2025-04-05T00:17:03Z</time>
   </trkpt>
   <trkpt lat="-6.8745840" lon="109.1072300">
    <ele>6.5</ele>
    <time>2025-04-05T00:17:04Z</time>
   </trkpt>
   <trkpt lat="-6.8745700" lon="109.1072680">
    <ele>6.4</ele>
    <time>2025-04-05T00:17:05Z</time>
   </trkpt>
   <trkpt lat="-6.8745590" lon="109.1073140">
    <ele>6.4</ele>
    <time>2025-04-05T00:17:06Z</time>
   </trkpt>
   <trkpt lat="-6.8745500" lon="109.1073580">
    <ele>6.4</ele>
    <time>2025-04-05T00:17:07Z</time>
   </trkpt>
   <trkpt lat="-6.8745360" lon="109.1074000">
    <ele>6.4</ele>
    <time>2025-04-05T00:17:08Z</time>
   </trkpt>
   <trkpt lat="-6.8745180" lon="109.1074410">
    <ele>6.3</ele>
    <time>2025-04-05T00:17:09Z</time>
   </trkpt>
   <trkpt lat="-6.8745020" lon="109.1074820">
    <ele>6.3</ele>
    <time>2025-04-05T00:17:10Z</time>
   </trkpt>
   <trkpt lat="-6.8744860" lon="109.1075220">
    <ele>6.3</ele>
    <time>2025-04-05T00:17:11Z</time>
   </trkpt>
   <trkpt lat="-6.8744720" lon="109.1075630">
    <ele>6.2</ele>
    <time>2025-04-05T00:17:12Z</time>
   </trkpt>
   <trkpt lat="-6.8744580" lon="109.1076040">
    <ele>6.2</ele>
    <time>2025-04-05T00:17:13Z</time>
   </trkpt>
   <trkpt lat="-6.8744440" lon="109.1076420">
    <ele>6.2</ele>
    <time>2025-04-05T00:17:14Z</time>
   </trkpt>
   <trkpt lat="-6.8744270" lon="109.1076760">
    <ele>6.2</ele>
    <time>2025-04-05T00:17:15Z</time>
   </trkpt>
   <trkpt lat="-6.8744120" lon="109.1077100">
    <ele>6.2</ele>
    <time>2025-04-05T00:17:16Z</time>
   </trkpt>
   <trkpt lat="-6.8744000" lon="109.1077480">
    <ele>6.2</ele>
    <time>2025-04-05T00:17:17Z</time>
   </trkpt>
   <trkpt lat="-6.8743890" lon="109.1077900">
    <ele>6.2</ele>
    <time>2025-04-05T00:17:18Z</time>
   </trkpt>
   <trkpt lat="-6.8743780" lon="109.1078280">
    <ele>6.2</ele>
    <time>2025-04-05T00:17:19Z</time>
   </trkpt>
   <trkpt lat="-6.8743660" lon="109.1078620">
    <ele>6.2</ele>
    <time>2025-04-05T00:17:20Z</time>
   </trkpt>
   <trkpt lat="-6.8743570" lon="109.1078930">
    <ele>6.2</ele>
    <time>2025-04-05T00:17:21Z</time>
   </trkpt>
   <trkpt lat="-6.8743480" lon="109.1079270">
    <ele>6.2</ele>
    <time>2025-04-05T00:17:22Z</time>
   </trkpt>
   <trkpt lat="-6.8743400" lon="109.1079630">
    <ele>6.2</ele>
    <time>2025-04-05T00:17:23Z</time>
   </trkpt>
   <trkpt lat="-6.8743320" lon="109.1080000">
    <ele>6.3</ele>
    <time>2025-04-05T00:17:24Z</time>
   </trkpt>
   <trkpt lat="-6.8743210" lon="109.1080350">
    <ele>6.3</ele>
    <time>2025-04-05T00:17:25Z</time>
   </trkpt>
   <trkpt lat="-6.8743100" lon="109.1080700">
    <ele>6.3</ele>
    <time>2025-04-05T00:17:26Z</time>
   </trkpt>
   <trkpt lat="-6.8743000" lon="109.1081020">
    <ele>6.3</ele>
    <time>2025-04-05T00:17:27Z</time>
   </trkpt>
   <trkpt lat="-6.8742910" lon="109.1081370">
    <ele>6.3</ele>
    <time>2025-04-05T00:17:28Z</time>
   </trkpt>
   <trkpt lat="-6.8742850" lon="109.1081700">
    <ele>6.3</ele>
    <time>2025-04-05T00:17:29Z</time>
   </trkpt>
   <trkpt lat="-6.8742790" lon="109.1082070">
    <ele>6.3</ele>
    <time>2025-04-05T00:17:30Z</time>
   </trkpt>
   <trkpt lat="-6.8742660" lon="109.1082480">
    <ele>6.4</ele>
    <time>2025-04-05T00:17:31Z</time>
   </trkpt>
   <trkpt lat="-6.8742510" lon="109.1082900">
    <ele>6.4</ele>
    <time>2025-04-05T00:17:32Z</time>
   </trkpt>
   <trkpt lat="-6.8742370" lon="109.1083240">
    <ele>6.4</ele>
    <time>2025-04-05T00:17:33Z</time>
   </trkpt>
   <trkpt lat="-6.8742210" lon="109.1083580">
    <ele>6.5</ele>
    <time>2025-04-05T00:17:34Z</time>
   </trkpt>
   <trkpt lat="-6.8742070" lon="109.1083890">
    <ele>6.5</ele>
    <time>2025-04-05T00:17:35Z</time>
   </trkpt>
   <trkpt lat="-6.8741950" lon="109.1084210">
    <ele>6.5</ele>
    <time>2025-04-05T00:17:36Z</time>
   </trkpt>
   <trkpt lat="-6.8741870" lon="109.1084540">
    <ele>6.5</ele>
    <time>2025-04-05T00:17:37Z</time>
   </trkpt>
   <trkpt lat="-6.8741770" lon="109.1084820">
    <ele>6.5</ele>
    <time>2025-04-05T00:17:38Z</time>
   </trkpt>
   <trkpt lat="-6.8741690" lon="109.1085090">
    <ele>6.5</ele>
    <time>2025-04-05T00:17:39Z</time>
   </trkpt>
   <trkpt lat="-6.8741600" lon="109.1085370">
    <ele>6.5</ele>
    <time>2025-04-05T00:17:40Z</time>
   </trkpt>
   <trkpt lat="-6.8741490" lon="109.1085650">
    <ele>6.5</ele>
    <time>2025-04-05T00:17:41Z</time>
   </trkpt>
   <trkpt lat="-6.8741360" lon="109.1085960">
    <ele>6.4</ele>
    <time>2025-04-05T00:17:42Z</time>
   </trkpt>
   <trkpt lat="-6.8741240" lon="109.1086360">
    <ele>6.4</ele>
    <time>2025-04-05T00:17:43Z</time>
   </trkpt>
   <trkpt lat="-6.8741150" lon="109.1086790">
    <ele>6.3</ele>
    <time>2025-04-05T00:17:44Z</time>
   </trkpt>
   <trkpt lat="-6.8741070" lon="109.1087260">
    <ele>6.3</ele>
    <time>2025-04-05T00:17:45Z</time>
   </trkpt>
   <trkpt lat="-6.8741020" lon="109.1087700">
    <ele>6.3</ele>
    <time>2025-04-05T00:17:46Z</time>
   </trkpt>
   <trkpt lat="-6.8740990" lon="109.1088090">
    <ele>6.2</ele>
    <time>2025-04-05T00:17:47Z</time>
   </trkpt>
   <trkpt lat="-6.8740970" lon="109.1088420">
    <ele>6.2</ele>
    <time>2025-04-05T00:17:48Z</time>
   </trkpt>
   <trkpt lat="-6.8740920" lon="109.1088760">
    <ele>6.2</ele>
    <time>2025-04-05T00:17:49Z</time>
   </trkpt>
   <trkpt lat="-6.8740860" lon="109.1089120">
    <ele>6.2</ele>
    <time>2025-04-05T00:17:50Z</time>
   </trkpt>
   <trkpt lat="-6.8740790" lon="109.1089520">
    <ele>6.2</ele>
    <time>2025-04-05T00:17:51Z</time>
   </trkpt>
   <trkpt lat="-6.8740770" lon="109.1089890">
    <ele>6.1</ele>
    <time>2025-04-05T00:17:52Z</time>
   </trkpt>
   <trkpt lat="-6.8740750" lon="109.1090260">
    <ele>6.1</ele>
    <time>2025-04-05T00:17:53Z</time>
   </trkpt>
   <trkpt lat="-6.8740660" lon="109.1090600">
    <ele>6.1</ele>
    <time>2025-04-05T00:17:54Z</time>
   </trkpt>
   <trkpt lat="-6.8740590" lon="109.1090920">
    <ele>6.1</ele>
    <time>2025-04-05T00:17:55Z</time>
   </trkpt>
   <trkpt lat="-6.8740470" lon="109.1091330">
    <ele>6.1</ele>
    <time>2025-04-05T00:17:56Z</time>
   </trkpt>
   <trkpt lat="-6.8740290" lon="109.1091790">
    <ele>6.1</ele>
    <time>2025-04-05T00:17:57Z</time>
   </trkpt>
   <trkpt lat="-6.8740120" lon="109.1092250">
    <ele>6.1</ele>
    <time>2025-04-05T00:17:58Z</time>
   </trkpt>
   <trkpt lat="-6.8740020" lon="109.1092640">
    <ele>6.1</ele>
    <time>2025-04-05T00:17:59Z</time>
   </trkpt>
   <trkpt lat="-6.8739890" lon="109.1093010">
    <ele>6.1</ele>
    <time>2025-04-05T00:18:00Z</time>
   </trkpt>
   <trkpt lat="-6.8739750" lon="109.1093330">
    <ele>6.1</ele>
    <time>2025-04-05T00:18:01Z</time>
   </trkpt>
   <trkpt lat="-6.8739600" lon="109.1093590">
    <ele>6.1</ele>
    <time>2025-04-05T00:18:02Z</time>
   </trkpt>
   <trkpt lat="-6.8739410" lon="109.1093890">
    <ele>6.1</ele>
    <time>2025-04-05T00:18:03Z</time>
   </trkpt>
   <trkpt lat="-6.8739310" lon="109.1094210">
    <ele>6.1</ele>
    <time>2025-04-05T00:18:04Z</time>
   </trkpt>
   <trkpt lat="-6.8739230" lon="109.1094580">
    <ele>6.1</ele>
    <time>2025-04-05T00:18:05Z</time>
   </trkpt>
   <trkpt lat="-6.8739160" lon="109.1094940">
    <ele>6.0</ele>
    <time>2025-04-05T00:18:06Z</time>
   </trkpt>
   <trkpt lat="-6.8739080" lon="109.1095310">
    <ele>6.0</ele>
    <time>2025-04-05T00:18:07Z</time>
   </trkpt>
   <trkpt lat="-6.8739000" lon="109.1095670">
    <ele>6.0</ele>
    <time>2025-04-05T00:18:08Z</time>
   </trkpt>
   <trkpt lat="-6.8738870" lon="109.1096030">
    <ele>6.0</ele>
    <time>2025-04-05T00:18:09Z</time>
   </trkpt>
   <trkpt lat="-6.8738770" lon="109.1096390">
    <ele>6.0</ele>
    <time>2025-04-05T00:18:10Z</time>
   </trkpt>
   <trkpt lat="-6.8738630" lon="109.1096740">
    <ele>6.0</ele>
    <time>2025-04-05T00:18:11Z</time>
   </trkpt>
   <trkpt lat="-6.8738510" lon="109.1097080">
    <ele>6.0</ele>
    <time>2025-04-05T00:18:12Z</time>
   </trkpt>
   <trkpt lat="-6.8738440" lon="109.1097390">
    <ele>6.0</ele>
    <time>2025-04-05T00:18:13Z</time>
   </trkpt>
   <trkpt lat="-6.8738360" lon="109.1097700">
    <ele>6.0</ele>
    <time>2025-04-05T00:18:14Z</time>
   </trkpt>
   <trkpt lat="-6.8738270" lon="109.1098060">
    <ele>6.0</ele>
    <time>2025-04-05T00:18:15Z</time>
   </trkpt>
   <trkpt lat="-6.8738180" lon="109.1098470">
    <ele>6.0</ele>
    <time>2025-04-05T00:18:16Z</time>
   </trkpt>
   <trkpt lat="-6.8738030" lon="109.1098830">
    <ele>6.0</ele>
    <time>2025-04-05T00:18:17Z</time>
   </trkpt>
   <trkpt lat="-6.8737820" lon="109.1099180">
    <ele>6.0</ele>
    <time>2025-04-05T00:18:18Z</time>
   </trkpt>
   <trkpt lat="-6.8737640" lon="109.1099510">
    <ele>6.0</ele>
    <time>2025-04-05T00:18:19Z</time>
   </trkpt>
   <trkpt lat="-6.8737490" lon="109.1099900">
    <ele>6.0</ele>
    <time>2025-04-05T00:18:20Z</time>
   </trkpt>
   <trkpt lat="-6.8737350" lon="109.1100300">
    <ele>6.0</ele>
    <time>2025-04-05T00:18:21Z</time>
   </trkpt>
   <trkpt lat="-6.8737220" lon="109.1100730">
    <ele>6.0</ele>
    <time>2025-04-05T00:18:22Z</time>
   </trkpt>
   <trkpt lat="-6.8737040" lon="109.1101170">
    <ele>6.0</ele>
    <time>2025-04-05T00:18:23Z</time>
   </trkpt>
   <trkpt lat="-6.8736870" lon="109.1101550">
    <ele>6.0</ele>
    <time>2025-04-05T00:18:24Z</time>
   </trkpt>
   <trkpt lat="-6.8736740" lon="109.1101910">
    <ele>5.9</ele>
    <time>2025-04-05T00:18:25Z</time>
   </trkpt>
   <trkpt lat="-6.8736630" lon="109.1102300">
    <ele>5.9</ele>
    <time>2025-04-05T00:18:26Z</time>
   </trkpt>
   <trkpt lat="-6.8736540" lon="109.1102730">
    <ele>5.9</ele>
    <time>2025-04-05T00:18:27Z</time>
   </trkpt>
   <trkpt lat="-6.8736470" lon="109.1103150">
    <ele>5.9</ele>
    <time>2025-04-05T00:18:28Z</time>
   </trkpt>
   <trkpt lat="-6.8736050" lon="109.1104350">
    <ele>5.9</ele>
    <time>2025-04-05T00:18:31Z</time>
   </trkpt>
   <trkpt lat="-6.8736450" lon="109.1105680">
    <ele>5.9</ele>
    <time>2025-04-05T00:18:39Z</time>
   </trkpt>
   <trkpt lat="-6.8738290" lon="109.1105020">
    <ele>5.9</ele>
    <time>2025-04-05T00:18:45Z</time>
   </trkpt>
   <trkpt lat="-6.8734380" lon="109.1110010">
    <ele>5.9</ele>
    <time>2025-04-05T00:18:47Z</time>
   </trkpt>
   <trkpt lat="-6.8734320" lon="109.1110190">
    <ele>5.9</ele>
    <time>2025-04-05T00:18:48Z</time>
   </trkpt>
   <trkpt lat="-6.8734230" lon="109.1110520">
    <ele>5.9</ele>
    <time>2025-04-05T00:18:49Z</time>
   </trkpt>
   <trkpt lat="-6.8734100" lon="109.1110920">
    <ele>5.9</ele>
    <time>2025-04-05T00:18:50Z</time>
   </trkpt>
   <trkpt lat="-6.8733950" lon="109.1111320">
    <ele>5.9</ele>
    <time>2025-04-05T00:18:51Z</time>
   </trkpt>
   <trkpt lat="-6.8733810" lon="109.1111630">
    <ele>5.9</ele>
    <time>2025-04-05T00:18:52Z</time>
   </trkpt>
   <trkpt lat="-6.8733640" lon="109.1112000">
    <ele>5.9</ele>
    <time>2025-04-05T00:18:53Z</time>
   </trkpt>
   <trkpt lat="-6.8733470" lon="109.1112350">
    <ele>5.9</ele>
    <time>2025-04-05T00:18:54Z</time>
   </trkpt>
   <trkpt lat="-6.8733320" lon="109.1112700">
    <ele>5.9</ele>
    <time>2025-04-05T00:18:55Z</time>
   </trkpt>
   <trkpt lat="-6.8733160" lon="109.1113060">
    <ele>5.9</ele>
    <time>2025-04-05T00:18:56Z</time>
   </trkpt>
   <trkpt lat="-6.8733030" lon="109.1113390">
    <ele>5.9</ele>
    <time>2025-04-05T00:18:57Z</time>
   </trkpt>
   <trkpt lat="-6.8732920" lon="109.1113750">
    <ele>5.9</ele>
    <time>2025-04-05T00:18:58Z</time>
   </trkpt>
   <trkpt lat="-6.8732790" lon="109.1114130">
    <ele>5.9</ele>
    <time>2025-04-05T00:18:59Z</time>
   </trkpt>
   <trkpt lat="-6.8732660" lon="109.1114520">
    <ele>5.9</ele>
    <time>2025-04-05T00:19:00Z</time>
   </trkpt>
   <trkpt lat="-6.8732520" lon="109.1114900">
    <ele>5.9</ele>
    <time>2025-04-05T00:19:01Z</time>
   </trkpt>
   <trkpt lat="-6.8732400" lon="109.1115220">
    <ele>5.9</ele>
    <time>2025-04-05T00:19:02Z</time>
   </trkpt>
   <trkpt lat="-6.8732270" lon="109.1115530">
    <ele>5.9</ele>
    <time>2025-04-05T00:19:03Z</time>
   </trkpt>
   <trkpt lat="-6.8732140" lon="109.1115830">
    <ele>5.9</ele>
    <time>2025-04-05T00:19:04Z</time>
   </trkpt>
   <trkpt lat="-6.8732000" lon="109.1116160">
    <ele>5.9</ele>
    <time>2025-04-05T00:19:05Z</time>
   </trkpt>
   <trkpt lat="-6.8731880" lon="109.1116480">
    <ele>5.9</ele>
    <time>2025-04-05T00:19:06Z</time>
   </trkpt>
   <trkpt lat="-6.8731750" lon="109.1116830">
    <ele>6.0</ele>
    <time>2025-04-05T00:19:07Z</time>
   </trkpt>
   <trkpt lat="-6.8731640" lon="109.1117160">
    <ele>6.0</ele>
    <time>2025-04-05T00:19:08Z</time>
   </trkpt>
   <trkpt lat="-6.8731540" lon="109.1117500">
    <ele>6.0</ele>
    <time>2025-04-05T00:19:09Z</time>
   </trkpt>
   <trkpt lat="-6.8731440" lon="109.1117820">
    <ele>6.0</ele>
    <time>2025-04-05T00:19:10Z</time>
   </trkpt>
   <trkpt lat="-6.8731380" lon="109.1118120">
    <ele>6.0</ele>
    <time>2025-04-05T00:19:11Z</time>
   </trkpt>
   <trkpt lat="-6.8731250" lon="109.1118420">
    <ele>6.0</ele>
    <time>2025-04-05T00:19:12Z</time>
   </trkpt>
   <trkpt lat="-6.8731080" lon="109.1118710">
    <ele>6.0</ele>
    <time>2025-04-05T00:19:13Z</time>
   </trkpt>
   <trkpt lat="-6.8730880" lon="109.1119030">
    <ele>6.0</ele>
    <time>2025-04-05T00:19:14Z</time>
   </trkpt>
   <trkpt lat="-6.8730720" lon="109.1119360">
    <ele>6.0</ele>
    <time>2025-04-05T00:19:15Z</time>
   </trkpt>
   <trkpt lat="-6.8730600" lon="109.1119710">
    <ele>6.0</ele>
    <time>2025-04-05T00:19:16Z</time>
   </trkpt>
   <trkpt lat="-6.8730490" lon="109.1120040">
    <ele>6.0</ele>
    <time>2025-04-05T00:19:17Z</time>
   </trkpt>
   <trkpt lat="-6.8730360" lon="109.1120400">
    <ele>5.9</ele>
    <time>2025-04-05T00:19:18Z</time>
   </trkpt>
   <trkpt lat="-6.8730210" lon="109.1120750">
    <ele>5.9</ele>
    <time>2025-04-05T00:19:19Z</time>
   </trkpt>
   <trkpt lat="-6.8729950" lon="109.1121180">
    <ele>5.9</ele>
    <time>2025-04-05T00:19:20Z</time>
   </trkpt>
   <trkpt lat="-6.8729730" lon="109.1121570">
    <ele>5.9</ele>
    <time>2025-04-05T00:19:21Z</time>
   </trkpt>
   <trkpt lat="-6.8729520" lon="109.1121950">
    <ele>5.9</ele>
    <time>2025-04-05T00:19:22Z</time>
   </trkpt>
   <trkpt lat="-6.8729250" lon="109.1122330">
    <ele>5.9</ele>
    <time>2025-04-05T00:19:23Z</time>
   </trkpt>
   <trkpt lat="-6.8729020" lon="109.1122720">
    <ele>5.9</ele>
    <time>2025-04-05T00:19:24Z</time>
   </trkpt>
   <trkpt lat="-6.8728780" lon="109.1123030">
    <ele>6.0</ele>
    <time>2025-04-05T00:19:25Z</time>
   </trkpt>
   <trkpt lat="-6.8728590" lon="109.1123340">
    <ele>6.0</ele>
    <time>2025-04-05T00:19:26Z</time>
   </trkpt>
   <trkpt lat="-6.8728430" lon="109.1123650">
    <ele>6.0</ele>
    <time>2025-04-05T00:19:27Z</time>
   </trkpt>
   <trkpt lat="-6.8728300" lon="109.1123940">
    <ele>6.0</ele>
    <time>2025-04-05T00:19:28Z</time>
   </trkpt>
   <trkpt lat="-6.8728180" lon="109.1124250">
    <ele>6.0</ele>
    <time>2025-04-05T00:19:29Z</time>
   </trkpt>
   <trkpt lat="-6.8728040" lon="109.1124560">
    <ele>6.0</ele>
    <time>2025-04-05T00:19:30Z</time>
   </trkpt>
   <trkpt lat="-6.8727910" lon="109.1124850">
    <ele>6.0</ele>
    <time>2025-04-05T00:19:31Z</time>
   </trkpt>
   <trkpt lat="-6.8727720" lon="109.1125140">
    <ele>6.0</ele>
    <time>2025-04-05T00:19:32Z</time>
   </trkpt>
   <trkpt lat="-6.8727520" lon="109.1125420">
    <ele>6.0</ele>
    <time>2025-04-05T00:19:33Z</time>
   </trkpt>
   <trkpt lat="-6.8727280" lon="109.1125790">
    <ele>6.0</ele>
    <time>2025-04-05T00:19:34Z</time>
   </trkpt>
   <trkpt lat="-6.8727110" lon="109.1126100">
    <ele>6.0</ele>
    <time>2025-04-05T00:19:35Z</time>
   </trkpt>
   <trkpt lat="-6.8726910" lon="109.1126420">
    <ele>6.0</ele>
    <time>2025-04-05T00:19:36Z</time>
   </trkpt>
   <trkpt lat="-6.8726720" lon="109.1126740">
    <ele>6.0</ele>
    <time>2025-04-05T00:19:37Z</time>
   </trkpt>
   <trkpt lat="-6.8726550" lon="109.1127090">
    <ele>6.0</ele>
    <time>2025-04-05T00:19:38Z</time>
   </trkpt>
   <trkpt lat="-6.8726410" lon="109.1127450">
    <ele>6.0</ele>
    <time>2025-04-05T00:19:39Z</time>
   </trkpt>
   <trkpt lat="-6.8726270" lon="109.1127820">
    <ele>6.0</ele>
    <time>2025-04-05T00:19:40Z</time>
   </trkpt>
   <trkpt lat="-6.8726150" lon="109.1128160">
    <ele>6.0</ele>
    <time>2025-04-05T00:19:41Z</time>
   </trkpt>
   <trkpt lat="-6.8726010" lon="109.1128520">
    <ele>6.0</ele>
    <time>2025-04-05T00:19:42Z</time>
   </trkpt>
   <trkpt lat="-6.8725830" lon="109.1128910">
    <ele>6.0</ele>
    <time>2025-04-05T00:19:43Z</time>
   </trkpt>
   <trkpt lat="-6.8725660" lon="109.1129300">
    <ele>6.0</ele>
    <time>2025-04-05T00:19:44Z</time>
   </trkpt>
   <trkpt lat="-6.8725460" lon="109.1129690">
    <ele>6.0</ele>
    <time>2025-04-05T00:19:45Z</time>
   </trkpt>
   <trkpt lat="-6.8725290" lon="109.1130070">
    <ele>6.0</ele>
    <time>2025-04-05T00:19:46Z</time>
   </trkpt>
   <trkpt lat="-6.8725100" lon="109.1130400">
    <ele>6.0</ele>
    <time>2025-04-05T00:19:47Z</time>
   </trkpt>
   <trkpt lat="-6.8724870" lon="109.1130720">
    <ele>6.0</ele>
    <time>2025-04-05T00:19:48Z</time>
   </trkpt>
   <trkpt lat="-6.8724700" lon="109.1131010">
    <ele>6.0</ele>
    <time>2025-04-05T00:19:49Z</time>
   </trkpt>
   <trkpt lat="-6.8724490" lon="109.1131350">
    <ele>6.0</ele>
    <time>2025-04-05T00:19:50Z</time>
   </trkpt>
   <trkpt lat="-6.8724230" lon="109.1131720">
    <ele>6.0</ele>
    <time>2025-04-05T00:19:51Z</time>
   </trkpt>
   <trkpt lat="-6.8723970" lon="109.1132040">
    <ele>6.0</ele>
    <time>2025-04-05T00:19:52Z</time>
   </trkpt>
   <trkpt lat="-6.8723730" lon="109.1132330">
    <ele>6.0</ele>
    <time>2025-04-05T00:19:53Z</time>
   </trkpt>
   <trkpt lat="-6.8723520" lon="109.1132620">
    <ele>6.0</ele>
    <time>2025-04-05T00:19:54Z</time>
   </trkpt>
   <trkpt lat="-6.8723320" lon="109.1132940">
    <ele>6.0</ele>
    <time>2025-04-05T00:19:55Z</time>
   </trkpt>
   <trkpt lat="-6.8723120" lon="109.1133280">
    <ele>6.0</ele>
    <time>2025-04-05T00:19:56Z</time>
   </trkpt>
   <trkpt lat="-6.8722880" lon="109.1133600">
    <ele>6.0</ele>
    <time>2025-04-05T00:19:57Z</time>
   </trkpt>
   <trkpt lat="-6.8722650" lon="109.1133930">
    <ele>6.0</ele>
    <time>2025-04-05T00:19:58Z</time>
   </trkpt>
   <trkpt lat="-6.8722400" lon="109.1134270">
    <ele>6.0</ele>
    <time>2025-04-05T00:19:59Z</time>
   </trkpt>
   <trkpt lat="-6.8722220" lon="109.1134570">
    <ele>6.0</ele>
    <time>2025-04-05T00:20:00Z</time>
   </trkpt>
   <trkpt lat="-6.8722020" lon="109.1134920">
    <ele>6.0</ele>
    <time>2025-04-05T00:20:01Z</time>
   </trkpt>
   <trkpt lat="-6.8721850" lon="109.1135270">
    <ele>6.0</ele>
    <time>2025-04-05T00:20:02Z</time>
   </trkpt>
   <trkpt lat="-6.8721660" lon="109.1135630">
    <ele>6.0</ele>
    <time>2025-04-05T00:20:03Z</time>
   </trkpt>
   <trkpt lat="-6.8721460" lon="109.1135980">
    <ele>6.0</ele>
    <time>2025-04-05T00:20:04Z</time>
   </trkpt>
   <trkpt lat="-6.8721200" lon="109.1136370">
    <ele>6.0</ele>
    <time>2025-04-05T00:20:05Z</time>
   </trkpt>
   <trkpt lat="-6.8720980" lon="109.1136730">
    <ele>6.0</ele>
    <time>2025-04-05T00:20:06Z</time>
   </trkpt>
   <trkpt lat="-6.8720800" lon="109.1137110">
    <ele>6.0</ele>
    <time>2025-04-05T00:20:07Z</time>
   </trkpt>
   <trkpt lat="-6.8720590" lon="109.1137470">
    <ele>6.0</ele>
    <time>2025-04-05T00:20:08Z</time>
   </trkpt>
   <trkpt lat="-6.8720390" lon="109.1137810">
    <ele>6.1</ele>
    <time>2025-04-05T00:20:09Z</time>
   </trkpt>
   <trkpt lat="-6.8720250" lon="109.1138110">
    <ele>6.1</ele>
    <time>2025-04-05T00:20:10Z</time>
   </trkpt>
   <trkpt lat="-6.8720120" lon="109.1138370">
    <ele>6.1</ele>
    <time>2025-04-05T00:20:11Z</time>
   </trkpt>
   <trkpt lat="-6.8719990" lon="109.1138650">
    <ele>6.1</ele>
    <time>2025-04-05T00:20:12Z</time>
   </trkpt>
   <trkpt lat="-6.8719810" lon="109.1138940">
    <ele>6.1</ele>
    <time>2025-04-05T00:20:13Z</time>
   </trkpt>
   <trkpt lat="-6.8719600" lon="109.1139250">
    <ele>6.1</ele>
    <time>2025-04-05T00:20:14Z</time>
   </trkpt>
   <trkpt lat="-6.8719390" lon="109.1139570">
    <ele>6.1</ele>
    <time>2025-04-05T00:20:15Z</time>
   </trkpt>
   <trkpt lat="-6.8719210" lon="109.1139940">
    <ele>6.1</ele>
    <time>2025-04-05T00:20:16Z</time>
   </trkpt>
   <trkpt lat="-6.8719040" lon="109.1140310">
    <ele>6.2</ele>
    <time>2025-04-05T00:20:17Z</time>
   </trkpt>
   <trkpt lat="-6.8718880" lon="109.1140630">
    <ele>6.2</ele>
    <time>2025-04-05T00:20:18Z</time>
   </trkpt>
   <trkpt lat="-6.8718760" lon="109.1140950">
    <ele>6.2</ele>
    <time>2025-04-05T00:20:19Z</time>
   </trkpt>
   <trkpt lat="-6.8718600" lon="109.1141290">
    <ele>6.2</ele>
    <time>2025-04-05T00:20:20Z</time>
   </trkpt>
   <trkpt lat="-6.8718430" lon="109.1141600">
    <ele>6.2</ele>
    <time>2025-04-05T00:20:21Z</time>
   </trkpt>
   <trkpt lat="-6.8718240" lon="109.1141880">
    <ele>6.3</ele>
    <time>2025-04-05T00:20:22Z</time>
   </trkpt>
   <trkpt lat="-6.8718060" lon="109.1142180">
    <ele>6.3</ele>
    <time>2025-04-05T00:20:23Z</time>
   </trkpt>
   <trkpt lat="-6.8717910" lon="109.1142480">
    <ele>6.3</ele>
    <time>2025-04-05T00:20:24Z</time>
   </trkpt>
   <trkpt lat="-6.8717760" lon="109.1142760">
    <ele>6.3</ele>
    <time>2025-04-05T00:20:25Z</time>
   </trkpt>
   <trkpt lat="-6.8717620" lon="109.1143010">
    <ele>6.3</ele>
    <time>2025-04-05T00:20:26Z</time>
   </trkpt>
   <trkpt lat="-6.8717480" lon="109.1143290">
    <ele>6.3</ele>
    <time>2025-04-05T00:20:27Z</time>
   </trkpt>
   <trkpt lat="-6.8717350" lon="109.1143600">
    <ele>6.3</ele>
    <time>2025-04-05T00:20:28Z</time>
   </trkpt>
   <trkpt lat="-6.8717180" lon="109.1143930">
    <ele>6.3</ele>
    <time>2025-04-05T00:20:29Z</time>
   </trkpt>
   <trkpt lat="-6.8716980" lon="109.1144270">
    <ele>6.3</ele>
    <time>2025-04-05T00:20:30Z</time>
   </trkpt>
   <trkpt lat="-6.8716790" lon="109.1144580">
    <ele>6.2</ele>
    <time>2025-04-05T00:20:31Z</time>
   </trkpt>
   <trkpt lat="-6.8716580" lon="109.1144930">
    <ele>6.2</ele>
    <time>2025-04-05T00:20:32Z</time>
   </trkpt>
   <trkpt lat="-6.8716370" lon="109.1145220">
    <ele>6.2</ele>
    <time>2025-04-05T00:20:33Z</time>
   </trkpt>
   <trkpt lat="-6.8716160" lon="109.1145470">
    <ele>6.2</ele>
    <time>2025-04-05T00:20:34Z</time>
   </trkpt>
   <trkpt lat="-6.8715930" lon="109.1145840">
    <ele>6.2</ele>
    <time>2025-04-05T00:20:35Z</time>
   </trkpt>
   <trkpt lat="-6.8715850" lon="109.1145990">
    <ele>6.2</ele>
    <time>2025-04-05T00:20:36Z</time>
   </trkpt>
   <trkpt lat="-6.8715680" lon="109.1146320">
    <ele>6.1</ele>
    <time>2025-04-05T00:20:37Z</time>
   </trkpt>
   <trkpt lat="-6.8715490" lon="109.1146690">
    <ele>6.1</ele>
    <time>2025-04-05T00:20:38Z</time>
   </trkpt>
   <trkpt lat="-6.8715290" lon="109.1147040">
    <ele>6.1</ele>
    <time>2025-04-05T00:20:39Z</time>
   </trkpt>
   <trkpt lat="-6.8715090" lon="109.1147400">
    <ele>6.1</ele>
    <time>2025-04-05T00:20:40Z</time>
   </trkpt>
   <trkpt lat="-6.8714840" lon="109.1147790">
    <ele>6.0</ele>
    <time>2025-04-05T00:20:41Z</time>
   </trkpt>
   <trkpt lat="-6.8714590" lon="109.1148250">
    <ele>6.0</ele>
    <time>2025-04-05T00:20:42Z</time>
   </trkpt>
   <trkpt lat="-6.8714390" lon="109.1148700">
    <ele>6.0</ele>
    <time>2025-04-05T00:20:43Z</time>
   </trkpt>
   <trkpt lat="-6.8714170" lon="109.1149090">
    <ele>6.0</ele>
    <time>2025-04-05T00:20:44Z</time>
   </trkpt>
   <trkpt lat="-6.8713930" lon="109.1149460">
    <ele>6.1</ele>
    <time>2025-04-05T00:20:45Z</time>
   </trkpt>
   <trkpt lat="-6.8713710" lon="109.1149810">
    <ele>6.1</ele>
    <time>2025-04-05T00:20:46Z</time>
   </trkpt>
   <trkpt lat="-6.8713530" lon="109.1150150">
    <ele>6.1</ele>
    <time>2025-04-05T00:20:47Z</time>
   </trkpt>
   <trkpt lat="-6.8713370" lon="109.1150460">
    <ele>6.1</ele>
    <time>2025-04-05T00:20:48Z</time>
   </trkpt>
   <trkpt lat="-6.8713180" lon="109.1150790">
    <ele>6.1</ele>
    <time>2025-04-05T00:20:49Z</time>
   </trkpt>
   <trkpt lat="-6.8712960" lon="109.1151120">
    <ele>6.1</ele>
    <time>2025-04-05T00:20:50Z</time>
   </trkpt>
   <trkpt lat="-6.8712710" lon="109.1151380">
    <ele>6.1</ele>
    <time>2025-04-05T00:20:51Z</time>
   </trkpt>
   <trkpt lat="-6.8712500" lon="109.1151690">
    <ele>6.1</ele>
    <time>2025-04-05T00:20:52Z</time>
   </trkpt>
   <trkpt lat="-6.8712330" lon="109.1152030">
    <ele>6.1</ele>
    <time>2025-04-05T00:20:53Z</time>
   </trkpt>
   <trkpt lat="-6.8712200" lon="109.1152430">
    <ele>6.1</ele>
    <time>2025-04-05T00:20:54Z</time>
   </trkpt>
   <trkpt lat="-6.8712040" lon="109.1152850">
    <ele>6.1</ele>
    <time>2025-04-05T00:20:55Z</time>
   </trkpt>
   <trkpt lat="-6.8711900" lon="109.1153230">
    <ele>6.1</ele>
    <time>2025-04-05T00:20:56Z</time>
   </trkpt>
   <trkpt lat="-6.8711730" lon="109.1153600">
    <ele>6.1</ele>
    <time>2025-04-05T00:20:57Z</time>
   </trkpt>
   <trkpt lat="-6.8711590" lon="109.1153990">
    <ele>6.1</ele>
    <time>2025-04-05T00:20:58Z</time>
   </trkpt>
   <trkpt lat="-6.8711430" lon="109.1154390">
    <ele>6.2</ele>
    <time>2025-04-05T00:20:59Z</time>
   </trkpt>
   <trkpt lat="-6.8711290" lon="109.1154740">
    <ele>6.2</ele>
    <time>2025-04-05T00:21:00Z</time>
   </trkpt>
   <trkpt lat="-6.8711140" lon="109.1155050">
    <ele>6.2</ele>
    <time>2025-04-05T00:21:01Z</time>
   </trkpt>
   <trkpt lat="-6.8710960" lon="109.1155380">
    <ele>6.2</ele>
    <time>2025-04-05T00:21:02Z</time>
   </trkpt>
   <trkpt lat="-6.8710770" lon="109.1155700">
    <ele>6.2</ele>
    <time>2025-04-05T00:21:03Z</time>
   </trkpt>
   <trkpt lat="-6.8710540" lon="109.1156050">
    <ele>6.1</ele>
    <time>2025-04-05T00:21:04Z</time>
   </trkpt>
   <trkpt lat="-6.8710300" lon="109.1156430">
    <ele>6.1</ele>
    <time>2025-04-05T00:21:05Z</time>
   </trkpt>
   <trkpt lat="-6.8710050" lon="109.1156830">
    <ele>6.1</ele>
    <time>2025-04-05T00:21:06Z</time>
   </trkpt>
   <trkpt lat="-6.8709820" lon="109.1157200">
    <ele>6.1</ele>
    <time>2025-04-05T00:21:07Z</time>
   </trkpt>
   <trkpt lat="-6.8709630" lon="109.1157540">
    <ele>6.1</ele>
    <time>2025-04-05T00:21:08Z</time>
   </trkpt>
   <trkpt lat="-6.8709490" lon="109.1157850">
    <ele>6.1</ele>
    <time>2025-04-05T00:21:09Z</time>
   </trkpt>
   <trkpt lat="-6.8709370" lon="109.1158150">
    <ele>6.1</ele>
    <time>2025-04-05T00:21:10Z</time>
   </trkpt>
   <trkpt lat="-6.8709230" lon="109.1158450">
    <ele>6.2</ele>
    <time>2025-04-05T00:21:11Z</time>
   </trkpt>
   <trkpt lat="-6.8709070" lon="109.1158800">
    <ele>6.2</ele>
    <time>2025-04-05T00:21:12Z</time>
   </trkpt>
   <trkpt lat="-6.8708850" lon="109.1159140">
    <ele>6.2</ele>
    <time>2025-04-05T00:21:13Z</time>
   </trkpt>
   <trkpt lat="-6.8708640" lon="109.1159500">
    <ele>6.2</ele>
    <time>2025-04-05T00:21:14Z</time>
   </trkpt>
   <trkpt lat="-6.8708420" lon="109.1159860">
    <ele>6.2</ele>
    <time>2025-04-05T00:21:15Z</time>
   </trkpt>
   <trkpt lat="-6.8708210" lon="109.1160230">
    <ele>6.2</ele>
    <time>2025-04-05T00:21:16Z</time>
   </trkpt>
   <trkpt lat="-6.8708020" lon="109.1160580">
    <ele>6.2</ele>
    <time>2025-04-05T00:21:17Z</time>
   </trkpt>
   <trkpt lat="-6.8707860" lon="109.1160890">
    <ele>6.2</ele>
    <time>2025-04-05T00:21:18Z</time>
   </trkpt>
   <trkpt lat="-6.8707690" lon="109.1161250">
    <ele>6.2</ele>
    <time>2025-04-05T00:21:19Z</time>
   </trkpt>
   <trkpt lat="-6.8707500" lon="109.1161640">
    <ele>6.2</ele>
    <time>2025-04-05T00:21:20Z</time>
   </trkpt>
   <trkpt lat="-6.8707280" lon="109.1162030">
    <ele>6.2</ele>
    <time>2025-04-05T00:21:21Z</time>
   </trkpt>
   <trkpt lat="-6.8707040" lon="109.1162420">
    <ele>6.2</ele>
    <time>2025-04-05T00:21:22Z</time>
   </trkpt>
   <trkpt lat="-6.8706820" lon="109.1162800">
    <ele>6.2</ele>
    <time>2025-04-05T00:21:23Z</time>
   </trkpt>
   <trkpt lat="-6.8706650" lon="109.1163130">
    <ele>6.2</ele>
    <time>2025-04-05T00:21:24Z</time>
   </trkpt>
   <trkpt lat="-6.8706480" lon="109.1163450">
    <ele>6.2</ele>
    <time>2025-04-05T00:21:25Z</time>
   </trkpt>
   <trkpt lat="-6.8706330" lon="109.1163750">
    <ele>6.2</ele>
    <time>2025-04-05T00:21:26Z</time>
   </trkpt>
   <trkpt lat="-6.8706180" lon="109.1164080">
    <ele>6.2</ele>
    <time>2025-04-05T00:21:27Z</time>
   </trkpt>
   <trkpt lat="-6.8706020" lon="109.1164420">
    <ele>6.2</ele>
    <time>2025-04-05T00:21:28Z</time>
   </trkpt>
   <trkpt lat="-6.8705840" lon="109.1164750">
    <ele>6.2</ele>
    <time>2025-04-05T00:21:29Z</time>
   </trkpt>
   <trkpt lat="-6.8705620" lon="109.1165120">
    <ele>6.2</ele>
    <time>2025-04-05T00:21:30Z</time>
   </trkpt>
   <trkpt lat="-6.8705420" lon="109.1165480">
    <ele>6.2</ele>
    <time>2025-04-05T00:21:31Z</time>
   </trkpt>
   <trkpt lat="-6.8705250" lon="109.1165850">
    <ele>6.2</ele>
    <time>2025-04-05T00:21:32Z</time>
   </trkpt>
   <trkpt lat="-6.8705110" lon="109.1166200">
    <ele>6.2</ele>
    <time>2025-04-05T00:21:33Z</time>
   </trkpt>
   <trkpt lat="-6.8704970" lon="109.1166530">
    <ele>6.2</ele>
    <time>2025-04-05T00:21:34Z</time>
   </trkpt>
   <trkpt lat="-6.8704810" lon="109.1166860">
    <ele>6.2</ele>
    <time>2025-04-05T00:21:35Z</time>
   </trkpt>
   <trkpt lat="-6.8704620" lon="109.1167220">
    <ele>6.1</ele>
    <time>2025-04-05T00:21:36Z</time>
   </trkpt>
   <trkpt lat="-6.8704400" lon="109.1167590">
    <ele>6.1</ele>
    <time>2025-04-05T00:21:37Z</time>
   </trkpt>
   <trkpt lat="-6.8704200" lon="109.1167930">
    <ele>6.1</ele>
    <time>2025-04-05T00:21:38Z</time>
   </trkpt>
   <trkpt lat="-6.8703980" lon="109.1168260">
    <ele>6.1</ele>
    <time>2025-04-05T00:21:39Z</time>
   </trkpt>
   <trkpt lat="-6.8703770" lon="109.1168570">
    <ele>6.1</ele>
    <time>2025-04-05T00:21:40Z</time>
   </trkpt>
   <trkpt lat="-6.8703580" lon="109.1168870">
    <ele>6.1</ele>
    <time>2025-04-05T00:21:41Z</time>
   </trkpt>
   <trkpt lat="-6.8703400" lon="109.1169200">
    <ele>6.1</ele>
    <time>2025-04-05T00:21:42Z</time>
   </trkpt>
   <trkpt lat="-6.8703230" lon="109.1169560">
    <ele>6.1</ele>
    <time>2025-04-05T00:21:43Z</time>
   </trkpt>
   <trkpt lat="-6.8703030" lon="109.1169970">
    <ele>6.1</ele>
    <time>2025-04-05T00:21:44Z</time>
   </trkpt>
   <trkpt lat="-6.8702800" lon="109.1170430">
    <ele>6.1</ele>
    <time>2025-04-05T00:21:45Z</time>
   </trkpt>
   <trkpt lat="-6.8702580" lon="109.1170880">
    <ele>6.2</ele>
    <time>2025-04-05T00:21:46Z</time>
   </trkpt>
   <trkpt lat="-6.8702380" lon="109.1171240">
    <ele>6.2</ele>
    <time>2025-04-05T00:21:47Z</time>
   </trkpt>
   <trkpt lat="-6.8702220" lon="109.1171560">
    <ele>6.2</ele>
    <time>2025-04-05T00:21:48Z</time>
   </trkpt>
   <trkpt lat="-6.8702060" lon="109.1171890">
    <ele>6.2</ele>
    <time>2025-04-05T00:21:49Z</time>
   </trkpt>
   <trkpt lat="-6.8701860" lon="109.1172220">
    <ele>6.2</ele>
    <time>2025-04-05T00:21:50Z</time>
   </trkpt>
   <trkpt lat="-6.8701660" lon="109.1172540">
    <ele>6.2</ele>
    <time>2025-04-05T00:21:51Z</time>
   </trkpt>
   <trkpt lat="-6.8701450" lon="109.1172860">
    <ele>6.2</ele>
    <time>2025-04-05T00:21:52Z</time>
   </trkpt>
   <trkpt lat="-6.8701270" lon="109.1173170">
    <ele>6.2</ele>
    <time>2025-04-05T00:21:53Z</time>
   </trkpt>
   <trkpt lat="-6.8701100" lon="109.1173480">
    <ele>6.2</ele>
    <time>2025-04-05T00:21:54Z</time>
   </trkpt>
   <trkpt lat="-6.8700970" lon="109.1173790">
    <ele>6.2</ele>
    <time>2025-04-05T00:21:55Z</time>
   </trkpt>
   <trkpt lat="-6.8700850" lon="109.1174130">
    <ele>6.3</ele>
    <time>2025-04-05T00:21:56Z</time>
   </trkpt>
   <trkpt lat="-6.8700720" lon="109.1174470">
    <ele>6.3</ele>
    <time>2025-04-05T00:21:57Z</time>
   </trkpt>
   <trkpt lat="-6.8700560" lon="109.1174860">
    <ele>6.3</ele>
    <time>2025-04-05T00:21:58Z</time>
   </trkpt>
   <trkpt lat="-6.8700410" lon="109.1175250">
    <ele>6.3</ele>
    <time>2025-04-05T00:21:59Z</time>
   </trkpt>
   <trkpt lat="-6.8700260" lon="109.1175650">
    <ele>6.2</ele>
    <time>2025-04-05T00:22:00Z</time>
   </trkpt>
   <trkpt lat="-6.8700130" lon="109.1176020">
    <ele>6.2</ele>
    <time>2025-04-05T00:22:01Z</time>
   </trkpt>
   <trkpt lat="-6.8700020" lon="109.1176350">
    <ele>6.2</ele>
    <time>2025-04-05T00:22:02Z</time>
   </trkpt>
   <trkpt lat="-6.8699900" lon="109.1176670">
    <ele>6.2</ele>
    <time>2025-04-05T00:22:03Z</time>
   </trkpt>
   <trkpt lat="-6.8699780" lon="109.1176970">
    <ele>6.3</ele>
    <time>2025-04-05T00:22:04Z</time>
   </trkpt>
   <trkpt lat="-6.8699660" lon="109.1177240">
    <ele>6.3</ele>
    <time>2025-04-05T00:22:05Z</time>
   </trkpt>
   <trkpt lat="-6.8699520" lon="109.1177530">
    <ele>6.3</ele>
    <time>2025-04-05T00:22:06Z</time>
   </trkpt>
   <trkpt lat="-6.8699370" lon="109.1177900">
    <ele>6.3</ele>
    <time>2025-04-05T00:22:07Z</time>
   </trkpt>
   <trkpt lat="-6.8699220" lon="109.1178280">
    <ele>6.3</ele>
    <time>2025-04-05T00:22:08Z</time>
   </trkpt>
   <trkpt lat="-6.8699090" lon="109.1178650">
    <ele>6.3</ele>
    <time>2025-04-05T00:22:09Z</time>
   </trkpt>
   <trkpt lat="-6.8698920" lon="109.1179010">
    <ele>6.3</ele>
    <time>2025-04-05T00:22:10Z</time>
   </trkpt>
   <trkpt lat="-6.8698730" lon="109.1179350">
    <ele>6.4</ele>
    <time>2025-04-05T00:22:11Z</time>
   </trkpt>
   <trkpt lat="-6.8698540" lon="109.1179630">
    <ele>6.4</ele>
    <time>2025-04-05T00:22:12Z</time>
   </trkpt>
   <trkpt lat="-6.8698360" lon="109.1179890">
    <ele>6.4</ele>
    <time>2025-04-05T00:22:13Z</time>
   </trkpt>
   <trkpt lat="-6.8698220" lon="109.1180170">
    <ele>6.4</ele>
    <time>2025-04-05T00:22:14Z</time>
   </trkpt>
   <trkpt lat="-6.8698090" lon="109.1180440">
    <ele>6.4</ele>
    <time>2025-04-05T00:22:15Z</time>
   </trkpt>
   <trkpt lat="-6.8697940" lon="109.1180720">
    <ele>6.4</ele>
    <time>2025-04-05T00:22:16Z</time>
   </trkpt>
   <trkpt lat="-6.8697790" lon="109.1181020">
    <ele>6.4</ele>
    <time>2025-04-05T00:22:17Z</time>
   </trkpt>
   <trkpt lat="-6.8697620" lon="109.1181330">
    <ele>6.4</ele>
    <time>2025-04-05T00:22:18Z</time>
   </trkpt>
   <trkpt lat="-6.8697490" lon="109.1181670">
    <ele>6.4</ele>
    <time>2025-04-05T00:22:19Z</time>
   </trkpt>
   <trkpt lat="-6.8697330" lon="109.1182040">
    <ele>6.4</ele>
    <time>2025-04-05T00:22:20Z</time>
   </trkpt>
   <trkpt lat="-6.8697160" lon="109.1182400">
    <ele>6.4</ele>
    <time>2025-04-05T00:22:21Z</time>
   </trkpt>
   <trkpt lat="-6.8697000" lon="109.1182740">
    <ele>6.4</ele>
    <time>2025-04-05T00:22:22Z</time>
   </trkpt>
   <trkpt lat="-6.8696850" lon="109.1183130">
    <ele>6.4</ele>
    <time>2025-04-05T00:22:23Z</time>
   </trkpt>
   <trkpt lat="-6.8696660" lon="109.1183540">
    <ele>6.4</ele>
    <time>2025-04-05T00:22:24Z</time>
   </trkpt>
   <trkpt lat="-6.8696460" lon="109.1183990">
    <ele>6.4</ele>
    <time>2025-04-05T00:22:25Z</time>
   </trkpt>
   <trkpt lat="-6.8696270" lon="109.1184430">
    <ele>6.3</ele>
    <time>2025-04-05T00:22:26Z</time>
   </trkpt>
   <trkpt lat="-6.8696090" lon="109.1184850">
    <ele>6.3</ele>
    <time>2025-04-05T00:22:27Z</time>
   </trkpt>
   <trkpt lat="-6.8695920" lon="109.1185230">
    <ele>6.3</ele>
    <time>2025-04-05T00:22:28Z</time>
   </trkpt>
   <trkpt lat="-6.8695740" lon="109.1185570">
    <ele>6.3</ele>
    <time>2025-04-05T00:22:29Z</time>
   </trkpt>
   <trkpt lat="-6.8695530" lon="109.1185890">
    <ele>6.3</ele>
    <time>2025-04-05T00:22:30Z</time>
   </trkpt>
   <trkpt lat="-6.8695380" lon="109.1186180">
    <ele>6.2</ele>
    <time>2025-04-05T00:22:31Z</time>
   </trkpt>
   <trkpt lat="-6.8695250" lon="109.1186500">
    <ele>6.2</ele>
    <time>2025-04-05T00:22:32Z</time>
   </trkpt>
   <trkpt lat="-6.8695120" lon="109.1186870">
    <ele>6.2</ele>
    <time>2025-04-05T00:22:33Z</time>
   </trkpt>
   <trkpt lat="-6.8694970" lon="109.1187270">
    <ele>6.2</ele>
    <time>2025-04-05T00:22:34Z</time>
   </trkpt>
   <trkpt lat="-6.8694850" lon="109.1187650">
    <ele>6.2</ele>
    <time>2025-04-05T00:22:35Z</time>
   </trkpt>
   <trkpt lat="-6.8694710" lon="109.1188040">
    <ele>6.2</ele>
    <time>2025-04-05T00:22:36Z</time>
   </trkpt>
   <trkpt lat="-6.8694530" lon="109.1188410">
    <ele>6.1</ele>
    <time>2025-04-05T00:22:37Z</time>
   </trkpt>
   <trkpt lat="-6.8694330" lon="109.1188800">
    <ele>6.1</ele>
    <time>2025-04-05T00:22:38Z</time>
   </trkpt>
   <trkpt lat="-6.8694150" lon="109.1189190">
    <ele>6.1</ele>
    <time>2025-04-05T00:22:39Z</time>
   </trkpt>
   <trkpt lat="-6.8693990" lon="109.1189510">
    <ele>6.1</ele>
    <time>2025-04-05T00:22:40Z</time>
   </trkpt>
   <trkpt lat="-6.8693830" lon="109.1189800">
    <ele>6.1</ele>
    <time>2025-04-05T00:22:41Z</time>
   </trkpt>
   <trkpt lat="-6.8693640" lon="109.1190190">
    <ele>6.1</ele>
    <time>2025-04-05T00:22:42Z</time>
   </trkpt>
   <trkpt lat="-6.8693560" lon="109.1190330">
    <ele>6.1</ele>
    <time>2025-04-05T00:22:43Z</time>
   </trkpt>
   <trkpt lat="-6.8693410" lon="109.1190630">
    <ele>6.1</ele>
    <time>2025-04-05T00:22:44Z</time>
   </trkpt>
   <trkpt lat="-6.8693220" lon="109.1190980">
    <ele>6.1</ele>
    <time>2025-04-05T00:22:45Z</time>
   </trkpt>
   <trkpt lat="-6.8693040" lon="109.1191330">
    <ele>6.1</ele>
    <time>2025-04-05T00:22:46Z</time>
   </trkpt>
   <trkpt lat="-6.8692830" lon="109.1191710">
    <ele>6.1</ele>
    <time>2025-04-05T00:22:47Z</time>
   </trkpt>
   <trkpt lat="-6.8692650" lon="109.1192060">
    <ele>6.1</ele>
    <time>2025-04-05T00:22:48Z</time>
   </trkpt>
   <trkpt lat="-6.8692480" lon="109.1192390">
    <ele>6.1</ele>
    <time>2025-04-05T00:22:49Z</time>
   </trkpt>
   <trkpt lat="-6.8692310" lon="109.1192710">
    <ele>6.1</ele>
    <time>2025-04-05T00:22:50Z</time>
   </trkpt>
   <trkpt lat="-6.8692170" lon="109.1193030">
    <ele>6.1</ele>
    <time>2025-04-05T00:22:51Z</time>
   </trkpt>
   <trkpt lat="-6.8692030" lon="109.1193320">
    <ele>6.1</ele>
    <time>2025-04-05T00:22:52Z</time>
   </trkpt>
   <trkpt lat="-6.8691900" lon="109.1193650">
    <ele>6.1</ele>
    <time>2025-04-05T00:22:53Z</time>
   </trkpt>
   <trkpt lat="-6.8691770" lon="109.1193980">
    <ele>6.1</ele>
    <time>2025-04-05T00:22:54Z</time>
   </trkpt>
   <trkpt lat="-6.8691610" lon="109.1194310">
    <ele>6.1</ele>
    <time>2025-04-05T00:22:55Z</time>
   </trkpt>
   <trkpt lat="-6.8691500" lon="109.1194660">
    <ele>6.1</ele>
    <time>2025-04-05T00:22:56Z</time>
   </trkpt>
   <trkpt lat="-6.8691430" lon="109.1194980">
    <ele>6.1</ele>
    <time>2025-04-05T00:22:57Z</time>
   </trkpt>
   <trkpt lat="-6.8691370" lon="109.1195360">
    <ele>6.1</ele>
    <time>2025-04-05T00:22:58Z</time>
   </trkpt>
   <trkpt lat="-6.8691300" lon="109.1195780">
    <ele>6.0</ele>
    <time>2025-04-05T00:22:59Z</time>
   </trkpt>
   <trkpt lat="-6.8691170" lon="109.1196190">
    <ele>6.0</ele>
    <time>2025-04-05T00:23:00Z</time>
   </trkpt>
   <trkpt lat="-6.8691020" lon="109.1196570">
    <ele>6.0</ele>
    <time>2025-04-05T00:23:01Z</time>
   </trkpt>
   <trkpt lat="-6.8690890" lon="109.1196980">
    <ele>6.0</ele>
    <time>2025-04-05T00:23:02Z</time>
   </trkpt>
   <trkpt lat="-6.8690650" lon="109.1197600">
    <ele>6.0</ele>
    <time>2025-04-05T00:23:03Z</time>
   </trkpt>
   <trkpt lat="-6.8690520" lon="109.1197980">
    <ele>6.0</ele>
    <time>2025-04-05T00:23:04Z</time>
   </trkpt>
   <trkpt lat="-6.8690390" lon="109.1198330">
    <ele>6.0</ele>
    <time>2025-04-05T00:23:05Z</time>
   </trkpt>
   <trkpt lat="-6.8690250" lon="109.1198650">
    <ele>6.0</ele>
    <time>2025-04-05T00:23:06Z</time>
   </trkpt>
   <trkpt lat="-6.8690140" lon="109.1198970">
    <ele>6.0</ele>
    <time>2025-04-05T00:23:07Z</time>
   </trkpt>
   <trkpt lat="-6.8690010" lon="109.1199280">
    <ele>6.0</ele>
    <time>2025-04-05T00:23:08Z</time>
   </trkpt>
   <trkpt lat="-6.8689910" lon="109.1199600">
    <ele>6.0</ele>
    <time>2025-04-05T00:23:09Z</time>
   </trkpt>
   <trkpt lat="-6.8689810" lon="109.1199930">
    <ele>6.0</ele>
    <time>2025-04-05T00:23:10Z</time>
   </trkpt>
   <trkpt lat="-6.8689630" lon="109.1200290">
    <ele>6.0</ele>
    <time>2025-04-05T00:23:11Z</time>
   </trkpt>
   <trkpt lat="-6.8689440" lon="109.1200630">
    <ele>6.0</ele>
    <time>2025-04-05T00:23:12Z</time>
   </trkpt>
   <trkpt lat="-6.8689240" lon="109.1200990">
    <ele>6.0</ele>
    <time>2025-04-05T00:23:13Z</time>
   </trkpt>
   <trkpt lat="-6.8689060" lon="109.1201320">
    <ele>6.0</ele>
    <time>2025-04-05T00:23:14Z</time>
   </trkpt>
   <trkpt lat="-6.8688850" lon="109.1201700">
    <ele>6.0</ele>
    <time>2025-04-05T00:23:15Z</time>
   </trkpt>
   <trkpt lat="-6.8688660" lon="109.1202070">
    <ele>6.0</ele>
    <time>2025-04-05T00:23:16Z</time>
   </trkpt>
   <trkpt lat="-6.8688520" lon="109.1202410">
    <ele>5.9</ele>
    <time>2025-04-05T00:23:17Z</time>
   </trkpt>
   <trkpt lat="-6.8688380" lon="109.1202770">
    <ele>5.9</ele>
    <time>2025-04-05T00:23:18Z</time>
   </trkpt>
   <trkpt lat="-6.8688260" lon="109.1203140">
    <ele>5.9</ele>
    <time>2025-04-05T00:23:19Z</time>
   </trkpt>
   <trkpt lat="-6.8688150" lon="109.1203500">
    <ele>5.9</ele>
    <time>2025-04-05T00:23:20Z</time>
   </trkpt>
   <trkpt lat="-6.8688030" lon="109.1203900">
    <ele>5.9</ele>
    <time>2025-04-05T00:23:21Z</time>
   </trkpt>
   <trkpt lat="-6.8687880" lon="109.1204310">
    <ele>5.9</ele>
    <time>2025-04-05T00:23:22Z</time>
   </trkpt>
   <trkpt lat="-6.8687740" lon="109.1204680">
    <ele>5.8</ele>
    <time>2025-04-05T00:23:23Z</time>
   </trkpt>
   <trkpt lat="-6.8687610" lon="109.1205030">
    <ele>5.8</ele>
    <time>2025-04-05T00:23:24Z</time>
   </trkpt>
   <trkpt lat="-6.8687420" lon="109.1205350">
    <ele>5.8</ele>
    <time>2025-04-05T00:23:25Z</time>
   </trkpt>
   <trkpt lat="-6.8687240" lon="109.1205660">
    <ele>5.8</ele>
    <time>2025-04-05T00:23:26Z</time>
   </trkpt>
   <trkpt lat="-6.8687060" lon="109.1206010">
    <ele>5.8</ele>
    <time>2025-04-05T00:23:27Z</time>
   </trkpt>
   <trkpt lat="-6.8686900" lon="109.1206410">
    <ele>5.8</ele>
    <time>2025-04-05T00:23:28Z</time>
   </trkpt>
   <trkpt lat="-6.8686750" lon="109.1206820">
    <ele>5.8</ele>
    <time>2025-04-05T00:23:29Z</time>
   </trkpt>
   <trkpt lat="-6.8686630" lon="109.1207220">
    <ele>5.8</ele>
    <time>2025-04-05T00:23:30Z</time>
   </trkpt>
   <trkpt lat="-6.8686550" lon="109.1207580">
    <ele>5.8</ele>
    <time>2025-04-05T00:23:31Z</time>
   </trkpt>
   <trkpt lat="-6.8686500" lon="109.1207960">
    <ele>5.8</ele>
    <time>2025-04-05T00:23:32Z</time>
   </trkpt>
   <trkpt lat="-6.8686430" lon="109.1208340">
    <ele>5.8</ele>
    <time>2025-04-05T00:23:33Z</time>
   </trkpt>
   <trkpt lat="-6.8686390" lon="109.1208720">
    <ele>5.9</ele>
    <time>2025-04-05T00:23:34Z</time>
   </trkpt>
   <trkpt lat="-6.8686380" lon="109.1209080">
    <ele>5.9</ele>
    <time>2025-04-05T00:23:35Z</time>
   </trkpt>
   <trkpt lat="-6.8686360" lon="109.1209460">
    <ele>5.9</ele>
    <time>2025-04-05T00:23:36Z</time>
   </trkpt>
   <trkpt lat="-6.8686270" lon="109.1209800">
    <ele>5.9</ele>
    <time>2025-04-05T00:23:37Z</time>
   </trkpt>
   <trkpt lat="-6.8686170" lon="109.1210150">
    <ele>5.9</ele>
    <time>2025-04-05T00:23:38Z</time>
   </trkpt>
   <trkpt lat="-6.8686110" lon="109.1210490">
    <ele>5.9</ele>
    <time>2025-04-05T00:23:39Z</time>
   </trkpt>
   <trkpt lat="-6.8686090" lon="109.1210810">
    <ele>5.9</ele>
    <time>2025-04-05T00:23:40Z</time>
   </trkpt>
   <trkpt lat="-6.8686100" lon="109.1211130">
    <ele>5.9</ele>
    <time>2025-04-05T00:23:41Z</time>
   </trkpt>
   <trkpt lat="-6.8686120" lon="109.1211470">
    <ele>5.9</ele>
    <time>2025-04-05T00:23:42Z</time>
   </trkpt>
   <trkpt lat="-6.8686130" lon="109.1211840">
    <ele>5.9</ele>
    <time>2025-04-05T00:23:43Z</time>
   </trkpt>
   <trkpt lat="-6.8686130" lon="109.1212220">
    <ele>5.9</ele>
    <time>2025-04-05T00:23:44Z</time>
   </trkpt>
   <trkpt lat="-6.8686130" lon="109.1212580">
    <ele>5.9</ele>
    <time>2025-04-05T00:23:45Z</time>
   </trkpt>
   <trkpt lat="-6.8686140" lon="109.1212910">
    <ele>5.9</ele>
    <time>2025-04-05T00:23:46Z</time>
   </trkpt>
   <trkpt lat="-6.8686160" lon="109.1213190">
    <ele>5.9</ele>
    <time>2025-04-05T00:23:47Z</time>
   </trkpt>
   <trkpt lat="-6.8686180" lon="109.1213460">
    <ele>5.9</ele>
    <time>2025-04-05T00:23:48Z</time>
   </trkpt>
   <trkpt lat="-6.8686210" lon="109.1213750">
    <ele>5.9</ele>
    <time>2025-04-05T00:23:49Z</time>
   </trkpt>
   <trkpt lat="-6.8686240" lon="109.1214060">
    <ele>6.0</ele>
    <time>2025-04-05T00:23:50Z</time>
   </trkpt>
   <trkpt lat="-6.8686320" lon="109.1214500">
    <ele>6.0</ele>
    <time>2025-04-05T00:23:51Z</time>
   </trkpt>
   <trkpt lat="-6.8686390" lon="109.1215820">
    <ele>6.0</ele>
    <time>2025-04-05T00:23:55Z</time>
   </trkpt>
   <trkpt lat="-6.8691820" lon="109.1217810">
    <ele>10.3</ele>
    <time>2025-04-05T00:24:01Z</time>
   </trkpt>
   <trkpt lat="-6.8689940" lon="109.1220580">
    <ele>8.6</ele>
    <time>2025-04-05T00:24:08Z</time>
   </trkpt>
   <trkpt lat="-6.8686720" lon="109.1221600">
    <ele>6.2</ele>
    <time>2025-04-05T00:24:10Z</time>
   </trkpt>
   <trkpt lat="-6.8686710" lon="109.1221770">
    <ele>6.2</ele>
    <time>2025-04-05T00:24:11Z</time>
   </trkpt>
   <trkpt lat="-6.8686730" lon="109.1222140">
    <ele>6.2</ele>
    <time>2025-04-05T00:24:12Z</time>
   </trkpt>
   <trkpt lat="-6.8686790" lon="109.1222480">
    <ele>6.2</ele>
    <time>2025-04-05T00:24:13Z</time>
   </trkpt>
   <trkpt lat="-6.8686840" lon="109.1222800">
    <ele>6.2</ele>
    <time>2025-04-05T00:24:14Z</time>
   </trkpt>
   <trkpt lat="-6.8686860" lon="109.1223140">
    <ele>6.2</ele>
    <time>2025-04-05T00:24:15Z</time>
   </trkpt>
   <trkpt lat="-6.8686870" lon="109.1223530">
    <ele>6.2</ele>
    <time>2025-04-05T00:24:16Z</time>
   </trkpt>
   <trkpt lat="-6.8686870" lon="109.1223900">
    <ele>6.2</ele>
    <time>2025-04-05T00:24:17Z</time>
   </trkpt>
   <trkpt lat="-6.8686900" lon="109.1224250">
    <ele>6.2</ele>
    <time>2025-04-05T00:24:18Z</time>
   </trkpt>
   <trkpt lat="-6.8686940" lon="109.1224570">
    <ele>6.2</ele>
    <time>2025-04-05T00:24:19Z</time>
   </trkpt>
   <trkpt lat="-6.8686990" lon="109.1224890">
    <ele>6.2</ele>
    <time>2025-04-05T00:24:20Z</time>
   </trkpt>
   <trkpt lat="-6.8687030" lon="109.1225220">
    <ele>6.2</ele>
    <time>2025-04-05T00:24:21Z</time>
   </trkpt>
   <trkpt lat="-6.8687080" lon="109.1225570">
    <ele>6.2</ele>
    <time>2025-04-05T00:24:22Z</time>
   </trkpt>
   <trkpt lat="-6.8687110" lon="109.1225950">
    <ele>6.1</ele>
    <time>2025-04-05T00:24:23Z</time>
   </trkpt>
   <trkpt lat="-6.8687150" lon="109.1226320">
    <ele>6.1</ele>
    <time>2025-04-05T00:24:24Z</time>
   </trkpt>
   <trkpt lat="-6.8687190" lon="109.1226680">
    <ele>6.1</ele>
    <time>2025-04-05T00:24:25Z</time>
   </trkpt>
   <trkpt lat="-6.8687240" lon="109.1226970">
    <ele>6.1</ele>
    <time>2025-04-05T00:24:26Z</time>
   </trkpt>
   <trkpt lat="-6.8687270" lon="109.1227260">
    <ele>6.1</ele>
    <time>2025-04-05T00:24:27Z</time>
   </trkpt>
   <trkpt lat="-6.8687290" lon="109.1227580">
    <ele>6.1</ele>
    <time>2025-04-05T00:24:28Z</time>
   </trkpt>
   <trkpt lat="-6.8687310" lon="109.1227900">
    <ele>6.1</ele>
    <time>2025-04-05T00:24:29Z</time>
   </trkpt>
   <trkpt lat="-6.8687330" lon="109.1228250">
    <ele>6.1</ele>
    <time>2025-04-05T00:24:30Z</time>
   </trkpt>
   <trkpt lat="-6.8687370" lon="109.1228580">
    <ele>6.1</ele>
    <time>2025-04-05T00:24:31Z</time>
   </trkpt>
   <trkpt lat="-6.8687380" lon="109.1228920">
    <ele>6.1</ele>
    <time>2025-04-05T00:24:32Z</time>
   </trkpt>
   <trkpt lat="-6.8687410" lon="109.1229250">
    <ele>6.1</ele>
    <time>2025-04-05T00:24:33Z</time>
   </trkpt>
   <trkpt lat="-6.8687450" lon="109.1229550">
    <ele>6.2</ele>
    <time>2025-04-05T00:24:34Z</time>
   </trkpt>
   <trkpt lat="-6.8687470" lon="109.1229830">
    <ele>6.2</ele>
    <time>2025-04-05T00:24:35Z</time>
   </trkpt>
   <trkpt lat="-6.8687530" lon="109.1230170">
    <ele>6.2</ele>
    <time>2025-04-05T00:24:36Z</time>
   </trkpt>
   <trkpt lat="-6.8687610" lon="109.1230520">
    <ele>6.2</ele>
    <time>2025-04-05T00:24:37Z</time>
   </trkpt>
   <trkpt lat="-6.8687640" lon="109.1230830">
    <ele>6.2</ele>
    <time>2025-04-05T00:24:38Z</time>
   </trkpt>
   <trkpt lat="-6.8687640" lon="109.1231170">
    <ele>6.2</ele>
    <time>2025-04-05T00:24:39Z</time>
   </trkpt>
   <trkpt lat="-6.8687670" lon="109.1231540">
    <ele>6.2</ele>
    <time>2025-04-05T00:24:40Z</time>
   </trkpt>
   <trkpt lat="-6.8687710" lon="109.1231920">
    <ele>6.3</ele>
    <time>2025-04-05T00:24:41Z</time>
   </trkpt>
   <trkpt lat="-6.8687770" lon="109.1232340">
    <ele>6.3</ele>
    <time>2025-04-05T00:24:42Z</time>
   </trkpt>
   <trkpt lat="-6.8687810" lon="109.1232760">
    <ele>6.3</ele>
    <time>2025-04-05T00:24:43Z</time>
   </trkpt>
   <trkpt lat="-6.8687820" lon="109.1233090">
    <ele>6.3</ele>
    <time>2025-04-05T00:24:44Z</time>
   </trkpt>
   <trkpt lat="-6.8687830" lon="109.1233390">
    <ele>6.3</ele>
    <time>2025-04-05T00:24:45Z</time>
   </trkpt>
   <trkpt lat="-6.8687840" lon="109.1233670">
    <ele>6.4</ele>
    <time>2025-04-05T00:24:46Z</time>
   </trkpt>
   <trkpt lat="-6.8687880" lon="109.1233990">
    <ele>6.4</ele>
    <time>2025-04-05T00:24:47Z</time>
   </trkpt>
   <trkpt lat="-6.8687890" lon="109.1234310">
    <ele>6.4</ele>
    <time>2025-04-05T00:24:48Z</time>
   </trkpt>
   <trkpt lat="-6.8687880" lon="109.1234660">
    <ele>6.5</ele>
    <time>2025-04-05T00:24:49Z</time>
   </trkpt>
   <trkpt lat="-6.8687870" lon="109.1235010">
    <ele>6.5</ele>
    <time>2025-04-05T00:24:50Z</time>
   </trkpt>
   <trkpt lat="-6.8687890" lon="109.1235350">
    <ele>6.5</ele>
    <time>2025-04-05T00:24:51Z</time>
   </trkpt>
   <trkpt lat="-6.8687920" lon="109.1235690">
    <ele>6.5</ele>
    <time>2025-04-05T00:24:52Z</time>
   </trkpt>
   <trkpt lat="-6.8687960" lon="109.1236040">
    <ele>6.6</ele>
    <time>2025-04-05T00:24:53Z</time>
   </trkpt>
   <trkpt lat="-6.8688020" lon="109.1236400">
    <ele>6.6</ele>
    <time>2025-04-05T00:24:54Z</time>
   </trkpt>
   <trkpt lat="-6.8688060" lon="109.1236730">
    <ele>6.6</ele>
    <time>2025-04-05T00:24:55Z</time>
   </trkpt>
   <trkpt lat="-6.8688100" lon="109.1237090">
    <ele>6.6</ele>
    <time>2025-04-05T00:24:56Z</time>
   </trkpt>
   <trkpt lat="-6.8688160" lon="109.1237420">
    <ele>6.7</ele>
    <time>2025-04-05T00:24:57Z</time>
   </trkpt>
   <trkpt lat="-6.8688220" lon="109.1237720">
    <ele>6.7</ele>
    <time>2025-04-05T00:24:58Z</time>
   </trkpt>
   <trkpt lat="-6.8688280" lon="109.1238000">
    <ele>6.7</ele>
    <time>2025-04-05T00:24:59Z</time>
   </trkpt>
   <trkpt lat="-6.8688340" lon="109.1238380">
    <ele>6.7</ele>
    <time>2025-04-05T00:25:00Z</time>
   </trkpt>
   <trkpt lat="-6.8688350" lon="109.1238510">
    <ele>6.7</ele>
    <time>2025-04-05T00:25:01Z</time>
   </trkpt>
   <trkpt lat="-6.8688400" lon="109.1238790">
    <ele>6.8</ele>
    <time>2025-04-05T00:25:02Z</time>
   </trkpt>
   <trkpt lat="-6.8688460" lon="109.1239090">
    <ele>6.8</ele>
    <time>2025-04-05T00:25:03Z</time>
   </trkpt>
   <trkpt lat="-6.8688510" lon="109.1239490">
    <ele>6.8</ele>
    <time>2025-04-05T00:25:04Z</time>
   </trkpt>
   <trkpt lat="-6.8688520" lon="109.1239630">
    <ele>6.8</ele>
    <time>2025-04-05T00:25:05Z</time>
   </trkpt>
   <trkpt lat="-6.8688560" lon="109.1239990">
    <ele>6.8</ele>
    <time>2025-04-05T00:25:06Z</time>
   </trkpt>
   <trkpt lat="-6.8688560" lon="109.1240110">
    <ele>6.8</ele>
    <time>2025-04-05T00:25:07Z</time>
   </trkpt>
   <trkpt lat="-6.8688580" lon="109.1240520">
    <ele>6.8</ele>
    <time>2025-04-05T00:25:08Z</time>
   </trkpt>
   <trkpt lat="-6.8688580" lon="109.1240670">
    <ele>6.8</ele>
    <time>2025-04-05T00:25:09Z</time>
   </trkpt>
   <trkpt lat="-6.8688650" lon="109.1241030">
    <ele>6.9</ele>
    <time>2025-04-05T00:25:10Z</time>
   </trkpt>
   <trkpt lat="-6.8688720" lon="109.1241360">
    <ele>6.9</ele>
    <time>2025-04-05T00:25:11Z</time>
   </trkpt>
   <trkpt lat="-6.8688760" lon="109.1241660">
    <ele>6.9</ele>
    <time>2025-04-05T00:25:12Z</time>
   </trkpt>
   <trkpt lat="-6.8688790" lon="109.1241950">
    <ele>6.9</ele>
    <time>2025-04-05T00:25:13Z</time>
   </trkpt>
   <trkpt lat="-6.8688760" lon="109.1242270">
    <ele>6.9</ele>
    <time>2025-04-05T00:25:14Z</time>
   </trkpt>
   <trkpt lat="-6.8688720" lon="109.1242580">
    <ele>6.9</ele>
    <time>2025-04-05T00:25:15Z</time>
   </trkpt>
   <trkpt lat="-6.8688720" lon="109.1242870">
    <ele>6.9</ele>
    <time>2025-04-05T00:25:16Z</time>
   </trkpt>
   <trkpt lat="-6.8688740" lon="109.1243170">
    <ele>6.9</ele>
    <time>2025-04-05T00:25:17Z</time>
   </trkpt>
   <trkpt lat="-6.8688800" lon="109.1243580">
    <ele>6.9</ele>
    <time>2025-04-05T00:25:18Z</time>
   </trkpt>
   <trkpt lat="-6.8688810" lon="109.1243730">
    <ele>6.9</ele>
    <time>2025-04-05T00:25:19Z</time>
   </trkpt>
   <trkpt lat="-6.8688820" lon="109.1244020">
    <ele>6.9</ele>
    <time>2025-04-05T00:25:20Z</time>
   </trkpt>
   <trkpt lat="-6.8688850" lon="109.1244330">
    <ele>6.9</ele>
    <time>2025-04-05T00:25:21Z</time>
   </trkpt>
   <trkpt lat="-6.8688870" lon="109.1244650">
    <ele>6.9</ele>
    <time>2025-04-05T00:25:22Z</time>
   </trkpt>
   <trkpt lat="-6.8688880" lon="109.1244980">
    <ele>6.9</ele>
    <time>2025-04-05T00:25:23Z</time>
   </trkpt>
   <trkpt lat="-6.8688890" lon="109.1245330">
    <ele>6.9</ele>
    <time>2025-04-05T00:25:24Z</time>
   </trkpt>
   <trkpt lat="-6.8688910" lon="109.1245690">
    <ele>6.9</ele>
    <time>2025-04-05T00:25:25Z</time>
   </trkpt>
   <trkpt lat="-6.8688980" lon="109.1246050">
    <ele>6.9</ele>
    <time>2025-04-05T00:25:26Z</time>
   </trkpt>
   <trkpt lat="-6.8689060" lon="109.1246390">
    <ele>6.9</ele>
    <time>2025-04-05T00:25:27Z</time>
   </trkpt>
   <trkpt lat="-6.8689140" lon="109.1246720">
    <ele>6.9</ele>
    <time>2025-04-05T00:25:28Z</time>
   </trkpt>
   <trkpt lat="-6.8689230" lon="109.1247050">
    <ele>6.9</ele>
    <time>2025-04-05T00:25:29Z</time>
   </trkpt>
   <trkpt lat="-6.8689260" lon="109.1247370">
    <ele>6.9</ele>
    <time>2025-04-05T00:25:30Z</time>
   </trkpt>
   <trkpt lat="-6.8689280" lon="109.1247670">
    <ele>6.9</ele>
    <time>2025-04-05T00:25:31Z</time>
   </trkpt>
   <trkpt lat="-6.8689280" lon="109.1247980">
    <ele>6.9</ele>
    <time>2025-04-05T00:25:32Z</time>
   </trkpt>
   <trkpt lat="-6.8689340" lon="109.1248340">
    <ele>6.9</ele>
    <time>2025-04-05T00:25:33Z</time>
   </trkpt>
   <trkpt lat="-6.8689410" lon="109.1248690">
    <ele>6.9</ele>
    <time>2025-04-05T00:25:34Z</time>
   </trkpt>
   <trkpt lat="-6.8689490" lon="109.1249020">
    <ele>6.9</ele>
    <time>2025-04-05T00:25:35Z</time>
   </trkpt>
   <trkpt lat="-6.8689430" lon="109.1249370">
    <ele>6.9</ele>
    <time>2025-04-05T00:25:36Z</time>
   </trkpt>
   <trkpt lat="-6.8689360" lon="109.1249750">
    <ele>6.9</ele>
    <time>2025-04-05T00:25:37Z</time>
   </trkpt>
   <trkpt lat="-6.8689330" lon="109.1250090">
    <ele>6.9</ele>
    <time>2025-04-05T00:25:38Z</time>
   </trkpt>
   <trkpt lat="-6.8689320" lon="109.1250420">
    <ele>6.9</ele>
    <time>2025-04-05T00:25:39Z</time>
   </trkpt>
   <trkpt lat="-6.8689340" lon="109.1250730">
    <ele>6.9</ele>
    <time>2025-04-05T00:25:40Z</time>
   </trkpt>
   <trkpt lat="-6.8689360" lon="109.1251060">
    <ele>6.9</ele>
    <time>2025-04-05T00:25:41Z</time>
   </trkpt>
   <trkpt lat="-6.8689380" lon="109.1251400">
    <ele>6.9</ele>
    <time>2025-04-05T00:25:42Z</time>
   </trkpt>
   <trkpt lat="-6.8689410" lon="109.1251740">
    <ele>6.9</ele>
    <time>2025-04-05T00:25:43Z</time>
   </trkpt>
   <trkpt lat="-6.8689450" lon="109.1252060">
    <ele>6.9</ele>
    <time>2025-04-05T00:25:44Z</time>
   </trkpt>
   <trkpt lat="-6.8689510" lon="109.1252350">
    <ele>6.9</ele>
    <time>2025-04-05T00:25:45Z</time>
   </trkpt>
   <trkpt lat="-6.8689580" lon="109.1252630">
    <ele>6.9</ele>
    <time>2025-04-05T00:25:46Z</time>
   </trkpt>
   <trkpt lat="-6.8689640" lon="109.1252920">
    <ele>6.9</ele>
    <time>2025-04-05T00:25:47Z</time>
   </trkpt>
   <trkpt lat="-6.8689690" lon="109.1253310">
    <ele>6.9</ele>
    <time>2025-04-05T00:25:48Z</time>
   </trkpt>
   <trkpt lat="-6.8689690" lon="109.1253440">
    <ele>6.9</ele>
    <time>2025-04-05T00:25:49Z</time>
   </trkpt>
   <trkpt lat="-6.8689700" lon="109.1253720">
    <ele>6.9</ele>
    <time>2025-04-05T00:25:50Z</time>
   </trkpt>
   <trkpt lat="-6.8689730" lon="109.1254040">
    <ele>6.9</ele>
    <time>2025-04-05T00:25:51Z</time>
   </trkpt>
   <trkpt lat="-6.8689770" lon="109.1254410">
    <ele>6.9</ele>
    <time>2025-04-05T00:25:52Z</time>
   </trkpt>
   <trkpt lat="-6.8689810" lon="109.1254770">
    <ele>6.9</ele>
    <time>2025-04-05T00:25:53Z</time>
   </trkpt>
   <trkpt lat="-6.8689850" lon="109.1255140">
    <ele>7.0</ele>
    <time>2025-04-05T00:25:54Z</time>
   </trkpt>
   <trkpt lat="-6.8689900" lon="109.1255500">
    <ele>7.0</ele>
    <time>2025-04-05T00:25:55Z</time>
   </trkpt>
   <trkpt lat="-6.8689950" lon="109.1255830">
    <ele>7.0</ele>
    <time>2025-04-05T00:25:56Z</time>
   </trkpt>
   <trkpt lat="-6.8690040" lon="109.1256230">
    <ele>7.0</ele>
    <time>2025-04-05T00:25:57Z</time>
   </trkpt>
   <trkpt lat="-6.8690130" lon="109.1256610">
    <ele>7.0</ele>
    <time>2025-04-05T00:25:58Z</time>
   </trkpt>
   <trkpt lat="-6.8690270" lon="109.1256890">
    <ele>7.0</ele>
    <time>2025-04-05T00:25:59Z</time>
   </trkpt>
   <trkpt lat="-6.8690330" lon="109.1257060">
    <ele>7.0</ele>
    <time>2025-04-05T00:26:00Z</time>
   </trkpt>
   <trkpt lat="-6.8690390" lon="109.1257190">
    <ele>7.0</ele>
    <time>2025-04-05T00:26:01Z</time>
   </trkpt>
   <trkpt lat="-6.8690510" lon="109.1257480">
    <ele>7.0</ele>
    <time>2025-04-05T00:26:02Z</time>
   </trkpt>
   <trkpt lat="-6.8690540" lon="109.1257590">
    <ele>7.0</ele>
    <time>2025-04-05T00:26:03Z</time>
   </trkpt>
   <trkpt lat="-6.8690560" lon="109.1257980">
    <ele>7.0</ele>
    <time>2025-04-05T00:26:04Z</time>
   </trkpt>
   <trkpt lat="-6.8690550" lon="109.1258120">
    <ele>7.0</ele>
    <time>2025-04-05T00:26:05Z</time>
   </trkpt>
   <trkpt lat="-6.8690540" lon="109.1258450">
    <ele>7.0</ele>
    <time>2025-04-05T00:26:06Z</time>
   </trkpt>
   <trkpt lat="-6.8690540" lon="109.1258560">
    <ele>7.0</ele>
    <time>2025-04-05T00:26:07Z</time>
   </trkpt>
   <trkpt lat="-6.8690540" lon="109.1258940">
    <ele>7.0</ele>
    <time>2025-04-05T00:26:08Z</time>
   </trkpt>
   <trkpt lat="-6.8690530" lon="109.1259070">
    <ele>7.0</ele>
    <time>2025-04-05T00:26:09Z</time>
   </trkpt>
   <trkpt lat="-6.8690520" lon="109.1259360">
    <ele>7.0</ele>
    <time>2025-04-05T00:26:10Z</time>
   </trkpt>
   <trkpt lat="-6.8690510" lon="109.1259660">
    <ele>7.0</ele>
    <time>2025-04-05T00:26:11Z</time>
   </trkpt>
   <trkpt lat="-6.8690520" lon="109.1259980">
    <ele>7.0</ele>
    <time>2025-04-05T00:26:12Z</time>
   </trkpt>
   <trkpt lat="-6.8690530" lon="109.1260340">
    <ele>7.0</ele>
    <time>2025-04-05T00:26:13Z</time>
   </trkpt>
   <trkpt lat="-6.8690530" lon="109.1260750">
    <ele>7.0</ele>
    <time>2025-04-05T00:26:14Z</time>
   </trkpt>
   <trkpt lat="-6.8690540" lon="109.1261180">
    <ele>7.0</ele>
    <time>2025-04-05T00:26:15Z</time>
   </trkpt>
   <trkpt lat="-6.8690550" lon="109.1261570">
    <ele>7.0</ele>
    <time>2025-04-05T00:26:16Z</time>
   </trkpt>
   <trkpt lat="-6.8690570" lon="109.1261910">
    <ele>7.0</ele>
    <time>2025-04-05T00:26:17Z</time>
   </trkpt>
   <trkpt lat="-6.8690610" lon="109.1262210">
    <ele>7.0</ele>
    <time>2025-04-05T00:26:18Z</time>
   </trkpt>
   <trkpt lat="-6.8690670" lon="109.1262530">
    <ele>7.0</ele>
    <time>2025-04-05T00:26:19Z</time>
   </trkpt>
   <trkpt lat="-6.8690740" lon="109.1262840">
    <ele>7.0</ele>
    <time>2025-04-05T00:26:20Z</time>
   </trkpt>
   <trkpt lat="-6.8690830" lon="109.1263160">
    <ele>7.0</ele>
    <time>2025-04-05T00:26:21Z</time>
   </trkpt>
   <trkpt lat="-6.8690930" lon="109.1263480">
    <ele>7.0</ele>
    <time>2025-04-05T00:26:22Z</time>
   </trkpt>
   <trkpt lat="-6.8690980" lon="109.1263790">
    <ele>7.0</ele>
    <time>2025-04-05T00:26:23Z</time>
   </trkpt>
   <trkpt lat="-6.8691010" lon="109.1264080">
    <ele>7.0</ele>
    <time>2025-04-05T00:26:24Z</time>
   </trkpt>
   <trkpt lat="-6.8691010" lon="109.1264350">
    <ele>7.0</ele>
    <time>2025-04-05T00:26:25Z</time>
   </trkpt>
   <trkpt lat="-6.8691030" lon="109.1264650">
    <ele>7.0</ele>
    <time>2025-04-05T00:26:26Z</time>
   </trkpt>
   <trkpt lat="-6.8691060" lon="109.1264950">
    <ele>7.0</ele>
    <time>2025-04-05T00:26:27Z</time>
   </trkpt>
   <trkpt lat="-6.8691090" lon="109.1265340">
    <ele>6.9</ele>
    <time>2025-04-05T00:26:28Z</time>
   </trkpt>
   <trkpt lat="-6.8691120" lon="109.1265790">
    <ele>6.9</ele>
    <time>2025-04-05T00:26:29Z</time>
   </trkpt>
   <trkpt lat="-6.8691130" lon="109.1266210">
    <ele>6.9</ele>
    <time>2025-04-05T00:26:30Z</time>
   </trkpt>
   <trkpt lat="-6.8691130" lon="109.1266580">
    <ele>6.9</ele>
    <time>2025-04-05T00:26:31Z</time>
   </trkpt>
   <trkpt lat="-6.8691140" lon="109.1266920">
    <ele>6.9</ele>
    <time>2025-04-05T00:26:32Z</time>
   </trkpt>
   <trkpt lat="-6.8691120" lon="109.1267270">
    <ele>6.9</ele>
    <time>2025-04-05T00:26:33Z</time>
   </trkpt>
   <trkpt lat="-6.8691130" lon="109.1267700">
    <ele>6.9</ele>
    <time>2025-04-05T00:26:34Z</time>
   </trkpt>
   <trkpt lat="-6.8691130" lon="109.1268120">
    <ele>6.9</ele>
    <time>2025-04-05T00:26:35Z</time>
   </trkpt>
   <trkpt lat="-6.8691170" lon="109.1268490">
    <ele>6.9</ele>
    <time>2025-04-05T00:26:36Z</time>
   </trkpt>
   <trkpt lat="-6.8691220" lon="109.1268820">
    <ele>6.9</ele>
    <time>2025-04-05T00:26:37Z</time>
   </trkpt>
   <trkpt lat="-6.8691280" lon="109.1269140">
    <ele>6.9</ele>
    <time>2025-04-05T00:26:38Z</time>
   </trkpt>
   <trkpt lat="-6.8691410" lon="109.1269470">
    <ele>6.9</ele>
    <time>2025-04-05T00:26:39Z</time>
   </trkpt>
   <trkpt lat="-6.8691460" lon="109.1269590">
    <ele>7.0</ele>
    <time>2025-04-05T00:26:40Z</time>
   </trkpt>
   <trkpt lat="-6.8691530" lon="109.1269860">
    <ele>7.0</ele>
    <time>2025-04-05T00:26:41Z</time>
   </trkpt>
   <trkpt lat="-6.8691600" lon="109.1270160">
    <ele>7.0</ele>
    <time>2025-04-05T00:26:42Z</time>
   </trkpt>
   <trkpt lat="-6.8691680" lon="109.1270510">
    <ele>7.0</ele>
    <time>2025-04-05T00:26:43Z</time>
   </trkpt>
   <trkpt lat="-6.8691740" lon="109.1270910">
    <ele>7.1</ele>
    <time>2025-04-05T00:26:44Z</time>
   </trkpt>
   <trkpt lat="-6.8691780" lon="109.1271280">
    <ele>7.1</ele>
    <time>2025-04-05T00:26:45Z</time>
   </trkpt>
   <trkpt lat="-6.8691840" lon="109.1271640">
    <ele>7.1</ele>
    <time>2025-04-05T00:26:46Z</time>
   </trkpt>
   <trkpt lat="-6.8691850" lon="109.1271750">
    <ele>7.1</ele>
    <time>2025-04-05T00:26:47Z</time>
   </trkpt>
   <trkpt lat="-6.8691900" lon="109.1272090">
    <ele>7.2</ele>
    <time>2025-04-05T00:26:48Z</time>
   </trkpt>
   <trkpt lat="-6.8691910" lon="109.1272220">
    <ele>7.2</ele>
    <time>2025-04-05T00:26:49Z</time>
   </trkpt>
   <trkpt lat="-6.8691950" lon="109.1272500">
    <ele>7.2</ele>
    <time>2025-04-05T00:26:50Z</time>
   </trkpt>
   <trkpt lat="-6.8692000" lon="109.1272900">
    <ele>7.2</ele>
    <time>2025-04-05T00:26:51Z</time>
   </trkpt>
   <trkpt lat="-6.8692040" lon="109.1273310">
    <ele>7.3</ele>
    <time>2025-04-05T00:26:52Z</time>
   </trkpt>
   <trkpt lat="-6.8692070" lon="109.1273730">
    <ele>7.3</ele>
    <time>2025-04-05T00:26:53Z</time>
   </trkpt>
   <trkpt lat="-6.8692100" lon="109.1274070">
    <ele>7.3</ele>
    <time>2025-04-05T00:26:54Z</time>
   </trkpt>
   <trkpt lat="-6.8692120" lon="109.1274410">
    <ele>7.4</ele>
    <time>2025-04-05T00:26:55Z</time>
   </trkpt>
   <trkpt lat="-6.8692160" lon="109.1274730">
    <ele>7.4</ele>
    <time>2025-04-05T00:26:56Z</time>
   </trkpt>
   <trkpt lat="-6.8692220" lon="109.1275020">
    <ele>7.4</ele>
    <time>2025-04-05T00:26:57Z</time>
   </trkpt>
   <trkpt lat="-6.8692260" lon="109.1275390">
    <ele>7.4</ele>
    <time>2025-04-05T00:26:58Z</time>
   </trkpt>
   <trkpt lat="-6.8692270" lon="109.1275490">
    <ele>7.4</ele>
    <time>2025-04-05T00:26:59Z</time>
   </trkpt>
   <trkpt lat="-6.8692320" lon="109.1275820">
    <ele>7.5</ele>
    <time>2025-04-05T00:27:00Z</time>
   </trkpt>
   <trkpt lat="-6.8692340" lon="109.1275960">
    <ele>7.5</ele>
    <time>2025-04-05T00:27:01Z</time>
   </trkpt>
   <trkpt lat="-6.8692390" lon="109.1276270">
    <ele>7.5</ele>
    <time>2025-04-05T00:27:02Z</time>
   </trkpt>
   <trkpt lat="-6.8692460" lon="109.1276600">
    <ele>7.5</ele>
    <time>2025-04-05T00:27:03Z</time>
   </trkpt>
   <trkpt lat="-6.8692520" lon="109.1276940">
    <ele>7.5</ele>
    <time>2025-04-05T00:27:04Z</time>
   </trkpt>
   <trkpt lat="-6.8692540" lon="109.1277300">
    <ele>7.5</ele>
    <time>2025-04-05T00:27:05Z</time>
   </trkpt>
   <trkpt lat="-6.8692600" lon="109.1277670">
    <ele>7.5</ele>
    <time>2025-04-05T00:27:06Z</time>
   </trkpt>
   <trkpt lat="-6.8692650" lon="109.1278040">
    <ele>7.5</ele>
    <time>2025-04-05T00:27:07Z</time>
   </trkpt>
   <trkpt lat="-6.8692710" lon="109.1278340">
    <ele>7.5</ele>
    <time>2025-04-05T00:27:08Z</time>
   </trkpt>
   <trkpt lat="-6.8692720" lon="109.1278630">
    <ele>7.5</ele>
    <time>2025-04-05T00:27:09Z</time>
   </trkpt>
   <trkpt lat="-6.8692660" lon="109.1278990">
    <ele>7.5</ele>
    <time>2025-04-05T00:27:10Z</time>
   </trkpt>
   <trkpt lat="-6.8692630" lon="109.1279090">
    <ele>7.5</ele>
    <time>2025-04-05T00:27:11Z</time>
   </trkpt>
   <trkpt lat="-6.8692650" lon="109.1279370">
    <ele>7.5</ele>
    <time>2025-04-05T00:27:12Z</time>
   </trkpt>
   <trkpt lat="-6.8692730" lon="109.1279690">
    <ele>7.5</ele>
    <time>2025-04-05T00:27:13Z</time>
   </trkpt>
   <trkpt lat="-6.8692850" lon="109.1279990">
    <ele>7.6</ele>
    <time>2025-04-05T00:27:14Z</time>
   </trkpt>
   <trkpt lat="-6.8693000" lon="109.1280270">
    <ele>7.6</ele>
    <time>2025-04-05T00:27:15Z</time>
   </trkpt>
   <trkpt lat="-6.8693150" lon="109.1280580">
    <ele>7.6</ele>
    <time>2025-04-05T00:27:16Z</time>
   </trkpt>
   <trkpt lat="-6.8693230" lon="109.1280920">
    <ele>7.6</ele>
    <time>2025-04-05T00:27:17Z</time>
   </trkpt>
   <trkpt lat="-6.8693250" lon="109.1281370">
    <ele>7.7</ele>
    <time>2025-04-05T00:27:18Z</time>
   </trkpt>
   <trkpt lat="-6.8693210" lon="109.1281780">
    <ele>7.7</ele>
    <time>2025-04-05T00:27:19Z</time>
   </trkpt>
   <trkpt lat="-6.8693100" lon="109.1282120">
    <ele>7.7</ele>
    <time>2025-04-05T00:27:20Z</time>
   </trkpt>
   <trkpt lat="-6.8692790" lon="109.1282560">
    <ele>7.7</ele>
    <time>2025-04-05T00:27:21Z</time>
   </trkpt>
   <trkpt lat="-6.8692450" lon="109.1282830">
    <ele>7.5</ele>
    <time>2025-04-05T00:27:22Z</time>
   </trkpt>
   <trkpt lat="-6.8691890" lon="109.1283130">
    <ele>7.2</ele>
    <time>2025-04-05T00:27:23Z</time>
   </trkpt>
   <trkpt lat="-6.8691270" lon="109.1283530">
    <ele>7.1</ele>
    <time>2025-04-05T00:27:24Z</time>
   </trkpt>
   <trkpt lat="-6.8690730" lon="109.1283840">
    <ele>7.0</ele>
    <time>2025-04-05T00:27:25Z</time>
   </trkpt>
   <trkpt lat="-6.8690150" lon="109.1284170">
    <ele>6.9</ele>
    <time>2025-04-05T00:27:26Z</time>
   </trkpt>
   <trkpt lat="-6.8689680" lon="109.1284270">
    <ele>6.9</ele>
    <time>2025-04-05T00:27:27Z</time>
   </trkpt>
   <trkpt lat="-6.8689200" lon="109.1284340">
    <ele>6.8</ele>
    <time>2025-04-05T00:27:28Z</time>
   </trkpt>
   <trkpt lat="-6.8688930" lon="109.1284320">
    <ele>6.8</ele>
    <time>2025-04-05T00:27:29Z</time>
   </trkpt>
   <trkpt lat="-6.8688850" lon="109.1284290">
    <ele>6.8</ele>
    <time>2025-04-05T00:27:30Z</time>
   </trkpt>
   <trkpt lat="-6.8688840" lon="109.1284350">
    <ele>6.8</ele>
    <time>2025-04-05T00:27:31Z</time>
   </trkpt>
   <trkpt lat="-6.8688910" lon="109.1284470">
    <ele>6.8</ele>
    <time>2025-04-05T00:27:32Z</time>
   </trkpt>
   <trkpt lat="-6.8688990" lon="109.1284630">
    <ele>6.8</ele>
    <time>2025-04-05T00:27:33Z</time>
   </trkpt>
   <trkpt lat="-6.8689010" lon="109.1284730">
    <ele>6.8</ele>
    <time>2025-04-05T00:27:34Z</time>
   </trkpt>
   <trkpt lat="-6.8689030" lon="109.1284810">
    <ele>6.8</ele>
    <time>2025-04-05T00:27:35Z</time>
   </trkpt>
   <trkpt lat="-6.8689040" lon="109.1284860">
    <ele>6.8</ele>
    <time>2025-04-05T00:27:36Z</time>
   </trkpt>
   <trkpt lat="-6.8689110" lon="109.1284840">
    <ele>6.8</ele>
    <time>2025-04-05T00:27:37Z</time>
   </trkpt>
   <trkpt lat="-6.8689290" lon="109.1284740">
    <ele>6.8</ele>
    <time>2025-04-05T00:27:38Z</time>
   </trkpt>
   <trkpt lat="-6.8689560" lon="109.1284650">
    <ele>6.8</ele>
    <time>2025-04-05T00:27:39Z</time>
   </trkpt>
   <trkpt lat="-6.8689900" lon="109.1284670">
    <ele>6.8</ele>
    <time>2025-04-05T00:27:40Z</time>
   </trkpt>
   <trkpt lat="-6.8690230" lon="109.1284740">
    <ele>6.8</ele>
    <time>2025-04-05T00:27:41Z</time>
   </trkpt>
   <trkpt lat="-6.8690530" lon="109.1284890">
    <ele>6.9</ele>
    <time>2025-04-05T00:27:42Z</time>
   </trkpt>
   <trkpt lat="-6.8690770" lon="109.1285080">
    <ele>6.9</ele>
    <time>2025-04-05T00:27:43Z</time>
   </trkpt>
   <trkpt lat="-6.8691020" lon="109.1285350">
    <ele>6.9</ele>
    <time>2025-04-05T00:27:44Z</time>
   </trkpt>
   <trkpt lat="-6.8691080" lon="109.1285450">
    <ele>6.9</ele>
    <time>2025-04-05T00:27:45Z</time>
   </trkpt>
   <trkpt lat="-6.8691160" lon="109.1285610">
    <ele>6.9</ele>
    <time>2025-04-05T00:27:46Z</time>
   </trkpt>
   <trkpt lat="-6.8691250" lon="109.1285770">
    <ele>6.9</ele>
    <time>2025-04-05T00:27:47Z</time>
   </trkpt>
   <trkpt lat="-6.8691390" lon="109.1286030">
    <ele>6.9</ele>
    <time>2025-04-05T00:27:48Z</time>
   </trkpt>
   <trkpt lat="-6.8691430" lon="109.1286130">
    <ele>6.9</ele>
    <time>2025-04-05T00:27:49Z</time>
   </trkpt>
   <trkpt lat="-6.8691600" lon="109.1286360">
    <ele>6.9</ele>
    <time>2025-04-05T00:27:50Z</time>
   </trkpt>
   <trkpt lat="-6.8691650" lon="109.1286430">
    <ele>6.9</ele>
    <time>2025-04-05T00:27:51Z</time>
   </trkpt>
   <trkpt lat="-6.8691740" lon="109.1286580">
    <ele>6.9</ele>
    <time>2025-04-05T00:27:52Z</time>
   </trkpt>
   <trkpt lat="-6.8691780" lon="109.1286710">
    <ele>7.0</ele>
    <time>2025-04-05T00:27:53Z</time>
   </trkpt>
   <trkpt lat="-6.8691790" lon="109.1286730">
    <ele>7.0</ele>
    <time>2025-04-05T00:27:54Z</time>
   </trkpt>
   <trkpt lat="-6.8691790" lon="109.1286730">
    <ele>7.0</ele>
    <time>2025-04-05T00:27:55Z</time>
   </trkpt>
   <trkpt lat="-6.8691790" lon="109.1286730">
    <ele>7.0</ele>
    <time>2025-04-05T00:27:56Z</time>
   </trkpt>
   <trkpt lat="-6.8691790" lon="109.1286730">
    <ele>7.0</ele>
    <time>2025-04-05T00:27:57Z</time>
   </trkpt>
   <trkpt lat="-6.8691790" lon="109.1286730">
    <ele>7.0</ele>
    <time>2025-04-05T00:27:58Z</time>
   </trkpt>
   <trkpt lat="-6.8691790" lon="109.1286730">
    <ele>7.0</ele>
    <time>2025-04-05T00:27:59Z</time>
   </trkpt>
   <trkpt lat="-6.8691790" lon="109.1286730">
    <ele>7.0</ele>
    <time>2025-04-05T00:28:00Z</time>
   </trkpt>
   <trkpt lat="-6.8691790" lon="109.1286730">
    <ele>7.0</ele>
    <time>2025-04-05T00:28:01Z</time>
   </trkpt>
   <trkpt lat="-6.8691630" lon="109.1287010">
    <ele>7.0</ele>
    <time>2025-04-05T00:28:18Z</time>
   </trkpt>
   <trkpt lat="-6.8691860" lon="109.1286780">
    <ele>7.0</ele>
    <time>2025-04-05T00:28:23Z</time>
   </trkpt>
   <trkpt lat="-6.8691830" lon="109.1286870">
    <ele>7.0</ele>
    <time>2025-04-05T00:28:27Z</time>
   </trkpt>
   <trkpt lat="-6.8691810" lon="109.1286860">
    <ele>7.0</ele>
    <time>2025-04-05T00:28:28Z</time>
   </trkpt>
   <trkpt lat="-6.8691780" lon="109.1286840">
    <ele>7.0</ele>
    <time>2025-04-05T00:28:29Z</time>
   </trkpt>
   <trkpt lat="-6.8691750" lon="109.1286780">
    <ele>7.0</ele>
    <time>2025-04-05T00:28:30Z</time>
   </trkpt>
   <trkpt lat="-6.8691730" lon="109.1286710">
    <ele>7.0</ele>
    <time>2025-04-05T00:28:31Z</time>
   </trkpt>
   <trkpt lat="-6.8691730" lon="109.1286730">
    <ele>7.0</ele>
    <time>2025-04-05T00:28:32Z</time>
   </trkpt>
   <trkpt lat="-6.8691690" lon="109.1286750">
    <ele>7.0</ele>
    <time>2025-04-05T00:28:33Z</time>
   </trkpt>
   <trkpt lat="-6.8691660" lon="109.1286750">
    <ele>7.0</ele>
    <time>2025-04-05T00:28:34Z</time>
   </trkpt>
   <trkpt lat="-6.8691620" lon="109.1286750">
    <ele>7.0</ele>
    <time>2025-04-05T00:28:35Z</time>
   </trkpt>
   <trkpt lat="-6.8691630" lon="109.1286750">
    <ele>7.0</ele>
    <time>2025-04-05T00:28:36Z</time>
   </trkpt>
   <trkpt lat="-6.8691640" lon="109.1286750">
    <ele>7.0</ele>
    <time>2025-04-05T00:28:37Z</time>
   </trkpt>
   <trkpt lat="-6.8691580" lon="109.1286780">
    <ele>7.0</ele>
    <time>2025-04-05T00:28:38Z</time>
   </trkpt>
   <trkpt lat="-6.8691510" lon="109.1286820">
    <ele>7.1</ele>
    <time>2025-04-05T00:28:39Z</time>
   </trkpt>
   <trkpt lat="-6.8691500" lon="109.1286850">
    <ele>7.1</ele>
    <time>2025-04-05T00:28:40Z</time>
   </trkpt>
   <trkpt lat="-6.8691490" lon="109.1286890">
    <ele>7.1</ele>
    <time>2025-04-05T00:28:41Z</time>
   </trkpt>
   <trkpt lat="-6.8691490" lon="109.1286930">
    <ele>7.1</ele>
    <time>2025-04-05T00:28:42Z</time>
   </trkpt>
   <trkpt lat="-6.8691420" lon="109.1286960">
    <ele>7.1</ele>
    <time>2025-04-05T00:28:43Z</time>
   </trkpt>
   <trkpt lat="-6.8691400" lon="109.1286930">
    <ele>7.1</ele>
    <time>2025-04-05T00:28:45Z</time>
   </trkpt>
   <trkpt lat="-6.8691400" lon="109.1286870">
    <ele>7.1</ele>
    <time>2025-04-05T00:28:48Z</time>
   </trkpt>
   <trkpt lat="-6.8691390" lon="109.1286850">
    <ele>7.1</ele>
    <time>2025-04-05T00:28:49Z</time>
   </trkpt>
   <trkpt lat="-6.8691390" lon="109.1286840">
    <ele>7.1</ele>
    <time>2025-04-05T00:28:50Z</time>
   </trkpt>
   <trkpt lat="-6.8691400" lon="109.1286830">
    <ele>7.1</ele>
    <time>2025-04-05T00:28:51Z</time>
   </trkpt>
   <trkpt lat="-6.8691390" lon="109.1286840">
    <ele>7.1</ele>
    <time>2025-04-05T00:28:52Z</time>
   </trkpt>
   <trkpt lat="-6.8691350" lon="109.1286850">
    <ele>7.1</ele>
    <time>2025-04-05T00:28:53Z</time>
   </trkpt>
   <trkpt lat="-6.8691150" lon="109.1286660">
    <ele>7.1</ele>
    <time>2025-04-05T00:29:36Z</time>
   </trkpt>
   <trkpt lat="-6.8691160" lon="109.1286650">
    <ele>7.1</ele>
    <time>2025-04-05T00:29:37Z</time>
   </trkpt>
   <trkpt lat="-6.8691120" lon="109.1286750">
    <ele>7.1</ele>
    <time>2025-04-05T00:29:38Z</time>
   </trkpt>
   <trkpt lat="-6.8691070" lon="109.1286650">
    <ele>7.2</ele>
    <time>2025-04-05T00:29:39Z</time>
   </trkpt>
   <trkpt lat="-6.8691080" lon="109.1286590">
    <ele>7.2</ele>
    <time>2025-04-05T00:29:40Z</time>
   </trkpt>
   <trkpt lat="-6.8691090" lon="109.1286540">
    <ele>7.2</ele>
    <time>2025-04-05T00:29:41Z</time>
   </trkpt>
   <trkpt lat="-6.8691090" lon="109.1286520">
    <ele>7.2</ele>
    <time>2025-04-05T00:29:42Z</time>
   </trkpt>
   <trkpt lat="-6.8691090" lon="109.1286510">
    <ele>7.2</ele>
    <time>2025-04-05T00:29:43Z</time>
   </trkpt>
   <trkpt lat="-6.8691060" lon="109.1286570">
    <ele>7.2</ele>
    <time>2025-04-05T00:29:44Z</time>
   </trkpt>
   <trkpt lat="-6.8691050" lon="109.1286580">
    <ele>7.2</ele>
    <time>2025-04-05T00:29:45Z</time>
   </trkpt>
   <trkpt lat="-6.8691050" lon="109.1286590">
    <ele>7.2</ele>
    <time>2025-04-05T00:29:46Z</time>
   </trkpt>
   <trkpt lat="-6.8691070" lon="109.1286620">
    <ele>7.2</ele>
    <time>2025-04-05T00:29:47Z</time>
   </trkpt>
   <trkpt lat="-6.8691290" lon="109.1287060">
    <ele>7.2</ele>
    <time>2025-04-05T00:30:50Z</time>
   </trkpt>
   <trkpt lat="-6.8691200" lon="109.1286990">
    <ele>7.3</ele>
    <time>2025-04-05T00:30:53Z</time>
   </trkpt>
   <trkpt lat="-6.8691050" lon="109.1286990">
    <ele>7.3</ele>
    <time>2025-04-05T00:30:57Z</time>
   </trkpt>
   <trkpt lat="-6.8691090" lon="109.1287060">
    <ele>7.3</ele>
    <time>2025-04-05T00:30:58Z</time>
   </trkpt>
   <trkpt lat="-6.8691160" lon="109.1287070">
    <ele>7.3</ele>
    <time>2025-04-05T00:31:00Z</time>
   </trkpt>
   <trkpt lat="-6.8691170" lon="109.1287050">
    <ele>7.3</ele>
    <time>2025-04-05T00:31:01Z</time>
   </trkpt>
   <trkpt lat="-6.8691160" lon="109.1287050">
    <ele>7.3</ele>
    <time>2025-04-05T00:31:02Z</time>
   </trkpt>
   <trkpt lat="-6.8691150" lon="109.1287040">
    <ele>7.3</ele>
    <time>2025-04-05T00:31:03Z</time>
   </trkpt>
   <trkpt lat="-6.8691130" lon="109.1286860">
    <ele>7.3</ele>
    <time>2025-04-05T00:31:04Z</time>
   </trkpt>
   <trkpt lat="-6.8691050" lon="109.1286720">
    <ele>7.3</ele>
    <time>2025-04-05T00:31:09Z</time>
   </trkpt>
   <trkpt lat="-6.8691090" lon="109.1286930">
    <ele>7.4</ele>
    <time>2025-04-05T00:31:11Z</time>
   </trkpt>
   <trkpt lat="-6.8691100" lon="109.1287010">
    <ele>7.4</ele>
    <time>2025-04-05T00:31:12Z</time>
   </trkpt>
   <trkpt lat="-6.8691110" lon="109.1286950">
    <ele>7.4</ele>
    <time>2025-04-05T00:31:13Z</time>
   </trkpt>
   <trkpt lat="-6.8691120" lon="109.1286910">
    <ele>7.4</ele>
    <time>2025-04-05T00:31:14Z</time>
   </trkpt>
   <trkpt lat="-6.8691120" lon="109.1286860">
    <ele>7.4</ele>
    <time>2025-04-05T00:31:15Z</time>
   </trkpt>
   <trkpt lat="-6.8691120" lon="109.1286810">
    <ele>7.4</ele>
    <time>2025-04-05T00:31:16Z</time>
   </trkpt>
   <trkpt lat="-6.8691120" lon="109.1286760">
    <ele>7.4</ele>
    <time>2025-04-05T00:31:17Z</time>
   </trkpt>
   <trkpt lat="-6.8691130" lon="109.1286720">
    <ele>7.4</ele>
    <time>2025-04-05T00:31:18Z</time>
   </trkpt>
   <trkpt lat="-6.8691130" lon="109.1286670">
    <ele>7.4</ele>
    <time>2025-04-05T00:31:19Z</time>
   </trkpt>
   <trkpt lat="-6.8691130" lon="109.1286620">
    <ele>7.4</ele>
    <time>2025-04-05T00:31:20Z</time>
   </trkpt>
   <trkpt lat="-6.8691160" lon="109.1286490">
    <ele>7.4</ele>
    <time>2025-04-05T00:31:22Z</time>
   </trkpt>
   <trkpt lat="-6.8691170" lon="109.1286420">
    <ele>7.4</ele>
    <time>2025-04-05T00:31:23Z</time>
   </trkpt>
   <trkpt lat="-6.8691180" lon="109.1286370">
    <ele>7.4</ele>
    <time>2025-04-05T00:31:24Z</time>
   </trkpt>
   <trkpt lat="-6.8691130" lon="109.1286540">
    <ele>7.5</ele>
    <time>2025-04-05T00:31:25Z</time>
   </trkpt>
  </trkseg>
 </trk>
</gpx>
