<?xml version="1.0" encoding="UTF-8"?>
<gpx creator="StravaGPX" version="1.1" xmlns="http://www.topografix.com/GPX/1/1" xmlns:xsi="http://www.w3.org/2001/XMLSchema-instance" xsi:schemaLocation="http://www.topografix.com/GPX/1/1 http://www.topografix.com/GPX/1/1/gpx.xsd">
 <metadata>
  <time>2025-08-22T23:42:55Z</time>
 </metadata>
 <trk>
  <name>Panasan run</name>
  <type>running</type>
  <trkseg>
   <trkpt lat="-6.2580620" lon="106.7969080">
    <ele>31.3</ele>
    <time>2025-08-22T23:42:55Z</time>
   </trkpt>
   <trkpt lat="-6.2580610" lon="106.7969070">
    <ele>31.3</ele>
    <time>2025-08-22T23:42:56Z</time>
   </trkpt>
   <trkpt lat="-6.2580660" lon="106.7969070">
    <ele>31.3</ele>
    <time>2025-08-22T23:42:57Z</time>
   </trkpt>
   <trkpt lat="-6.2580720" lon="106.7969140">
    <ele>31.3</ele>
    <time>2025-08-22T23:42:58Z</time>
   </trkpt>
   <trkpt lat="-6.2580730" lon="106.7969230">
    <ele>31.3</ele>
    <time>2025-08-22T23:43:00Z</time>
   </trkpt>
   <trkpt lat="-6.2580610" lon="106.7969440">
    <ele>31.3</ele>
    <time>2025-08-22T23:43:01Z</time>
   </trkpt>
   <trkpt lat="-6.2580430" lon="106.7969550">
    <ele>31.3</ele>
    <time>2025-08-22T23:43:02Z</time>
   </trkpt>
   <trkpt lat="-6.2580140" lon="106.7969480">
    <ele>31.3</ele>
    <time>2025-08-22T23:43:04Z</time>
   </trkpt>
   <trkpt lat="-6.2579850" lon="106.7969420">
    <ele>31.3</ele>
    <time>2025-08-22T23:43:05Z</time>
   </trkpt>
   <trkpt lat="-6.2579380" lon="106.7969130">
    <ele>31.4</ele>
    <time>2025-08-22T23:43:06Z</time>
   </trkpt>
   <trkpt lat="-6.2578950" lon="106.7968850">
    <ele>31.4</ele>
    <time>2025-08-22T23:43:08Z</time>
   </trkpt>
   <trkpt lat="-6.2578580" lon="106.7968730">
    <ele>31.4</ele>
    <time>2025-08-22T23:43:09Z</time>
   </trkpt>
   <trkpt lat="-6.2578250" lon="106.7968730">
    <ele>31.4</ele>
    <time>2025-08-22T23:43:11Z</time>
   </trkpt>
   <trkpt lat="-6.2577830" lon="106.7968690">
    <ele>31.4</ele>
    <time>2025-08-22T23:43:12Z</time>
   </trkpt>
   <trkpt lat="-6.2577410" lon="106.7968520">
    <ele>31.4</ele>
    <time>2025-08-22T23:43:14Z</time>
   </trkpt>
   <trkpt lat="-6.2577190" lon="106.7968420">
    <ele>31.4</ele>
    <time>2025-08-22T23:43:15Z</time>
   </trkpt>
   <trkpt lat="-6.2576960" lon="106.7968360">
    <ele>31.4</ele>
    <time>2025-08-22T23:43:17Z</time>
   </trkpt>
   <trkpt lat="-6.2576650" lon="106.7968250">
    <ele>31.4</ele>
    <time>2025-08-22T23:43:18Z</time>
   </trkpt>
   <trkpt lat="-6.2576520" lon="106.7968210">
    <ele>31.4</ele>
    <time>2025-08-22T23:43:19Z</time>
   </trkpt>
   <trkpt lat="-6.2576050" lon="106.7968170">
    <ele>31.4</ele>
    <time>2025-08-22T23:43:20Z</time>
   </trkpt>
   <trkpt lat="-6.2575800" lon="106.7968170">
    <ele>31.4</ele>
    <time>2025-08-22T23:43:21Z</time>
   </trkpt>
   <trkpt lat="-6.2575560" lon="106.7968190">
    <ele>31.4</ele>
    <time>2025-08-22T23:43:22Z</time>
   </trkpt>
   <trkpt lat="-6.2575270" lon="106.7968320">
    <ele>31.5</ele>
    <time>2025-08-22T23:43:23Z</time>
   </trkpt>
   <trkpt lat="-6.2575170" lon="106.7968320">
    <ele>31.5</ele>
    <time>2025-08-22T23:43:24Z</time>
   </trkpt>
   <trkpt lat="-6.2574880" lon="106.7968300">
    <ele>31.5</ele>
    <time>2025-08-22T23:43:25Z</time>
   </trkpt>
   <trkpt lat="-6.2574770" lon="106.7968300">
    <ele>31.5</ele>
    <time>2025-08-22T23:43:26Z</time>
   </trkpt>
   <trkpt lat="-6.2574560" lon="106.7968290">
    <ele>31.5</ele>
    <time>2025-08-22T23:43:27Z</time>
   </trkpt>
   <trkpt lat="-6.2574180" lon="106.7968310">
    <ele>31.5</ele>
    <time>2025-08-22T23:43:29Z</time>
   </trkpt>
   <trkpt lat="-6.2573990" lon="106.7968350">
    <ele>31.5</ele>
    <time>2025-08-22T23:43:30Z</time>
   </trkpt>
   <trkpt lat="-6.2573720" lon="106.7968430">
    <ele>31.5</ele>
    <time>2025-08-22T23:43:31Z</time>
   </trkpt>
   <trkpt lat="-6.2573630" lon="106.7968470">
    <ele>31.5</ele>
    <time>2025-08-22T23:43:32Z</time>
   </trkpt>
   <trkpt lat="-6.2573360" lon="106.7968680">
    <ele>31.6</ele>
    <time>2025-08-22T23:43:33Z</time>
   </trkpt>
   <trkpt lat="-6.2573270" lon="106.7968730">
    <ele>31.6</ele>
    <time>2025-08-22T23:43:34Z</time>
   </trkpt>
   <trkpt lat="-6.2572970" lon="106.7968830">
    <ele>31.6</ele>
    <time>2025-08-22T23:43:35Z</time>
   </trkpt>
   <trkpt lat="-6.2572850" lon="106.7968840">
    <ele>31.6</ele>
    <time>2025-08-22T23:43:36Z</time>
   </trkpt>
   <trkpt lat="-6.2572500" lon="106.7968860">
    <ele>31.6</ele>
    <time>2025-08-22T23:43:37Z</time>
   </trkpt>
   <trkpt lat="-6.2572380" lon="106.7968860">
    <ele>31.6</ele>
    <time>2025-08-22T23:43:38Z</time>
   </trkpt>
   <trkpt lat="-6.2572010" lon="106.7968800">
    <ele>31.7</ele>
    <time>2025-08-22T23:43:39Z</time>
   </trkpt>
   <trkpt lat="-6.2571900" lon="106.7968780">
    <ele>31.7</ele>
    <time>2025-08-22T23:43:40Z</time>
   </trkpt>
   <trkpt lat="-6.2571420" lon="106.7968640">
    <ele>31.7</ele>
    <time>2025-08-22T23:43:42Z</time>
   </trkpt>
   <trkpt lat="-6.2570950" lon="106.7968560">
    <ele>31.8</ele>
    <time>2025-08-22T23:43:44Z</time>
   </trkpt>
   <trkpt lat="-6.2570600" lon="106.7968630">
    <ele>31.8</ele>
    <time>2025-08-22T23:43:45Z</time>
   </trkpt>
   <trkpt lat="-6.2570500" lon="106.7968670">
    <ele>31.8</ele>
    <time>2025-08-22T23:43:46Z</time>
   </trkpt>
   <trkpt lat="-6.2570210" lon="106.7968790">
    <ele>31.9</ele>
    <time>2025-08-22T23:43:47Z</time>
   </trkpt>
   <trkpt lat="-6.2570110" lon="106.7968820">
    <ele>31.9</ele>
    <time>2025-08-22T23:43:48Z</time>
   </trkpt>
   <trkpt lat="-6.2569880" lon="106.7968840">
    <ele>31.9</ele>
    <time>2025-08-22T23:43:49Z</time>
   </trkpt>
   <trkpt lat="-6.2569680" lon="106.7968860">
    <ele>31.9</ele>
    <time>2025-08-22T23:43:51Z</time>
   </trkpt>
   <trkpt lat="-6.2569270" lon="106.7968880">
    <ele>32.0</ele>
    <time>2025-08-22T23:43:52Z</time>
   </trkpt>
   <trkpt lat="-6.2569060" lon="106.7968930">
    <ele>32.0</ele>
    <time>2025-08-22T23:43:53Z</time>
   </trkpt>
   <trkpt lat="-6.2568870" lon="106.7969000">
    <ele>32.0</ele>
    <time>2025-08-22T23:43:55Z</time>
   </trkpt>
   <trkpt lat="-6.2568670" lon="106.7969030">
    <ele>32.1</ele>
    <time>2025-08-22T23:43:56Z</time>
   </trkpt>
   <trkpt lat="-6.2568520" lon="106.7969060">
    <ele>32.1</ele>
    <time>2025-08-22T23:43:57Z</time>
   </trkpt>
   <trkpt lat="-6.2568370" lon="106.7969120">
    <ele>32.1</ele>
    <time>2025-08-22T23:43:58Z</time>
   </trkpt>
   <trkpt lat="-6.2568170" lon="106.7969140">
    <ele>32.1</ele>
    <time>2025-08-22T23:43:59Z</time>
   </trkpt>
   <trkpt lat="-6.2567900" lon="106.7969070">
    <ele>32.2</ele>
    <time>2025-08-22T23:44:00Z</time>
   </trkpt>
   <trkpt lat="-6.2567810" lon="106.7969050">
    <ele>32.2</ele>
    <time>2025-08-22T23:44:01Z</time>
   </trkpt>
   <trkpt lat="-6.2567640" lon="106.7969000">
    <ele>32.2</ele>
    <time>2025-08-22T23:44:02Z</time>
   </trkpt>
   <trkpt lat="-6.2567490" lon="106.7968940">
    <ele>32.2</ele>
    <time>2025-08-22T23:44:03Z</time>
   </trkpt>
   <trkpt lat="-6.2567390" lon="106.7968900">
    <ele>32.2</ele>
    <time>2025-08-22T23:44:04Z</time>
   </trkpt>
   <trkpt lat="-6.2567190" lon="106.7968910">
    <ele>32.3</ele>
    <time>2025-08-22T23:44:05Z</time>
   </trkpt>
   <trkpt lat="-6.2566990" lon="106.7968950">
    <ele>32.3</ele>
    <time>2025-08-22T23:44:06Z</time>
   </trkpt>
   <trkpt lat="-6.2566900" lon="106.7968950">
    <ele>32.3</ele>
    <time>2025-08-22T23:44:07Z</time>
   </trkpt>
   <trkpt lat="-6.2566820" lon="106.7968950">
    <ele>32.3</ele>
    <time>2025-08-22T23:44:08Z</time>
   </trkpt>
   <trkpt lat="-6.2566690" lon="106.7968920">
    <ele>32.3</ele>
    <time>2025-08-22T23:44:09Z</time>
   </trkpt>
   <trkpt lat="-6.2566540" lon="106.7968940">
    <ele>32.3</ele>
    <time>2025-08-22T23:44:10Z</time>
   </trkpt>
   <trkpt lat="-6.2566240" lon="106.7969040">
    <ele>32.3</ele>
    <time>2025-08-22T23:44:11Z</time>
   </trkpt>
   <trkpt lat="-6.2566150" lon="106.7969070">
    <ele>32.4</ele>
    <time>2025-08-22T23:44:12Z</time>
   </trkpt>
   <trkpt lat="-6.2565690" lon="106.7969200">
    <ele>32.4</ele>
    <time>2025-08-22T23:44:14Z</time>
   </trkpt>
   <trkpt lat="-6.2565510" lon="106.7969180">
    <ele>32.4</ele>
    <time>2025-08-22T23:44:16Z</time>
   </trkpt>
   <trkpt lat="-6.2565320" lon="106.7969160">
    <ele>32.4</ele>
    <time>2025-08-22T23:44:17Z</time>
   </trkpt>
   <trkpt lat="-6.2565140" lon="106.7969140">
    <ele>32.4</ele>
    <time>2025-08-22T23:44:18Z</time>
   </trkpt>
   <trkpt lat="-6.2564960" lon="106.7969130">
    <ele>32.4</ele>
    <time>2025-08-22T23:44:19Z</time>
   </trkpt>
   <trkpt lat="-6.2564790" lon="106.7969120">
    <ele>32.4</ele>
    <time>2025-08-22T23:44:20Z</time>
   </trkpt>
   <trkpt lat="-6.2564560" lon="106.7969090">
    <ele>32.4</ele>
    <time>2025-08-22T23:44:21Z</time>
   </trkpt>
   <trkpt lat="-6.2564200" lon="106.7969010">
    <ele>32.5</ele>
    <time>2025-08-22T23:44:23Z</time>
   </trkpt>
   <trkpt lat="-6.2563990" lon="106.7968950">
    <ele>32.5</ele>
    <time>2025-08-22T23:44:24Z</time>
   </trkpt>
   <trkpt lat="-6.2563720" lon="106.7968990">
    <ele>32.5</ele>
    <time>2025-08-22T23:44:25Z</time>
   </trkpt>
   <trkpt lat="-6.2563620" lon="106.7969030">
    <ele>32.5</ele>
    <time>2025-08-22T23:44:26Z</time>
   </trkpt>
   <trkpt lat="-6.2563340" lon="106.7969230">
    <ele>32.5</ele>
    <time>2025-08-22T23:44:27Z</time>
   </trkpt>
   <trkpt lat="-6.2563240" lon="106.7969290">
    <ele>32.5</ele>
    <time>2025-08-22T23:44:28Z</time>
   </trkpt>
   <trkpt lat="-6.2562920" lon="106.7969390">
    <ele>32.4</ele>
    <time>2025-08-22T23:44:29Z</time>
   </trkpt>
   <trkpt lat="-6.2562790" lon="106.7969400">
    <ele>32.4</ele>
    <time>2025-08-22T23:44:30Z</time>
   </trkpt>
   <trkpt lat="-6.2562500" lon="106.7969470">
    <ele>32.4</ele>
    <time>2025-08-22T23:44:31Z</time>
   </trkpt>
   <trkpt lat="-6.2562400" lon="106.7969500">
    <ele>32.4</ele>
    <time>2025-08-22T23:44:32Z</time>
   </trkpt>
   <trkpt lat="-6.2562120" lon="106.7969640">
    <ele>32.3</ele>
    <time>2025-08-22T23:44:33Z</time>
   </trkpt>
   <trkpt lat="-6.2562030" lon="106.7969680">
    <ele>32.3</ele>
    <time>2025-08-22T23:44:34Z</time>
   </trkpt>
   <trkpt lat="-6.2561760" lon="106.7969830">
    <ele>32.3</ele>
    <time>2025-08-22T23:44:35Z</time>
   </trkpt>
   <trkpt lat="-6.2561660" lon="106.7969880">
    <ele>32.2</ele>
    <time>2025-08-22T23:44:36Z</time>
   </trkpt>
   <trkpt lat="-6.2561340" lon="106.7970070">
    <ele>32.2</ele>
    <time>2025-08-22T23:44:38Z</time>
   </trkpt>
   <trkpt lat="-6.2561180" lon="106.7970160">
    <ele>32.2</ele>
    <time>2025-08-22T23:44:39Z</time>
   </trkpt>
   <trkpt lat="-6.2561000" lon="106.7970270">
    <ele>32.1</ele>
    <time>2025-08-22T23:44:40Z</time>
   </trkpt>
   <trkpt lat="-6.2560860" lon="106.7970350">
    <ele>32.1</ele>
    <time>2025-08-22T23:44:41Z</time>
   </trkpt>
   <trkpt lat="-6.2560720" lon="106.7970410">
    <ele>32.1</ele>
    <time>2025-08-22T23:44:42Z</time>
   </trkpt>
   <trkpt lat="-6.2560420" lon="106.7970470">
    <ele>32.1</ele>
    <time>2025-08-22T23:44:43Z</time>
   </trkpt>
   <trkpt lat="-6.2560330" lon="106.7970470">
    <ele>32.1</ele>
    <time>2025-08-22T23:44:44Z</time>
   </trkpt>
   <trkpt lat="-6.2560150" lon="106.7970470">
    <ele>32.1</ele>
    <time>2025-08-22T23:44:45Z</time>
   </trkpt>
   <trkpt lat="-6.2559970" lon="106.7970490">
    <ele>32.1</ele>
    <time>2025-08-22T23:44:46Z</time>
   </trkpt>
   <trkpt lat="-6.2559780" lon="106.7970550">
    <ele>32.0</ele>
    <time>2025-08-22T23:44:47Z</time>
   </trkpt>
   <trkpt lat="-6.2559640" lon="106.7970600">
    <ele>32.0</ele>
    <time>2025-08-22T23:44:49Z</time>
   </trkpt>
   <trkpt lat="-6.2559480" lon="106.7970640">
    <ele>32.0</ele>
    <time>2025-08-22T23:44:50Z</time>
   </trkpt>
   <trkpt lat="-6.2559320" lon="106.7970690">
    <ele>32.0</ele>
    <time>2025-08-22T23:44:51Z</time>
   </trkpt>
   <trkpt lat="-6.2559180" lon="106.7970730">
    <ele>32.0</ele>
    <time>2025-08-22T23:44:52Z</time>
   </trkpt>
   <trkpt lat="-6.2559000" lon="106.7970770">
    <ele>32.0</ele>
    <time>2025-08-22T23:44:53Z</time>
   </trkpt>
   <trkpt lat="-6.2558680" lon="106.7970810">
    <ele>32.0</ele>
    <time>2025-08-22T23:44:54Z</time>
   </trkpt>
   <trkpt lat="-6.2558570" lon="106.7970820">
    <ele>32.0</ele>
    <time>2025-08-22T23:44:55Z</time>
   </trkpt>
   <trkpt lat="-6.2558260" lon="106.7970850">
    <ele>32.0</ele>
    <time>2025-08-22T23:44:56Z</time>
   </trkpt>
   <trkpt lat="-6.2558150" lon="106.7970850">
    <ele>32.0</ele>
    <time>2025-08-22T23:44:57Z</time>
   </trkpt>
   <trkpt lat="-6.2557980" lon="106.7970840">
    <ele>32.0</ele>
    <time>2025-08-22T23:44:58Z</time>
   </trkpt>
   <trkpt lat="-6.2557850" lon="106.7970830">
    <ele>32.0</ele>
    <time>2025-08-22T23:44:59Z</time>
   </trkpt>
   <trkpt lat="-6.2557710" lon="106.7970860">
    <ele>32.0</ele>
    <time>2025-08-22T23:45:00Z</time>
   </trkpt>
   <trkpt lat="-6.2557570" lon="106.7970910">
    <ele>32.0</ele>
    <time>2025-08-22T23:45:01Z</time>
   </trkpt>
   <trkpt lat="-6.2557340" lon="106.7970980">
    <ele>32.0</ele>
    <time>2025-08-22T23:45:02Z</time>
   </trkpt>
   <trkpt lat="-6.2557240" lon="106.7971000">
    <ele>32.0</ele>
    <time>2025-08-22T23:45:03Z</time>
   </trkpt>
   <trkpt lat="-6.2557130" lon="106.7971030">
    <ele>32.0</ele>
    <time>2025-08-22T23:45:04Z</time>
   </trkpt>
   <trkpt lat="-6.2556870" lon="106.7971100">
    <ele>32.0</ele>
    <time>2025-08-22T23:45:05Z</time>
   </trkpt>
   <trkpt lat="-6.2556770" lon="106.7971120">
    <ele>32.0</ele>
    <time>2025-08-22T23:45:06Z</time>
   </trkpt>
   <trkpt lat="-6.2556390" lon="106.7971150">
    <ele>32.0</ele>
    <time>2025-08-22T23:45:08Z</time>
   </trkpt>
   <trkpt lat="-6.2556210" lon="106.7971160">
    <ele>32.0</ele>
    <time>2025-08-22T23:45:09Z</time>
   </trkpt>
   <trkpt lat="-6.2556030" lon="106.7971170">
    <ele>31.9</ele>
    <time>2025-08-22T23:45:11Z</time>
   </trkpt>
   <trkpt lat="-6.2555690" lon="106.7971230">
    <ele>31.9</ele>
    <time>2025-08-22T23:45:12Z</time>
   </trkpt>
   <trkpt lat="-6.2555340" lon="106.7971340">
    <ele>31.9</ele>
    <time>2025-08-22T23:45:14Z</time>
   </trkpt>
   <trkpt lat="-6.2555160" lon="106.7971410">
    <ele>31.9</ele>
    <time>2025-08-22T23:45:15Z</time>
   </trkpt>
   <trkpt lat="-6.2554970" lon="106.7971510">
    <ele>31.8</ele>
    <time>2025-08-22T23:45:16Z</time>
   </trkpt>
   <trkpt lat="-6.2554740" lon="106.7971680">
    <ele>31.8</ele>
    <time>2025-08-22T23:45:17Z</time>
   </trkpt>
   <trkpt lat="-6.2554660" lon="106.7971720">
    <ele>31.8</ele>
    <time>2025-08-22T23:45:18Z</time>
   </trkpt>
   <trkpt lat="-6.2554380" lon="106.7971800">
    <ele>31.7</ele>
    <time>2025-08-22T23:45:19Z</time>
   </trkpt>
   <trkpt lat="-6.2554130" lon="106.7971930">
    <ele>31.7</ele>
    <time>2025-08-22T23:45:21Z</time>
   </trkpt>
   <trkpt lat="-6.2554040" lon="106.7971950">
    <ele>31.7</ele>
    <time>2025-08-22T23:45:22Z</time>
   </trkpt>
   <trkpt lat="-6.2553660" lon="106.7971930">
    <ele>31.6</ele>
    <time>2025-08-22T23:45:23Z</time>
   </trkpt>
   <trkpt lat="-6.2553330" lon="106.7971920">
    <ele>31.6</ele>
    <time>2025-08-22T23:45:25Z</time>
   </trkpt>
   <trkpt lat="-6.2553190" lon="106.7972000">
    <ele>31.6</ele>
    <time>2025-08-22T23:45:26Z</time>
   </trkpt>
   <trkpt lat="-6.2553000" lon="106.7972030">
    <ele>31.6</ele>
    <time>2025-08-22T23:45:27Z</time>
   </trkpt>
   <trkpt lat="-6.2552840" lon="106.7971990">
    <ele>31.6</ele>
    <time>2025-08-22T23:45:28Z</time>
   </trkpt>
   <trkpt lat="-6.2552690" lon="106.7971960">
    <ele>31.5</ele>
    <time>2025-08-22T23:45:29Z</time>
   </trkpt>
   <trkpt lat="-6.2552390" lon="106.7971930">
    <ele>31.5</ele>
    <time>2025-08-22T23:45:30Z</time>
   </trkpt>
   <trkpt lat="-6.2552290" lon="106.7971920">
    <ele>31.5</ele>
    <time>2025-08-22T23:45:31Z</time>
   </trkpt>
   <trkpt lat="-6.2551940" lon="106.7971900">
    <ele>31.5</ele>
    <time>2025-08-22T23:45:33Z</time>
   </trkpt>
   <trkpt lat="-6.2551740" lon="106.7971890">
    <ele>31.5</ele>
    <time>2025-08-22T23:45:34Z</time>
   </trkpt>
   <trkpt lat="-6.2551580" lon="106.7971900">
    <ele>31.5</ele>
    <time>2025-08-22T23:45:36Z</time>
   </trkpt>
   <trkpt lat="-6.2551310" lon="106.7971990">
    <ele>31.5</ele>
    <time>2025-08-22T23:45:37Z</time>
   </trkpt>
   <trkpt lat="-6.2551210" lon="106.7972020">
    <ele>31.4</ele>
    <time>2025-08-22T23:45:38Z</time>
   </trkpt>
   <trkpt lat="-6.2551110" lon="106.7972120">
    <ele>31.4</ele>
    <time>2025-08-22T23:45:39Z</time>
   </trkpt>
   <trkpt lat="-6.2551060" lon="106.7972340">
    <ele>31.4</ele>
    <time>2025-08-22T23:45:40Z</time>
   </trkpt>
   <trkpt lat="-6.2550800" lon="106.7972580">
    <ele>31.4</ele>
    <time>2025-08-22T23:45:41Z</time>
   </trkpt>
   <trkpt lat="-6.2550670" lon="106.7972600">
    <ele>31.4</ele>
    <time>2025-08-22T23:45:42Z</time>
   </trkpt>
   <trkpt lat="-6.2550340" lon="106.7972620">
    <ele>31.4</ele>
    <time>2025-08-22T23:45:43Z</time>
   </trkpt>
   <trkpt lat="-6.2550230" lon="106.7972620">
    <ele>31.4</ele>
    <time>2025-08-22T23:45:44Z</time>
   </trkpt>
   <trkpt lat="-6.2549890" lon="106.7972630">
    <ele>31.4</ele>
    <time>2025-08-22T23:45:45Z</time>
   </trkpt>
   <trkpt lat="-6.2549780" lon="106.7972630">
    <ele>31.4</ele>
    <time>2025-08-22T23:45:46Z</time>
   </trkpt>
   <trkpt lat="-6.2549460" lon="106.7972550">
    <ele>31.3</ele>
    <time>2025-08-22T23:45:47Z</time>
   </trkpt>
   <trkpt lat="-6.2549100" lon="106.7972480">
    <ele>31.3</ele>
    <time>2025-08-22T23:45:49Z</time>
   </trkpt>
   <trkpt lat="-6.2548970" lon="106.7972470">
    <ele>31.3</ele>
    <time>2025-08-22T23:45:50Z</time>
   </trkpt>
   <trkpt lat="-6.2548580" lon="106.7972440">
    <ele>31.3</ele>
    <time>2025-08-22T23:45:51Z</time>
   </trkpt>
   <trkpt lat="-6.2548450" lon="106.7972430">
    <ele>31.3</ele>
    <time>2025-08-22T23:45:52Z</time>
   </trkpt>
   <trkpt lat="-6.2548080" lon="106.7972360">
    <ele>31.2</ele>
    <time>2025-08-22T23:45:53Z</time>
   </trkpt>
   <trkpt lat="-6.2547950" lon="106.7972330">
    <ele>31.2</ele>
    <time>2025-08-22T23:45:54Z</time>
   </trkpt>
   <trkpt lat="-6.2547590" lon="106.7972240">
    <ele>31.2</ele>
    <time>2025-08-22T23:45:55Z</time>
   </trkpt>
   <trkpt lat="-6.2547470" lon="106.7972210">
    <ele>31.2</ele>
    <time>2025-08-22T23:45:56Z</time>
   </trkpt>
   <trkpt lat="-6.2547090" lon="106.7972090">
    <ele>31.2</ele>
    <time>2025-08-22T23:45:57Z</time>
   </trkpt>
   <trkpt lat="-6.2546970" lon="106.7972060">
    <ele>31.2</ele>
    <time>2025-08-22T23:45:58Z</time>
   </trkpt>
   <trkpt lat="-6.2546680" lon="106.7971930">
    <ele>31.2</ele>
    <time>2025-08-22T23:45:59Z</time>
   </trkpt>
   <trkpt lat="-6.2546610" lon="106.7971900">
    <ele>31.2</ele>
    <time>2025-08-22T23:46:00Z</time>
   </trkpt>
   <trkpt lat="-6.2546460" lon="106.7971850">
    <ele>31.2</ele>
    <time>2025-08-22T23:46:01Z</time>
   </trkpt>
   <trkpt lat="-6.2546300" lon="106.7971780">
    <ele>31.2</ele>
    <time>2025-08-22T23:46:02Z</time>
   </trkpt>
   <trkpt lat="-6.2546030" lon="106.7971660">
    <ele>31.2</ele>
    <time>2025-08-22T23:46:03Z</time>
   </trkpt>
   <trkpt lat="-6.2545930" lon="106.7971640">
    <ele>31.2</ele>
    <time>2025-08-22T23:46:04Z</time>
   </trkpt>
   <trkpt lat="-6.2545570" lon="106.7971670">
    <ele>31.2</ele>
    <time>2025-08-22T23:46:05Z</time>
   </trkpt>
   <trkpt lat="-6.2545430" lon="106.7971700">
    <ele>31.2</ele>
    <time>2025-08-22T23:46:06Z</time>
   </trkpt>
   <trkpt lat="-6.2545170" lon="106.7971800">
    <ele>31.2</ele>
    <time>2025-08-22T23:46:07Z</time>
   </trkpt>
   <trkpt lat="-6.2544810" lon="106.7971900">
    <ele>31.2</ele>
    <time>2025-08-22T23:46:08Z</time>
   </trkpt>
   <trkpt lat="-6.2544690" lon="106.7971920">
    <ele>31.2</ele>
    <time>2025-08-22T23:46:09Z</time>
   </trkpt>
   <trkpt lat="-6.2544340" lon="106.7972100">
    <ele>31.2</ele>
    <time>2025-08-22T23:46:10Z</time>
   </trkpt>
   <trkpt lat="-6.2544220" lon="106.7972170">
    <ele>31.2</ele>
    <time>2025-08-22T23:46:11Z</time>
   </trkpt>
   <trkpt lat="-6.2543890" lon="106.7972380">
    <ele>31.2</ele>
    <time>2025-08-22T23:46:13Z</time>
   </trkpt>
   <trkpt lat="-6.2543670" lon="106.7972440">
    <ele>31.2</ele>
    <time>2025-08-22T23:46:14Z</time>
   </trkpt>
   <trkpt lat="-6.2543510" lon="106.7972450">
    <ele>31.2</ele>
    <time>2025-08-22T23:46:16Z</time>
   </trkpt>
   <trkpt lat="-6.2543110" lon="106.7972450">
    <ele>31.2</ele>
    <time>2025-08-22T23:46:17Z</time>
   </trkpt>
   <trkpt lat="-6.2542660" lon="106.7972400">
    <ele>31.2</ele>
    <time>2025-08-22T23:46:19Z</time>
   </trkpt>
   <trkpt lat="-6.2542430" lon="106.7972360">
    <ele>31.2</ele>
    <time>2025-08-22T23:46:20Z</time>
   </trkpt>
   <trkpt lat="-6.2542190" lon="106.7972330">
    <ele>31.3</ele>
    <time>2025-08-22T23:46:21Z</time>
   </trkpt>
   <trkpt lat="-6.2541960" lon="106.7972370">
    <ele>31.3</ele>
    <time>2025-08-22T23:46:22Z</time>
   </trkpt>
   <trkpt lat="-6.2541530" lon="106.7972420">
    <ele>31.3</ele>
    <time>2025-08-22T23:46:24Z</time>
   </trkpt>
   <trkpt lat="-6.2541280" lon="106.7972440">
    <ele>31.3</ele>
    <time>2025-08-22T23:46:25Z</time>
   </trkpt>
   <trkpt lat="-6.2540990" lon="106.7972450">
    <ele>31.3</ele>
    <time>2025-08-22T23:46:26Z</time>
   </trkpt>
   <trkpt lat="-6.2540890" lon="106.7972450">
    <ele>31.3</ele>
    <time>2025-08-22T23:46:27Z</time>
   </trkpt>
   <trkpt lat="-6.2540620" lon="106.7972400">
    <ele>31.3</ele>
    <time>2025-08-22T23:46:28Z</time>
   </trkpt>
   <trkpt lat="-6.2540530" lon="106.7972390">
    <ele>31.3</ele>
    <time>2025-08-22T23:46:29Z</time>
   </trkpt>
   <trkpt lat="-6.2540240" lon="106.7972350">
    <ele>31.3</ele>
    <time>2025-08-22T23:46:30Z</time>
   </trkpt>
   <trkpt lat="-6.2540130" lon="106.7972340">
    <ele>31.3</ele>
    <time>2025-08-22T23:46:31Z</time>
   </trkpt>
   <trkpt lat="-6.2539940" lon="106.7972320">
    <ele>31.3</ele>
    <time>2025-08-22T23:46:32Z</time>
   </trkpt>
   <trkpt lat="-6.2539570" lon="106.7972260">
    <ele>31.3</ele>
    <time>2025-08-22T23:46:34Z</time>
   </trkpt>
   <trkpt lat="-6.2539370" lon="106.7972180">
    <ele>31.3</ele>
    <time>2025-08-22T23:46:35Z</time>
   </trkpt>
   <trkpt lat="-6.2539210" lon="106.7972130">
    <ele>31.3</ele>
    <time>2025-08-22T23:46:37Z</time>
   </trkpt>
   <trkpt lat="-6.2538820" lon="106.7972190">
    <ele>31.3</ele>
    <time>2025-08-22T23:46:38Z</time>
   </trkpt>
   <trkpt lat="-6.2538630" lon="106.7972250">
    <ele>31.3</ele>
    <time>2025-08-22T23:46:39Z</time>
   </trkpt>
   <trkpt lat="-6.2538320" lon="106.7972360">
    <ele>31.3</ele>
    <time>2025-08-22T23:46:41Z</time>
   </trkpt>
   <trkpt lat="-6.2538220" lon="106.7972400">
    <ele>31.3</ele>
    <time>2025-08-22T23:46:42Z</time>
   </trkpt>
   <trkpt lat="-6.2537840" lon="106.7972480">
    <ele>31.3</ele>
    <time>2025-08-22T23:46:43Z</time>
   </trkpt>
   <trkpt lat="-6.2537640" lon="106.7972490">
    <ele>31.4</ele>
    <time>2025-08-22T23:46:44Z</time>
   </trkpt>
   <trkpt lat="-6.2537420" lon="106.7972500">
    <ele>31.4</ele>
    <time>2025-08-22T23:46:45Z</time>
   </trkpt>
   <trkpt lat="-6.2537220" lon="106.7972510">
    <ele>31.4</ele>
    <time>2025-08-22T23:46:46Z</time>
   </trkpt>
   <trkpt lat="-6.2536840" lon="106.7972490">
    <ele>31.4</ele>
    <time>2025-08-22T23:46:48Z</time>
   </trkpt>
   <trkpt lat="-6.2536610" lon="106.7972470">
    <ele>31.4</ele>
    <time>2025-08-22T23:46:49Z</time>
   </trkpt>
   <trkpt lat="-6.2536230" lon="106.7972500">
    <ele>31.4</ele>
    <time>2025-08-22T23:46:51Z</time>
   </trkpt>
   <trkpt lat="-6.2535930" lon="106.7972570">
    <ele>31.4</ele>
    <time>2025-08-22T23:46:52Z</time>
   </trkpt>
   <trkpt lat="-6.2535840" lon="106.7972590">
    <ele>31.4</ele>
    <time>2025-08-22T23:46:53Z</time>
   </trkpt>
   <trkpt lat="-6.2535440" lon="106.7972660">
    <ele>31.5</ele>
    <time>2025-08-22T23:46:55Z</time>
   </trkpt>
   <trkpt lat="-6.2535240" lon="106.7972630">
    <ele>31.5</ele>
    <time>2025-08-22T23:46:56Z</time>
   </trkpt>
   <trkpt lat="-6.2534880" lon="106.7972620">
    <ele>31.5</ele>
    <time>2025-08-22T23:46:58Z</time>
   </trkpt>
   <trkpt lat="-6.2534680" lon="106.7972580">
    <ele>31.5</ele>
    <time>2025-08-22T23:46:59Z</time>
   </trkpt>
   <trkpt lat="-6.2534370" lon="106.7972500">
    <ele>31.5</ele>
    <time>2025-08-22T23:47:01Z</time>
   </trkpt>
   <trkpt lat="-6.2534240" lon="106.7972470">
    <ele>31.5</ele>
    <time>2025-08-22T23:47:02Z</time>
   </trkpt>
   <trkpt lat="-6.2533940" lon="106.7972450">
    <ele>31.4</ele>
    <time>2025-08-22T23:47:03Z</time>
   </trkpt>
   <trkpt lat="-6.2533830" lon="106.7972450">
    <ele>31.4</ele>
    <time>2025-08-22T23:47:04Z</time>
   </trkpt>
   <trkpt lat="-6.2533490" lon="106.7972410">
    <ele>31.4</ele>
    <time>2025-08-22T23:47:05Z</time>
   </trkpt>
   <trkpt lat="-6.2533360" lon="106.7972390">
    <ele>31.4</ele>
    <time>2025-08-22T23:47:06Z</time>
   </trkpt>
   <trkpt lat="-6.2533030" lon="106.7972280">
    <ele>31.4</ele>
    <time>2025-08-22T23:47:07Z</time>
   </trkpt>
   <trkpt lat="-6.2532930" lon="106.7972240">
    <ele>31.4</ele>
    <time>2025-08-22T23:47:08Z</time>
   </trkpt>
   <trkpt lat="-6.2532760" lon="106.7972170">
    <ele>31.4</ele>
    <time>2025-08-22T23:47:09Z</time>
   </trkpt>
   <trkpt lat="-6.2532600" lon="106.7972110">
    <ele>31.4</ele>
    <time>2025-08-22T23:47:11Z</time>
   </trkpt>
   <trkpt lat="-6.2532290" lon="106.7971980">
    <ele>31.3</ele>
    <time>2025-08-22T23:47:12Z</time>
   </trkpt>
   <trkpt lat="-6.2532130" lon="106.7971930">
    <ele>31.3</ele>
    <time>2025-08-22T23:47:13Z</time>
   </trkpt>
   <trkpt lat="-6.2531970" lon="106.7971890">
    <ele>31.3</ele>
    <time>2025-08-22T23:47:14Z</time>
   </trkpt>
   <trkpt lat="-6.2531830" lon="106.7971890">
    <ele>31.3</ele>
    <time>2025-08-22T23:47:15Z</time>
   </trkpt>
   <trkpt lat="-6.2531630" lon="106.7971890">
    <ele>31.2</ele>
    <time>2025-08-22T23:47:16Z</time>
   </trkpt>
   <trkpt lat="-6.2531400" lon="106.7971940">
    <ele>31.2</ele>
    <time>2025-08-22T23:47:17Z</time>
   </trkpt>
   <trkpt lat="-6.2531050" lon="106.7972120">
    <ele>31.2</ele>
    <time>2025-08-22T23:47:19Z</time>
   </trkpt>
   <trkpt lat="-6.2530840" lon="106.7972190">
    <ele>31.1</ele>
    <time>2025-08-22T23:47:20Z</time>
   </trkpt>
   <trkpt lat="-6.2530440" lon="106.7972290">
    <ele>31.1</ele>
    <time>2025-08-22T23:47:22Z</time>
   </trkpt>
   <trkpt lat="-6.2530240" lon="106.7972350">
    <ele>31.0</ele>
    <time>2025-08-22T23:47:23Z</time>
   </trkpt>
   <trkpt lat="-6.2530020" lon="106.7972420">
    <ele>31.0</ele>
    <time>2025-08-22T23:47:24Z</time>
   </trkpt>
   <trkpt lat="-6.2529730" lon="106.7972530">
    <ele>31.0</ele>
    <time>2025-08-22T23:47:25Z</time>
   </trkpt>
   <trkpt lat="-6.2529630" lon="106.7972560">
    <ele>30.9</ele>
    <time>2025-08-22T23:47:26Z</time>
   </trkpt>
   <trkpt lat="-6.2529310" lon="106.7972620">
    <ele>30.9</ele>
    <time>2025-08-22T23:47:27Z</time>
   </trkpt>
   <trkpt lat="-6.2529200" lon="106.7972630">
    <ele>30.9</ele>
    <time>2025-08-22T23:47:28Z</time>
   </trkpt>
   <trkpt lat="-6.2528890" lon="106.7972670">
    <ele>30.8</ele>
    <time>2025-08-22T23:47:29Z</time>
   </trkpt>
   <trkpt lat="-6.2528780" lon="106.7972680">
    <ele>30.8</ele>
    <time>2025-08-22T23:47:30Z</time>
   </trkpt>
   <trkpt lat="-6.2528440" lon="106.7972670">
    <ele>30.8</ele>
    <time>2025-08-22T23:47:31Z</time>
   </trkpt>
   <trkpt lat="-6.2528340" lon="106.7972670">
    <ele>30.8</ele>
    <time>2025-08-22T23:47:32Z</time>
   </trkpt>
   <trkpt lat="-6.2527900" lon="106.7972650">
    <ele>30.7</ele>
    <time>2025-08-22T23:47:34Z</time>
   </trkpt>
   <trkpt lat="-6.2527670" lon="106.7972640">
    <ele>30.7</ele>
    <time>2025-08-22T23:47:35Z</time>
   </trkpt>
   <trkpt lat="-6.2527440" lon="106.7972630">
    <ele>30.6</ele>
    <time>2025-08-22T23:47:36Z</time>
   </trkpt>
   <trkpt lat="-6.2527140" lon="106.7972610">
    <ele>30.6</ele>
    <time>2025-08-22T23:47:37Z</time>
   </trkpt>
   <trkpt lat="-6.2527040" lon="106.7972600">
    <ele>30.6</ele>
    <time>2025-08-22T23:47:38Z</time>
   </trkpt>
   <trkpt lat="-6.2526740" lon="106.7972570">
    <ele>30.5</ele>
    <time>2025-08-22T23:47:39Z</time>
   </trkpt>
   <trkpt lat="-6.2526640" lon="106.7972560">
    <ele>30.5</ele>
    <time>2025-08-22T23:47:40Z</time>
   </trkpt>
   <trkpt lat="-6.2526340" lon="106.7972570">
    <ele>30.5</ele>
    <time>2025-08-22T23:47:41Z</time>
   </trkpt>
   <trkpt lat="-6.2526220" lon="106.7972580">
    <ele>30.4</ele>
    <time>2025-08-22T23:47:42Z</time>
   </trkpt>
   <trkpt lat="-6.2525970" lon="106.7972610">
    <ele>30.4</ele>
    <time>2025-08-22T23:47:43Z</time>
   </trkpt>
   <trkpt lat="-6.2525740" lon="106.7972590">
    <ele>30.4</ele>
    <time>2025-08-22T23:47:45Z</time>
   </trkpt>
   <trkpt lat="-6.2525340" lon="106.7972560">
    <ele>30.3</ele>
    <time>2025-08-22T23:47:46Z</time>
   </trkpt>
   <trkpt lat="-6.2525140" lon="106.7972560">
    <ele>30.2</ele>
    <time>2025-08-22T23:47:47Z</time>
   </trkpt>
   <trkpt lat="-6.2524780" lon="106.7972620">
    <ele>30.2</ele>
    <time>2025-08-22T23:47:49Z</time>
   </trkpt>
   <trkpt lat="-6.2524580" lon="106.7972630">
    <ele>30.1</ele>
    <time>2025-08-22T23:47:50Z</time>
   </trkpt>
   <trkpt lat="-6.2524400" lon="106.7972650">
    <ele>30.1</ele>
    <time>2025-08-22T23:47:51Z</time>
   </trkpt>
   <trkpt lat="-6.2524240" lon="106.7972660">
    <ele>30.1</ele>
    <time>2025-08-22T23:47:52Z</time>
   </trkpt>
   <trkpt lat="-6.2523960" lon="106.7972670">
    <ele>30.0</ele>
    <time>2025-08-22T23:47:53Z</time>
   </trkpt>
   <trkpt lat="-6.2523870" lon="106.7972680">
    <ele>30.0</ele>
    <time>2025-08-22T23:47:54Z</time>
   </trkpt>
   <trkpt lat="-6.2523540" lon="106.7972710">
    <ele>30.0</ele>
    <time>2025-08-22T23:47:56Z</time>
   </trkpt>
   <trkpt lat="-6.2523450" lon="106.7972710">
    <ele>29.9</ele>
    <time>2025-08-22T23:47:57Z</time>
   </trkpt>
   <trkpt lat="-6.2523050" lon="106.7972760">
    <ele>29.9</ele>
    <time>2025-08-22T23:47:58Z</time>
   </trkpt>
   <trkpt lat="-6.2522660" lon="106.7972830">
    <ele>29.8</ele>
    <time>2025-08-22T23:48:00Z</time>
   </trkpt>
   <trkpt lat="-6.2522460" lon="106.7972860">
    <ele>29.8</ele>
    <time>2025-08-22T23:48:01Z</time>
   </trkpt>
   <trkpt lat="-6.2522260" lon="106.7972870">
    <ele>29.7</ele>
    <time>2025-08-22T23:48:03Z</time>
   </trkpt>
   <trkpt lat="-6.2522080" lon="106.7972850">
    <ele>29.7</ele>
    <time>2025-08-22T23:48:04Z</time>
   </trkpt>
   <trkpt lat="-6.2521920" lon="106.7972820">
    <ele>29.6</ele>
    <time>2025-08-22T23:48:05Z</time>
   </trkpt>
   <trkpt lat="-6.2521560" lon="106.7972850">
    <ele>29.6</ele>
    <time>2025-08-22T23:48:06Z</time>
   </trkpt>
   <trkpt lat="-6.2521200" lon="106.7972900">
    <ele>29.5</ele>
    <time>2025-08-22T23:48:08Z</time>
   </trkpt>
   <trkpt lat="-6.2521000" lon="106.7972910">
    <ele>29.4</ele>
    <time>2025-08-22T23:48:09Z</time>
   </trkpt>
   <trkpt lat="-6.2520790" lon="106.7972900">
    <ele>29.4</ele>
    <time>2025-08-22T23:48:10Z</time>
   </trkpt>
   <trkpt lat="-6.2520480" lon="106.7972860">
    <ele>29.3</ele>
    <time>2025-08-22T23:48:11Z</time>
   </trkpt>
   <trkpt lat="-6.2520380" lon="106.7972850">
    <ele>29.3</ele>
    <time>2025-08-22T23:48:12Z</time>
   </trkpt>
   <trkpt lat="-6.2520080" lon="106.7972770">
    <ele>29.2</ele>
    <time>2025-08-22T23:48:13Z</time>
   </trkpt>
   <trkpt lat="-6.2519960" lon="106.7972750">
    <ele>29.2</ele>
    <time>2025-08-22T23:48:14Z</time>
   </trkpt>
   <trkpt lat="-6.2519670" lon="106.7972720">
    <ele>29.1</ele>
    <time>2025-08-22T23:48:16Z</time>
   </trkpt>
   <trkpt lat="-6.2519580" lon="106.7972710">
    <ele>29.1</ele>
    <time>2025-08-22T23:48:17Z</time>
   </trkpt>
   <trkpt lat="-6.2519160" lon="106.7972650">
    <ele>29.0</ele>
    <time>2025-08-22T23:48:18Z</time>
   </trkpt>
   <trkpt lat="-6.2518960" lon="106.7972600">
    <ele>28.9</ele>
    <time>2025-08-22T23:48:19Z</time>
   </trkpt>
   <trkpt lat="-6.2518600" lon="106.7972520">
    <ele>28.8</ele>
    <time>2025-08-22T23:48:21Z</time>
   </trkpt>
   <trkpt lat="-6.2518410" lon="106.7972540">
    <ele>28.8</ele>
    <time>2025-08-22T23:48:22Z</time>
   </trkpt>
   <trkpt lat="-6.2518120" lon="106.7972550">
    <ele>28.7</ele>
    <time>2025-08-22T23:48:23Z</time>
   </trkpt>
   <trkpt lat="-6.2518020" lon="106.7972540">
    <ele>28.7</ele>
    <time>2025-08-22T23:48:24Z</time>
   </trkpt>
   <trkpt lat="-6.2517700" lon="106.7972640">
    <ele>28.6</ele>
    <time>2025-08-22T23:48:25Z</time>
   </trkpt>
   <trkpt lat="-6.2517590" lon="106.7972690">
    <ele>28.6</ele>
    <time>2025-08-22T23:48:26Z</time>
   </trkpt>
   <trkpt lat="-6.2517300" lon="106.7972850">
    <ele>28.5</ele>
    <time>2025-08-22T23:48:27Z</time>
   </trkpt>
   <trkpt lat="-6.2517200" lon="106.7972890">
    <ele>28.5</ele>
    <time>2025-08-22T23:48:28Z</time>
   </trkpt>
   <trkpt lat="-6.2516920" lon="106.7973020">
    <ele>28.4</ele>
    <time>2025-08-22T23:48:29Z</time>
   </trkpt>
   <trkpt lat="-6.2516820" lon="106.7973060">
    <ele>28.4</ele>
    <time>2025-08-22T23:48:30Z</time>
   </trkpt>
   <trkpt lat="-6.2516450" lon="106.7973180">
    <ele>28.4</ele>
    <time>2025-08-22T23:48:32Z</time>
   </trkpt>
   <trkpt lat="-6.2516270" lon="106.7973230">
    <ele>28.3</ele>
    <time>2025-08-22T23:48:33Z</time>
   </trkpt>
   <trkpt lat="-6.2516090" lon="106.7973290">
    <ele>28.3</ele>
    <time>2025-08-22T23:48:34Z</time>
   </trkpt>
   <trkpt lat="-6.2515810" lon="106.7973330">
    <ele>28.2</ele>
    <time>2025-08-22T23:48:35Z</time>
   </trkpt>
   <trkpt lat="-6.2515720" lon="106.7973330">
    <ele>28.2</ele>
    <time>2025-08-22T23:48:36Z</time>
   </trkpt>
   <trkpt lat="-6.2515440" lon="106.7973340">
    <ele>28.2</ele>
    <time>2025-08-22T23:48:37Z</time>
   </trkpt>
   <trkpt lat="-6.2515340" lon="106.7973350">
    <ele>28.2</ele>
    <time>2025-08-22T23:48:38Z</time>
   </trkpt>
   <trkpt lat="-6.2515050" lon="106.7973290">
    <ele>28.1</ele>
    <time>2025-08-22T23:48:39Z</time>
   </trkpt>
   <trkpt lat="-6.2514950" lon="106.7973260">
    <ele>28.1</ele>
    <time>2025-08-22T23:48:40Z</time>
   </trkpt>
   <trkpt lat="-6.2514680" lon="106.7973220">
    <ele>28.1</ele>
    <time>2025-08-22T23:48:41Z</time>
   </trkpt>
   <trkpt lat="-6.2514580" lon="106.7973210">
    <ele>28.1</ele>
    <time>2025-08-22T23:48:42Z</time>
   </trkpt>
   <trkpt lat="-6.2514290" lon="106.7973200">
    <ele>28.1</ele>
    <time>2025-08-22T23:48:43Z</time>
   </trkpt>
   <trkpt lat="-6.2514200" lon="106.7973190">
    <ele>28.1</ele>
    <time>2025-08-22T23:48:44Z</time>
   </trkpt>
   <trkpt lat="-6.2513920" lon="106.7973180">
    <ele>28.0</ele>
    <time>2025-08-22T23:48:45Z</time>
   </trkpt>
   <trkpt lat="-6.2513820" lon="106.7973180">
    <ele>28.0</ele>
    <time>2025-08-22T23:48:46Z</time>
   </trkpt>
   <trkpt lat="-6.2513510" lon="106.7973170">
    <ele>28.0</ele>
    <time>2025-08-22T23:48:47Z</time>
   </trkpt>
   <trkpt lat="-6.2513390" lon="106.7973170">
    <ele>28.0</ele>
    <time>2025-08-22T23:48:48Z</time>
   </trkpt>
   <trkpt lat="-6.2513120" lon="106.7973170">
    <ele>28.0</ele>
    <time>2025-08-22T23:48:49Z</time>
   </trkpt>
   <trkpt lat="-6.2513030" lon="106.7973170">
    <ele>28.0</ele>
    <time>2025-08-22T23:48:50Z</time>
   </trkpt>
   <trkpt lat="-6.2512850" lon="106.7973150">
    <ele>28.0</ele>
    <time>2025-08-22T23:48:51Z</time>
   </trkpt>
   <trkpt lat="-6.2512690" lon="106.7973090">
    <ele>28.0</ele>
    <time>2025-08-22T23:48:52Z</time>
   </trkpt>
   <trkpt lat="-6.2512420" lon="106.7973010">
    <ele>27.9</ele>
    <time>2025-08-22T23:48:53Z</time>
   </trkpt>
   <trkpt lat="-6.2512320" lon="106.7972990">
    <ele>27.9</ele>
    <time>2025-08-22T23:48:54Z</time>
   </trkpt>
   <trkpt lat="-6.2512020" lon="106.7972950">
    <ele>27.9</ele>
    <time>2025-08-22T23:48:55Z</time>
   </trkpt>
   <trkpt lat="-6.2511920" lon="106.7972950">
    <ele>27.9</ele>
    <time>2025-08-22T23:48:56Z</time>
   </trkpt>
   <trkpt lat="-6.2511650" lon="106.7972920">
    <ele>27.9</ele>
    <time>2025-08-22T23:48:57Z</time>
   </trkpt>
   <trkpt lat="-6.2511550" lon="106.7972910">
    <ele>27.9</ele>
    <time>2025-08-22T23:48:58Z</time>
   </trkpt>
   <trkpt lat="-6.2511220" lon="106.7972910">
    <ele>27.9</ele>
    <time>2025-08-22T23:48:59Z</time>
   </trkpt>
   <trkpt lat="-6.2511100" lon="106.7972920">
    <ele>27.9</ele>
    <time>2025-08-22T23:49:00Z</time>
   </trkpt>
   <trkpt lat="-6.2510760" lon="106.7972990">
    <ele>27.9</ele>
    <time>2025-08-22T23:49:01Z</time>
   </trkpt>
   <trkpt lat="-6.2510640" lon="106.7973020">
    <ele>27.9</ele>
    <time>2025-08-22T23:49:02Z</time>
   </trkpt>
   <trkpt lat="-6.2510380" lon="106.7973110">
    <ele>27.9</ele>
    <time>2025-08-22T23:49:03Z</time>
   </trkpt>
   <trkpt lat="-6.2510180" lon="106.7973210">
    <ele>27.9</ele>
    <time>2025-08-22T23:49:04Z</time>
   </trkpt>
   <trkpt lat="-6.2509960" lon="106.7973340">
    <ele>27.9</ele>
    <time>2025-08-22T23:49:06Z</time>
   </trkpt>
   <trkpt lat="-6.2509550" lon="106.7973480">
    <ele>27.9</ele>
    <time>2025-08-22T23:49:07Z</time>
   </trkpt>
   <trkpt lat="-6.2509340" lon="106.7973530">
    <ele>27.9</ele>
    <time>2025-08-22T23:49:08Z</time>
   </trkpt>
   <trkpt lat="-6.2509120" lon="106.7973570">
    <ele>27.9</ele>
    <time>2025-08-22T23:49:09Z</time>
   </trkpt>
   <trkpt lat="-6.2508930" lon="106.7973620">
    <ele>27.9</ele>
    <time>2025-08-22T23:49:10Z</time>
   </trkpt>
   <trkpt lat="-6.2508720" lon="106.7973680">
    <ele>27.9</ele>
    <time>2025-08-22T23:49:12Z</time>
   </trkpt>
   <trkpt lat="-6.2508420" lon="106.7973750">
    <ele>28.0</ele>
    <time>2025-08-22T23:49:13Z</time>
   </trkpt>
   <trkpt lat="-6.2508110" lon="106.7973730">
    <ele>28.0</ele>
    <time>2025-08-22T23:49:14Z</time>
   </trkpt>
   <trkpt lat="-6.2508010" lon="106.7973730">
    <ele>28.0</ele>
    <time>2025-08-22T23:49:15Z</time>
   </trkpt>
   <trkpt lat="-6.2507670" lon="106.7973680">
    <ele>28.0</ele>
    <time>2025-08-22T23:49:16Z</time>
   </trkpt>
   <trkpt lat="-6.2507550" lon="106.7973670">
    <ele>28.0</ele>
    <time>2025-08-22T23:49:17Z</time>
   </trkpt>
   <trkpt lat="-6.2507170" lon="106.7973680">
    <ele>28.0</ele>
    <time>2025-08-22T23:49:19Z</time>
   </trkpt>
   <trkpt lat="-6.2506970" lon="106.7973680">
    <ele>28.1</ele>
    <time>2025-08-22T23:49:20Z</time>
   </trkpt>
   <trkpt lat="-6.2506750" lon="106.7973670">
    <ele>28.1</ele>
    <time>2025-08-22T23:49:21Z</time>
   </trkpt>
   <trkpt lat="-6.2506580" lon="106.7973640">
    <ele>28.1</ele>
    <time>2025-08-22T23:49:22Z</time>
   </trkpt>
   <trkpt lat="-6.2506390" lon="106.7973620">
    <ele>28.1</ele>
    <time>2025-08-22T23:49:24Z</time>
   </trkpt>
   <trkpt lat="-6.2506020" lon="106.7973610">
    <ele>28.2</ele>
    <time>2025-08-22T23:49:25Z</time>
   </trkpt>
   <trkpt lat="-6.2505820" lon="106.7973620">
    <ele>28.2</ele>
    <time>2025-08-22T23:49:26Z</time>
   </trkpt>
   <trkpt lat="-6.2505620" lon="106.7973610">
    <ele>28.2</ele>
    <time>2025-08-22T23:49:27Z</time>
   </trkpt>
   <trkpt lat="-6.2505320" lon="106.7973580">
    <ele>28.2</ele>
    <time>2025-08-22T23:49:28Z</time>
   </trkpt>
   <trkpt lat="-6.2505220" lon="106.7973580">
    <ele>28.2</ele>
    <time>2025-08-22T23:49:29Z</time>
   </trkpt>
   <trkpt lat="-6.2504900" lon="106.7973620">
    <ele>28.3</ele>
    <time>2025-08-22T23:49:30Z</time>
   </trkpt>
   <trkpt lat="-6.2504780" lon="106.7973640">
    <ele>28.3</ele>
    <time>2025-08-22T23:49:31Z</time>
   </trkpt>
   <trkpt lat="-6.2504460" lon="106.7973760">
    <ele>28.3</ele>
    <time>2025-08-22T23:49:33Z</time>
   </trkpt>
   <trkpt lat="-6.2504310" lon="106.7973790">
    <ele>28.3</ele>
    <time>2025-08-22T23:49:34Z</time>
   </trkpt>
   <trkpt lat="-6.2504020" lon="106.7973870">
    <ele>28.3</ele>
    <time>2025-08-22T23:49:35Z</time>
   </trkpt>
   <trkpt lat="-6.2503860" lon="106.7973940">
    <ele>28.3</ele>
    <time>2025-08-22T23:49:36Z</time>
   </trkpt>
   <trkpt lat="-6.2503500" lon="106.7973990">
    <ele>28.3</ele>
    <time>2025-08-22T23:49:38Z</time>
   </trkpt>
   <trkpt lat="-6.2503280" lon="106.7973990">
    <ele>28.3</ele>
    <time>2025-08-22T23:49:39Z</time>
   </trkpt>
   <trkpt lat="-6.2503100" lon="106.7974040">
    <ele>28.3</ele>
    <time>2025-08-22T23:49:40Z</time>
   </trkpt>
   <trkpt lat="-6.2502680" lon="106.7974170">
    <ele>28.3</ele>
    <time>2025-08-22T23:49:42Z</time>
   </trkpt>
   <trkpt lat="-6.2502450" lon="106.7974190">
    <ele>28.3</ele>
    <time>2025-08-22T23:49:43Z</time>
   </trkpt>
   <trkpt lat="-6.2502130" lon="106.7974220">
    <ele>28.3</ele>
    <time>2025-08-22T23:49:45Z</time>
   </trkpt>
   <trkpt lat="-6.2502020" lon="106.7974220">
    <ele>28.3</ele>
    <time>2025-08-22T23:49:46Z</time>
   </trkpt>
   <trkpt lat="-6.2501720" lon="106.7974220">
    <ele>28.3</ele>
    <time>2025-08-22T23:49:47Z</time>
   </trkpt>
   <trkpt lat="-6.2501620" lon="106.7974200">
    <ele>28.3</ele>
    <time>2025-08-22T23:49:48Z</time>
   </trkpt>
   <trkpt lat="-6.2501330" lon="106.7974110">
    <ele>28.3</ele>
    <time>2025-08-22T23:49:49Z</time>
   </trkpt>
   <trkpt lat="-6.2501240" lon="106.7974090">
    <ele>28.3</ele>
    <time>2025-08-22T23:49:50Z</time>
   </trkpt>
   <trkpt lat="-6.2501030" lon="106.7974070">
    <ele>28.4</ele>
    <time>2025-08-22T23:49:51Z</time>
   </trkpt>
   <trkpt lat="-6.2500590" lon="106.7974050">
    <ele>28.4</ele>
    <time>2025-08-22T23:49:53Z</time>
   </trkpt>
   <trkpt lat="-6.2500380" lon="106.7974020">
    <ele>28.4</ele>
    <time>2025-08-22T23:49:54Z</time>
   </trkpt>
   <trkpt lat="-6.2499920" lon="106.7974020">
    <ele>28.4</ele>
    <time>2025-08-22T23:49:56Z</time>
   </trkpt>
   <trkpt lat="-6.2499800" lon="106.7974040">
    <ele>28.4</ele>
    <time>2025-08-22T23:49:57Z</time>
   </trkpt>
   <trkpt lat="-6.2499670" lon="106.7974060">
    <ele>28.4</ele>
    <time>2025-08-22T23:49:58Z</time>
   </trkpt>
   <trkpt lat="-6.2499490" lon="106.7974120">
    <ele>28.4</ele>
    <time>2025-08-22T23:50:00Z</time>
   </trkpt>
   <trkpt lat="-6.2499330" lon="106.7974150">
    <ele>28.4</ele>
    <time>2025-08-22T23:50:01Z</time>
   </trkpt>
   <trkpt lat="-6.2498960" lon="106.7974190">
    <ele>28.3</ele>
    <time>2025-08-22T23:50:02Z</time>
   </trkpt>
   <trkpt lat="-6.2498800" lon="106.7974190">
    <ele>28.3</ele>
    <time>2025-08-22T23:50:03Z</time>
   </trkpt>
   <trkpt lat="-6.2498420" lon="106.7974170">
    <ele>28.3</ele>
    <time>2025-08-22T23:50:05Z</time>
   </trkpt>
   <trkpt lat="-6.2498240" lon="106.7974160">
    <ele>28.3</ele>
    <time>2025-08-22T23:50:07Z</time>
   </trkpt>
   <trkpt lat="-6.2497960" lon="106.7974260">
    <ele>28.3</ele>
    <time>2025-08-22T23:50:08Z</time>
   </trkpt>
   <trkpt lat="-6.2497810" lon="106.7974330">
    <ele>28.2</ele>
    <time>2025-08-22T23:50:09Z</time>
   </trkpt>
   <trkpt lat="-6.2497670" lon="106.7974310">
    <ele>28.2</ele>
    <time>2025-08-22T23:50:10Z</time>
   </trkpt>
   <trkpt lat="-6.2497530" lon="106.7974240">
    <ele>28.2</ele>
    <time>2025-08-22T23:50:11Z</time>
   </trkpt>
   <trkpt lat="-6.2497370" lon="106.7974160">
    <ele>28.1</ele>
    <time>2025-08-22T23:50:12Z</time>
   </trkpt>
   <trkpt lat="-6.2497020" lon="106.7974110">
    <ele>28.1</ele>
    <time>2025-08-22T23:50:14Z</time>
   </trkpt>
   <trkpt lat="-6.2496840" lon="106.7974100">
    <ele>28.0</ele>
    <time>2025-08-22T23:50:15Z</time>
   </trkpt>
   <trkpt lat="-6.2496670" lon="106.7974070">
    <ele>28.0</ele>
    <time>2025-08-22T23:50:16Z</time>
   </trkpt>
   <trkpt lat="-6.2496380" lon="106.7974270">
    <ele>28.0</ele>
    <time>2025-08-22T23:50:18Z</time>
   </trkpt>
   <trkpt lat="-6.2496290" lon="106.7974360">
    <ele>28.0</ele>
    <time>2025-08-22T23:50:19Z</time>
   </trkpt>
   <trkpt lat="-6.2495920" lon="106.7974670">
    <ele>27.9</ele>
    <time>2025-08-22T23:50:20Z</time>
   </trkpt>
   <trkpt lat="-6.2495540" lon="106.7974860">
    <ele>27.9</ele>
    <time>2025-08-22T23:50:22Z</time>
   </trkpt>
   <trkpt lat="-6.2495330" lon="106.7974950">
    <ele>27.9</ele>
    <time>2025-08-22T23:50:23Z</time>
   </trkpt>
   <trkpt lat="-6.2495130" lon="106.7974950">
    <ele>27.8</ele>
    <time>2025-08-22T23:50:25Z</time>
   </trkpt>
   <trkpt lat="-6.2494730" lon="106.7975050">
    <ele>27.8</ele>
    <time>2025-08-22T23:50:26Z</time>
   </trkpt>
   <trkpt lat="-6.2494520" lon="106.7975100">
    <ele>27.8</ele>
    <time>2025-08-22T23:50:27Z</time>
   </trkpt>
   <trkpt lat="-6.2494330" lon="106.7975170">
    <ele>27.7</ele>
    <time>2025-08-22T23:50:29Z</time>
   </trkpt>
   <trkpt lat="-6.2493920" lon="106.7975310">
    <ele>27.7</ele>
    <time>2025-08-22T23:50:30Z</time>
   </trkpt>
   <trkpt lat="-6.2493710" lon="106.7975360">
    <ele>27.7</ele>
    <time>2025-08-22T23:50:31Z</time>
   </trkpt>
   <trkpt lat="-6.2493510" lon="106.7975390">
    <ele>27.6</ele>
    <time>2025-08-22T23:50:33Z</time>
   </trkpt>
   <trkpt lat="-6.2493060" lon="106.7975420">
    <ele>27.6</ele>
    <time>2025-08-22T23:50:34Z</time>
   </trkpt>
   <trkpt lat="-6.2492830" lon="106.7975430">
    <ele>27.6</ele>
    <time>2025-08-22T23:50:35Z</time>
   </trkpt>
   <trkpt lat="-6.2492640" lon="106.7975430">
    <ele>27.6</ele>
    <time>2025-08-22T23:50:37Z</time>
   </trkpt>
   <trkpt lat="-6.2492170" lon="106.7975460">
    <ele>27.5</ele>
    <time>2025-08-22T23:50:38Z</time>
   </trkpt>
   <trkpt lat="-6.2491930" lon="106.7975480">
    <ele>27.5</ele>
    <time>2025-08-22T23:50:39Z</time>
   </trkpt>
   <trkpt lat="-6.2491720" lon="106.7975480">
    <ele>27.5</ele>
    <time>2025-08-22T23:50:41Z</time>
   </trkpt>
   <trkpt lat="-6.2491250" lon="106.7975500">
    <ele>27.5</ele>
    <time>2025-08-22T23:50:42Z</time>
   </trkpt>
   <trkpt lat="-6.2491020" lon="106.7975500">
    <ele>27.4</ele>
    <time>2025-08-22T23:50:43Z</time>
   </trkpt>
   <trkpt lat="-6.2490580" lon="106.7975480">
    <ele>27.4</ele>
    <time>2025-08-22T23:50:45Z</time>
   </trkpt>
   <trkpt lat="-6.2490330" lon="106.7975480">
    <ele>27.4</ele>
    <time>2025-08-22T23:50:46Z</time>
   </trkpt>
   <trkpt lat="-6.2489890" lon="106.7975490">
    <ele>27.4</ele>
    <time>2025-08-22T23:50:48Z</time>
   </trkpt>
   <trkpt lat="-6.2489680" lon="106.7975480">
    <ele>27.4</ele>
    <time>2025-08-22T23:50:49Z</time>
   </trkpt>
   <trkpt lat="-6.2489440" lon="106.7975480">
    <ele>27.3</ele>
    <time>2025-08-22T23:50:50Z</time>
   </trkpt>
   <trkpt lat="-6.2489080" lon="106.7975410">
    <ele>27.3</ele>
    <time>2025-08-22T23:50:51Z</time>
   </trkpt>
   <trkpt lat="-6.2488960" lon="106.7975380">
    <ele>27.2</ele>
    <time>2025-08-22T23:50:52Z</time>
   </trkpt>
   <trkpt lat="-6.2488590" lon="106.7975280">
    <ele>27.2</ele>
    <time>2025-08-22T23:50:53Z</time>
   </trkpt>
   <trkpt lat="-6.2488460" lon="106.7975260">
    <ele>27.2</ele>
    <time>2025-08-22T23:50:54Z</time>
   </trkpt>
   <trkpt lat="-6.2488220" lon="106.7975220">
    <ele>27.1</ele>
    <time>2025-08-22T23:50:55Z</time>
   </trkpt>
   <trkpt lat="-6.2487980" lon="106.7975210">
    <ele>27.1</ele>
    <time>2025-08-22T23:50:57Z</time>
   </trkpt>
   <trkpt lat="-6.2487530" lon="106.7975240">
    <ele>27.0</ele>
    <time>2025-08-22T23:50:58Z</time>
   </trkpt>
   <trkpt lat="-6.2487320" lon="106.7975280">
    <ele>27.0</ele>
    <time>2025-08-22T23:50:59Z</time>
   </trkpt>
   <trkpt lat="-6.2487100" lon="106.7975330">
    <ele>26.9</ele>
    <time>2025-08-22T23:51:01Z</time>
   </trkpt>
   <trkpt lat="-6.2486660" lon="106.7975360">
    <ele>26.8</ele>
    <time>2025-08-22T23:51:02Z</time>
   </trkpt>
   <trkpt lat="-6.2486460" lon="106.7975390">
    <ele>26.8</ele>
    <time>2025-08-22T23:51:03Z</time>
   </trkpt>
   <trkpt lat="-6.2486300" lon="106.7975410">
    <ele>26.8</ele>
    <time>2025-08-22T23:51:04Z</time>
   </trkpt>
   <trkpt lat="-6.2486110" lon="106.7975430">
    <ele>26.8</ele>
    <time>2025-08-22T23:51:05Z</time>
   </trkpt>
   <trkpt lat="-6.2485660" lon="106.7975480">
    <ele>26.7</ele>
    <time>2025-08-22T23:51:07Z</time>
   </trkpt>
   <trkpt lat="-6.2485470" lon="106.7975520">
    <ele>26.7</ele>
    <time>2025-08-22T23:51:09Z</time>
   </trkpt>
   <trkpt lat="-6.2485040" lon="106.7975600">
    <ele>26.7</ele>
    <time>2025-08-22T23:51:10Z</time>
   </trkpt>
   <trkpt lat="-6.2484730" lon="106.7975680">
    <ele>26.6</ele>
    <time>2025-08-22T23:51:11Z</time>
   </trkpt>
   <trkpt lat="-6.2484620" lon="106.7975710">
    <ele>26.6</ele>
    <time>2025-08-22T23:51:12Z</time>
   </trkpt>
   <trkpt lat="-6.2484340" lon="106.7975770">
    <ele>26.6</ele>
    <time>2025-08-22T23:51:13Z</time>
   </trkpt>
   <trkpt lat="-6.2484220" lon="106.7975790">
    <ele>26.6</ele>
    <time>2025-08-22T23:51:14Z</time>
   </trkpt>
   <trkpt lat="-6.2484020" lon="106.7975830">
    <ele>26.5</ele>
    <time>2025-08-22T23:51:15Z</time>
   </trkpt>
   <trkpt lat="-6.2483630" lon="106.7975950">
    <ele>26.5</ele>
    <time>2025-08-22T23:51:17Z</time>
   </trkpt>
   <trkpt lat="-6.2483430" lon="106.7976030">
    <ele>26.5</ele>
    <time>2025-08-22T23:51:19Z</time>
   </trkpt>
   <trkpt lat="-6.2483050" lon="106.7976200">
    <ele>26.5</ele>
    <time>2025-08-22T23:51:20Z</time>
   </trkpt>
   <trkpt lat="-6.2482750" lon="106.7976330">
    <ele>26.4</ele>
    <time>2025-08-22T23:51:21Z</time>
   </trkpt>
   <trkpt lat="-6.2482640" lon="106.7976370">
    <ele>26.4</ele>
    <time>2025-08-22T23:51:22Z</time>
   </trkpt>
   <trkpt lat="-6.2482460" lon="106.7976450">
    <ele>26.4</ele>
    <time>2025-08-22T23:51:23Z</time>
   </trkpt>
   <trkpt lat="-6.2482270" lon="106.7976490">
    <ele>26.4</ele>
    <time>2025-08-22T23:51:25Z</time>
   </trkpt>
   <trkpt lat="-6.2481900" lon="106.7976520">
    <ele>26.4</ele>
    <time>2025-08-22T23:51:26Z</time>
   </trkpt>
   <trkpt lat="-6.2481710" lon="106.7976550">
    <ele>26.4</ele>
    <time>2025-08-22T23:51:27Z</time>
   </trkpt>
   <trkpt lat="-6.2481550" lon="106.7976570">
    <ele>26.4</ele>
    <time>2025-08-22T23:51:28Z</time>
   </trkpt>
   <trkpt lat="-6.2481160" lon="106.7976600">
    <ele>26.4</ele>
    <time>2025-08-22T23:51:30Z</time>
   </trkpt>
   <trkpt lat="-6.2480960" lon="106.7976600">
    <ele>26.4</ele>
    <time>2025-08-22T23:51:31Z</time>
   </trkpt>
   <trkpt lat="-6.2480720" lon="106.7976550">
    <ele>26.4</ele>
    <time>2025-08-22T23:51:33Z</time>
   </trkpt>
   <trkpt lat="-6.2480340" lon="106.7976470">
    <ele>26.4</ele>
    <time>2025-08-22T23:51:34Z</time>
   </trkpt>
   <trkpt lat="-6.2480200" lon="106.7976460">
    <ele>26.4</ele>
    <time>2025-08-22T23:51:35Z</time>
   </trkpt>
   <trkpt lat="-6.2479840" lon="106.7976480">
    <ele>26.4</ele>
    <time>2025-08-22T23:51:36Z</time>
   </trkpt>
   <trkpt lat="-6.2479680" lon="106.7976500">
    <ele>26.4</ele>
    <time>2025-08-22T23:51:37Z</time>
   </trkpt>
   <trkpt lat="-6.2479340" lon="106.7976500">
    <ele>26.4</ele>
    <time>2025-08-22T23:51:38Z</time>
   </trkpt>
   <trkpt lat="-6.2479210" lon="106.7976490">
    <ele>26.4</ele>
    <time>2025-08-22T23:51:39Z</time>
   </trkpt>
   <trkpt lat="-6.2478890" lon="106.7976500">
    <ele>26.4</ele>
    <time>2025-08-22T23:51:41Z</time>
   </trkpt>
   <trkpt lat="-6.2478770" lon="106.7976500">
    <ele>26.4</ele>
    <time>2025-08-22T23:51:42Z</time>
   </trkpt>
   <trkpt lat="-6.2478430" lon="106.7976510">
    <ele>26.4</ele>
    <time>2025-08-22T23:51:43Z</time>
   </trkpt>
   <trkpt lat="-6.2478330" lon="106.7976520">
    <ele>26.4</ele>
    <time>2025-08-22T23:51:44Z</time>
   </trkpt>
   <trkpt lat="-6.2477990" lon="106.7976530">
    <ele>26.4</ele>
    <time>2025-08-22T23:51:45Z</time>
   </trkpt>
   <trkpt lat="-6.2477880" lon="106.7976520">
    <ele>26.4</ele>
    <time>2025-08-22T23:51:46Z</time>
   </trkpt>
   <trkpt lat="-6.2477540" lon="106.7976540">
    <ele>26.3</ele>
    <time>2025-08-22T23:51:47Z</time>
   </trkpt>
   <trkpt lat="-6.2477430" lon="106.7976540">
    <ele>26.3</ele>
    <time>2025-08-22T23:51:48Z</time>
   </trkpt>
   <trkpt lat="-6.2477090" lon="106.7976540">
    <ele>26.3</ele>
    <time>2025-08-22T23:51:49Z</time>
   </trkpt>
   <trkpt lat="-6.2476970" lon="106.7976550">
    <ele>26.3</ele>
    <time>2025-08-22T23:51:50Z</time>
   </trkpt>
   <trkpt lat="-6.2476680" lon="106.7976590">
    <ele>26.3</ele>
    <time>2025-08-22T23:51:52Z</time>
   </trkpt>
   <trkpt lat="-6.2476580" lon="106.7976590">
    <ele>26.3</ele>
    <time>2025-08-22T23:51:53Z</time>
   </trkpt>
   <trkpt lat="-6.2476280" lon="106.7976580">
    <ele>26.3</ele>
    <time>2025-08-22T23:51:54Z</time>
   </trkpt>
   <trkpt lat="-6.2476170" lon="106.7976580">
    <ele>26.3</ele>
    <time>2025-08-22T23:51:55Z</time>
   </trkpt>
   <trkpt lat="-6.2475770" lon="106.7976680">
    <ele>26.3</ele>
    <time>2025-08-22T23:51:56Z</time>
   </trkpt>
   <trkpt lat="-6.2475460" lon="106.7976760">
    <ele>26.3</ele>
    <time>2025-08-22T23:51:57Z</time>
   </trkpt>
   <trkpt lat="-6.2475350" lon="106.7976780">
    <ele>26.3</ele>
    <time>2025-08-22T23:51:58Z</time>
   </trkpt>
   <trkpt lat="-6.2474940" lon="106.7976850">
    <ele>26.3</ele>
    <time>2025-08-22T23:52:00Z</time>
   </trkpt>
   <trkpt lat="-6.2474610" lon="106.7976920">
    <ele>26.3</ele>
    <time>2025-08-22T23:52:01Z</time>
   </trkpt>
   <trkpt lat="-6.2474490" lon="106.7976940">
    <ele>26.3</ele>
    <time>2025-08-22T23:52:02Z</time>
   </trkpt>
   <trkpt lat="-6.2474160" lon="106.7976980">
    <ele>26.3</ele>
    <time>2025-08-22T23:52:03Z</time>
   </trkpt>
   <trkpt lat="-6.2474050" lon="106.7976990">
    <ele>26.3</ele>
    <time>2025-08-22T23:52:04Z</time>
   </trkpt>
   <trkpt lat="-6.2473730" lon="106.7977100">
    <ele>26.3</ele>
    <time>2025-08-22T23:52:05Z</time>
   </trkpt>
   <trkpt lat="-6.2473620" lon="106.7977140">
    <ele>26.3</ele>
    <time>2025-08-22T23:52:06Z</time>
   </trkpt>
   <trkpt lat="-6.2473310" lon="106.7977230">
    <ele>26.4</ele>
    <time>2025-08-22T23:52:07Z</time>
   </trkpt>
   <trkpt lat="-6.2473200" lon="106.7977240">
    <ele>26.4</ele>
    <time>2025-08-22T23:52:08Z</time>
   </trkpt>
   <trkpt lat="-6.2472860" lon="106.7977290">
    <ele>26.4</ele>
    <time>2025-08-22T23:52:09Z</time>
   </trkpt>
   <trkpt lat="-6.2472730" lon="106.7977290">
    <ele>26.4</ele>
    <time>2025-08-22T23:52:10Z</time>
   </trkpt>
   <trkpt lat="-6.2472400" lon="106.7977290">
    <ele>26.4</ele>
    <time>2025-08-22T23:52:11Z</time>
   </trkpt>
   <trkpt lat="-6.2472290" lon="106.7977290">
    <ele>26.4</ele>
    <time>2025-08-22T23:52:12Z</time>
   </trkpt>
   <trkpt lat="-6.2471940" lon="106.7977330">
    <ele>26.4</ele>
    <time>2025-08-22T23:52:13Z</time>
   </trkpt>
   <trkpt lat="-6.2471830" lon="106.7977350">
    <ele>26.4</ele>
    <time>2025-08-22T23:52:14Z</time>
   </trkpt>
   <trkpt lat="-6.2471400" lon="106.7977550">
    <ele>26.3</ele>
    <time>2025-08-22T23:52:16Z</time>
   </trkpt>
   <trkpt lat="-6.2471190" lon="106.7977660">
    <ele>26.3</ele>
    <time>2025-08-22T23:52:17Z</time>
   </trkpt>
   <trkpt lat="-6.2470950" lon="106.7977760">
    <ele>26.3</ele>
    <time>2025-08-22T23:52:18Z</time>
   </trkpt>
   <trkpt lat="-6.2470610" lon="106.7977880">
    <ele>26.3</ele>
    <time>2025-08-22T23:52:20Z</time>
   </trkpt>
   <trkpt lat="-6.2470510" lon="106.7977920">
    <ele>26.3</ele>
    <time>2025-08-22T23:52:21Z</time>
   </trkpt>
   <trkpt lat="-6.2470120" lon="106.7978000">
    <ele>26.3</ele>
    <time>2025-08-22T23:52:22Z</time>
   </trkpt>
   <trkpt lat="-6.2469810" lon="106.7978030">
    <ele>26.3</ele>
    <time>2025-08-22T23:52:23Z</time>
   </trkpt>
   <trkpt lat="-6.2469500" lon="106.7978130">
    <ele>26.3</ele>
    <time>2025-08-22T23:52:24Z</time>
   </trkpt>
   <trkpt lat="-6.2469390" lon="106.7978170">
    <ele>26.3</ele>
    <time>2025-08-22T23:52:25Z</time>
   </trkpt>
   <trkpt lat="-6.2469100" lon="106.7978250">
    <ele>26.3</ele>
    <time>2025-08-22T23:52:26Z</time>
   </trkpt>
   <trkpt lat="-6.2468890" lon="106.7978330">
    <ele>26.3</ele>
    <time>2025-08-22T23:52:27Z</time>
   </trkpt>
   <trkpt lat="-6.2468690" lon="106.7978380">
    <ele>26.3</ele>
    <time>2025-08-22T23:52:29Z</time>
   </trkpt>
   <trkpt lat="-6.2468310" lon="106.7978350">
    <ele>26.3</ele>
    <time>2025-08-22T23:52:30Z</time>
   </trkpt>
   <trkpt lat="-6.2468110" lon="106.7978340">
    <ele>26.3</ele>
    <time>2025-08-22T23:52:31Z</time>
   </trkpt>
   <trkpt lat="-6.2467890" lon="106.7978330">
    <ele>26.3</ele>
    <time>2025-08-22T23:52:32Z</time>
   </trkpt>
   <trkpt lat="-6.2467610" lon="106.7978290">
    <ele>26.3</ele>
    <time>2025-08-22T23:52:34Z</time>
   </trkpt>
   <trkpt lat="-6.2467510" lon="106.7978290">
    <ele>26.3</ele>
    <time>2025-08-22T23:52:35Z</time>
   </trkpt>
   <trkpt lat="-6.2467060" lon="106.7978250">
    <ele>26.3</ele>
    <time>2025-08-22T23:52:36Z</time>
   </trkpt>
   <trkpt lat="-6.2466800" lon="106.7978210">
    <ele>26.3</ele>
    <time>2025-08-22T23:52:37Z</time>
   </trkpt>
   <trkpt lat="-6.2466380" lon="106.7978140">
    <ele>26.3</ele>
    <time>2025-08-22T23:52:39Z</time>
   </trkpt>
   <trkpt lat="-6.2466140" lon="106.7978160">
    <ele>26.4</ele>
    <time>2025-08-22T23:52:40Z</time>
   </trkpt>
   <trkpt lat="-6.2465810" lon="106.7978180">
    <ele>26.4</ele>
    <time>2025-08-22T23:52:42Z</time>
   </trkpt>
   <trkpt lat="-6.2465700" lon="106.7978170">
    <ele>26.4</ele>
    <time>2025-08-22T23:52:43Z</time>
   </trkpt>
   <trkpt lat="-6.2465310" lon="106.7978210">
    <ele>26.4</ele>
    <time>2025-08-22T23:52:44Z</time>
   </trkpt>
   <trkpt lat="-6.2465160" lon="106.7978240">
    <ele>26.4</ele>
    <time>2025-08-22T23:52:45Z</time>
   </trkpt>
   <trkpt lat="-6.2464800" lon="106.7978310">
    <ele>26.4</ele>
    <time>2025-08-22T23:52:46Z</time>
   </trkpt>
   <trkpt lat="-6.2464460" lon="106.7978370">
    <ele>26.4</ele>
    <time>2025-08-22T23:52:47Z</time>
   </trkpt>
   <trkpt lat="-6.2464340" lon="106.7978390">
    <ele>26.4</ele>
    <time>2025-08-22T23:52:48Z</time>
   </trkpt>
   <trkpt lat="-6.2464000" lon="106.7978460">
    <ele>26.4</ele>
    <time>2025-08-22T23:52:50Z</time>
   </trkpt>
   <trkpt lat="-6.2463910" lon="106.7978490">
    <ele>26.4</ele>
    <time>2025-08-22T23:52:51Z</time>
   </trkpt>
   <trkpt lat="-6.2463550" lon="106.7978650">
    <ele>26.5</ele>
    <time>2025-08-22T23:52:52Z</time>
   </trkpt>
   <trkpt lat="-6.2463420" lon="106.7978710">
    <ele>26.5</ele>
    <time>2025-08-22T23:52:53Z</time>
   </trkpt>
   <trkpt lat="-6.2463140" lon="106.7978810">
    <ele>26.6</ele>
    <time>2025-08-22T23:52:54Z</time>
   </trkpt>
   <trkpt lat="-6.2462970" lon="106.7978880">
    <ele>26.6</ele>
    <time>2025-08-22T23:52:55Z</time>
   </trkpt>
   <trkpt lat="-6.2462850" lon="106.7978940">
    <ele>26.6</ele>
    <time>2025-08-22T23:52:56Z</time>
   </trkpt>
   <trkpt lat="-6.2462760" lon="106.7979000">
    <ele>26.6</ele>
    <time>2025-08-22T23:52:58Z</time>
   </trkpt>
   <trkpt lat="-6.2462710" lon="106.7979070">
    <ele>26.7</ele>
    <time>2025-08-22T23:52:59Z</time>
   </trkpt>
   <trkpt lat="-6.2462600" lon="106.7979110">
    <ele>26.7</ele>
    <time>2025-08-22T23:53:00Z</time>
   </trkpt>
   <trkpt lat="-6.2462450" lon="106.7979150">
    <ele>26.7</ele>
    <time>2025-08-22T23:53:01Z</time>
   </trkpt>
   <trkpt lat="-6.2462310" lon="106.7979180">
    <ele>26.7</ele>
    <time>2025-08-22T23:53:02Z</time>
   </trkpt>
   <trkpt lat="-6.2462170" lon="106.7979230">
    <ele>26.8</ele>
    <time>2025-08-22T23:53:03Z</time>
   </trkpt>
   <trkpt lat="-6.2462030" lon="106.7979270">
    <ele>26.8</ele>
    <time>2025-08-22T23:53:04Z</time>
   </trkpt>
   <trkpt lat="-6.2461850" lon="106.7979580">
    <ele>26.9</ele>
    <time>2025-08-22T23:53:05Z</time>
   </trkpt>
   <trkpt lat="-6.2461550" lon="106.7979770">
    <ele>26.9</ele>
    <time>2025-08-22T23:53:06Z</time>
   </trkpt>
   <trkpt lat="-6.2461260" lon="106.7979840">
    <ele>27.0</ele>
    <time>2025-08-22T23:53:08Z</time>
   </trkpt>
   <trkpt lat="-6.2460990" lon="106.7979940">
    <ele>27.1</ele>
    <time>2025-08-22T23:53:10Z</time>
   </trkpt>
   <trkpt lat="-6.2460830" lon="106.7980090">
    <ele>27.1</ele>
    <time>2025-08-22T23:53:11Z</time>
   </trkpt>
   <trkpt lat="-6.2460690" lon="106.7980150">
    <ele>27.0</ele>
    <time>2025-08-22T23:53:13Z</time>
   </trkpt>
   <trkpt lat="-6.2460560" lon="106.7980210">
    <ele>27.0</ele>
    <time>2025-08-22T23:53:14Z</time>
   </trkpt>
   <trkpt lat="-6.2460430" lon="106.7980230">
    <ele>27.0</ele>
    <time>2025-08-22T23:53:15Z</time>
   </trkpt>
   <trkpt lat="-6.2460060" lon="106.7980070">
    <ele>27.1</ele>
    <time>2025-08-22T23:53:16Z</time>
   </trkpt>
   <trkpt lat="-6.2459640" lon="106.7979880">
    <ele>27.2</ele>
    <time>2025-08-22T23:53:18Z</time>
   </trkpt>
   <trkpt lat="-6.2459340" lon="106.7979780">
    <ele>27.3</ele>
    <time>2025-08-22T23:53:19Z</time>
   </trkpt>
   <trkpt lat="-6.2459070" lon="106.7979680">
    <ele>27.3</ele>
    <time>2025-08-22T23:53:20Z</time>
   </trkpt>
   <trkpt lat="-6.2458600" lon="106.7979480">
    <ele>27.4</ele>
    <time>2025-08-22T23:53:22Z</time>
   </trkpt>
   <trkpt lat="-6.2458360" lon="106.7979350">
    <ele>27.5</ele>
    <time>2025-08-22T23:53:23Z</time>
   </trkpt>
   <trkpt lat="-6.2457990" lon="106.7979170">
    <ele>27.5</ele>
    <time>2025-08-22T23:53:25Z</time>
   </trkpt>
   <trkpt lat="-6.2457590" lon="106.7979260">
    <ele>27.6</ele>
    <time>2025-08-22T23:53:27Z</time>
   </trkpt>
   <trkpt lat="-6.2457390" lon="106.7979320">
    <ele>27.6</ele>
    <time>2025-08-22T23:53:28Z</time>
   </trkpt>
   <trkpt lat="-6.2457180" lon="106.7979390">
    <ele>27.6</ele>
    <time>2025-08-22T23:53:29Z</time>
   </trkpt>
   <trkpt lat="-6.2456850" lon="106.7979560">
    <ele>27.7</ele>
    <time>2025-08-22T23:53:30Z</time>
   </trkpt>
   <trkpt lat="-6.2456740" lon="106.7979620">
    <ele>27.7</ele>
    <time>2025-08-22T23:53:31Z</time>
   </trkpt>
   <trkpt lat="-6.2456330" lon="106.7979800">
    <ele>27.7</ele>
    <time>2025-08-22T23:53:33Z</time>
   </trkpt>
   <trkpt lat="-6.2456040" lon="106.7979730">
    <ele>27.7</ele>
    <time>2025-08-22T23:53:34Z</time>
   </trkpt>
   <trkpt lat="-6.2455940" lon="106.7979710">
    <ele>27.7</ele>
    <time>2025-08-22T23:53:35Z</time>
   </trkpt>
   <trkpt lat="-6.2455640" lon="106.7979630">
    <ele>27.7</ele>
    <time>2025-08-22T23:53:36Z</time>
   </trkpt>
   <trkpt lat="-6.2455530" lon="106.7979610">
    <ele>27.7</ele>
    <time>2025-08-22T23:53:37Z</time>
   </trkpt>
   <trkpt lat="-6.2455160" lon="106.7979730">
    <ele>27.7</ele>
    <time>2025-08-22T23:53:39Z</time>
   </trkpt>
   <trkpt lat="-6.2454970" lon="106.7979840">
    <ele>27.7</ele>
    <time>2025-08-22T23:53:40Z</time>
   </trkpt>
   <trkpt lat="-6.2454820" lon="106.7979970">
    <ele>27.7</ele>
    <time>2025-08-22T23:53:42Z</time>
   </trkpt>
   <trkpt lat="-6.2454610" lon="106.7980160">
    <ele>27.7</ele>
    <time>2025-08-22T23:53:43Z</time>
   </trkpt>
   <trkpt lat="-6.2454520" lon="106.7980210">
    <ele>27.7</ele>
    <time>2025-08-22T23:53:44Z</time>
   </trkpt>
   <trkpt lat="-6.2454340" lon="106.7980240">
    <ele>27.7</ele>
    <time>2025-08-22T23:53:45Z</time>
   </trkpt>
   <trkpt lat="-6.2454230" lon="106.7980270">
    <ele>27.7</ele>
    <time>2025-08-22T23:53:46Z</time>
   </trkpt>
   <trkpt lat="-6.2453990" lon="106.7980210">
    <ele>27.7</ele>
    <time>2025-08-22T23:53:47Z</time>
   </trkpt>
   <trkpt lat="-6.2453880" lon="106.7980150">
    <ele>27.7</ele>
    <time>2025-08-22T23:53:48Z</time>
   </trkpt>
   <trkpt lat="-6.2453770" lon="106.7980080">
    <ele>27.7</ele>
    <time>2025-08-22T23:53:49Z</time>
   </trkpt>
   <trkpt lat="-6.2453630" lon="106.7980040">
    <ele>27.7</ele>
    <time>2025-08-22T23:53:51Z</time>
   </trkpt>
   <trkpt lat="-6.2453480" lon="106.7980020">
    <ele>27.7</ele>
    <time>2025-08-22T23:53:52Z</time>
   </trkpt>
   <trkpt lat="-6.2453340" lon="106.7980000">
    <ele>27.7</ele>
    <time>2025-08-22T23:53:53Z</time>
   </trkpt>
   <trkpt lat="-6.2453200" lon="106.7980000">
    <ele>27.7</ele>
    <time>2025-08-22T23:53:54Z</time>
   </trkpt>
   <trkpt lat="-6.2453050" lon="106.7980010">
    <ele>27.7</ele>
    <time>2025-08-22T23:53:55Z</time>
   </trkpt>
   <trkpt lat="-6.2452880" lon="106.7979900">
    <ele>27.7</ele>
    <time>2025-08-22T23:53:56Z</time>
   </trkpt>
   <trkpt lat="-6.2452660" lon="106.7979730">
    <ele>27.7</ele>
    <time>2025-08-22T23:53:57Z</time>
   </trkpt>
   <trkpt lat="-6.2452580" lon="106.7979700">
    <ele>27.7</ele>
    <time>2025-08-22T23:53:58Z</time>
   </trkpt>
   <trkpt lat="-6.2452430" lon="106.7979680">
    <ele>27.7</ele>
    <time>2025-08-22T23:53:59Z</time>
   </trkpt>
   <trkpt lat="-6.2452300" lon="106.7979660">
    <ele>27.7</ele>
    <time>2025-08-22T23:54:00Z</time>
   </trkpt>
   <trkpt lat="-6.2452050" lon="106.7979640">
    <ele>27.7</ele>
    <time>2025-08-22T23:54:01Z</time>
   </trkpt>
   <trkpt lat="-6.2451920" lon="106.7979630">
    <ele>27.7</ele>
    <time>2025-08-22T23:54:02Z</time>
   </trkpt>
   <trkpt lat="-6.2451710" lon="106.7979570">
    <ele>27.7</ele>
    <time>2025-08-22T23:54:04Z</time>
   </trkpt>
   <trkpt lat="-6.2451640" lon="106.7979550">
    <ele>27.7</ele>
    <time>2025-08-22T23:54:05Z</time>
   </trkpt>
   <trkpt lat="-6.2451560" lon="106.7979520">
    <ele>27.7</ele>
    <time>2025-08-22T23:54:06Z</time>
   </trkpt>
   <trkpt lat="-6.2451440" lon="106.7979470">
    <ele>27.7</ele>
    <time>2025-08-22T23:54:07Z</time>
   </trkpt>
   <trkpt lat="-6.2451310" lon="106.7979420">
    <ele>27.7</ele>
    <time>2025-08-22T23:54:08Z</time>
   </trkpt>
   <trkpt lat="-6.2451100" lon="106.7979350">
    <ele>27.7</ele>
    <time>2025-08-22T23:54:09Z</time>
   </trkpt>
   <trkpt lat="-6.2451020" lon="106.7979330">
    <ele>27.7</ele>
    <time>2025-08-22T23:54:10Z</time>
   </trkpt>
   <trkpt lat="-6.2450930" lon="106.7979300">
    <ele>27.7</ele>
    <time>2025-08-22T23:54:11Z</time>
   </trkpt>
   <trkpt lat="-6.2450670" lon="106.7979220">
    <ele>27.7</ele>
    <time>2025-08-22T23:54:12Z</time>
   </trkpt>
   <trkpt lat="-6.2450520" lon="106.7979170">
    <ele>27.7</ele>
    <time>2025-08-22T23:54:13Z</time>
   </trkpt>
   <trkpt lat="-6.2450210" lon="106.7979090">
    <ele>27.7</ele>
    <time>2025-08-22T23:54:15Z</time>
   </trkpt>
   <trkpt lat="-6.2450050" lon="106.7979070">
    <ele>27.7</ele>
    <time>2025-08-22T23:54:17Z</time>
   </trkpt>
   <trkpt lat="-6.2449880" lon="106.7979090">
    <ele>27.7</ele>
    <time>2025-08-22T23:54:18Z</time>
   </trkpt>
   <trkpt lat="-6.2449720" lon="106.7979100">
    <ele>27.7</ele>
    <time>2025-08-22T23:54:19Z</time>
   </trkpt>
   <trkpt lat="-6.2449550" lon="106.7979100">
    <ele>27.7</ele>
    <time>2025-08-22T23:54:20Z</time>
   </trkpt>
   <trkpt lat="-6.2449380" lon="106.7979080">
    <ele>27.7</ele>
    <time>2025-08-22T23:54:21Z</time>
   </trkpt>
   <trkpt lat="-6.2449140" lon="106.7979420">
    <ele>27.7</ele>
    <time>2025-08-22T23:54:22Z</time>
   </trkpt>
   <trkpt lat="-6.2448860" lon="106.7979580">
    <ele>27.7</ele>
    <time>2025-08-22T23:54:23Z</time>
   </trkpt>
   <trkpt lat="-6.2448760" lon="106.7979620">
    <ele>27.7</ele>
    <time>2025-08-22T23:54:24Z</time>
   </trkpt>
   <trkpt lat="-6.2448490" lon="106.7979720">
    <ele>27.7</ele>
    <time>2025-08-22T23:54:26Z</time>
   </trkpt>
   <trkpt lat="-6.2448410" lon="106.7979730">
    <ele>27.7</ele>
    <time>2025-08-22T23:54:27Z</time>
   </trkpt>
   <trkpt lat="-6.2448190" lon="106.7979900">
    <ele>27.6</ele>
    <time>2025-08-22T23:54:28Z</time>
   </trkpt>
   <trkpt lat="-6.2448130" lon="106.7980050">
    <ele>27.6</ele>
    <time>2025-08-22T23:54:29Z</time>
   </trkpt>
   <trkpt lat="-6.2447940" lon="106.7980260">
    <ele>27.6</ele>
    <time>2025-08-22T23:54:30Z</time>
   </trkpt>
   <trkpt lat="-6.2447870" lon="106.7980310">
    <ele>27.6</ele>
    <time>2025-08-22T23:54:31Z</time>
   </trkpt>
   <trkpt lat="-6.2447720" lon="106.7980390">
    <ele>27.6</ele>
    <time>2025-08-22T23:54:32Z</time>
   </trkpt>
   <trkpt lat="-6.2447560" lon="106.7980480">
    <ele>27.6</ele>
    <time>2025-08-22T23:54:33Z</time>
   </trkpt>
   <trkpt lat="-6.2447410" lon="106.7981150">
    <ele>27.0</ele>
    <time>2025-08-22T23:54:34Z</time>
   </trkpt>
   <trkpt lat="-6.2447400" lon="106.7981780">
    <ele>26.9</ele>
    <time>2025-08-22T23:54:35Z</time>
   </trkpt>
   <trkpt lat="-6.2447280" lon="106.7981970">
    <ele>26.9</ele>
    <time>2025-08-22T23:54:36Z</time>
   </trkpt>
   <trkpt lat="-6.2447140" lon="106.7982090">
    <ele>26.9</ele>
    <time>2025-08-22T23:54:38Z</time>
   </trkpt>
   <trkpt lat="-6.2447000" lon="106.7982170">
    <ele>26.9</ele>
    <time>2025-08-22T23:54:39Z</time>
   </trkpt>
   <trkpt lat="-6.2446850" lon="106.7982220">
    <ele>26.9</ele>
    <time>2025-08-22T23:54:40Z</time>
   </trkpt>
   <trkpt lat="-6.2446720" lon="106.7982260">
    <ele>26.9</ele>
    <time>2025-08-22T23:54:41Z</time>
   </trkpt>
   <trkpt lat="-6.2446650" lon="106.7982470">
    <ele>26.9</ele>
    <time>2025-08-22T23:54:42Z</time>
   </trkpt>
   <trkpt lat="-6.2446530" lon="106.7982540">
    <ele>26.9</ele>
    <time>2025-08-22T23:54:43Z</time>
   </trkpt>
   <trkpt lat="-6.2446380" lon="106.7982590">
    <ele>26.9</ele>
    <time>2025-08-22T23:54:44Z</time>
   </trkpt>
   <trkpt lat="-6.2446230" lon="106.7982630">
    <ele>26.9</ele>
    <time>2025-08-22T23:54:45Z</time>
   </trkpt>
   <trkpt lat="-6.2446080" lon="106.7982660">
    <ele>26.9</ele>
    <time>2025-08-22T23:54:46Z</time>
   </trkpt>
   <trkpt lat="-6.2445910" lon="106.7982790">
    <ele>26.9</ele>
    <time>2025-08-22T23:54:48Z</time>
   </trkpt>
   <trkpt lat="-6.2445840" lon="106.7982840">
    <ele>26.9</ele>
    <time>2025-08-22T23:54:49Z</time>
   </trkpt>
   <trkpt lat="-6.2445760" lon="106.7982880">
    <ele>26.9</ele>
    <time>2025-08-22T23:54:50Z</time>
   </trkpt>
   <trkpt lat="-6.2445610" lon="106.7982900">
    <ele>26.9</ele>
    <time>2025-08-22T23:54:51Z</time>
   </trkpt>
   <trkpt lat="-6.2445430" lon="106.7982930">
    <ele>26.9</ele>
    <time>2025-08-22T23:54:52Z</time>
   </trkpt>
   <trkpt lat="-6.2445280" lon="106.7982960">
    <ele>26.9</ele>
    <time>2025-08-22T23:54:53Z</time>
   </trkpt>
   <trkpt lat="-6.2445130" lon="106.7982920">
    <ele>26.9</ele>
    <time>2025-08-22T23:54:54Z</time>
   </trkpt>
   <trkpt lat="-6.2444980" lon="106.7982920">
    <ele>26.9</ele>
    <time>2025-08-22T23:54:55Z</time>
   </trkpt>
   <trkpt lat="-6.2444830" lon="106.7982920">
    <ele>26.9</ele>
    <time>2025-08-22T23:54:56Z</time>
   </trkpt>
   <trkpt lat="-6.2444680" lon="106.7982920">
    <ele>26.9</ele>
    <time>2025-08-22T23:54:58Z</time>
   </trkpt>
   <trkpt lat="-6.2444530" lon="106.7982920">
    <ele>26.9</ele>
    <time>2025-08-22T23:54:59Z</time>
   </trkpt>
   <trkpt lat="-6.2444360" lon="106.7982910">
    <ele>26.9</ele>
    <time>2025-08-22T23:55:00Z</time>
   </trkpt>
   <trkpt lat="-6.2444190" lon="106.7982910">
    <ele>26.9</ele>
    <time>2025-08-22T23:55:01Z</time>
   </trkpt>
   <trkpt lat="-6.2444030" lon="106.7982920">
    <ele>26.9</ele>
    <time>2025-08-22T23:55:02Z</time>
   </trkpt>
   <trkpt lat="-6.2443850" lon="106.7982910">
    <ele>26.9</ele>
    <time>2025-08-22T23:55:03Z</time>
   </trkpt>
   <trkpt lat="-6.2443690" lon="106.7982910">
    <ele>26.9</ele>
    <time>2025-08-22T23:55:04Z</time>
   </trkpt>
   <trkpt lat="-6.2443540" lon="106.7982920">
    <ele>27.0</ele>
    <time>2025-08-22T23:55:05Z</time>
   </trkpt>
   <trkpt lat="-6.2443230" lon="106.7982840">
    <ele>27.0</ele>
    <time>2025-08-22T23:55:06Z</time>
   </trkpt>
   <trkpt lat="-6.2443070" lon="106.7982740">
    <ele>27.0</ele>
    <time>2025-08-22T23:55:08Z</time>
   </trkpt>
   <trkpt lat="-6.2442920" lon="106.7982640">
    <ele>27.0</ele>
    <time>2025-08-22T23:55:09Z</time>
   </trkpt>
   <trkpt lat="-6.2442760" lon="106.7982570">
    <ele>27.0</ele>
    <time>2025-08-22T23:55:10Z</time>
   </trkpt>
   <trkpt lat="-6.2442590" lon="106.7982510">
    <ele>26.9</ele>
    <time>2025-08-22T23:55:11Z</time>
   </trkpt>
   <trkpt lat="-6.2442420" lon="106.7982470">
    <ele>26.9</ele>
    <time>2025-08-22T23:55:12Z</time>
   </trkpt>
   <trkpt lat="-6.2442250" lon="106.7982450">
    <ele>26.9</ele>
    <time>2025-08-22T23:55:13Z</time>
   </trkpt>
   <trkpt lat="-6.2441960" lon="106.7982470">
    <ele>26.9</ele>
    <time>2025-08-22T23:55:14Z</time>
   </trkpt>
   <trkpt lat="-6.2441870" lon="106.7982470">
    <ele>26.9</ele>
    <time>2025-08-22T23:55:15Z</time>
   </trkpt>
   <trkpt lat="-6.2441700" lon="106.7982470">
    <ele>26.9</ele>
    <time>2025-08-22T23:55:16Z</time>
   </trkpt>
   <trkpt lat="-6.2441530" lon="106.7982480">
    <ele>26.9</ele>
    <time>2025-08-22T23:55:18Z</time>
   </trkpt>
   <trkpt lat="-6.2441350" lon="106.7982480">
    <ele>26.9</ele>
    <time>2025-08-22T23:55:19Z</time>
   </trkpt>
   <trkpt lat="-6.2441230" lon="106.7982490">
    <ele>26.9</ele>
    <time>2025-08-22T23:55:20Z</time>
   </trkpt>
   <trkpt lat="-6.2441010" lon="106.7982510">
    <ele>26.9</ele>
    <time>2025-08-22T23:55:21Z</time>
   </trkpt>
   <trkpt lat="-6.2440910" lon="106.7982520">
    <ele>26.9</ele>
    <time>2025-08-22T23:55:22Z</time>
   </trkpt>
   <trkpt lat="-6.2440810" lon="106.7982530">
    <ele>26.9</ele>
    <time>2025-08-22T23:55:23Z</time>
   </trkpt>
   <trkpt lat="-6.2440650" lon="106.7982560">
    <ele>26.9</ele>
    <time>2025-08-22T23:55:24Z</time>
   </trkpt>
   <trkpt lat="-6.2440500" lon="106.7982570">
    <ele>26.9</ele>
    <time>2025-08-22T23:55:25Z</time>
   </trkpt>
   <trkpt lat="-6.2440380" lon="106.7982470">
    <ele>26.9</ele>
    <time>2025-08-22T23:55:26Z</time>
   </trkpt>
   <trkpt lat="-6.2440250" lon="106.7982340">
    <ele>26.9</ele>
    <time>2025-08-22T23:55:28Z</time>
   </trkpt>
   <trkpt lat="-6.2440110" lon="106.7982260">
    <ele>26.9</ele>
    <time>2025-08-22T23:55:29Z</time>
   </trkpt>
   <trkpt lat="-6.2439980" lon="106.7982220">
    <ele>26.9</ele>
    <time>2025-08-22T23:55:30Z</time>
   </trkpt>
   <trkpt lat="-6.2439820" lon="106.7982190">
    <ele>26.9</ele>
    <time>2025-08-22T23:55:31Z</time>
   </trkpt>
   <trkpt lat="-6.2439640" lon="106.7982160">
    <ele>26.9</ele>
    <time>2025-08-22T23:55:32Z</time>
   </trkpt>
   <trkpt lat="-6.2439490" lon="106.7982040">
    <ele>26.9</ele>
    <time>2025-08-22T23:55:34Z</time>
   </trkpt>
   <trkpt lat="-6.2439360" lon="106.7981990">
    <ele>26.9</ele>
    <time>2025-08-22T23:55:35Z</time>
   </trkpt>
   <trkpt lat="-6.2439210" lon="106.7981940">
    <ele>26.9</ele>
    <time>2025-08-22T23:55:36Z</time>
   </trkpt>
   <trkpt lat="-6.2439050" lon="106.7981900">
    <ele>26.9</ele>
    <time>2025-08-22T23:55:37Z</time>
   </trkpt>
   <trkpt lat="-6.2438810" lon="106.7981880">
    <ele>26.9</ele>
    <time>2025-08-22T23:55:38Z</time>
   </trkpt>
   <trkpt lat="-6.2438710" lon="106.7981890">
    <ele>26.9</ele>
    <time>2025-08-22T23:55:40Z</time>
   </trkpt>
   <trkpt lat="-6.2438610" lon="106.7981890">
    <ele>26.9</ele>
    <time>2025-08-22T23:55:41Z</time>
   </trkpt>
   <trkpt lat="-6.2438510" lon="106.7981900">
    <ele>26.9</ele>
    <time>2025-08-22T23:55:42Z</time>
   </trkpt>
   <trkpt lat="-6.2438410" lon="106.7981910">
    <ele>26.9</ele>
    <time>2025-08-22T23:55:43Z</time>
   </trkpt>
   <trkpt lat="-6.2438250" lon="106.7981910">
    <ele>26.9</ele>
    <time>2025-08-22T23:55:44Z</time>
   </trkpt>
   <trkpt lat="-6.2438100" lon="106.7981890">
    <ele>26.9</ele>
    <time>2025-08-22T23:55:45Z</time>
   </trkpt>
   <trkpt lat="-6.2438150" lon="106.7981820">
    <ele>26.9</ele>
    <time>2025-08-22T23:55:46Z</time>
   </trkpt>
   <trkpt lat="-6.2438070" lon="106.7981780">
    <ele>26.9</ele>
    <time>2025-08-22T23:55:47Z</time>
   </trkpt>
   <trkpt lat="-6.2437960" lon="106.7981770">
    <ele>26.9</ele>
    <time>2025-08-22T23:55:49Z</time>
   </trkpt>
   <trkpt lat="-6.2437840" lon="106.7981760">
    <ele>26.9</ele>
    <time>2025-08-22T23:55:50Z</time>
   </trkpt>
   <trkpt lat="-6.2437690" lon="106.7981750">
    <ele>26.9</ele>
    <time>2025-08-22T23:55:51Z</time>
   </trkpt>
   <trkpt lat="-6.2437540" lon="106.7981750">
    <ele>26.9</ele>
    <time>2025-08-22T23:55:52Z</time>
   </trkpt>
   <trkpt lat="-6.2437380" lon="106.7981740">
    <ele>26.9</ele>
    <time>2025-08-22T23:55:53Z</time>
   </trkpt>
   <trkpt lat="-6.2437250" lon="106.7981720">
    <ele>26.9</ele>
    <time>2025-08-22T23:55:54Z</time>
   </trkpt>
   <trkpt lat="-6.2437090" lon="106.7981680">
    <ele>26.8</ele>
    <time>2025-08-22T23:55:55Z</time>
   </trkpt>
   <trkpt lat="-6.2436930" lon="106.7981650">
    <ele>26.8</ele>
    <time>2025-08-22T23:55:56Z</time>
   </trkpt>
   <trkpt lat="-6.2436770" lon="106.7981620">
    <ele>26.8</ele>
    <time>2025-08-22T23:55:57Z</time>
   </trkpt>
   <trkpt lat="-6.2436600" lon="106.7981590">
    <ele>26.8</ele>
    <time>2025-08-22T23:55:58Z</time>
   </trkpt>
   <trkpt lat="-6.2436430" lon="106.7981600">
    <ele>26.8</ele>
    <time>2025-08-22T23:56:00Z</time>
   </trkpt>
   <trkpt lat="-6.2436310" lon="106.7981580">
    <ele>26.8</ele>
    <time>2025-08-22T23:56:01Z</time>
   </trkpt>
   <trkpt lat="-6.2436170" lon="106.7981520">
    <ele>26.8</ele>
    <time>2025-08-22T23:56:02Z</time>
   </trkpt>
   <trkpt lat="-6.2436010" lon="106.7981470">
    <ele>26.8</ele>
    <time>2025-08-22T23:56:03Z</time>
   </trkpt>
   <trkpt lat="-6.2435910" lon="106.7981400">
    <ele>26.8</ele>
    <time>2025-08-22T23:56:04Z</time>
   </trkpt>
   <trkpt lat="-6.2435810" lon="106.7981280">
    <ele>27.1</ele>
    <time>2025-08-22T23:56:05Z</time>
   </trkpt>
   <trkpt lat="-6.2435700" lon="106.7981170">
    <ele>27.1</ele>
    <time>2025-08-22T23:56:06Z</time>
   </trkpt>
   <trkpt lat="-6.2435580" lon="106.7981220">
    <ele>27.1</ele>
    <time>2025-08-22T23:56:07Z</time>
   </trkpt>
   <trkpt lat="-6.2435350" lon="106.7981100">
    <ele>26.8</ele>
    <time>2025-08-22T23:56:08Z</time>
   </trkpt>
   <trkpt lat="-6.2435250" lon="106.7981010">
    <ele>26.8</ele>
    <time>2025-08-22T23:56:09Z</time>
   </trkpt>
   <trkpt lat="-6.2435160" lon="106.7980900">
    <ele>27.6</ele>
    <time>2025-08-22T23:56:11Z</time>
   </trkpt>
   <trkpt lat="-6.2435020" lon="106.7980800">
    <ele>27.2</ele>
    <time>2025-08-22T23:56:12Z</time>
   </trkpt>
   <trkpt lat="-6.2434960" lon="106.7980770">
    <ele>27.2</ele>
    <time>2025-08-22T23:56:13Z</time>
   </trkpt>
   <trkpt lat="-6.2434890" lon="106.7980750">
    <ele>27.2</ele>
    <time>2025-08-22T23:56:15Z</time>
   </trkpt>
   <trkpt lat="-6.2434830" lon="106.7980730">
    <ele>27.2</ele>
    <time>2025-08-22T23:56:16Z</time>
   </trkpt>
   <trkpt lat="-6.2434730" lon="106.7980640">
    <ele>27.2</ele>
    <time>2025-08-22T23:56:17Z</time>
   </trkpt>
   <trkpt lat="-6.2434630" lon="106.7980550">
    <ele>27.2</ele>
    <time>2025-08-22T23:56:18Z</time>
   </trkpt>
   <trkpt lat="-6.2434430" lon="106.7980440">
    <ele>27.3</ele>
    <time>2025-08-22T23:56:19Z</time>
   </trkpt>
   <trkpt lat="-6.2434340" lon="106.7980410">
    <ele>27.3</ele>
    <time>2025-08-22T23:56:20Z</time>
   </trkpt>
   <trkpt lat="-6.2434250" lon="106.7980380">
    <ele>27.3</ele>
    <time>2025-08-22T23:56:21Z</time>
   </trkpt>
   <trkpt lat="-6.2434040" lon="106.7980260">
    <ele>27.1</ele>
    <time>2025-08-22T23:56:22Z</time>
   </trkpt>
   <trkpt lat="-6.2433970" lon="106.7980230">
    <ele>27.1</ele>
    <time>2025-08-22T23:56:23Z</time>
   </trkpt>
   <trkpt lat="-6.2433900" lon="106.7980190">
    <ele>27.1</ele>
    <time>2025-08-22T23:56:24Z</time>
   </trkpt>
   <trkpt lat="-6.2433700" lon="106.7980150">
    <ele>27.1</ele>
    <time>2025-08-22T23:56:25Z</time>
   </trkpt>
   <trkpt lat="-6.2433610" lon="106.7980180">
    <ele>27.2</ele>
    <time>2025-08-22T23:56:26Z</time>
   </trkpt>
   <trkpt lat="-6.2433520" lon="106.7980200">
    <ele>27.2</ele>
    <time>2025-08-22T23:56:27Z</time>
   </trkpt>
   <trkpt lat="-6.2433310" lon="106.7980180">
    <ele>27.3</ele>
    <time>2025-08-22T23:56:28Z</time>
   </trkpt>
   <trkpt lat="-6.2433230" lon="106.7980160">
    <ele>27.3</ele>
    <time>2025-08-22T23:56:29Z</time>
   </trkpt>
   <trkpt lat="-6.2433150" lon="106.7980150">
    <ele>27.3</ele>
    <time>2025-08-22T23:56:30Z</time>
   </trkpt>
   <trkpt lat="-6.2433050" lon="106.7980150">
    <ele>27.3</ele>
    <time>2025-08-22T23:56:31Z</time>
   </trkpt>
   <trkpt lat="-6.2432970" lon="106.7980280">
    <ele>27.4</ele>
    <time>2025-08-22T23:56:33Z</time>
   </trkpt>
   <trkpt lat="-6.2432860" lon="106.7980370">
    <ele>27.4</ele>
    <time>2025-08-22T23:56:34Z</time>
   </trkpt>
   <trkpt lat="-6.2432620" lon="106.7980490">
    <ele>27.5</ele>
    <time>2025-08-22T23:56:35Z</time>
   </trkpt>
   <trkpt lat="-6.2432510" lon="106.7980520">
    <ele>27.5</ele>
    <time>2025-08-22T23:56:37Z</time>
   </trkpt>
   <trkpt lat="-6.2432410" lon="106.7980540">
    <ele>27.5</ele>
    <time>2025-08-22T23:56:38Z</time>
   </trkpt>
   <trkpt lat="-6.2432330" lon="106.7980580">
    <ele>27.5</ele>
    <time>2025-08-22T23:56:39Z</time>
   </trkpt>
   <trkpt lat="-6.2432240" lon="106.7980640">
    <ele>27.5</ele>
    <time>2025-08-22T23:56:40Z</time>
   </trkpt>
   <trkpt lat="-6.2432140" lon="106.7980700">
    <ele>27.6</ele>
    <time>2025-08-22T23:56:41Z</time>
   </trkpt>
   <trkpt lat="-6.2431920" lon="106.7980750">
    <ele>27.6</ele>
    <time>2025-08-22T23:56:42Z</time>
   </trkpt>
   <trkpt lat="-6.2431790" lon="106.7980760">
    <ele>27.6</ele>
    <time>2025-08-22T23:56:44Z</time>
   </trkpt>
   <trkpt lat="-6.2431710" lon="106.7980790">
    <ele>27.6</ele>
    <time>2025-08-22T23:56:45Z</time>
   </trkpt>
   <trkpt lat="-6.2431640" lon="106.7980850">
    <ele>27.6</ele>
    <time>2025-08-22T23:56:46Z</time>
   </trkpt>
   <trkpt lat="-6.2431380" lon="106.7980940">
    <ele>27.7</ele>
    <time>2025-08-22T23:56:47Z</time>
   </trkpt>
   <trkpt lat="-6.2431060" lon="106.7981040">
    <ele>27.7</ele>
    <time>2025-08-22T23:56:49Z</time>
   </trkpt>
   <trkpt lat="-6.2430950" lon="106.7981070">
    <ele>27.7</ele>
    <time>2025-08-22T23:56:50Z</time>
   </trkpt>
   <trkpt lat="-6.2430500" lon="106.7981280">
    <ele>27.8</ele>
    <time>2025-08-22T23:56:51Z</time>
   </trkpt>
   <trkpt lat="-6.2430150" lon="106.7981440">
    <ele>27.8</ele>
    <time>2025-08-22T23:56:53Z</time>
   </trkpt>
   <trkpt lat="-6.2429730" lon="106.7981560">
    <ele>27.8</ele>
    <time>2025-08-22T23:56:55Z</time>
   </trkpt>
   <trkpt lat="-6.2429400" lon="106.7981690">
    <ele>27.8</ele>
    <time>2025-08-22T23:56:57Z</time>
   </trkpt>
   <trkpt lat="-6.2429280" lon="106.7981730">
    <ele>27.8</ele>
    <time>2025-08-22T23:56:58Z</time>
   </trkpt>
   <trkpt lat="-6.2429040" lon="106.7981950">
    <ele>27.8</ele>
    <time>2025-08-22T23:56:59Z</time>
   </trkpt>
   <trkpt lat="-6.2428950" lon="106.7982000">
    <ele>27.8</ele>
    <time>2025-08-22T23:57:00Z</time>
   </trkpt>
   <trkpt lat="-6.2428690" lon="106.7982090">
    <ele>27.8</ele>
    <time>2025-08-22T23:57:01Z</time>
   </trkpt>
   <trkpt lat="-6.2428340" lon="106.7982140">
    <ele>27.7</ele>
    <time>2025-08-22T23:57:02Z</time>
   </trkpt>
   <trkpt lat="-6.2428210" lon="106.7982160">
    <ele>27.7</ele>
    <time>2025-08-22T23:57:03Z</time>
   </trkpt>
   <trkpt lat="-6.2427850" lon="106.7982200">
    <ele>27.6</ele>
    <time>2025-08-22T23:57:04Z</time>
   </trkpt>
   <trkpt lat="-6.2427730" lon="106.7982200">
    <ele>27.6</ele>
    <time>2025-08-22T23:57:05Z</time>
   </trkpt>
   <trkpt lat="-6.2427390" lon="106.7982240">
    <ele>27.6</ele>
    <time>2025-08-22T23:57:06Z</time>
   </trkpt>
   <trkpt lat="-6.2427260" lon="106.7982250">
    <ele>27.6</ele>
    <time>2025-08-22T23:57:07Z</time>
   </trkpt>
   <trkpt lat="-6.2427030" lon="106.7982250">
    <ele>27.5</ele>
    <time>2025-08-22T23:57:08Z</time>
   </trkpt>
   <trkpt lat="-6.2426570" lon="106.7982190">
    <ele>27.5</ele>
    <time>2025-08-22T23:57:10Z</time>
   </trkpt>
   <trkpt lat="-6.2426440" lon="106.7982110">
    <ele>27.5</ele>
    <time>2025-08-22T23:57:12Z</time>
   </trkpt>
   <trkpt lat="-6.2426310" lon="106.7982090">
    <ele>27.4</ele>
    <time>2025-08-22T23:57:13Z</time>
   </trkpt>
   <trkpt lat="-6.2426160" lon="106.7982020">
    <ele>27.4</ele>
    <time>2025-08-22T23:57:14Z</time>
   </trkpt>
   <trkpt lat="-6.2425780" lon="106.7981800">
    <ele>27.4</ele>
    <time>2025-08-22T23:57:16Z</time>
   </trkpt>
   <trkpt lat="-6.2425590" lon="106.7981690">
    <ele>27.4</ele>
    <time>2025-08-22T23:57:17Z</time>
   </trkpt>
   <trkpt lat="-6.2425420" lon="106.7981580">
    <ele>27.4</ele>
    <time>2025-08-22T23:57:18Z</time>
   </trkpt>
   <trkpt lat="-6.2425070" lon="106.7981560">
    <ele>27.4</ele>
    <time>2025-08-22T23:57:20Z</time>
   </trkpt>
   <trkpt lat="-6.2424940" lon="106.7981530">
    <ele>27.4</ele>
    <time>2025-08-22T23:57:21Z</time>
   </trkpt>
   <trkpt lat="-6.2424680" lon="106.7981410">
    <ele>27.4</ele>
    <time>2025-08-22T23:57:22Z</time>
   </trkpt>
   <trkpt lat="-6.2424330" lon="106.7981280">
    <ele>27.4</ele>
    <time>2025-08-22T23:57:23Z</time>
   </trkpt>
   <trkpt lat="-6.2424190" lon="106.7981240">
    <ele>27.4</ele>
    <time>2025-08-22T23:57:24Z</time>
   </trkpt>
   <trkpt lat="-6.2423890" lon="106.7981150">
    <ele>27.3</ele>
    <time>2025-08-22T23:57:25Z</time>
   </trkpt>
   <trkpt lat="-6.2423590" lon="106.7981090">
    <ele>27.3</ele>
    <time>2025-08-22T23:57:26Z</time>
   </trkpt>
   <trkpt lat="-6.2423200" lon="106.7981090">
    <ele>27.5</ele>
    <time>2025-08-22T23:57:28Z</time>
   </trkpt>
   <trkpt lat="-6.2423060" lon="106.7981100">
    <ele>27.5</ele>
    <time>2025-08-22T23:57:29Z</time>
   </trkpt>
   <trkpt lat="-6.2422540" lon="106.7981380">
    <ele>27.5</ele>
    <time>2025-08-22T23:57:30Z</time>
   </trkpt>
   <trkpt lat="-6.2422270" lon="106.7981630">
    <ele>27.4</ele>
    <time>2025-08-22T23:57:31Z</time>
   </trkpt>
   <trkpt lat="-6.2422040" lon="106.7982090">
    <ele>27.4</ele>
    <time>2025-08-22T23:57:33Z</time>
   </trkpt>
   <trkpt lat="-6.2421570" lon="106.7982300">
    <ele>27.4</ele>
    <time>2025-08-22T23:57:34Z</time>
   </trkpt>
   <trkpt lat="-6.2421330" lon="106.7982330">
    <ele>27.4</ele>
    <time>2025-08-22T23:57:35Z</time>
   </trkpt>
   <trkpt lat="-6.2421040" lon="106.7982360">
    <ele>27.4</ele>
    <time>2025-08-22T23:57:36Z</time>
   </trkpt>
   <trkpt lat="-6.2420590" lon="106.7982390">
    <ele>27.4</ele>
    <time>2025-08-22T23:57:38Z</time>
   </trkpt>
   <trkpt lat="-6.2420350" lon="106.7982400">
    <ele>27.4</ele>
    <time>2025-08-22T23:57:39Z</time>
   </trkpt>
   <trkpt lat="-6.2420090" lon="106.7982410">
    <ele>27.4</ele>
    <time>2025-08-22T23:57:40Z</time>
   </trkpt>
   <trkpt lat="-6.2419870" lon="106.7982410">
    <ele>27.4</ele>
    <time>2025-08-22T23:57:41Z</time>
   </trkpt>
   <trkpt lat="-6.2419660" lon="106.7982420">
    <ele>27.4</ele>
    <time>2025-08-22T23:57:43Z</time>
   </trkpt>
   <trkpt lat="-6.2419220" lon="106.7982490">
    <ele>27.4</ele>
    <time>2025-08-22T23:57:44Z</time>
   </trkpt>
   <trkpt lat="-6.2418860" lon="106.7982560">
    <ele>27.4</ele>
    <time>2025-08-22T23:57:45Z</time>
   </trkpt>
   <trkpt lat="-6.2418750" lon="106.7982570">
    <ele>27.4</ele>
    <time>2025-08-22T23:57:46Z</time>
   </trkpt>
   <trkpt lat="-6.2418340" lon="106.7982590">
    <ele>27.4</ele>
    <time>2025-08-22T23:57:48Z</time>
   </trkpt>
   <trkpt lat="-6.2418120" lon="106.7982600">
    <ele>27.4</ele>
    <time>2025-08-22T23:57:49Z</time>
   </trkpt>
   <trkpt lat="-6.2417700" lon="106.7982620">
    <ele>27.3</ele>
    <time>2025-08-22T23:57:51Z</time>
   </trkpt>
   <trkpt lat="-6.2417490" lon="106.7982640">
    <ele>27.3</ele>
    <time>2025-08-22T23:57:52Z</time>
   </trkpt>
   <trkpt lat="-6.2417160" lon="106.7982670">
    <ele>27.3</ele>
    <time>2025-08-22T23:57:53Z</time>
   </trkpt>
   <trkpt lat="-6.2417030" lon="106.7982670">
    <ele>27.3</ele>
    <time>2025-08-22T23:57:54Z</time>
   </trkpt>
   <trkpt lat="-6.2416560" lon="106.7982600">
    <ele>27.3</ele>
    <time>2025-08-22T23:57:56Z</time>
   </trkpt>
   <trkpt lat="-6.2416320" lon="106.7982560">
    <ele>27.3</ele>
    <time>2025-08-22T23:57:57Z</time>
   </trkpt>
   <trkpt lat="-6.2416070" lon="106.7982560">
    <ele>27.3</ele>
    <time>2025-08-22T23:57:58Z</time>
   </trkpt>
   <trkpt lat="-6.2415720" lon="106.7982570">
    <ele>27.3</ele>
    <time>2025-08-22T23:57:59Z</time>
   </trkpt>
   <trkpt lat="-6.2415610" lon="106.7982580">
    <ele>27.3</ele>
    <time>2025-08-22T23:58:00Z</time>
   </trkpt>
   <trkpt lat="-6.2415260" lon="106.7982590">
    <ele>27.3</ele>
    <time>2025-08-22T23:58:01Z</time>
   </trkpt>
   <trkpt lat="-6.2415140" lon="106.7982590">
    <ele>27.3</ele>
    <time>2025-08-22T23:58:02Z</time>
   </trkpt>
   <trkpt lat="-6.2414810" lon="106.7982560">
    <ele>27.3</ele>
    <time>2025-08-22T23:58:03Z</time>
   </trkpt>
   <trkpt lat="-6.2414690" lon="106.7982560">
    <ele>27.3</ele>
    <time>2025-08-22T23:58:04Z</time>
   </trkpt>
   <trkpt lat="-6.2414310" lon="106.7982520">
    <ele>27.3</ele>
    <time>2025-08-22T23:58:06Z</time>
   </trkpt>
   <trkpt lat="-6.2414150" lon="106.7982500">
    <ele>27.3</ele>
    <time>2025-08-22T23:58:07Z</time>
   </trkpt>
   <trkpt lat="-6.2413840" lon="106.7982490">
    <ele>27.3</ele>
    <time>2025-08-22T23:58:08Z</time>
   </trkpt>
   <trkpt lat="-6.2413740" lon="106.7982480">
    <ele>27.3</ele>
    <time>2025-08-22T23:58:09Z</time>
   </trkpt>
   <trkpt lat="-6.2413550" lon="106.7982500">
    <ele>27.3</ele>
    <time>2025-08-22T23:58:10Z</time>
   </trkpt>
   <trkpt lat="-6.2413440" lon="106.7982520">
    <ele>27.3</ele>
    <time>2025-08-22T23:58:11Z</time>
   </trkpt>
   <trkpt lat="-6.2413230" lon="106.7982530">
    <ele>27.3</ele>
    <time>2025-08-22T23:58:12Z</time>
   </trkpt>
   <trkpt lat="-6.2413150" lon="106.7982530">
    <ele>27.3</ele>
    <time>2025-08-22T23:58:13Z</time>
   </trkpt>
   <trkpt lat="-6.2413070" lon="106.7982530">
    <ele>27.3</ele>
    <time>2025-08-22T23:58:14Z</time>
   </trkpt>
   <trkpt lat="-6.2412870" lon="106.7982530">
    <ele>27.3</ele>
    <time>2025-08-22T23:58:15Z</time>
   </trkpt>
   <trkpt lat="-6.2412780" lon="106.7982550">
    <ele>27.3</ele>
    <time>2025-08-22T23:58:16Z</time>
   </trkpt>
   <trkpt lat="-6.2412700" lon="106.7982560">
    <ele>27.3</ele>
    <time>2025-08-22T23:58:17Z</time>
   </trkpt>
   <trkpt lat="-6.2412560" lon="106.7982590">
    <ele>27.3</ele>
    <time>2025-08-22T23:58:18Z</time>
   </trkpt>
   <trkpt lat="-6.2412430" lon="106.7982620">
    <ele>27.3</ele>
    <time>2025-08-22T23:58:19Z</time>
   </trkpt>
   <trkpt lat="-6.2412280" lon="106.7982640">
    <ele>27.3</ele>
    <time>2025-08-22T23:58:20Z</time>
   </trkpt>
   <trkpt lat="-6.2412130" lon="106.7982670">
    <ele>27.3</ele>
    <time>2025-08-22T23:58:21Z</time>
   </trkpt>
   <trkpt lat="-6.2412000" lon="106.7982690">
    <ele>27.3</ele>
    <time>2025-08-22T23:58:22Z</time>
   </trkpt>
   <trkpt lat="-6.2411850" lon="106.7982710">
    <ele>27.3</ele>
    <time>2025-08-22T23:58:23Z</time>
   </trkpt>
   <trkpt lat="-6.2411700" lon="106.7982740">
    <ele>27.3</ele>
    <time>2025-08-22T23:58:24Z</time>
   </trkpt>
   <trkpt lat="-6.2411550" lon="106.7982760">
    <ele>27.3</ele>
    <time>2025-08-22T23:58:26Z</time>
   </trkpt>
   <trkpt lat="-6.2411390" lon="106.7982780">
    <ele>27.3</ele>
    <time>2025-08-22T23:58:27Z</time>
   </trkpt>
   <trkpt lat="-6.2411240" lon="106.7982780">
    <ele>27.3</ele>
    <time>2025-08-22T23:58:28Z</time>
   </trkpt>
   <trkpt lat="-6.2411090" lon="106.7982780">
    <ele>27.3</ele>
    <time>2025-08-22T23:58:29Z</time>
   </trkpt>
   <trkpt lat="-6.2410940" lon="106.7982760">
    <ele>27.3</ele>
    <time>2025-08-22T23:58:30Z</time>
   </trkpt>
   <trkpt lat="-6.2410670" lon="106.7982730">
    <ele>27.3</ele>
    <time>2025-08-22T23:58:31Z</time>
   </trkpt>
   <trkpt lat="-6.2410430" lon="106.7982690">
    <ele>27.3</ele>
    <time>2025-08-22T23:58:32Z</time>
   </trkpt>
   <trkpt lat="-6.2410350" lon="106.7982670">
    <ele>27.3</ele>
    <time>2025-08-22T23:58:34Z</time>
   </trkpt>
   <trkpt lat="-6.2410260" lon="106.7982660">
    <ele>27.3</ele>
    <time>2025-08-22T23:58:35Z</time>
   </trkpt>
   <trkpt lat="-6.2410110" lon="106.7982670">
    <ele>27.3</ele>
    <time>2025-08-22T23:58:36Z</time>
   </trkpt>
   <trkpt lat="-6.2409950" lon="106.7982680">
    <ele>27.3</ele>
    <time>2025-08-22T23:58:37Z</time>
   </trkpt>
   <trkpt lat="-6.2409780" lon="106.7982700">
    <ele>27.3</ele>
    <time>2025-08-22T23:58:38Z</time>
   </trkpt>
   <trkpt lat="-6.2409650" lon="106.7982700">
    <ele>27.3</ele>
    <time>2025-08-22T23:58:39Z</time>
   </trkpt>
   <trkpt lat="-6.2409480" lon="106.7982720">
    <ele>27.3</ele>
    <time>2025-08-22T23:58:40Z</time>
   </trkpt>
   <trkpt lat="-6.2409360" lon="106.7982750">
    <ele>27.3</ele>
    <time>2025-08-22T23:58:41Z</time>
   </trkpt>
   <trkpt lat="-6.2409220" lon="106.7982800">
    <ele>27.3</ele>
    <time>2025-08-22T23:58:42Z</time>
   </trkpt>
   <trkpt lat="-6.2409090" lon="106.7982820">
    <ele>27.3</ele>
    <time>2025-08-22T23:58:43Z</time>
   </trkpt>
   <trkpt lat="-6.2408960" lon="106.7982860">
    <ele>27.3</ele>
    <time>2025-08-22T23:58:44Z</time>
   </trkpt>
   <trkpt lat="-6.2408820" lon="106.7982870">
    <ele>27.3</ele>
    <time>2025-08-22T23:58:45Z</time>
   </trkpt>
   <trkpt lat="-6.2408690" lon="106.7982870">
    <ele>27.3</ele>
    <time>2025-08-22T23:58:46Z</time>
   </trkpt>
   <trkpt lat="-6.2408540" lon="106.7982870">
    <ele>27.3</ele>
    <time>2025-08-22T23:58:47Z</time>
   </trkpt>
   <trkpt lat="-6.2408290" lon="106.7982920">
    <ele>27.3</ele>
    <time>2025-08-22T23:58:48Z</time>
   </trkpt>
   <trkpt lat="-6.2408180" lon="106.7982970">
    <ele>27.3</ele>
    <time>2025-08-22T23:58:49Z</time>
   </trkpt>
   <trkpt lat="-6.2408020" lon="106.7982990">
    <ele>27.3</ele>
    <time>2025-08-22T23:58:50Z</time>
   </trkpt>
   <trkpt lat="-6.2407880" lon="106.7983000">
    <ele>27.3</ele>
    <time>2025-08-22T23:58:51Z</time>
   </trkpt>
   <trkpt lat="-6.2407740" lon="106.7982990">
    <ele>27.3</ele>
    <time>2025-08-22T23:58:52Z</time>
   </trkpt>
   <trkpt lat="-6.2407590" lon="106.7982990">
    <ele>27.3</ele>
    <time>2025-08-22T23:58:53Z</time>
   </trkpt>
   <trkpt lat="-6.2407440" lon="106.7982960">
    <ele>27.3</ele>
    <time>2025-08-22T23:58:54Z</time>
   </trkpt>
   <trkpt lat="-6.2407300" lon="106.7982920">
    <ele>27.3</ele>
    <time>2025-08-22T23:58:55Z</time>
   </trkpt>
   <trkpt lat="-6.2407150" lon="106.7982870">
    <ele>27.3</ele>
    <time>2025-08-22T23:58:56Z</time>
   </trkpt>
   <trkpt lat="-6.2407000" lon="106.7982820">
    <ele>27.3</ele>
    <time>2025-08-22T23:58:57Z</time>
   </trkpt>
   <trkpt lat="-6.2406850" lon="106.7982730">
    <ele>27.3</ele>
    <time>2025-08-22T23:58:58Z</time>
   </trkpt>
   <trkpt lat="-6.2406740" lon="106.7982670">
    <ele>27.3</ele>
    <time>2025-08-22T23:58:59Z</time>
   </trkpt>
   <trkpt lat="-6.2406630" lon="106.7982630">
    <ele>27.3</ele>
    <time>2025-08-22T23:59:00Z</time>
   </trkpt>
   <trkpt lat="-6.2406570" lon="106.7982580">
    <ele>27.3</ele>
    <time>2025-08-22T23:59:01Z</time>
   </trkpt>
   <trkpt lat="-6.2406480" lon="106.7982560">
    <ele>27.3</ele>
    <time>2025-08-22T23:59:02Z</time>
   </trkpt>
   <trkpt lat="-6.2406200" lon="106.7982560">
    <ele>27.3</ele>
    <time>2025-08-22T23:59:04Z</time>
   </trkpt>
   <trkpt lat="-6.2406040" lon="106.7982560">
    <ele>27.3</ele>
    <time>2025-08-22T23:59:06Z</time>
   </trkpt>
   <trkpt lat="-6.2405880" lon="106.7982560">
    <ele>27.3</ele>
    <time>2025-08-22T23:59:07Z</time>
   </trkpt>
   <trkpt lat="-6.2405570" lon="106.7982510">
    <ele>27.3</ele>
    <time>2025-08-22T23:59:08Z</time>
   </trkpt>
   <trkpt lat="-6.2405410" lon="106.7982480">
    <ele>27.3</ele>
    <time>2025-08-22T23:59:09Z</time>
   </trkpt>
   <trkpt lat="-6.2405270" lon="106.7982450">
    <ele>27.3</ele>
    <time>2025-08-22T23:59:10Z</time>
   </trkpt>
   <trkpt lat="-6.2405120" lon="106.7982440">
    <ele>27.3</ele>
    <time>2025-08-22T23:59:11Z</time>
   </trkpt>
   <trkpt lat="-6.2404990" lon="106.7982480">
    <ele>27.3</ele>
    <time>2025-08-22T23:59:13Z</time>
   </trkpt>
   <trkpt lat="-6.2404820" lon="106.7982590">
    <ele>27.3</ele>
    <time>2025-08-22T23:59:14Z</time>
   </trkpt>
   <trkpt lat="-6.2404670" lon="106.7982620">
    <ele>27.3</ele>
    <time>2025-08-22T23:59:15Z</time>
   </trkpt>
   <trkpt lat="-6.2404510" lon="106.7982630">
    <ele>27.3</ele>
    <time>2025-08-22T23:59:16Z</time>
   </trkpt>
   <trkpt lat="-6.2404360" lon="106.7982630">
    <ele>27.3</ele>
    <time>2025-08-22T23:59:17Z</time>
   </trkpt>
   <trkpt lat="-6.2404200" lon="106.7982630">
    <ele>27.4</ele>
    <time>2025-08-22T23:59:18Z</time>
   </trkpt>
   <trkpt lat="-6.2404030" lon="106.7982630">
    <ele>27.4</ele>
    <time>2025-08-22T23:59:19Z</time>
   </trkpt>
   <trkpt lat="-6.2403870" lon="106.7982760">
    <ele>27.4</ele>
    <time>2025-08-22T23:59:20Z</time>
   </trkpt>
   <trkpt lat="-6.2403710" lon="106.7982790">
    <ele>27.4</ele>
    <time>2025-08-22T23:59:21Z</time>
   </trkpt>
   <trkpt lat="-6.2403570" lon="106.7982780">
    <ele>27.4</ele>
    <time>2025-08-22T23:59:22Z</time>
   </trkpt>
   <trkpt lat="-6.2403310" lon="106.7982720">
    <ele>27.4</ele>
    <time>2025-08-22T23:59:24Z</time>
   </trkpt>
   <trkpt lat="-6.2403020" lon="106.7982780">
    <ele>27.4</ele>
    <time>2025-08-22T23:59:26Z</time>
   </trkpt>
   <trkpt lat="-6.2402870" lon="106.7982830">
    <ele>27.5</ele>
    <time>2025-08-22T23:59:27Z</time>
   </trkpt>
   <trkpt lat="-6.2402590" lon="106.7982840">
    <ele>27.5</ele>
    <time>2025-08-22T23:59:29Z</time>
   </trkpt>
   <trkpt lat="-6.2402440" lon="106.7982850">
    <ele>27.5</ele>
    <time>2025-08-22T23:59:31Z</time>
   </trkpt>
   <trkpt lat="-6.2402290" lon="106.7982860">
    <ele>27.5</ele>
    <time>2025-08-22T23:59:32Z</time>
   </trkpt>
   <trkpt lat="-6.2402140" lon="106.7982880">
    <ele>27.5</ele>
    <time>2025-08-22T23:59:33Z</time>
   </trkpt>
   <trkpt lat="-6.2402000" lon="106.7982890">
    <ele>27.5</ele>
    <time>2025-08-22T23:59:34Z</time>
   </trkpt>
   <trkpt lat="-6.2401860" lon="106.7982980">
    <ele>27.5</ele>
    <time>2025-08-22T23:59:35Z</time>
   </trkpt>
   <trkpt lat="-6.2401540" lon="106.7983000">
    <ele>27.5</ele>
    <time>2025-08-22T23:59:36Z</time>
   </trkpt>
   <trkpt lat="-6.2401480" lon="106.7982970">
    <ele>27.5</ele>
    <time>2025-08-22T23:59:37Z</time>
   </trkpt>
   <trkpt lat="-6.2401370" lon="106.7982890">
    <ele>27.5</ele>
    <time>2025-08-22T23:59:39Z</time>
   </trkpt>
   <trkpt lat="-6.2401210" lon="106.7982750">
    <ele>27.5</ele>
    <time>2025-08-22T23:59:40Z</time>
   </trkpt>
   <trkpt lat="-6.2401020" lon="106.7982970">
    <ele>27.5</ele>
    <time>2025-08-22T23:59:41Z</time>
   </trkpt>
   <trkpt lat="-6.2400900" lon="106.7983120">
    <ele>27.5</ele>
    <time>2025-08-22T23:59:43Z</time>
   </trkpt>
   <trkpt lat="-6.2400770" lon="106.7983160">
    <ele>27.5</ele>
    <time>2025-08-22T23:59:44Z</time>
   </trkpt>
   <trkpt lat="-6.2400550" lon="106.7983140">
    <ele>27.5</ele>
    <time>2025-08-22T23:59:45Z</time>
   </trkpt>
   <trkpt lat="-6.2400470" lon="106.7983130">
    <ele>27.5</ele>
    <time>2025-08-22T23:59:46Z</time>
   </trkpt>
   <trkpt lat="-6.2400380" lon="106.7983120">
    <ele>27.5</ele>
    <time>2025-08-22T23:59:47Z</time>
   </trkpt>
   <trkpt lat="-6.2400180" lon="106.7983010">
    <ele>27.5</ele>
    <time>2025-08-22T23:59:48Z</time>
   </trkpt>
   <trkpt lat="-6.2400070" lon="106.7982960">
    <ele>27.5</ele>
    <time>2025-08-22T23:59:49Z</time>
   </trkpt>
   <trkpt lat="-6.2399850" lon="106.7982820">
    <ele>27.4</ele>
    <time>2025-08-22T23:59:51Z</time>
   </trkpt>
   <trkpt lat="-6.2399750" lon="106.7982740">
    <ele>27.4</ele>
    <time>2025-08-22T23:59:52Z</time>
   </trkpt>
   <trkpt lat="-6.2399640" lon="106.7982670">
    <ele>27.4</ele>
    <time>2025-08-22T23:59:53Z</time>
   </trkpt>
   <trkpt lat="-6.2399520" lon="106.7982470">
    <ele>27.4</ele>
    <time>2025-08-22T23:59:55Z</time>
   </trkpt>
   <trkpt lat="-6.2399200" lon="106.7982280">
    <ele>27.4</ele>
    <time>2025-08-22T23:59:56Z</time>
   </trkpt>
   <trkpt lat="-6.2399030" lon="106.7982180">
    <ele>27.4</ele>
    <time>2025-08-22T23:59:58Z</time>
   </trkpt>
   <trkpt lat="-6.2398890" lon="106.7982080">
    <ele>27.4</ele>
    <time>2025-08-22T23:59:59Z</time>
   </trkpt>
   <trkpt lat="-6.2398740" lon="106.7982030">
    <ele>27.4</ele>
    <time>2025-08-23T00:00:00Z</time>
   </trkpt>
   <trkpt lat="-6.2398600" lon="106.7981980">
    <ele>27.4</ele>
    <time>2025-08-23T00:00:01Z</time>
   </trkpt>
   <trkpt lat="-6.2398460" lon="106.7981910">
    <ele>27.3</ele>
    <time>2025-08-23T00:00:02Z</time>
   </trkpt>
   <trkpt lat="-6.2398300" lon="106.7981800">
    <ele>27.3</ele>
    <time>2025-08-23T00:00:04Z</time>
   </trkpt>
   <trkpt lat="-6.2398290" lon="106.7981760">
    <ele>27.3</ele>
    <time>2025-08-23T00:00:05Z</time>
   </trkpt>
   <trkpt lat="-6.2398270" lon="106.7981770">
    <ele>27.3</ele>
    <time>2025-08-23T00:00:07Z</time>
   </trkpt>
   <trkpt lat="-6.2398160" lon="106.7981920">
    <ele>27.3</ele>
    <time>2025-08-23T00:00:08Z</time>
   </trkpt>
   <trkpt lat="-6.2397910" lon="106.7982070">
    <ele>27.3</ele>
    <time>2025-08-23T00:00:09Z</time>
   </trkpt>
   <trkpt lat="-6.2397730" lon="106.7982140">
    <ele>27.4</ele>
    <time>2025-08-23T00:00:10Z</time>
   </trkpt>
   <trkpt lat="-6.2397580" lon="106.7982220">
    <ele>27.4</ele>
    <time>2025-08-23T00:00:11Z</time>
   </trkpt>
   <trkpt lat="-6.2397200" lon="106.7982550">
    <ele>27.4</ele>
    <time>2025-08-23T00:00:13Z</time>
   </trkpt>
   <trkpt lat="-6.2396970" lon="106.7982750">
    <ele>27.4</ele>
    <time>2025-08-23T00:00:15Z</time>
   </trkpt>
   <trkpt lat="-6.2396760" lon="106.7982920">
    <ele>27.4</ele>
    <time>2025-08-23T00:00:16Z</time>
   </trkpt>
   <trkpt lat="-6.2396450" lon="106.7983090">
    <ele>27.3</ele>
    <time>2025-08-23T00:00:17Z</time>
   </trkpt>
   <trkpt lat="-6.2396310" lon="106.7983140">
    <ele>27.3</ele>
    <time>2025-08-23T00:00:18Z</time>
   </trkpt>
   <trkpt lat="-6.2396030" lon="106.7983220">
    <ele>27.3</ele>
    <time>2025-08-23T00:00:19Z</time>
   </trkpt>
   <trkpt lat="-6.2395680" lon="106.7983220">
    <ele>27.3</ele>
    <time>2025-08-23T00:00:20Z</time>
   </trkpt>
   <trkpt lat="-6.2395550" lon="106.7983220">
    <ele>27.2</ele>
    <time>2025-08-23T00:00:21Z</time>
   </trkpt>
   <trkpt lat="-6.2395110" lon="106.7983200">
    <ele>27.2</ele>
    <time>2025-08-23T00:00:22Z</time>
   </trkpt>
   <trkpt lat="-6.2394930" lon="106.7983190">
    <ele>27.2</ele>
    <time>2025-08-23T00:00:23Z</time>
   </trkpt>
   <trkpt lat="-6.2394620" lon="106.7983000">
    <ele>27.1</ele>
    <time>2025-08-23T00:00:25Z</time>
   </trkpt>
   <trkpt lat="-6.2394540" lon="106.7982880">
    <ele>27.1</ele>
    <time>2025-08-23T00:00:26Z</time>
   </trkpt>
   <trkpt lat="-6.2394220" lon="106.7982740">
    <ele>27.1</ele>
    <time>2025-08-23T00:00:27Z</time>
   </trkpt>
   <trkpt lat="-6.2394020" lon="106.7982810">
    <ele>27.1</ele>
    <time>2025-08-23T00:00:28Z</time>
   </trkpt>
   <trkpt lat="-6.2393870" lon="106.7982900">
    <ele>27.1</ele>
    <time>2025-08-23T00:00:30Z</time>
   </trkpt>
   <trkpt lat="-6.2393720" lon="106.7982990">
    <ele>27.1</ele>
    <time>2025-08-23T00:00:31Z</time>
   </trkpt>
   <trkpt lat="-6.2393540" lon="106.7983040">
    <ele>27.1</ele>
    <time>2025-08-23T00:00:32Z</time>
   </trkpt>
   <trkpt lat="-6.2393240" lon="106.7983080">
    <ele>27.1</ele>
    <time>2025-08-23T00:00:33Z</time>
   </trkpt>
   <trkpt lat="-6.2393160" lon="106.7983090">
    <ele>27.1</ele>
    <time>2025-08-23T00:00:34Z</time>
   </trkpt>
   <trkpt lat="-6.2392740" lon="106.7983070">
    <ele>27.1</ele>
    <time>2025-08-23T00:00:35Z</time>
   </trkpt>
   <trkpt lat="-6.2392520" lon="106.7983060">
    <ele>27.1</ele>
    <time>2025-08-23T00:00:36Z</time>
   </trkpt>
   <trkpt lat="-6.2392300" lon="106.7983030">
    <ele>27.1</ele>
    <time>2025-08-23T00:00:38Z</time>
   </trkpt>
   <trkpt lat="-6.2391990" lon="106.7982940">
    <ele>27.1</ele>
    <time>2025-08-23T00:00:39Z</time>
   </trkpt>
   <trkpt lat="-6.2391890" lon="106.7982910">
    <ele>27.1</ele>
    <time>2025-08-23T00:00:40Z</time>
   </trkpt>
   <trkpt lat="-6.2391400" lon="106.7982830">
    <ele>27.1</ele>
    <time>2025-08-23T00:00:41Z</time>
   </trkpt>
   <trkpt lat="-6.2391050" lon="106.7982770">
    <ele>27.1</ele>
    <time>2025-08-23T00:00:43Z</time>
   </trkpt>
   <trkpt lat="-6.2390930" lon="106.7982760">
    <ele>27.1</ele>
    <time>2025-08-23T00:00:44Z</time>
   </trkpt>
   <trkpt lat="-6.2390440" lon="106.7982670">
    <ele>27.1</ele>
    <time>2025-08-23T00:00:45Z</time>
   </trkpt>
   <trkpt lat="-6.2390200" lon="106.7982620">
    <ele>27.1</ele>
    <time>2025-08-23T00:00:46Z</time>
   </trkpt>
   <trkpt lat="-6.2389980" lon="106.7982570">
    <ele>27.1</ele>
    <time>2025-08-23T00:00:48Z</time>
   </trkpt>
   <trkpt lat="-6.2389510" lon="106.7982500">
    <ele>27.1</ele>
    <time>2025-08-23T00:00:49Z</time>
   </trkpt>
   <trkpt lat="-6.2389260" lon="106.7982480">
    <ele>27.1</ele>
    <time>2025-08-23T00:00:50Z</time>
   </trkpt>
   <trkpt lat="-6.2389020" lon="106.7982450">
    <ele>27.1</ele>
    <time>2025-08-23T00:00:51Z</time>
   </trkpt>
   <trkpt lat="-6.2388820" lon="106.7982520">
    <ele>27.1</ele>
    <time>2025-08-23T00:00:52Z</time>
   </trkpt>
   <trkpt lat="-6.2388740" lon="106.7982570">
    <ele>27.1</ele>
    <time>2025-08-23T00:00:53Z</time>
   </trkpt>
   <trkpt lat="-6.2388210" lon="106.7982380">
    <ele>27.1</ele>
    <time>2025-08-23T00:00:55Z</time>
   </trkpt>
   <trkpt lat="-6.2387980" lon="106.7982360">
    <ele>27.1</ele>
    <time>2025-08-23T00:00:56Z</time>
   </trkpt>
   <trkpt lat="-6.2387610" lon="106.7982310">
    <ele>27.1</ele>
    <time>2025-08-23T00:00:57Z</time>
   </trkpt>
   <trkpt lat="-6.2387480" lon="106.7982300">
    <ele>27.0</ele>
    <time>2025-08-23T00:00:58Z</time>
   </trkpt>
   <trkpt lat="-6.2387270" lon="106.7982060">
    <ele>27.0</ele>
    <time>2025-08-23T00:01:00Z</time>
   </trkpt>
   <trkpt lat="-6.2387190" lon="106.7982000">
    <ele>27.0</ele>
    <time>2025-08-23T00:01:01Z</time>
   </trkpt>
   <trkpt lat="-6.2386740" lon="106.7981880">
    <ele>27.0</ele>
    <time>2025-08-23T00:01:02Z</time>
   </trkpt>
   <trkpt lat="-6.2386490" lon="106.7981850">
    <ele>27.0</ele>
    <time>2025-08-23T00:01:03Z</time>
   </trkpt>
   <trkpt lat="-6.2386240" lon="106.7981890">
    <ele>27.0</ele>
    <time>2025-08-23T00:01:05Z</time>
   </trkpt>
   <trkpt lat="-6.2385950" lon="106.7981980">
    <ele>27.0</ele>
    <time>2025-08-23T00:01:06Z</time>
   </trkpt>
   <trkpt lat="-6.2385670" lon="106.7982200">
    <ele>27.0</ele>
    <time>2025-08-23T00:01:07Z</time>
   </trkpt>
   <trkpt lat="-6.2385560" lon="106.7982250">
    <ele>26.9</ele>
    <time>2025-08-23T00:01:08Z</time>
   </trkpt>
   <trkpt lat="-6.2385090" lon="106.7982430">
    <ele>26.9</ele>
    <time>2025-08-23T00:01:09Z</time>
   </trkpt>
   <trkpt lat="-6.2384850" lon="106.7982530">
    <ele>26.9</ele>
    <time>2025-08-23T00:01:10Z</time>
   </trkpt>
   <trkpt lat="-6.2384630" lon="106.7982610">
    <ele>26.9</ele>
    <time>2025-08-23T00:01:12Z</time>
   </trkpt>
   <trkpt lat="-6.2384350" lon="106.7982840">
    <ele>26.8</ele>
    <time>2025-08-23T00:01:13Z</time>
   </trkpt>
   <trkpt lat="-6.2384260" lon="106.7982900">
    <ele>26.8</ele>
    <time>2025-08-23T00:01:14Z</time>
   </trkpt>
   <trkpt lat="-6.2383950" lon="106.7983100">
    <ele>26.8</ele>
    <time>2025-08-23T00:01:15Z</time>
   </trkpt>
   <trkpt lat="-6.2383790" lon="106.7983130">
    <ele>26.8</ele>
    <time>2025-08-23T00:01:17Z</time>
   </trkpt>
   <trkpt lat="-6.2383650" lon="106.7983120">
    <ele>26.8</ele>
    <time>2025-08-23T00:01:18Z</time>
   </trkpt>
   <trkpt lat="-6.2383570" lon="106.7983120">
    <ele>26.8</ele>
    <time>2025-08-23T00:01:19Z</time>
   </trkpt>
   <trkpt lat="-6.2383440" lon="106.7983150">
    <ele>26.8</ele>
    <time>2025-08-23T00:01:21Z</time>
   </trkpt>
   <trkpt lat="-6.2383300" lon="106.7983210">
    <ele>26.8</ele>
    <time>2025-08-23T00:01:22Z</time>
   </trkpt>
   <trkpt lat="-6.2383160" lon="106.7983280">
    <ele>26.7</ele>
    <time>2025-08-23T00:01:23Z</time>
   </trkpt>
   <trkpt lat="-6.2383040" lon="106.7983360">
    <ele>26.7</ele>
    <time>2025-08-23T00:01:24Z</time>
   </trkpt>
   <trkpt lat="-6.2382930" lon="106.7983420">
    <ele>26.7</ele>
    <time>2025-08-23T00:01:25Z</time>
   </trkpt>
   <trkpt lat="-6.2382830" lon="106.7983330">
    <ele>26.7</ele>
    <time>2025-08-23T00:01:26Z</time>
   </trkpt>
   <trkpt lat="-6.2382740" lon="106.7983340">
    <ele>26.7</ele>
    <time>2025-08-23T00:01:27Z</time>
   </trkpt>
   <trkpt lat="-6.2382640" lon="106.7983360">
    <ele>26.7</ele>
    <time>2025-08-23T00:01:28Z</time>
   </trkpt>
   <trkpt lat="-6.2382530" lon="106.7983380">
    <ele>26.7</ele>
    <time>2025-08-23T00:01:29Z</time>
   </trkpt>
   <trkpt lat="-6.2382420" lon="106.7983390">
    <ele>26.7</ele>
    <time>2025-08-23T00:01:30Z</time>
   </trkpt>
   <trkpt lat="-6.2382160" lon="106.7983310">
    <ele>26.7</ele>
    <time>2025-08-23T00:01:32Z</time>
   </trkpt>
   <trkpt lat="-6.2382030" lon="106.7983280">
    <ele>26.7</ele>
    <time>2025-08-23T00:01:33Z</time>
   </trkpt>
   <trkpt lat="-6.2381890" lon="106.7983240">
    <ele>26.7</ele>
    <time>2025-08-23T00:01:34Z</time>
   </trkpt>
   <trkpt lat="-6.2381760" lon="106.7983200">
    <ele>26.7</ele>
    <time>2025-08-23T00:01:36Z</time>
   </trkpt>
   <trkpt lat="-6.2381610" lon="106.7983180">
    <ele>26.6</ele>
    <time>2025-08-23T00:01:37Z</time>
   </trkpt>
   <trkpt lat="-6.2381470" lon="106.7983140">
    <ele>26.6</ele>
    <time>2025-08-23T00:01:38Z</time>
   </trkpt>
   <trkpt lat="-6.2381400" lon="106.7983080">
    <ele>26.6</ele>
    <time>2025-08-23T00:01:39Z</time>
   </trkpt>
   <trkpt lat="-6.2381340" lon="106.7983030">
    <ele>26.6</ele>
    <time>2025-08-23T00:01:40Z</time>
   </trkpt>
   <trkpt lat="-6.2381230" lon="106.7983010">
    <ele>26.6</ele>
    <time>2025-08-23T00:01:41Z</time>
   </trkpt>
   <trkpt lat="-6.2381120" lon="106.7982980">
    <ele>26.6</ele>
    <time>2025-08-23T00:01:42Z</time>
   </trkpt>
   <trkpt lat="-6.2381020" lon="106.7982970">
    <ele>26.6</ele>
    <time>2025-08-23T00:01:43Z</time>
   </trkpt>
   <trkpt lat="-6.2380840" lon="106.7982970">
    <ele>26.6</ele>
    <time>2025-08-23T00:01:44Z</time>
   </trkpt>
   <trkpt lat="-6.2380740" lon="106.7982960">
    <ele>26.6</ele>
    <time>2025-08-23T00:01:45Z</time>
   </trkpt>
   <trkpt lat="-6.2380660" lon="106.7982960">
    <ele>26.6</ele>
    <time>2025-08-23T00:01:47Z</time>
   </trkpt>
   <trkpt lat="-6.2380410" lon="106.7983060">
    <ele>26.6</ele>
    <time>2025-08-23T00:01:48Z</time>
   </trkpt>
   <trkpt lat="-6.2380260" lon="106.7983060">
    <ele>26.6</ele>
    <time>2025-08-23T00:01:50Z</time>
   </trkpt>
   <trkpt lat="-6.2380100" lon="106.7983030">
    <ele>26.6</ele>
    <time>2025-08-23T00:01:51Z</time>
   </trkpt>
   <trkpt lat="-6.2379940" lon="106.7983010">
    <ele>26.6</ele>
    <time>2025-08-23T00:01:52Z</time>
   </trkpt>
   <trkpt lat="-6.2379790" lon="106.7982980">
    <ele>26.6</ele>
    <time>2025-08-23T00:01:53Z</time>
   </trkpt>
   <trkpt lat="-6.2379640" lon="106.7982960">
    <ele>26.6</ele>
    <time>2025-08-23T00:01:54Z</time>
   </trkpt>
   <trkpt lat="-6.2379380" lon="106.7982910">
    <ele>26.6</ele>
    <time>2025-08-23T00:01:55Z</time>
   </trkpt>
   <trkpt lat="-6.2379200" lon="106.7982830">
    <ele>26.6</ele>
    <time>2025-08-23T00:01:56Z</time>
   </trkpt>
   <trkpt lat="-6.2379150" lon="106.7982810">
    <ele>26.6</ele>
    <time>2025-08-23T00:01:57Z</time>
   </trkpt>
   <trkpt lat="-6.2379010" lon="106.7982760">
    <ele>26.6</ele>
    <time>2025-08-23T00:01:59Z</time>
   </trkpt>
   <trkpt lat="-6.2378890" lon="106.7982720">
    <ele>26.6</ele>
    <time>2025-08-23T00:02:00Z</time>
   </trkpt>
   <trkpt lat="-6.2378560" lon="106.7982650">
    <ele>26.6</ele>
    <time>2025-08-23T00:02:01Z</time>
   </trkpt>
   <trkpt lat="-6.2378500" lon="106.7982640">
    <ele>26.6</ele>
    <time>2025-08-23T00:02:02Z</time>
   </trkpt>
   <trkpt lat="-6.2378350" lon="106.7982600">
    <ele>26.6</ele>
    <time>2025-08-23T00:02:03Z</time>
   </trkpt>
   <trkpt lat="-6.2378180" lon="106.7982560">
    <ele>26.6</ele>
    <time>2025-08-23T00:02:05Z</time>
   </trkpt>
   <trkpt lat="-6.2377820" lon="106.7982490">
    <ele>26.6</ele>
    <time>2025-08-23T00:02:06Z</time>
   </trkpt>
   <trkpt lat="-6.2377570" lon="106.7982420">
    <ele>26.6</ele>
    <time>2025-08-23T00:02:07Z</time>
   </trkpt>
   <trkpt lat="-6.2377340" lon="106.7982400">
    <ele>26.6</ele>
    <time>2025-08-23T00:02:09Z</time>
   </trkpt>
   <trkpt lat="-6.2376980" lon="106.7982460">
    <ele>26.6</ele>
    <time>2025-08-23T00:02:10Z</time>
   </trkpt>
   <trkpt lat="-6.2376680" lon="106.7982500">
    <ele>26.6</ele>
    <time>2025-08-23T00:02:11Z</time>
   </trkpt>
   <trkpt lat="-6.2376540" lon="106.7982500">
    <ele>26.6</ele>
    <time>2025-08-23T00:02:13Z</time>
   </trkpt>
   <trkpt lat="-6.2376390" lon="106.7982490">
    <ele>26.6</ele>
    <time>2025-08-23T00:02:14Z</time>
   </trkpt>
   <trkpt lat="-6.2376250" lon="106.7982490">
    <ele>26.6</ele>
    <time>2025-08-23T00:02:15Z</time>
   </trkpt>
   <trkpt lat="-6.2375900" lon="106.7982520">
    <ele>26.5</ele>
    <time>2025-08-23T00:02:16Z</time>
   </trkpt>
   <trkpt lat="-6.2375790" lon="106.7982520">
    <ele>26.5</ele>
    <time>2025-08-23T00:02:17Z</time>
   </trkpt>
   <trkpt lat="-6.2375440" lon="106.7982550">
    <ele>26.5</ele>
    <time>2025-08-23T00:02:18Z</time>
   </trkpt>
   <trkpt lat="-6.2375310" lon="106.7982560">
    <ele>26.5</ele>
    <time>2025-08-23T00:02:19Z</time>
   </trkpt>
   <trkpt lat="-6.2374920" lon="106.7982560">
    <ele>26.5</ele>
    <time>2025-08-23T00:02:20Z</time>
   </trkpt>
   <trkpt lat="-6.2374760" lon="106.7982550">
    <ele>26.5</ele>
    <time>2025-08-23T00:02:21Z</time>
   </trkpt>
   <trkpt lat="-6.2374340" lon="106.7982500">
    <ele>26.5</ele>
    <time>2025-08-23T00:02:23Z</time>
   </trkpt>
   <trkpt lat="-6.2373980" lon="106.7982470">
    <ele>26.5</ele>
    <time>2025-08-23T00:02:24Z</time>
   </trkpt>
   <trkpt lat="-6.2373860" lon="106.7982460">
    <ele>26.5</ele>
    <time>2025-08-23T00:02:25Z</time>
   </trkpt>
   <trkpt lat="-6.2373420" lon="106.7982490">
    <ele>26.5</ele>
    <time>2025-08-23T00:02:27Z</time>
   </trkpt>
   <trkpt lat="-6.2373190" lon="106.7982510">
    <ele>26.5</ele>
    <time>2025-08-23T00:02:28Z</time>
   </trkpt>
   <trkpt lat="-6.2372960" lon="106.7982550">
    <ele>26.5</ele>
    <time>2025-08-23T00:02:29Z</time>
   </trkpt>
   <trkpt lat="-6.2372600" lon="106.7982580">
    <ele>26.5</ele>
    <time>2025-08-23T00:02:31Z</time>
   </trkpt>
   <trkpt lat="-6.2372490" lon="106.7982580">
    <ele>26.5</ele>
    <time>2025-08-23T00:02:32Z</time>
   </trkpt>
   <trkpt lat="-6.2371980" lon="106.7982570">
    <ele>26.5</ele>
    <time>2025-08-23T00:02:33Z</time>
   </trkpt>
   <trkpt lat="-6.2371710" lon="106.7982570">
    <ele>26.5</ele>
    <time>2025-08-23T00:02:34Z</time>
   </trkpt>
   <trkpt lat="-6.2371230" lon="106.7982590">
    <ele>26.5</ele>
    <time>2025-08-23T00:02:36Z</time>
   </trkpt>
   <trkpt lat="-6.2370990" lon="106.7982600">
    <ele>26.5</ele>
    <time>2025-08-23T00:02:37Z</time>
   </trkpt>
   <trkpt lat="-6.2370730" lon="106.7982640">
    <ele>26.5</ele>
    <time>2025-08-23T00:02:38Z</time>
   </trkpt>
   <trkpt lat="-6.2370470" lon="106.7982680">
    <ele>26.5</ele>
    <time>2025-08-23T00:02:39Z</time>
   </trkpt>
   <trkpt lat="-6.2370000" lon="106.7982730">
    <ele>26.4</ele>
    <time>2025-08-23T00:02:41Z</time>
   </trkpt>
   <trkpt lat="-6.2369800" lon="106.7982730">
    <ele>26.4</ele>
    <time>2025-08-23T00:02:42Z</time>
   </trkpt>
   <trkpt lat="-6.2369490" lon="106.7982720">
    <ele>26.4</ele>
    <time>2025-08-23T00:02:43Z</time>
   </trkpt>
   <trkpt lat="-6.2369400" lon="106.7982720">
    <ele>26.4</ele>
    <time>2025-08-23T00:02:44Z</time>
   </trkpt>
   <trkpt lat="-6.2369270" lon="106.7982720">
    <ele>26.4</ele>
    <time>2025-08-23T00:02:45Z</time>
   </trkpt>
   <trkpt lat="-6.2369190" lon="106.7982710">
    <ele>26.4</ele>
    <time>2025-08-23T00:02:46Z</time>
   </trkpt>
   <trkpt lat="-6.2369110" lon="106.7982680">
    <ele>26.4</ele>
    <time>2025-08-23T00:02:47Z</time>
   </trkpt>
   <trkpt lat="-6.2369000" lon="106.7982630">
    <ele>26.4</ele>
    <time>2025-08-23T00:02:48Z</time>
   </trkpt>
   <trkpt lat="-6.2368850" lon="106.7982590">
    <ele>26.4</ele>
    <time>2025-08-23T00:02:49Z</time>
   </trkpt>
   <trkpt lat="-6.2367650" lon="106.7982680">
    <ele>26.2</ele>
    <time>2025-08-23T00:02:50Z</time>
   </trkpt>
   <trkpt lat="-6.2366520" lon="106.7982710">
    <ele>26.1</ele>
    <time>2025-08-23T00:05:58Z</time>
   </trkpt>
   <trkpt lat="-6.2365400" lon="106.7982750">
    <ele>26.1</ele>
    <time>2025-08-23T00:06:00Z</time>
   </trkpt>
   <trkpt lat="-6.2364270" lon="106.7982780">
    <ele>26.1</ele>
    <time>2025-08-23T00:06:01Z</time>
   </trkpt>
   <trkpt lat="-6.2363150" lon="106.7982810">
    <ele>26.1</ele>
    <time>2025-08-23T00:06:02Z</time>
   </trkpt>
   <trkpt lat="-6.2362990" lon="106.7982780">
    <ele>26.1</ele>
    <time>2025-08-23T00:06:03Z</time>
   </trkpt>
   <trkpt lat="-6.2362840" lon="106.7982760">
    <ele>26.1</ele>
    <time>2025-08-23T00:06:04Z</time>
   </trkpt>
   <trkpt lat="-6.2362510" lon="106.7982730">
    <ele>26.1</ele>
    <time>2025-08-23T00:06:05Z</time>
   </trkpt>
   <trkpt lat="-6.2362310" lon="106.7982750">
    <ele>26.1</ele>
    <time>2025-08-23T00:06:06Z</time>
   </trkpt>
   <trkpt lat="-6.2362100" lon="106.7982800">
    <ele>26.1</ele>
    <time>2025-08-23T00:06:08Z</time>
   </trkpt>
   <trkpt lat="-6.2361790" lon="106.7982870">
    <ele>26.1</ele>
    <time>2025-08-23T00:06:09Z</time>
   </trkpt>
   <trkpt lat="-6.2361680" lon="106.7982890">
    <ele>26.1</ele>
    <time>2025-08-23T00:06:10Z</time>
   </trkpt>
   <trkpt lat="-6.2361230" lon="106.7982930">
    <ele>26.0</ele>
    <time>2025-08-23T00:06:11Z</time>
   </trkpt>
   <trkpt lat="-6.2360880" lon="106.7982870">
    <ele>26.0</ele>
    <time>2025-08-23T00:06:13Z</time>
   </trkpt>
   <trkpt lat="-6.2360770" lon="106.7982860">
    <ele>26.0</ele>
    <time>2025-08-23T00:06:14Z</time>
   </trkpt>
   <trkpt lat="-6.2360300" lon="106.7982800">
    <ele>26.0</ele>
    <time>2025-08-23T00:06:15Z</time>
   </trkpt>
   <trkpt lat="-6.2360030" lon="106.7982770">
    <ele>26.0</ele>
    <time>2025-08-23T00:06:17Z</time>
   </trkpt>
   <trkpt lat="-6.2359940" lon="106.7982780">
    <ele>26.0</ele>
    <time>2025-08-23T00:06:18Z</time>
   </trkpt>
   <trkpt lat="-6.2359590" lon="106.7982760">
    <ele>26.0</ele>
    <time>2025-08-23T00:06:19Z</time>
   </trkpt>
   <trkpt lat="-6.2359470" lon="106.7982750">
    <ele>26.0</ele>
    <time>2025-08-23T00:06:20Z</time>
   </trkpt>
   <trkpt lat="-6.2359010" lon="106.7982750">
    <ele>26.0</ele>
    <time>2025-08-23T00:06:21Z</time>
   </trkpt>
   <trkpt lat="-6.2358720" lon="106.7982750">
    <ele>26.0</ele>
    <time>2025-08-23T00:06:23Z</time>
   </trkpt>
   <trkpt lat="-6.2358620" lon="106.7982740">
    <ele>26.0</ele>
    <time>2025-08-23T00:06:24Z</time>
   </trkpt>
   <trkpt lat="-6.2358210" lon="106.7982760">
    <ele>26.0</ele>
    <time>2025-08-23T00:06:25Z</time>
   </trkpt>
   <trkpt lat="-6.2357900" lon="106.7982780">
    <ele>25.9</ele>
    <time>2025-08-23T00:06:27Z</time>
   </trkpt>
   <trkpt lat="-6.2357810" lon="106.7982780">
    <ele>25.9</ele>
    <time>2025-08-23T00:06:28Z</time>
   </trkpt>
   <trkpt lat="-6.2357500" lon="106.7982780">
    <ele>25.9</ele>
    <time>2025-08-23T00:06:29Z</time>
   </trkpt>
   <trkpt lat="-6.2357390" lon="106.7982780">
    <ele>25.9</ele>
    <time>2025-08-23T00:06:30Z</time>
   </trkpt>
   <trkpt lat="-6.2356950" lon="106.7982720">
    <ele>25.9</ele>
    <time>2025-08-23T00:06:31Z</time>
   </trkpt>
   <trkpt lat="-6.2356740" lon="106.7982710">
    <ele>25.9</ele>
    <time>2025-08-23T00:06:32Z</time>
   </trkpt>
   <trkpt lat="-6.2356550" lon="106.7982740">
    <ele>25.9</ele>
    <time>2025-08-23T00:06:34Z</time>
   </trkpt>
   <trkpt lat="-6.2356160" lon="106.7982760">
    <ele>25.8</ele>
    <time>2025-08-23T00:06:35Z</time>
   </trkpt>
   <trkpt lat="-6.2356000" lon="106.7982770">
    <ele>25.8</ele>
    <time>2025-08-23T00:06:36Z</time>
   </trkpt>
   <trkpt lat="-6.2355590" lon="106.7982740">
    <ele>25.8</ele>
    <time>2025-08-23T00:06:38Z</time>
   </trkpt>
   <trkpt lat="-6.2355190" lon="106.7982710">
    <ele>25.8</ele>
    <time>2025-08-23T00:06:40Z</time>
   </trkpt>
   <trkpt lat="-6.2354980" lon="106.7982690">
    <ele>25.8</ele>
    <time>2025-08-23T00:06:41Z</time>
   </trkpt>
   <trkpt lat="-6.2354660" lon="106.7982670">
    <ele>25.7</ele>
    <time>2025-08-23T00:06:43Z</time>
   </trkpt>
   <trkpt lat="-6.2354550" lon="106.7982670">
    <ele>25.7</ele>
    <time>2025-08-23T00:06:44Z</time>
   </trkpt>
   <trkpt lat="-6.2354130" lon="106.7982690">
    <ele>25.7</ele>
    <time>2025-08-23T00:06:45Z</time>
   </trkpt>
   <trkpt lat="-6.2353910" lon="106.7982690">
    <ele>25.7</ele>
    <time>2025-08-23T00:06:46Z</time>
   </trkpt>
   <trkpt lat="-6.2353720" lon="106.7982660">
    <ele>25.7</ele>
    <time>2025-08-23T00:06:47Z</time>
   </trkpt>
   <trkpt lat="-6.2353390" lon="106.7982540">
    <ele>25.6</ele>
    <time>2025-08-23T00:06:49Z</time>
   </trkpt>
   <trkpt lat="-6.2353210" lon="106.7982580">
    <ele>25.6</ele>
    <time>2025-08-23T00:06:50Z</time>
   </trkpt>
   <trkpt lat="-6.2353080" lon="106.7982680">
    <ele>25.6</ele>
    <time>2025-08-23T00:06:51Z</time>
   </trkpt>
   <trkpt lat="-6.2352880" lon="106.7982690">
    <ele>25.6</ele>
    <time>2025-08-23T00:06:52Z</time>
   </trkpt>
   <trkpt lat="-6.2352560" lon="106.7982560">
    <ele>25.6</ele>
    <time>2025-08-23T00:06:54Z</time>
   </trkpt>
   <trkpt lat="-6.2352400" lon="106.7982480">
    <ele>25.6</ele>
    <time>2025-08-23T00:06:55Z</time>
   </trkpt>
   <trkpt lat="-6.2352200" lon="106.7982420">
    <ele>25.6</ele>
    <time>2025-08-23T00:06:56Z</time>
   </trkpt>
   <trkpt lat="-6.2352010" lon="106.7982390">
    <ele>25.6</ele>
    <time>2025-08-23T00:06:58Z</time>
   </trkpt>
   <trkpt lat="-6.2351850" lon="106.7982330">
    <ele>25.6</ele>
    <time>2025-08-23T00:06:59Z</time>
   </trkpt>
   <trkpt lat="-6.2351520" lon="106.7982200">
    <ele>25.6</ele>
    <time>2025-08-23T00:07:00Z</time>
   </trkpt>
   <trkpt lat="-6.2351340" lon="106.7982160">
    <ele>25.6</ele>
    <time>2025-08-23T00:07:01Z</time>
   </trkpt>
   <trkpt lat="-6.2351080" lon="106.7982030">
    <ele>25.6</ele>
    <time>2025-08-23T00:07:03Z</time>
   </trkpt>
   <trkpt lat="-6.2351000" lon="106.7981990">
    <ele>25.6</ele>
    <time>2025-08-23T00:07:04Z</time>
   </trkpt>
   <trkpt lat="-6.2350660" lon="106.7981800">
    <ele>25.6</ele>
    <time>2025-08-23T00:07:05Z</time>
   </trkpt>
   <trkpt lat="-6.2350390" lon="106.7981680">
    <ele>25.6</ele>
    <time>2025-08-23T00:07:06Z</time>
   </trkpt>
   <trkpt lat="-6.2350320" lon="106.7981650">
    <ele>25.5</ele>
    <time>2025-08-23T00:07:07Z</time>
   </trkpt>
   <trkpt lat="-6.2350190" lon="106.7981580">
    <ele>25.5</ele>
    <time>2025-08-23T00:07:08Z</time>
   </trkpt>
   <trkpt lat="-6.2350030" lon="106.7981540">
    <ele>25.5</ele>
    <time>2025-08-23T00:07:09Z</time>
   </trkpt>
   <trkpt lat="-6.2349710" lon="106.7981650">
    <ele>25.5</ele>
    <time>2025-08-23T00:07:10Z</time>
   </trkpt>
   <trkpt lat="-6.2349600" lon="106.7981700">
    <ele>25.5</ele>
    <time>2025-08-23T00:07:11Z</time>
   </trkpt>
   <trkpt lat="-6.2349260" lon="106.7981930">
    <ele>25.5</ele>
    <time>2025-08-23T00:07:13Z</time>
   </trkpt>
   <trkpt lat="-6.2349060" lon="106.7981950">
    <ele>25.5</ele>
    <time>2025-08-23T00:07:14Z</time>
   </trkpt>
   <trkpt lat="-6.2348610" lon="106.7981890">
    <ele>25.5</ele>
    <time>2025-08-23T00:07:16Z</time>
   </trkpt>
   <trkpt lat="-6.2348460" lon="106.7981810">
    <ele>25.5</ele>
    <time>2025-08-23T00:07:18Z</time>
   </trkpt>
   <trkpt lat="-6.2348080" lon="106.7981850">
    <ele>25.5</ele>
    <time>2025-08-23T00:07:19Z</time>
   </trkpt>
   <trkpt lat="-6.2347890" lon="106.7981880">
    <ele>25.5</ele>
    <time>2025-08-23T00:07:20Z</time>
   </trkpt>
   <trkpt lat="-6.2347680" lon="106.7981900">
    <ele>25.5</ele>
    <time>2025-08-23T00:07:21Z</time>
   </trkpt>
   <trkpt lat="-6.2347360" lon="106.7981910">
    <ele>25.5</ele>
    <time>2025-08-23T00:07:23Z</time>
   </trkpt>
   <trkpt lat="-6.2347250" lon="106.7981920">
    <ele>25.5</ele>
    <time>2025-08-23T00:07:24Z</time>
   </trkpt>
   <trkpt lat="-6.2346800" lon="106.7981920">
    <ele>25.5</ele>
    <time>2025-08-23T00:07:25Z</time>
   </trkpt>
   <trkpt lat="-6.2346450" lon="106.7981870">
    <ele>25.4</ele>
    <time>2025-08-23T00:07:26Z</time>
   </trkpt>
   <trkpt lat="-6.2346340" lon="106.7981860">
    <ele>25.4</ele>
    <time>2025-08-23T00:07:27Z</time>
   </trkpt>
   <trkpt lat="-6.2345900" lon="106.7981780">
    <ele>25.4</ele>
    <time>2025-08-23T00:07:29Z</time>
   </trkpt>
   <trkpt lat="-6.2345600" lon="106.7981740">
    <ele>25.4</ele>
    <time>2025-08-23T00:07:30Z</time>
   </trkpt>
   <trkpt lat="-6.2345500" lon="106.7981730">
    <ele>25.4</ele>
    <time>2025-08-23T00:07:31Z</time>
   </trkpt>
   <trkpt lat="-6.2345210" lon="106.7981720">
    <ele>25.4</ele>
    <time>2025-08-23T00:07:33Z</time>
   </trkpt>
   <trkpt lat="-6.2345120" lon="106.7981710">
    <ele>25.4</ele>
    <time>2025-08-23T00:07:34Z</time>
   </trkpt>
   <trkpt lat="-6.2344880" lon="106.7981940">
    <ele>25.4</ele>
    <time>2025-08-23T00:07:35Z</time>
   </trkpt>
   <trkpt lat="-6.2344660" lon="106.7982080">
    <ele>25.3</ele>
    <time>2025-08-23T00:07:36Z</time>
   </trkpt>
   <trkpt lat="-6.2344330" lon="106.7982070">
    <ele>25.3</ele>
    <time>2025-08-23T00:07:37Z</time>
   </trkpt>
   <trkpt lat="-6.2344100" lon="106.7982060">
    <ele>25.3</ele>
    <time>2025-08-23T00:07:38Z</time>
   </trkpt>
   <trkpt lat="-6.2343600" lon="106.7982070">
    <ele>25.2</ele>
    <time>2025-08-23T00:07:40Z</time>
   </trkpt>
   <trkpt lat="-6.2343130" lon="106.7982130">
    <ele>25.2</ele>
    <time>2025-08-23T00:07:42Z</time>
   </trkpt>
   <trkpt lat="-6.2342920" lon="106.7982170">
    <ele>25.2</ele>
    <time>2025-08-23T00:07:43Z</time>
   </trkpt>
   <trkpt lat="-6.2342620" lon="106.7982220">
    <ele>25.2</ele>
    <time>2025-08-23T00:07:45Z</time>
   </trkpt>
   <trkpt lat="-6.2342510" lon="106.7982240">
    <ele>25.2</ele>
    <time>2025-08-23T00:07:46Z</time>
   </trkpt>
   <trkpt lat="-6.2342070" lon="106.7982270">
    <ele>25.1</ele>
    <time>2025-08-23T00:07:47Z</time>
   </trkpt>
   <trkpt lat="-6.2341860" lon="106.7982300">
    <ele>25.1</ele>
    <time>2025-08-23T00:07:48Z</time>
   </trkpt>
   <trkpt lat="-6.2341480" lon="106.7982360">
    <ele>25.1</ele>
    <time>2025-08-23T00:07:50Z</time>
   </trkpt>
   <trkpt lat="-6.2341290" lon="106.7982390">
    <ele>25.1</ele>
    <time>2025-08-23T00:07:52Z</time>
   </trkpt>
   <trkpt lat="-6.2340880" lon="106.7982430">
    <ele>25.0</ele>
    <time>2025-08-23T00:07:53Z</time>
   </trkpt>
   <trkpt lat="-6.2340410" lon="106.7982350">
    <ele>25.0</ele>
    <time>2025-08-23T00:07:55Z</time>
   </trkpt>
   <trkpt lat="-6.2340220" lon="106.7982310">
    <ele>25.0</ele>
    <time>2025-08-23T00:07:56Z</time>
   </trkpt>
   <trkpt lat="-6.2339790" lon="106.7982300">
    <ele>25.0</ele>
    <time>2025-08-23T00:07:58Z</time>
   </trkpt>
   <trkpt lat="-6.2339330" lon="106.7982250">
    <ele>25.0</ele>
    <time>2025-08-23T00:08:00Z</time>
   </trkpt>
   <trkpt lat="-6.2339140" lon="106.7982230">
    <ele>25.0</ele>
    <time>2025-08-23T00:08:02Z</time>
   </trkpt>
   <trkpt lat="-6.2338730" lon="106.7982260">
    <ele>25.0</ele>
    <time>2025-08-23T00:08:03Z</time>
   </trkpt>
   <trkpt lat="-6.2338520" lon="106.7982270">
    <ele>24.9</ele>
    <time>2025-08-23T00:08:04Z</time>
   </trkpt>
   <trkpt lat="-6.2338290" lon="106.7982240">
    <ele>24.9</ele>
    <time>2025-08-23T00:08:05Z</time>
   </trkpt>
   <trkpt lat="-6.2337890" lon="106.7982260">
    <ele>24.9</ele>
    <time>2025-08-23T00:08:07Z</time>
   </trkpt>
   <trkpt lat="-6.2337550" lon="106.7982310">
    <ele>24.9</ele>
    <time>2025-08-23T00:08:09Z</time>
   </trkpt>
   <trkpt lat="-6.2337430" lon="106.7982320">
    <ele>24.9</ele>
    <time>2025-08-23T00:08:11Z</time>
   </trkpt>
   <trkpt lat="-6.2337220" lon="106.7982340">
    <ele>24.9</ele>
    <time>2025-08-23T00:08:12Z</time>
   </trkpt>
   <trkpt lat="-6.2337030" lon="106.7982340">
    <ele>24.9</ele>
    <time>2025-08-23T00:08:13Z</time>
   </trkpt>
   <trkpt lat="-6.2336940" lon="106.7982350">
    <ele>24.9</ele>
    <time>2025-08-23T00:08:14Z</time>
   </trkpt>
   <trkpt lat="-6.2336860" lon="106.7982350">
    <ele>24.9</ele>
    <time>2025-08-23T00:08:15Z</time>
   </trkpt>
   <trkpt lat="-6.2336610" lon="106.7982360">
    <ele>24.8</ele>
    <time>2025-08-23T00:08:17Z</time>
   </trkpt>
   <trkpt lat="-6.2336460" lon="106.7982360">
    <ele>24.8</ele>
    <time>2025-08-23T00:08:18Z</time>
   </trkpt>
   <trkpt lat="-6.2336310" lon="106.7982370">
    <ele>24.8</ele>
    <time>2025-08-23T00:08:19Z</time>
   </trkpt>
   <trkpt lat="-6.2336160" lon="106.7982320">
    <ele>24.8</ele>
    <time>2025-08-23T00:08:20Z</time>
   </trkpt>
   <trkpt lat="-6.2336020" lon="106.7982300">
    <ele>24.8</ele>
    <time>2025-08-23T00:08:22Z</time>
   </trkpt>
   <trkpt lat="-6.2335880" lon="106.7982270">
    <ele>24.8</ele>
    <time>2025-08-23T00:08:23Z</time>
   </trkpt>
   <trkpt lat="-6.2335660" lon="106.7982220">
    <ele>24.8</ele>
    <time>2025-08-23T00:08:24Z</time>
   </trkpt>
   <trkpt lat="-6.2335570" lon="106.7982210">
    <ele>24.8</ele>
    <time>2025-08-23T00:08:25Z</time>
   </trkpt>
   <trkpt lat="-6.2335480" lon="106.7982200">
    <ele>24.8</ele>
    <time>2025-08-23T00:08:26Z</time>
   </trkpt>
   <trkpt lat="-6.2335340" lon="106.7982210">
    <ele>24.7</ele>
    <time>2025-08-23T00:08:27Z</time>
   </trkpt>
   <trkpt lat="-6.2335080" lon="106.7982210">
    <ele>24.7</ele>
    <time>2025-08-23T00:08:28Z</time>
   </trkpt>
   <trkpt lat="-6.2334730" lon="106.7982260">
    <ele>24.7</ele>
    <time>2025-08-23T00:08:30Z</time>
   </trkpt>
   <trkpt lat="-6.2334640" lon="106.7982270">
    <ele>24.7</ele>
    <time>2025-08-23T00:08:31Z</time>
   </trkpt>
   <trkpt lat="-6.2334550" lon="106.7982290">
    <ele>24.7</ele>
    <time>2025-08-23T00:08:32Z</time>
   </trkpt>
   <trkpt lat="-6.2334410" lon="106.7982310">
    <ele>24.7</ele>
    <time>2025-08-23T00:08:34Z</time>
   </trkpt>
   <trkpt lat="-6.2334270" lon="106.7982360">
    <ele>24.7</ele>
    <time>2025-08-23T00:08:35Z</time>
   </trkpt>
   <trkpt lat="-6.2334120" lon="106.7982410">
    <ele>24.7</ele>
    <time>2025-08-23T00:08:36Z</time>
   </trkpt>
   <trkpt lat="-6.2333960" lon="106.7982440">
    <ele>24.7</ele>
    <time>2025-08-23T00:08:37Z</time>
   </trkpt>
   <trkpt lat="-6.2333670" lon="106.7982450">
    <ele>24.6</ele>
    <time>2025-08-23T00:08:38Z</time>
   </trkpt>
   <trkpt lat="-6.2333510" lon="106.7982420">
    <ele>24.6</ele>
    <time>2025-08-23T00:08:40Z</time>
   </trkpt>
   <trkpt lat="-6.2333370" lon="106.7982390">
    <ele>24.6</ele>
    <time>2025-08-23T00:08:41Z</time>
   </trkpt>
   <trkpt lat="-6.2333120" lon="106.7982350">
    <ele>24.6</ele>
    <time>2025-08-23T00:08:42Z</time>
   </trkpt>
   <trkpt lat="-6.2332990" lon="106.7982340">
    <ele>24.6</ele>
    <time>2025-08-23T00:08:43Z</time>
   </trkpt>
   <trkpt lat="-6.2332690" lon="106.7982290">
    <ele>24.6</ele>
    <time>2025-08-23T00:08:45Z</time>
   </trkpt>
   <trkpt lat="-6.2332620" lon="106.7982280">
    <ele>24.6</ele>
    <time>2025-08-23T00:08:46Z</time>
   </trkpt>
   <trkpt lat="-6.2332470" lon="106.7982270">
    <ele>24.6</ele>
    <time>2025-08-23T00:08:47Z</time>
   </trkpt>
   <trkpt lat="-6.2332390" lon="106.7982260">
    <ele>24.6</ele>
    <time>2025-08-23T00:08:49Z</time>
   </trkpt>
   <trkpt lat="-6.2332300" lon="106.7982250">
    <ele>24.6</ele>
    <time>2025-08-23T00:08:50Z</time>
   </trkpt>
   <trkpt lat="-6.2332040" lon="106.7982250">
    <ele>24.6</ele>
    <time>2025-08-23T00:08:51Z</time>
   </trkpt>
   <trkpt lat="-6.2331890" lon="106.7982230">
    <ele>24.6</ele>
    <time>2025-08-23T00:08:53Z</time>
   </trkpt>
   <trkpt lat="-6.2331660" lon="106.7982160">
    <ele>24.5</ele>
    <time>2025-08-23T00:08:54Z</time>
   </trkpt>
   <trkpt lat="-6.2331530" lon="106.7982130">
    <ele>24.5</ele>
    <time>2025-08-23T00:08:55Z</time>
   </trkpt>
   <trkpt lat="-6.2331280" lon="106.7982060">
    <ele>24.5</ele>
    <time>2025-08-23T00:08:57Z</time>
   </trkpt>
   <trkpt lat="-6.2331160" lon="106.7982020">
    <ele>24.5</ele>
    <time>2025-08-23T00:08:58Z</time>
   </trkpt>
   <trkpt lat="-6.2330880" lon="106.7981920">
    <ele>24.5</ele>
    <time>2025-08-23T00:09:00Z</time>
   </trkpt>
   <trkpt lat="-6.2330800" lon="106.7981910">
    <ele>24.5</ele>
    <time>2025-08-23T00:09:01Z</time>
   </trkpt>
   <trkpt lat="-6.2330680" lon="106.7981900">
    <ele>24.5</ele>
    <time>2025-08-23T00:09:02Z</time>
   </trkpt>
   <trkpt lat="-6.2330400" lon="106.7981910">
    <ele>24.4</ele>
    <time>2025-08-23T00:09:04Z</time>
   </trkpt>
   <trkpt lat="-6.2330090" lon="106.7981920">
    <ele>24.4</ele>
    <time>2025-08-23T00:09:06Z</time>
   </trkpt>
   <trkpt lat="-6.2329950" lon="106.7981930">
    <ele>24.4</ele>
    <time>2025-08-23T00:09:07Z</time>
   </trkpt>
   <trkpt lat="-6.2329630" lon="106.7982020">
    <ele>24.4</ele>
    <time>2025-08-23T00:09:09Z</time>
   </trkpt>
   <trkpt lat="-6.2329430" lon="106.7982130">
    <ele>24.4</ele>
    <time>2025-08-23T00:09:11Z</time>
   </trkpt>
   <trkpt lat="-6.2329270" lon="106.7982190">
    <ele>24.3</ele>
    <time>2025-08-23T00:09:12Z</time>
   </trkpt>
   <trkpt lat="-6.2329100" lon="106.7982230">
    <ele>24.3</ele>
    <time>2025-08-23T00:09:13Z</time>
   </trkpt>
   <trkpt lat="-6.2328790" lon="106.7982270">
    <ele>24.3</ele>
    <time>2025-08-23T00:09:14Z</time>
   </trkpt>
   <trkpt lat="-6.2328670" lon="106.7982280">
    <ele>24.3</ele>
    <time>2025-08-23T00:09:15Z</time>
   </trkpt>
   <trkpt lat="-6.2328400" lon="106.7982280">
    <ele>24.2</ele>
    <time>2025-08-23T00:09:16Z</time>
   </trkpt>
   <trkpt lat="-6.2328060" lon="106.7982290">
    <ele>24.2</ele>
    <time>2025-08-23T00:09:17Z</time>
   </trkpt>
   <trkpt lat="-6.2327940" lon="106.7982300">
    <ele>24.2</ele>
    <time>2025-08-23T00:09:18Z</time>
   </trkpt>
   <trkpt lat="-6.2327800" lon="106.7982260">
    <ele>24.1</ele>
    <time>2025-08-23T00:09:20Z</time>
   </trkpt>
   <trkpt lat="-6.2327410" lon="106.7982180">
    <ele>24.1</ele>
    <time>2025-08-23T00:09:21Z</time>
   </trkpt>
   <trkpt lat="-6.2327220" lon="106.7982210">
    <ele>24.1</ele>
    <time>2025-08-23T00:09:22Z</time>
   </trkpt>
   <trkpt lat="-6.2326910" lon="106.7982250">
    <ele>24.0</ele>
    <time>2025-08-23T00:09:24Z</time>
   </trkpt>
   <trkpt lat="-6.2326720" lon="106.7982260">
    <ele>24.0</ele>
    <time>2025-08-23T00:09:25Z</time>
   </trkpt>
   <trkpt lat="-6.2326640" lon="106.7982280">
    <ele>24.0</ele>
    <time>2025-08-23T00:09:26Z</time>
   </trkpt>
   <trkpt lat="-6.2326280" lon="106.7982350">
    <ele>24.0</ele>
    <time>2025-08-23T00:09:28Z</time>
   </trkpt>
   <trkpt lat="-6.2325950" lon="106.7982360">
    <ele>23.9</ele>
    <time>2025-08-23T00:09:29Z</time>
   </trkpt>
   <trkpt lat="-6.2325580" lon="106.7982280">
    <ele>23.9</ele>
    <time>2025-08-23T00:09:30Z</time>
   </trkpt>
   <trkpt lat="-6.2325460" lon="106.7982250">
    <ele>23.9</ele>
    <time>2025-08-23T00:09:31Z</time>
   </trkpt>
   <trkpt lat="-6.2325030" lon="106.7982220">
    <ele>23.8</ele>
    <time>2025-08-23T00:09:33Z</time>
   </trkpt>
   <trkpt lat="-6.2324810" lon="106.7982200">
    <ele>23.8</ele>
    <time>2025-08-23T00:09:34Z</time>
   </trkpt>
   <trkpt lat="-6.2324560" lon="106.7982210">
    <ele>23.8</ele>
    <time>2025-08-23T00:09:35Z</time>
   </trkpt>
   <trkpt lat="-6.2324180" lon="106.7982290">
    <ele>23.8</ele>
    <time>2025-08-23T00:09:37Z</time>
   </trkpt>
   <trkpt lat="-6.2323850" lon="106.7982320">
    <ele>23.7</ele>
    <time>2025-08-23T00:09:38Z</time>
   </trkpt>
   <trkpt lat="-6.2323730" lon="106.7982330">
    <ele>23.7</ele>
    <time>2025-08-23T00:09:39Z</time>
   </trkpt>
   <trkpt lat="-6.2323520" lon="106.7982340">
    <ele>23.7</ele>
    <time>2025-08-23T00:09:40Z</time>
   </trkpt>
   <trkpt lat="-6.2323320" lon="106.7982360">
    <ele>23.7</ele>
    <time>2025-08-23T00:09:42Z</time>
   </trkpt>
   <trkpt lat="-6.2322870" lon="106.7982410">
    <ele>23.6</ele>
    <time>2025-08-23T00:09:43Z</time>
   </trkpt>
   <trkpt lat="-6.2322580" lon="106.7982490">
    <ele>23.6</ele>
    <time>2025-08-23T00:09:44Z</time>
   </trkpt>
   <trkpt lat="-6.2322370" lon="106.7982540">
    <ele>23.6</ele>
    <time>2025-08-23T00:09:45Z</time>
   </trkpt>
   <trkpt lat="-6.2321920" lon="106.7982620">
    <ele>23.5</ele>
    <time>2025-08-23T00:09:47Z</time>
   </trkpt>
   <trkpt lat="-6.2321680" lon="106.7982630">
    <ele>23.5</ele>
    <time>2025-08-23T00:09:48Z</time>
   </trkpt>
   <trkpt lat="-6.2321270" lon="106.7982660">
    <ele>23.4</ele>
    <time>2025-08-23T00:09:50Z</time>
   </trkpt>
   <trkpt lat="-6.2321060" lon="106.7982670">
    <ele>23.4</ele>
    <time>2025-08-23T00:09:51Z</time>
   </trkpt>
   <trkpt lat="-6.2320640" lon="106.7982660">
    <ele>23.4</ele>
    <time>2025-08-23T00:09:53Z</time>
   </trkpt>
   <trkpt lat="-6.2320430" lon="106.7982680">
    <ele>23.3</ele>
    <time>2025-08-23T00:09:54Z</time>
   </trkpt>
   <trkpt lat="-6.2320000" lon="106.7982720">
    <ele>23.3</ele>
    <time>2025-08-23T00:09:56Z</time>
   </trkpt>
   <trkpt lat="-6.2319780" lon="106.7982740">
    <ele>23.2</ele>
    <time>2025-08-23T00:09:57Z</time>
   </trkpt>
   <trkpt lat="-6.2319560" lon="106.7982720">
    <ele>23.2</ele>
    <time>2025-08-23T00:09:58Z</time>
   </trkpt>
   <trkpt lat="-6.2319260" lon="106.7982690">
    <ele>23.2</ele>
    <time>2025-08-23T00:09:59Z</time>
   </trkpt>
   <trkpt lat="-6.2319180" lon="106.7982690">
    <ele>23.2</ele>
    <time>2025-08-23T00:10:00Z</time>
   </trkpt>
   <trkpt lat="-6.2318830" lon="106.7982710">
    <ele>23.1</ele>
    <time>2025-08-23T00:10:02Z</time>
   </trkpt>
   <trkpt lat="-6.2318630" lon="106.7982720">
    <ele>23.1</ele>
    <time>2025-08-23T00:10:03Z</time>
   </trkpt>
   <trkpt lat="-6.2318430" lon="106.7982710">
    <ele>23.1</ele>
    <time>2025-08-23T00:10:05Z</time>
   </trkpt>
   <trkpt lat="-6.2318070" lon="106.7982730">
    <ele>23.0</ele>
    <time>2025-08-23T00:10:06Z</time>
   </trkpt>
   <trkpt lat="-6.2317780" lon="106.7982730">
    <ele>23.0</ele>
    <time>2025-08-23T00:10:07Z</time>
   </trkpt>
   <trkpt lat="-6.2317690" lon="106.7982720">
    <ele>23.0</ele>
    <time>2025-08-23T00:10:08Z</time>
   </trkpt>
   <trkpt lat="-6.2317380" lon="106.7982750">
    <ele>23.0</ele>
    <time>2025-08-23T00:10:09Z</time>
   </trkpt>
   <trkpt lat="-6.2317290" lon="106.7982750">
    <ele>22.9</ele>
    <time>2025-08-23T00:10:10Z</time>
   </trkpt>
   <trkpt lat="-6.2316860" lon="106.7982760">
    <ele>22.9</ele>
    <time>2025-08-23T00:10:12Z</time>
   </trkpt>
   <trkpt lat="-6.2316660" lon="106.7982760">
    <ele>22.9</ele>
    <time>2025-08-23T00:10:13Z</time>
   </trkpt>
   <trkpt lat="-6.2316420" lon="106.7982770">
    <ele>22.8</ele>
    <time>2025-08-23T00:10:14Z</time>
   </trkpt>
   <trkpt lat="-6.2316130" lon="106.7982740">
    <ele>22.8</ele>
    <time>2025-08-23T00:10:15Z</time>
   </trkpt>
   <trkpt lat="-6.2316030" lon="106.7982740">
    <ele>22.8</ele>
    <time>2025-08-23T00:10:16Z</time>
   </trkpt>
   <trkpt lat="-6.2315740" lon="106.7982770">
    <ele>22.8</ele>
    <time>2025-08-23T00:10:17Z</time>
   </trkpt>
   <trkpt lat="-6.2315630" lon="106.7982780">
    <ele>22.7</ele>
    <time>2025-08-23T00:10:18Z</time>
   </trkpt>
   <trkpt lat="-6.2315220" lon="106.7982880">
    <ele>22.7</ele>
    <time>2025-08-23T00:10:20Z</time>
   </trkpt>
   <trkpt lat="-6.2315020" lon="106.7982950">
    <ele>22.7</ele>
    <time>2025-08-23T00:10:21Z</time>
   </trkpt>
   <trkpt lat="-6.2314830" lon="106.7983000">
    <ele>22.6</ele>
    <time>2025-08-23T00:10:22Z</time>
   </trkpt>
   <trkpt lat="-6.2314650" lon="106.7983060">
    <ele>22.6</ele>
    <time>2025-08-23T00:10:23Z</time>
   </trkpt>
   <trkpt lat="-6.2314460" lon="106.7983140">
    <ele>22.6</ele>
    <time>2025-08-23T00:10:25Z</time>
   </trkpt>
   <trkpt lat="-6.2314220" lon="106.7983260">
    <ele>22.5</ele>
    <time>2025-08-23T00:10:26Z</time>
   </trkpt>
   <trkpt lat="-6.2314130" lon="106.7983300">
    <ele>22.5</ele>
    <time>2025-08-23T00:10:27Z</time>
   </trkpt>
   <trkpt lat="-6.2313850" lon="106.7983390">
    <ele>22.5</ele>
    <time>2025-08-23T00:10:28Z</time>
   </trkpt>
   <trkpt lat="-6.2313750" lon="106.7983410">
    <ele>22.5</ele>
    <time>2025-08-23T00:10:29Z</time>
   </trkpt>
   <trkpt lat="-6.2313560" lon="106.7983450">
    <ele>22.5</ele>
    <time>2025-08-23T00:10:30Z</time>
   </trkpt>
   <trkpt lat="-6.2313410" lon="106.7983490">
    <ele>22.4</ele>
    <time>2025-08-23T00:10:31Z</time>
   </trkpt>
   <trkpt lat="-6.2313310" lon="106.7983530">
    <ele>22.4</ele>
    <time>2025-08-23T00:10:32Z</time>
   </trkpt>
   <trkpt lat="-6.2313190" lon="106.7983560">
    <ele>22.4</ele>
    <time>2025-08-23T00:10:33Z</time>
   </trkpt>
   <trkpt lat="-6.2313090" lon="106.7983580">
    <ele>22.4</ele>
    <time>2025-08-23T00:10:34Z</time>
   </trkpt>
   <trkpt lat="-6.2312900" lon="106.7983630">
    <ele>22.4</ele>
    <time>2025-08-23T00:10:35Z</time>
   </trkpt>
   <trkpt lat="-6.2312790" lon="106.7983670">
    <ele>22.4</ele>
    <time>2025-08-23T00:10:36Z</time>
   </trkpt>
   <trkpt lat="-6.2312680" lon="106.7983700">
    <ele>22.4</ele>
    <time>2025-08-23T00:10:37Z</time>
   </trkpt>
   <trkpt lat="-6.2312550" lon="106.7983730">
    <ele>22.4</ele>
    <time>2025-08-23T00:10:39Z</time>
   </trkpt>
   <trkpt lat="-6.2312450" lon="106.7983760">
    <ele>22.4</ele>
    <time>2025-08-23T00:10:40Z</time>
   </trkpt>
   <trkpt lat="-6.2312140" lon="106.7983800">
    <ele>22.3</ele>
    <time>2025-08-23T00:10:41Z</time>
   </trkpt>
   <trkpt lat="-6.2311960" lon="106.7983810">
    <ele>22.3</ele>
    <time>2025-08-23T00:10:42Z</time>
   </trkpt>
   <trkpt lat="-6.2311820" lon="106.7983800">
    <ele>22.3</ele>
    <time>2025-08-23T00:10:44Z</time>
   </trkpt>
   <trkpt lat="-6.2311680" lon="106.7983790">
    <ele>22.3</ele>
    <time>2025-08-23T00:10:45Z</time>
   </trkpt>
   <trkpt lat="-6.2311540" lon="106.7983790">
    <ele>22.3</ele>
    <time>2025-08-23T00:10:46Z</time>
   </trkpt>
   <trkpt lat="-6.2311400" lon="106.7983810">
    <ele>22.3</ele>
    <time>2025-08-23T00:10:47Z</time>
   </trkpt>
   <trkpt lat="-6.2311270" lon="106.7983830">
    <ele>22.3</ele>
    <time>2025-08-23T00:10:48Z</time>
   </trkpt>
   <trkpt lat="-6.2311090" lon="106.7983920">
    <ele>22.3</ele>
    <time>2025-08-23T00:10:49Z</time>
   </trkpt>
   <trkpt lat="-6.2311000" lon="106.7983980">
    <ele>22.3</ele>
    <time>2025-08-23T00:10:50Z</time>
   </trkpt>
   <trkpt lat="-6.2310930" lon="106.7984010">
    <ele>22.3</ele>
    <time>2025-08-23T00:10:51Z</time>
   </trkpt>
   <trkpt lat="-6.2310820" lon="106.7984050">
    <ele>22.3</ele>
    <time>2025-08-23T00:10:53Z</time>
   </trkpt>
   <trkpt lat="-6.2310710" lon="106.7984060">
    <ele>22.3</ele>
    <time>2025-08-23T00:10:54Z</time>
   </trkpt>
   <trkpt lat="-6.2310580" lon="106.7984120">
    <ele>22.3</ele>
    <time>2025-08-23T00:10:55Z</time>
   </trkpt>
   <trkpt lat="-6.2310410" lon="106.7984190">
    <ele>22.2</ele>
    <time>2025-08-23T00:10:56Z</time>
   </trkpt>
   <trkpt lat="-6.2310280" lon="106.7984240">
    <ele>22.2</ele>
    <time>2025-08-23T00:10:57Z</time>
   </trkpt>
   <trkpt lat="-6.2310130" lon="106.7984310">
    <ele>22.2</ele>
    <time>2025-08-23T00:10:58Z</time>
   </trkpt>
   <trkpt lat="-6.2309960" lon="106.7984380">
    <ele>22.2</ele>
    <time>2025-08-23T00:10:59Z</time>
   </trkpt>
   <trkpt lat="-6.2309810" lon="106.7984440">
    <ele>22.2</ele>
    <time>2025-08-23T00:11:00Z</time>
   </trkpt>
   <trkpt lat="-6.2309640" lon="106.7984510">
    <ele>22.2</ele>
    <time>2025-08-23T00:11:01Z</time>
   </trkpt>
   <trkpt lat="-6.2309510" lon="106.7984570">
    <ele>22.2</ele>
    <time>2025-08-23T00:11:02Z</time>
   </trkpt>
   <trkpt lat="-6.2309330" lon="106.7984640">
    <ele>22.2</ele>
    <time>2025-08-23T00:11:03Z</time>
   </trkpt>
   <trkpt lat="-6.2309200" lon="106.7984700">
    <ele>22.2</ele>
    <time>2025-08-23T00:11:04Z</time>
   </trkpt>
   <trkpt lat="-6.2308880" lon="106.7984800">
    <ele>22.2</ele>
    <time>2025-08-23T00:11:05Z</time>
   </trkpt>
   <trkpt lat="-6.2308750" lon="106.7984830">
    <ele>22.2</ele>
    <time>2025-08-23T00:11:07Z</time>
   </trkpt>
   <trkpt lat="-6.2308620" lon="106.7984850">
    <ele>22.1</ele>
    <time>2025-08-23T00:11:08Z</time>
   </trkpt>
   <trkpt lat="-6.2308490" lon="106.7984880">
    <ele>22.1</ele>
    <time>2025-08-23T00:11:09Z</time>
   </trkpt>
   <trkpt lat="-6.2308340" lon="106.7984900">
    <ele>22.1</ele>
    <time>2025-08-23T00:11:10Z</time>
   </trkpt>
   <trkpt lat="-6.2308220" lon="106.7984900">
    <ele>22.1</ele>
    <time>2025-08-23T00:11:12Z</time>
   </trkpt>
   <trkpt lat="-6.2308030" lon="106.7984850">
    <ele>22.1</ele>
    <time>2025-08-23T00:11:13Z</time>
   </trkpt>
   <trkpt lat="-6.2307880" lon="106.7984840">
    <ele>22.1</ele>
    <time>2025-08-23T00:11:14Z</time>
   </trkpt>
   <trkpt lat="-6.2307750" lon="106.7984870">
    <ele>22.1</ele>
    <time>2025-08-23T00:11:15Z</time>
   </trkpt>
   <trkpt lat="-6.2307610" lon="106.7984910">
    <ele>22.1</ele>
    <time>2025-08-23T00:11:16Z</time>
   </trkpt>
   <trkpt lat="-6.2307320" lon="106.7985040">
    <ele>22.1</ele>
    <time>2025-08-23T00:11:17Z</time>
   </trkpt>
   <trkpt lat="-6.2307270" lon="106.7985050">
    <ele>22.1</ele>
    <time>2025-08-23T00:11:18Z</time>
   </trkpt>
   <trkpt lat="-6.2307140" lon="106.7985050">
    <ele>22.1</ele>
    <time>2025-08-23T00:11:19Z</time>
   </trkpt>
   <trkpt lat="-6.2307050" lon="106.7985060">
    <ele>22.1</ele>
    <time>2025-08-23T00:11:21Z</time>
   </trkpt>
   <trkpt lat="-6.2306940" lon="106.7985090">
    <ele>22.1</ele>
    <time>2025-08-23T00:11:22Z</time>
   </trkpt>
   <trkpt lat="-6.2306720" lon="106.7985170">
    <ele>22.0</ele>
    <time>2025-08-23T00:11:23Z</time>
   </trkpt>
   <trkpt lat="-6.2306580" lon="106.7985200">
    <ele>22.0</ele>
    <time>2025-08-23T00:11:25Z</time>
   </trkpt>
   <trkpt lat="-6.2306450" lon="106.7985220">
    <ele>22.0</ele>
    <time>2025-08-23T00:11:26Z</time>
   </trkpt>
   <trkpt lat="-6.2306240" lon="106.7985230">
    <ele>22.0</ele>
    <time>2025-08-23T00:11:27Z</time>
   </trkpt>
   <trkpt lat="-6.2306090" lon="106.7985250">
    <ele>22.0</ele>
    <time>2025-08-23T00:11:28Z</time>
   </trkpt>
   <trkpt lat="-6.2305950" lon="106.7985270">
    <ele>22.0</ele>
    <time>2025-08-23T00:11:29Z</time>
   </trkpt>
   <trkpt lat="-6.2305710" lon="106.7985320">
    <ele>22.0</ele>
    <time>2025-08-23T00:11:30Z</time>
   </trkpt>
   <trkpt lat="-6.2305600" lon="106.7985350">
    <ele>22.0</ele>
    <time>2025-08-23T00:11:31Z</time>
   </trkpt>
   <trkpt lat="-6.2305480" lon="106.7985380">
    <ele>22.0</ele>
    <time>2025-08-23T00:11:32Z</time>
   </trkpt>
   <trkpt lat="-6.2305260" lon="106.7985450">
    <ele>22.0</ele>
    <time>2025-08-23T00:11:34Z</time>
   </trkpt>
   <trkpt lat="-6.2305130" lon="106.7985510">
    <ele>22.0</ele>
    <time>2025-08-23T00:11:35Z</time>
   </trkpt>
   <trkpt lat="-6.2305030" lon="106.7985560">
    <ele>22.0</ele>
    <time>2025-08-23T00:11:36Z</time>
   </trkpt>
   <trkpt lat="-6.2304830" lon="106.7985670">
    <ele>22.0</ele>
    <time>2025-08-23T00:11:38Z</time>
   </trkpt>
   <trkpt lat="-6.2304750" lon="106.7985690">
    <ele>22.0</ele>
    <time>2025-08-23T00:11:40Z</time>
   </trkpt>
   <trkpt lat="-6.2304650" lon="106.7985740">
    <ele>22.0</ele>
    <time>2025-08-23T00:11:41Z</time>
   </trkpt>
   <trkpt lat="-6.2304520" lon="106.7985820">
    <ele>22.0</ele>
    <time>2025-08-23T00:11:42Z</time>
   </trkpt>
   <trkpt lat="-6.2304400" lon="106.7985900">
    <ele>22.0</ele>
    <time>2025-08-23T00:11:43Z</time>
   </trkpt>
   <trkpt lat="-6.2304270" lon="106.7985990">
    <ele>22.0</ele>
    <time>2025-08-23T00:11:44Z</time>
   </trkpt>
   <trkpt lat="-6.2304140" lon="106.7986070">
    <ele>22.0</ele>
    <time>2025-08-23T00:11:45Z</time>
   </trkpt>
   <trkpt lat="-6.2304010" lon="106.7986130">
    <ele>22.0</ele>
    <time>2025-08-23T00:11:46Z</time>
   </trkpt>
   <trkpt lat="-6.2303880" lon="106.7986190">
    <ele>22.0</ele>
    <time>2025-08-23T00:11:47Z</time>
   </trkpt>
   <trkpt lat="-6.2303740" lon="106.7986260">
    <ele>22.0</ele>
    <time>2025-08-23T00:11:48Z</time>
   </trkpt>
   <trkpt lat="-6.2303610" lon="106.7986300">
    <ele>22.0</ele>
    <time>2025-08-23T00:11:49Z</time>
   </trkpt>
   <trkpt lat="-6.2303370" lon="106.7986390">
    <ele>22.0</ele>
    <time>2025-08-23T00:11:50Z</time>
   </trkpt>
   <trkpt lat="-6.2303250" lon="106.7986440">
    <ele>22.0</ele>
    <time>2025-08-23T00:11:51Z</time>
   </trkpt>
   <trkpt lat="-6.2303120" lon="106.7986500">
    <ele>22.0</ele>
    <time>2025-08-23T00:11:52Z</time>
   </trkpt>
   <trkpt lat="-6.2303000" lon="106.7986570">
    <ele>22.0</ele>
    <time>2025-08-23T00:11:54Z</time>
   </trkpt>
   <trkpt lat="-6.2302870" lon="106.7986640">
    <ele>22.0</ele>
    <time>2025-08-23T00:11:55Z</time>
   </trkpt>
   <trkpt lat="-6.2302740" lon="106.7986680">
    <ele>22.0</ele>
    <time>2025-08-23T00:11:56Z</time>
   </trkpt>
   <trkpt lat="-6.2302480" lon="106.7986780">
    <ele>22.0</ele>
    <time>2025-08-23T00:11:57Z</time>
   </trkpt>
   <trkpt lat="-6.2302340" lon="106.7986850">
    <ele>22.0</ele>
    <time>2025-08-23T00:11:59Z</time>
   </trkpt>
   <trkpt lat="-6.2302170" lon="106.7986920">
    <ele>22.0</ele>
    <time>2025-08-23T00:12:00Z</time>
   </trkpt>
   <trkpt lat="-6.2302050" lon="106.7986990">
    <ele>22.0</ele>
    <time>2025-08-23T00:12:01Z</time>
   </trkpt>
   <trkpt lat="-6.2301910" lon="106.7987040">
    <ele>22.0</ele>
    <time>2025-08-23T00:12:02Z</time>
   </trkpt>
   <trkpt lat="-6.2301720" lon="106.7987170">
    <ele>22.0</ele>
    <time>2025-08-23T00:12:03Z</time>
   </trkpt>
   <trkpt lat="-6.2301660" lon="106.7987220">
    <ele>22.0</ele>
    <time>2025-08-23T00:12:04Z</time>
   </trkpt>
   <trkpt lat="-6.2301610" lon="106.7987280">
    <ele>22.0</ele>
    <time>2025-08-23T00:12:05Z</time>
   </trkpt>
   <trkpt lat="-6.2301530" lon="106.7987360">
    <ele>22.0</ele>
    <time>2025-08-23T00:12:06Z</time>
   </trkpt>
   <trkpt lat="-6.2301440" lon="106.7987430">
    <ele>22.0</ele>
    <time>2025-08-23T00:12:07Z</time>
   </trkpt>
   <trkpt lat="-6.2301340" lon="106.7987480">
    <ele>22.0</ele>
    <time>2025-08-23T00:12:08Z</time>
   </trkpt>
   <trkpt lat="-6.2301150" lon="106.7987570">
    <ele>22.0</ele>
    <time>2025-08-23T00:12:09Z</time>
   </trkpt>
   <trkpt lat="-6.2301030" lon="106.7987630">
    <ele>22.0</ele>
    <time>2025-08-23T00:12:11Z</time>
   </trkpt>
   <trkpt lat="-6.2300870" lon="106.7987690">
    <ele>22.0</ele>
    <time>2025-08-23T00:12:12Z</time>
   </trkpt>
   <trkpt lat="-6.2300740" lon="106.7987740">
    <ele>22.0</ele>
    <time>2025-08-23T00:12:13Z</time>
   </trkpt>
   <trkpt lat="-6.2300600" lon="106.7987800">
    <ele>22.0</ele>
    <time>2025-08-23T00:12:14Z</time>
   </trkpt>
   <trkpt lat="-6.2300460" lon="106.7987850">
    <ele>22.0</ele>
    <time>2025-08-23T00:12:15Z</time>
   </trkpt>
   <trkpt lat="-6.2300310" lon="106.7987900">
    <ele>22.0</ele>
    <time>2025-08-23T00:12:16Z</time>
   </trkpt>
   <trkpt lat="-6.2300150" lon="106.7987950">
    <ele>22.0</ele>
    <time>2025-08-23T00:12:17Z</time>
   </trkpt>
   <trkpt lat="-6.2300010" lon="106.7988000">
    <ele>22.0</ele>
    <time>2025-08-23T00:12:18Z</time>
   </trkpt>
   <trkpt lat="-6.2299860" lon="106.7988060">
    <ele>22.0</ele>
    <time>2025-08-23T00:12:19Z</time>
   </trkpt>
   <trkpt lat="-6.2299700" lon="106.7988110">
    <ele>22.0</ele>
    <time>2025-08-23T00:12:20Z</time>
   </trkpt>
   <trkpt lat="-6.2299530" lon="106.7988180">
    <ele>22.0</ele>
    <time>2025-08-23T00:12:21Z</time>
   </trkpt>
   <trkpt lat="-6.2299410" lon="106.7988230">
    <ele>22.0</ele>
    <time>2025-08-23T00:12:22Z</time>
   </trkpt>
   <trkpt lat="-6.2299260" lon="106.7988250">
    <ele>22.0</ele>
    <time>2025-08-23T00:12:23Z</time>
   </trkpt>
   <trkpt lat="-6.2299140" lon="106.7988300">
    <ele>22.0</ele>
    <time>2025-08-23T00:12:24Z</time>
   </trkpt>
   <trkpt lat="-6.2299000" lon="106.7988370">
    <ele>22.0</ele>
    <time>2025-08-23T00:12:25Z</time>
   </trkpt>
   <trkpt lat="-6.2298810" lon="106.7988470">
    <ele>21.9</ele>
    <time>2025-08-23T00:12:26Z</time>
   </trkpt>
   <trkpt lat="-6.2298730" lon="106.7988510">
    <ele>21.9</ele>
    <time>2025-08-23T00:12:27Z</time>
   </trkpt>
   <trkpt lat="-6.2298640" lon="106.7988550">
    <ele>21.9</ele>
    <time>2025-08-23T00:12:28Z</time>
   </trkpt>
   <trkpt lat="-6.2298490" lon="106.7988430">
    <ele>21.9</ele>
    <time>2025-08-23T00:12:30Z</time>
   </trkpt>
   <trkpt lat="-6.2298300" lon="106.7988470">
    <ele>21.9</ele>
    <time>2025-08-23T00:12:31Z</time>
   </trkpt>
   <trkpt lat="-6.2298210" lon="106.7988530">
    <ele>21.9</ele>
    <time>2025-08-23T00:12:32Z</time>
   </trkpt>
   <trkpt lat="-6.2298100" lon="106.7988600">
    <ele>21.9</ele>
    <time>2025-08-23T00:12:33Z</time>
   </trkpt>
   <trkpt lat="-6.2297800" lon="106.7988720">
    <ele>21.9</ele>
    <time>2025-08-23T00:12:35Z</time>
   </trkpt>
   <trkpt lat="-6.2297700" lon="106.7988770">
    <ele>21.9</ele>
    <time>2025-08-23T00:12:37Z</time>
   </trkpt>
   <trkpt lat="-6.2297610" lon="106.7988810">
    <ele>21.9</ele>
    <time>2025-08-23T00:12:38Z</time>
   </trkpt>
   <trkpt lat="-6.2297510" lon="106.7988860">
    <ele>21.9</ele>
    <time>2025-08-23T00:12:39Z</time>
   </trkpt>
   <trkpt lat="-6.2297420" lon="106.7988900">
    <ele>21.9</ele>
    <time>2025-08-23T00:12:40Z</time>
   </trkpt>
   <trkpt lat="-6.2297220" lon="106.7989040">
    <ele>21.9</ele>
    <time>2025-08-23T00:12:41Z</time>
   </trkpt>
   <trkpt lat="-6.2297120" lon="106.7989110">
    <ele>21.9</ele>
    <time>2025-08-23T00:12:42Z</time>
   </trkpt>
   <trkpt lat="-6.2296920" lon="106.7989260">
    <ele>21.9</ele>
    <time>2025-08-23T00:12:44Z</time>
   </trkpt>
   <trkpt lat="-6.2296800" lon="106.7989330">
    <ele>21.9</ele>
    <time>2025-08-23T00:12:45Z</time>
   </trkpt>
   <trkpt lat="-6.2296640" lon="106.7989400">
    <ele>21.8</ele>
    <time>2025-08-23T00:12:46Z</time>
   </trkpt>
   <trkpt lat="-6.2296510" lon="106.7989480">
    <ele>21.8</ele>
    <time>2025-08-23T00:12:48Z</time>
   </trkpt>
   <trkpt lat="-6.2296390" lon="106.7989580">
    <ele>21.8</ele>
    <time>2025-08-23T00:12:49Z</time>
   </trkpt>
   <trkpt lat="-6.2296280" lon="106.7989690">
    <ele>21.8</ele>
    <time>2025-08-23T00:12:50Z</time>
   </trkpt>
   <trkpt lat="-6.2296170" lon="106.7989810">
    <ele>21.8</ele>
    <time>2025-08-23T00:12:51Z</time>
   </trkpt>
   <trkpt lat="-6.2296060" lon="106.7989930">
    <ele>21.8</ele>
    <time>2025-08-23T00:12:52Z</time>
   </trkpt>
   <trkpt lat="-6.2295950" lon="106.7990060">
    <ele>21.8</ele>
    <time>2025-08-23T00:12:53Z</time>
   </trkpt>
   <trkpt lat="-6.2295840" lon="106.7990160">
    <ele>21.8</ele>
    <time>2025-08-23T00:12:54Z</time>
   </trkpt>
   <trkpt lat="-6.2295730" lon="106.7990240">
    <ele>21.8</ele>
    <time>2025-08-23T00:12:55Z</time>
   </trkpt>
   <trkpt lat="-6.2295600" lon="106.7990300">
    <ele>21.8</ele>
    <time>2025-08-23T00:12:56Z</time>
   </trkpt>
   <trkpt lat="-6.2295500" lon="106.7990340">
    <ele>21.7</ele>
    <time>2025-08-23T00:12:57Z</time>
   </trkpt>
   <trkpt lat="-6.2295380" lon="106.7990370">
    <ele>21.7</ele>
    <time>2025-08-23T00:12:58Z</time>
   </trkpt>
   <trkpt lat="-6.2295130" lon="106.7990420">
    <ele>21.7</ele>
    <time>2025-08-23T00:12:59Z</time>
   </trkpt>
   <trkpt lat="-6.2294980" lon="106.7990450">
    <ele>21.7</ele>
    <time>2025-08-23T00:13:00Z</time>
   </trkpt>
   <trkpt lat="-6.2294770" lon="106.7990490">
    <ele>21.7</ele>
    <time>2025-08-23T00:13:02Z</time>
   </trkpt>
   <trkpt lat="-6.2294680" lon="106.7990520">
    <ele>21.7</ele>
    <time>2025-08-23T00:13:03Z</time>
   </trkpt>
   <trkpt lat="-6.2294590" lon="106.7990540">
    <ele>21.6</ele>
    <time>2025-08-23T00:13:04Z</time>
   </trkpt>
   <trkpt lat="-6.2294310" lon="106.7990560">
    <ele>21.6</ele>
    <time>2025-08-23T00:13:05Z</time>
   </trkpt>
   <trkpt lat="-6.2294220" lon="106.7990560">
    <ele>21.6</ele>
    <time>2025-08-23T00:13:06Z</time>
   </trkpt>
   <trkpt lat="-6.2293910" lon="106.7990590">
    <ele>21.6</ele>
    <time>2025-08-23T00:13:07Z</time>
   </trkpt>
   <trkpt lat="-6.2293610" lon="106.7990650">
    <ele>21.5</ele>
    <time>2025-08-23T00:13:08Z</time>
   </trkpt>
   <trkpt lat="-6.2293510" lon="106.7990640">
    <ele>21.5</ele>
    <time>2025-08-23T00:13:09Z</time>
   </trkpt>
   <trkpt lat="-6.2293320" lon="106.7990600">
    <ele>21.5</ele>
    <time>2025-08-23T00:13:10Z</time>
   </trkpt>
   <trkpt lat="-6.2293020" lon="106.7990590">
    <ele>21.5</ele>
    <time>2025-08-23T00:13:12Z</time>
   </trkpt>
   <trkpt lat="-6.2292830" lon="106.7990560">
    <ele>21.4</ele>
    <time>2025-08-23T00:13:13Z</time>
   </trkpt>
   <trkpt lat="-6.2292630" lon="106.7990510">
    <ele>21.4</ele>
    <time>2025-08-23T00:13:14Z</time>
   </trkpt>
   <trkpt lat="-6.2292470" lon="106.7990470">
    <ele>21.4</ele>
    <time>2025-08-23T00:13:16Z</time>
   </trkpt>
   <trkpt lat="-6.2292140" lon="106.7990490">
    <ele>21.3</ele>
    <time>2025-08-23T00:13:17Z</time>
   </trkpt>
   <trkpt lat="-6.2291960" lon="106.7990510">
    <ele>21.3</ele>
    <time>2025-08-23T00:13:19Z</time>
   </trkpt>
   <trkpt lat="-6.2291810" lon="106.7990540">
    <ele>21.3</ele>
    <time>2025-08-23T00:13:20Z</time>
   </trkpt>
   <trkpt lat="-6.2291670" lon="106.7990590">
    <ele>21.2</ele>
    <time>2025-08-23T00:13:21Z</time>
   </trkpt>
   <trkpt lat="-6.2291530" lon="106.7990670">
    <ele>21.2</ele>
    <time>2025-08-23T00:13:22Z</time>
   </trkpt>
   <trkpt lat="-6.2291310" lon="106.7990780">
    <ele>21.1</ele>
    <time>2025-08-23T00:13:23Z</time>
   </trkpt>
   <trkpt lat="-6.2291190" lon="106.7990850">
    <ele>21.1</ele>
    <time>2025-08-23T00:13:24Z</time>
   </trkpt>
   <trkpt lat="-6.2291050" lon="106.7990910">
    <ele>21.0</ele>
    <time>2025-08-23T00:13:25Z</time>
   </trkpt>
   <trkpt lat="-6.2290910" lon="106.7990970">
    <ele>21.0</ele>
    <time>2025-08-23T00:13:27Z</time>
   </trkpt>
   <trkpt lat="-6.2290570" lon="106.7991100">
    <ele>21.0</ele>
    <time>2025-08-23T00:13:28Z</time>
   </trkpt>
   <trkpt lat="-6.2290310" lon="106.7991230">
    <ele>21.0</ele>
    <time>2025-08-23T00:13:30Z</time>
   </trkpt>
   <trkpt lat="-6.2290220" lon="106.7991270">
    <ele>21.0</ele>
    <time>2025-08-23T00:13:31Z</time>
   </trkpt>
   <trkpt lat="-6.2289890" lon="106.7991510">
    <ele>21.0</ele>
    <time>2025-08-23T00:13:32Z</time>
   </trkpt>
   <trkpt lat="-6.2289720" lon="106.7991630">
    <ele>21.0</ele>
    <time>2025-08-23T00:13:33Z</time>
   </trkpt>
   <trkpt lat="-6.2289400" lon="106.7991900">
    <ele>21.0</ele>
    <time>2025-08-23T00:13:35Z</time>
   </trkpt>
   <trkpt lat="-6.2289250" lon="106.7992060">
    <ele>21.0</ele>
    <time>2025-08-23T00:13:36Z</time>
   </trkpt>
   <trkpt lat="-6.2289000" lon="106.7992330">
    <ele>21.1</ele>
    <time>2025-08-23T00:13:38Z</time>
   </trkpt>
   <trkpt lat="-6.2288920" lon="106.7992420">
    <ele>21.1</ele>
    <time>2025-08-23T00:13:39Z</time>
   </trkpt>
   <trkpt lat="-6.2288700" lon="106.7992730">
    <ele>21.1</ele>
    <time>2025-08-23T00:13:40Z</time>
   </trkpt>
   <trkpt lat="-6.2288670" lon="106.7992860">
    <ele>21.1</ele>
    <time>2025-08-23T00:13:41Z</time>
   </trkpt>
   <trkpt lat="-6.2288600" lon="106.7993160">
    <ele>21.1</ele>
    <time>2025-08-23T00:13:43Z</time>
   </trkpt>
   <trkpt lat="-6.2288480" lon="106.7993690">
    <ele>21.2</ele>
    <time>2025-08-23T00:13:44Z</time>
   </trkpt>
   <trkpt lat="-6.2288460" lon="106.7993970">
    <ele>21.2</ele>
    <time>2025-08-23T00:13:45Z</time>
   </trkpt>
   <trkpt lat="-6.2288400" lon="106.7994340">
    <ele>21.2</ele>
    <time>2025-08-23T00:13:46Z</time>
   </trkpt>
   <trkpt lat="-6.2288370" lon="106.7994460">
    <ele>21.2</ele>
    <time>2025-08-23T00:13:47Z</time>
   </trkpt>
   <trkpt lat="-6.2288180" lon="106.7994900">
    <ele>21.2</ele>
    <time>2025-08-23T00:13:49Z</time>
   </trkpt>
   <trkpt lat="-6.2288060" lon="106.7995220">
    <ele>21.2</ele>
    <time>2025-08-23T00:13:50Z</time>
   </trkpt>
   <trkpt lat="-6.2288040" lon="106.7995280">
    <ele>21.2</ele>
    <time>2025-08-23T00:13:51Z</time>
   </trkpt>
   <trkpt lat="-6.2288040" lon="106.7995670">
    <ele>21.2</ele>
    <time>2025-08-23T00:13:53Z</time>
   </trkpt>
   <trkpt lat="-6.2288000" lon="106.7995980">
    <ele>21.1</ele>
    <time>2025-08-23T00:13:54Z</time>
   </trkpt>
   <trkpt lat="-6.2287930" lon="106.7996250">
    <ele>21.1</ele>
    <time>2025-08-23T00:13:55Z</time>
   </trkpt>
   <trkpt lat="-6.2287780" lon="106.7996590">
    <ele>21.1</ele>
    <time>2025-08-23T00:13:56Z</time>
   </trkpt>
   <trkpt lat="-6.2287710" lon="106.7996690">
    <ele>21.1</ele>
    <time>2025-08-23T00:13:57Z</time>
   </trkpt>
   <trkpt lat="-6.2287390" lon="106.7997100">
    <ele>21.1</ele>
    <time>2025-08-23T00:13:59Z</time>
   </trkpt>
   <trkpt lat="-6.2287220" lon="106.7997310">
    <ele>21.1</ele>
    <time>2025-08-23T00:14:00Z</time>
   </trkpt>
   <trkpt lat="-6.2286850" lon="106.7997620">
    <ele>21.0</ele>
    <time>2025-08-23T00:14:02Z</time>
   </trkpt>
   <trkpt lat="-6.2286640" lon="106.7997760">
    <ele>21.0</ele>
    <time>2025-08-23T00:14:03Z</time>
   </trkpt>
   <trkpt lat="-6.2286440" lon="106.7997900">
    <ele>21.0</ele>
    <time>2025-08-23T00:14:04Z</time>
   </trkpt>
   <trkpt lat="-6.2286160" lon="106.7998070">
    <ele>21.0</ele>
    <time>2025-08-23T00:14:06Z</time>
   </trkpt>
   <trkpt lat="-6.2286060" lon="106.7998130">
    <ele>21.0</ele>
    <time>2025-08-23T00:14:07Z</time>
   </trkpt>
   <trkpt lat="-6.2285610" lon="106.7998360">
    <ele>20.9</ele>
    <time>2025-08-23T00:14:08Z</time>
   </trkpt>
   <trkpt lat="-6.2285290" lon="106.7998640">
    <ele>20.9</ele>
    <time>2025-08-23T00:14:10Z</time>
   </trkpt>
   <trkpt lat="-6.2285110" lon="106.7998790">
    <ele>20.9</ele>
    <time>2025-08-23T00:14:11Z</time>
   </trkpt>
   <trkpt lat="-6.2284940" lon="106.7998950">
    <ele>20.8</ele>
    <time>2025-08-23T00:14:12Z</time>
   </trkpt>
   <trkpt lat="-6.2284690" lon="106.7999210">
    <ele>20.8</ele>
    <time>2025-08-23T00:14:14Z</time>
   </trkpt>
   <trkpt lat="-6.2284610" lon="106.7999300">
    <ele>20.8</ele>
    <time>2025-08-23T00:14:15Z</time>
   </trkpt>
   <trkpt lat="-6.2284360" lon="106.7999710">
    <ele>20.8</ele>
    <time>2025-08-23T00:14:16Z</time>
   </trkpt>
   <trkpt lat="-6.2284150" lon="106.8000030">
    <ele>20.8</ele>
    <time>2025-08-23T00:14:17Z</time>
   </trkpt>
   <trkpt lat="-6.2284070" lon="106.8000130">
    <ele>20.8</ele>
    <time>2025-08-23T00:14:18Z</time>
   </trkpt>
   <trkpt lat="-6.2283940" lon="106.8000350">
    <ele>20.7</ele>
    <time>2025-08-23T00:14:19Z</time>
   </trkpt>
   <trkpt lat="-6.2283830" lon="106.8000530">
    <ele>20.7</ele>
    <time>2025-08-23T00:14:21Z</time>
   </trkpt>
   <trkpt lat="-6.2283550" lon="106.8000880">
    <ele>20.7</ele>
    <time>2025-08-23T00:14:22Z</time>
   </trkpt>
   <trkpt lat="-6.2283130" lon="106.8001190">
    <ele>20.7</ele>
    <time>2025-08-23T00:14:24Z</time>
   </trkpt>
   <trkpt lat="-6.2282870" lon="106.8001430">
    <ele>20.6</ele>
    <time>2025-08-23T00:14:26Z</time>
   </trkpt>
   <trkpt lat="-6.2282750" lon="106.8001560">
    <ele>20.6</ele>
    <time>2025-08-23T00:14:27Z</time>
   </trkpt>
   <trkpt lat="-6.2282640" lon="106.8001700">
    <ele>20.6</ele>
    <time>2025-08-23T00:14:28Z</time>
   </trkpt>
   <trkpt lat="-6.2282480" lon="106.8001950">
    <ele>20.6</ele>
    <time>2025-08-23T00:14:29Z</time>
   </trkpt>
   <trkpt lat="-6.2282300" lon="106.8002320">
    <ele>20.5</ele>
    <time>2025-08-23T00:14:31Z</time>
   </trkpt>
   <trkpt lat="-6.2282250" lon="106.8002450">
    <ele>20.5</ele>
    <time>2025-08-23T00:14:32Z</time>
   </trkpt>
   <trkpt lat="-6.2282210" lon="106.8002570">
    <ele>20.5</ele>
    <time>2025-08-23T00:14:33Z</time>
   </trkpt>
   <trkpt lat="-6.2281950" lon="106.8002920">
    <ele>20.5</ele>
    <time>2025-08-23T00:14:34Z</time>
   </trkpt>
   <trkpt lat="-6.2281640" lon="106.8003350">
    <ele>20.4</ele>
    <time>2025-08-23T00:14:36Z</time>
   </trkpt>
   <trkpt lat="-6.2281340" lon="106.8003750">
    <ele>20.4</ele>
    <time>2025-08-23T00:14:38Z</time>
   </trkpt>
   <trkpt lat="-6.2281020" lon="106.8004130">
    <ele>20.4</ele>
    <time>2025-08-23T00:14:40Z</time>
   </trkpt>
   <trkpt lat="-6.2280860" lon="106.8004310">
    <ele>20.3</ele>
    <time>2025-08-23T00:14:41Z</time>
   </trkpt>
   <trkpt lat="-6.2280540" lon="106.8004610">
    <ele>20.3</ele>
    <time>2025-08-23T00:14:43Z</time>
   </trkpt>
   <trkpt lat="-6.2280380" lon="106.8004790">
    <ele>20.3</ele>
    <time>2025-08-23T00:14:44Z</time>
   </trkpt>
   <trkpt lat="-6.2280110" lon="106.8005080">
    <ele>20.2</ele>
    <time>2025-08-23T00:14:46Z</time>
   </trkpt>
   <trkpt lat="-6.2280010" lon="106.8005180">
    <ele>20.2</ele>
    <time>2025-08-23T00:14:47Z</time>
   </trkpt>
   <trkpt lat="-6.2279670" lon="106.8005530">
    <ele>20.2</ele>
    <time>2025-08-23T00:14:48Z</time>
   </trkpt>
   <trkpt lat="-6.2279480" lon="106.8005700">
    <ele>20.2</ele>
    <time>2025-08-23T00:14:49Z</time>
   </trkpt>
   <trkpt lat="-6.2279270" lon="106.8005920">
    <ele>20.2</ele>
    <time>2025-08-23T00:14:50Z</time>
   </trkpt>
   <trkpt lat="-6.2279090" lon="106.8006110">
    <ele>20.1</ele>
    <time>2025-08-23T00:14:51Z</time>
   </trkpt>
   <trkpt lat="-6.2278770" lon="106.8006520">
    <ele>20.1</ele>
    <time>2025-08-23T00:14:53Z</time>
   </trkpt>
   <trkpt lat="-6.2278600" lon="106.8006700">
    <ele>20.1</ele>
    <time>2025-08-23T00:14:54Z</time>
   </trkpt>
   <trkpt lat="-6.2278420" lon="106.8006920">
    <ele>20.0</ele>
    <time>2025-08-23T00:14:56Z</time>
   </trkpt>
   <trkpt lat="-6.2278120" lon="106.8007300">
    <ele>20.0</ele>
    <time>2025-08-23T00:14:57Z</time>
   </trkpt>
   <trkpt lat="-6.2277850" lon="106.8007580">
    <ele>20.0</ele>
    <time>2025-08-23T00:14:59Z</time>
   </trkpt>
   <trkpt lat="-6.2277770" lon="106.8007670">
    <ele>20.0</ele>
    <time>2025-08-23T00:15:00Z</time>
   </trkpt>
   <trkpt lat="-6.2277430" lon="106.8008040">
    <ele>19.9</ele>
    <time>2025-08-23T00:15:01Z</time>
   </trkpt>
   <trkpt lat="-6.2277290" lon="106.8008210">
    <ele>19.9</ele>
    <time>2025-08-23T00:15:02Z</time>
   </trkpt>
   <trkpt lat="-6.2277160" lon="106.8008370">
    <ele>19.9</ele>
    <time>2025-08-23T00:15:04Z</time>
   </trkpt>
   <trkpt lat="-6.2276900" lon="106.8008710">
    <ele>19.9</ele>
    <time>2025-08-23T00:15:05Z</time>
   </trkpt>
   <trkpt lat="-6.2276690" lon="106.8008980">
    <ele>19.8</ele>
    <time>2025-08-23T00:15:07Z</time>
   </trkpt>
   <trkpt lat="-6.2276610" lon="106.8009070">
    <ele>19.8</ele>
    <time>2025-08-23T00:15:08Z</time>
   </trkpt>
   <trkpt lat="-6.2276300" lon="106.8009500">
    <ele>19.8</ele>
    <time>2025-08-23T00:15:09Z</time>
   </trkpt>
   <trkpt lat="-6.2276140" lon="106.8009700">
    <ele>19.8</ele>
    <time>2025-08-23T00:15:10Z</time>
   </trkpt>
   <trkpt lat="-6.2275990" lon="106.8009880">
    <ele>19.7</ele>
    <time>2025-08-23T00:15:12Z</time>
   </trkpt>
   <trkpt lat="-6.2275650" lon="106.8010280">
    <ele>19.7</ele>
    <time>2025-08-23T00:15:13Z</time>
   </trkpt>
   <trkpt lat="-6.2275470" lon="106.8010580">
    <ele>19.7</ele>
    <time>2025-08-23T00:15:15Z</time>
   </trkpt>
   <trkpt lat="-6.2275410" lon="106.8010690">
    <ele>19.6</ele>
    <time>2025-08-23T00:15:16Z</time>
   </trkpt>
   <trkpt lat="-6.2275070" lon="106.8011170">
    <ele>19.6</ele>
    <time>2025-08-23T00:15:17Z</time>
   </trkpt>
   <trkpt lat="-6.2274920" lon="106.8011400">
    <ele>19.6</ele>
    <time>2025-08-23T00:15:18Z</time>
   </trkpt>
   <trkpt lat="-6.2274650" lon="106.8011760">
    <ele>19.5</ele>
    <time>2025-08-23T00:15:20Z</time>
   </trkpt>
   <trkpt lat="-6.2274490" lon="106.8011930">
    <ele>19.5</ele>
    <time>2025-08-23T00:15:21Z</time>
   </trkpt>
   <trkpt lat="-6.2274310" lon="106.8012120">
    <ele>19.5</ele>
    <time>2025-08-23T00:15:22Z</time>
   </trkpt>
   <trkpt lat="-6.2273970" lon="106.8012400">
    <ele>19.5</ele>
    <time>2025-08-23T00:15:24Z</time>
   </trkpt>
   <trkpt lat="-6.2273790" lon="106.8012540">
    <ele>19.5</ele>
    <time>2025-08-23T00:15:25Z</time>
   </trkpt>
   <trkpt lat="-6.2273620" lon="106.8012740">
    <ele>19.5</ele>
    <time>2025-08-23T00:15:26Z</time>
   </trkpt>
   <trkpt lat="-6.2273320" lon="106.8013170">
    <ele>19.4</ele>
    <time>2025-08-23T00:15:28Z</time>
   </trkpt>
   <trkpt lat="-6.2273170" lon="106.8013370">
    <ele>19.4</ele>
    <time>2025-08-23T00:15:29Z</time>
   </trkpt>
   <trkpt lat="-6.2273030" lon="106.8013580">
    <ele>19.4</ele>
    <time>2025-08-23T00:15:30Z</time>
   </trkpt>
   <trkpt lat="-6.2272900" lon="106.8013770">
    <ele>19.4</ele>
    <time>2025-08-23T00:15:31Z</time>
   </trkpt>
   <trkpt lat="-6.2272670" lon="106.8014130">
    <ele>19.4</ele>
    <time>2025-08-23T00:15:33Z</time>
   </trkpt>
   <trkpt lat="-6.2272560" lon="106.8014310">
    <ele>19.4</ele>
    <time>2025-08-23T00:15:34Z</time>
   </trkpt>
   <trkpt lat="-6.2272440" lon="106.8014540">
    <ele>19.3</ele>
    <time>2025-08-23T00:15:35Z</time>
   </trkpt>
   <trkpt lat="-6.2272270" lon="106.8014950">
    <ele>19.3</ele>
    <time>2025-08-23T00:15:37Z</time>
   </trkpt>
   <trkpt lat="-6.2272170" lon="106.8015140">
    <ele>19.3</ele>
    <time>2025-08-23T00:15:38Z</time>
   </trkpt>
   <trkpt lat="-6.2272070" lon="106.8015350">
    <ele>19.3</ele>
    <time>2025-08-23T00:15:39Z</time>
   </trkpt>
   <trkpt lat="-6.2271910" lon="106.8015640">
    <ele>19.3</ele>
    <time>2025-08-23T00:15:41Z</time>
   </trkpt>
   <trkpt lat="-6.2271840" lon="106.8015730">
    <ele>19.3</ele>
    <time>2025-08-23T00:15:42Z</time>
   </trkpt>
   <trkpt lat="-6.2271530" lon="106.8016140">
    <ele>19.3</ele>
    <time>2025-08-23T00:15:43Z</time>
   </trkpt>
   <trkpt lat="-6.2271390" lon="106.8016340">
    <ele>19.3</ele>
    <time>2025-08-23T00:15:44Z</time>
   </trkpt>
   <trkpt lat="-6.2271270" lon="106.8016520">
    <ele>19.3</ele>
    <time>2025-08-23T00:15:46Z</time>
   </trkpt>
   <trkpt lat="-6.2271030" lon="106.8016810">
    <ele>19.3</ele>
    <time>2025-08-23T00:15:47Z</time>
   </trkpt>
   <trkpt lat="-6.2270890" lon="106.8016970">
    <ele>19.3</ele>
    <time>2025-08-23T00:15:48Z</time>
   </trkpt>
   <trkpt lat="-6.2270540" lon="106.8017340">
    <ele>19.3</ele>
    <time>2025-08-23T00:15:50Z</time>
   </trkpt>
   <trkpt lat="-6.2270440" lon="106.8017460">
    <ele>19.3</ele>
    <time>2025-08-23T00:15:51Z</time>
   </trkpt>
   <trkpt lat="-6.2270330" lon="106.8017570">
    <ele>19.3</ele>
    <time>2025-08-23T00:15:52Z</time>
   </trkpt>
   <trkpt lat="-6.2270080" lon="106.8017820">
    <ele>19.3</ele>
    <time>2025-08-23T00:15:53Z</time>
   </trkpt>
   <trkpt lat="-6.2269970" lon="106.8017900">
    <ele>19.3</ele>
    <time>2025-08-23T00:15:55Z</time>
   </trkpt>
   <trkpt lat="-6.2269880" lon="106.8017980">
    <ele>19.3</ele>
    <time>2025-08-23T00:15:56Z</time>
   </trkpt>
   <trkpt lat="-6.2269820" lon="106.8018060">
    <ele>19.3</ele>
    <time>2025-08-23T00:15:57Z</time>
   </trkpt>
   <trkpt lat="-6.2269700" lon="106.8018240">
    <ele>19.3</ele>
    <time>2025-08-23T00:15:58Z</time>
   </trkpt>
   <trkpt lat="-6.2269650" lon="106.8018310">
    <ele>19.3</ele>
    <time>2025-08-23T00:15:59Z</time>
   </trkpt>
   <trkpt lat="-6.2269610" lon="106.8018390">
    <ele>19.3</ele>
    <time>2025-08-23T00:16:00Z</time>
   </trkpt>
   <trkpt lat="-6.2269500" lon="106.8018560">
    <ele>19.3</ele>
    <time>2025-08-23T00:16:01Z</time>
   </trkpt>
   <trkpt lat="-6.2269450" lon="106.8018630">
    <ele>19.3</ele>
    <time>2025-08-23T00:16:02Z</time>
   </trkpt>
   <trkpt lat="-6.2269400" lon="106.8018690">
    <ele>19.3</ele>
    <time>2025-08-23T00:16:03Z</time>
   </trkpt>
   <trkpt lat="-6.2269350" lon="106.8018790">
    <ele>19.3</ele>
    <time>2025-08-23T00:16:04Z</time>
   </trkpt>
   <trkpt lat="-6.2269220" lon="106.8018990">
    <ele>19.3</ele>
    <time>2025-08-23T00:16:05Z</time>
   </trkpt>
   <trkpt lat="-6.2269120" lon="106.8019080">
    <ele>19.3</ele>
    <time>2025-08-23T00:16:06Z</time>
   </trkpt>
   <trkpt lat="-6.2269040" lon="106.8019150">
    <ele>19.2</ele>
    <time>2025-08-23T00:16:08Z</time>
   </trkpt>
   <trkpt lat="-6.2268960" lon="106.8019220">
    <ele>19.2</ele>
    <time>2025-08-23T00:16:09Z</time>
   </trkpt>
   <trkpt lat="-6.2268830" lon="106.8019410">
    <ele>19.2</ele>
    <time>2025-08-23T00:16:10Z</time>
   </trkpt>
   <trkpt lat="-6.2268770" lon="106.8019500">
    <ele>19.2</ele>
    <time>2025-08-23T00:16:11Z</time>
   </trkpt>
   <trkpt lat="-6.2268720" lon="106.8019600">
    <ele>19.2</ele>
    <time>2025-08-23T00:16:12Z</time>
   </trkpt>
   <trkpt lat="-6.2268610" lon="106.8019820">
    <ele>19.2</ele>
    <time>2025-08-23T00:16:13Z</time>
   </trkpt>
   <trkpt lat="-6.2268530" lon="106.8020010">
    <ele>19.2</ele>
    <time>2025-08-23T00:16:15Z</time>
   </trkpt>
   <trkpt lat="-6.2268380" lon="106.8020290">
    <ele>19.2</ele>
    <time>2025-08-23T00:16:16Z</time>
   </trkpt>
   <trkpt lat="-6.2268330" lon="106.8020360">
    <ele>19.2</ele>
    <time>2025-08-23T00:16:17Z</time>
   </trkpt>
   <trkpt lat="-6.2268070" lon="106.8020690">
    <ele>19.2</ele>
    <time>2025-08-23T00:16:18Z</time>
   </trkpt>
   <trkpt lat="-6.2267930" lon="106.8020870">
    <ele>19.2</ele>
    <time>2025-08-23T00:16:19Z</time>
   </trkpt>
   <trkpt lat="-6.2267780" lon="106.8021040">
    <ele>19.2</ele>
    <time>2025-08-23T00:16:20Z</time>
   </trkpt>
   <trkpt lat="-6.2267540" lon="106.8021280">
    <ele>19.2</ele>
    <time>2025-08-23T00:16:22Z</time>
   </trkpt>
   <trkpt lat="-6.2267440" lon="106.8021350">
    <ele>19.2</ele>
    <time>2025-08-23T00:16:23Z</time>
   </trkpt>
   <trkpt lat="-6.2267120" lon="106.8021710">
    <ele>19.2</ele>
    <time>2025-08-23T00:16:24Z</time>
   </trkpt>
   <trkpt lat="-6.2266980" lon="106.8021910">
    <ele>19.2</ele>
    <time>2025-08-23T00:16:25Z</time>
   </trkpt>
   <trkpt lat="-6.2266750" lon="106.8022320">
    <ele>19.2</ele>
    <time>2025-08-23T00:16:27Z</time>
   </trkpt>
   <trkpt lat="-6.2266620" lon="106.8022530">
    <ele>19.2</ele>
    <time>2025-08-23T00:16:28Z</time>
   </trkpt>
   <trkpt lat="-6.2266380" lon="106.8022830">
    <ele>19.2</ele>
    <time>2025-08-23T00:16:30Z</time>
   </trkpt>
   <trkpt lat="-6.2266300" lon="106.8022920">
    <ele>19.2</ele>
    <time>2025-08-23T00:16:31Z</time>
   </trkpt>
   <trkpt lat="-6.2266020" lon="106.8023310">
    <ele>19.2</ele>
    <time>2025-08-23T00:16:32Z</time>
   </trkpt>
   <trkpt lat="-6.2265890" lon="106.8023510">
    <ele>19.2</ele>
    <time>2025-08-23T00:16:33Z</time>
   </trkpt>
   <trkpt lat="-6.2265780" lon="106.8023700">
    <ele>19.2</ele>
    <time>2025-08-23T00:16:35Z</time>
   </trkpt>
   <trkpt lat="-6.2265490" lon="106.8024080">
    <ele>19.2</ele>
    <time>2025-08-23T00:16:36Z</time>
   </trkpt>
   <trkpt lat="-6.2265340" lon="106.8024280">
    <ele>19.2</ele>
    <time>2025-08-23T00:16:37Z</time>
   </trkpt>
   <trkpt lat="-6.2265200" lon="106.8024490">
    <ele>19.2</ele>
    <time>2025-08-23T00:16:38Z</time>
   </trkpt>
   <trkpt lat="-6.2264900" lon="106.8024820">
    <ele>19.2</ele>
    <time>2025-08-23T00:16:40Z</time>
   </trkpt>
   <trkpt lat="-6.2264650" lon="106.8025150">
    <ele>19.2</ele>
    <time>2025-08-23T00:16:41Z</time>
   </trkpt>
   <trkpt lat="-6.2264560" lon="106.8025260">
    <ele>19.2</ele>
    <time>2025-08-23T00:16:42Z</time>
   </trkpt>
   <trkpt lat="-6.2264320" lon="106.8025560">
    <ele>19.2</ele>
    <time>2025-08-23T00:16:43Z</time>
   </trkpt>
   <trkpt lat="-6.2264250" lon="106.8025640">
    <ele>19.2</ele>
    <time>2025-08-23T00:16:44Z</time>
   </trkpt>
   <trkpt lat="-6.2264020" lon="106.8025900">
    <ele>19.2</ele>
    <time>2025-08-23T00:16:45Z</time>
   </trkpt>
   <trkpt lat="-6.2263940" lon="106.8025980">
    <ele>19.2</ele>
    <time>2025-08-23T00:16:46Z</time>
   </trkpt>
   <trkpt lat="-6.2263750" lon="106.8026150">
    <ele>19.2</ele>
    <time>2025-08-23T00:16:47Z</time>
   </trkpt>
   <trkpt lat="-6.2263590" lon="106.8026340">
    <ele>19.2</ele>
    <time>2025-08-23T00:16:49Z</time>
   </trkpt>
   <trkpt lat="-6.2263270" lon="106.8026700">
    <ele>19.2</ele>
    <time>2025-08-23T00:16:50Z</time>
   </trkpt>
   <trkpt lat="-6.2263050" lon="106.8027020">
    <ele>19.2</ele>
    <time>2025-08-23T00:16:51Z</time>
   </trkpt>
   <trkpt lat="-6.2262980" lon="106.8027120">
    <ele>19.2</ele>
    <time>2025-08-23T00:16:52Z</time>
   </trkpt>
   <trkpt lat="-6.2262730" lon="106.8027520">
    <ele>19.2</ele>
    <time>2025-08-23T00:16:54Z</time>
   </trkpt>
   <trkpt lat="-6.2262610" lon="106.8027690">
    <ele>19.2</ele>
    <time>2025-08-23T00:16:55Z</time>
   </trkpt>
   <trkpt lat="-6.2262590" lon="106.8027850">
    <ele>19.2</ele>
    <time>2025-08-23T00:16:56Z</time>
   </trkpt>
   <trkpt lat="-6.2262290" lon="106.8028410">
    <ele>19.2</ele>
    <time>2025-08-23T00:16:58Z</time>
   </trkpt>
   <trkpt lat="-6.2262120" lon="106.8028640">
    <ele>19.2</ele>
    <time>2025-08-23T00:16:59Z</time>
   </trkpt>
   <trkpt lat="-6.2261830" lon="106.8028980">
    <ele>19.2</ele>
    <time>2025-08-23T00:17:01Z</time>
   </trkpt>
   <trkpt lat="-6.2261740" lon="106.8029110">
    <ele>19.2</ele>
    <time>2025-08-23T00:17:02Z</time>
   </trkpt>
   <trkpt lat="-6.2261640" lon="106.8029240">
    <ele>19.2</ele>
    <time>2025-08-23T00:17:03Z</time>
   </trkpt>
   <trkpt lat="-6.2261380" lon="106.8029620">
    <ele>19.2</ele>
    <time>2025-08-23T00:17:04Z</time>
   </trkpt>
   <trkpt lat="-6.2261100" lon="106.8029970">
    <ele>19.2</ele>
    <time>2025-08-23T00:17:06Z</time>
   </trkpt>
   <trkpt lat="-6.2260950" lon="106.8030150">
    <ele>19.1</ele>
    <time>2025-08-23T00:17:07Z</time>
   </trkpt>
   <trkpt lat="-6.2260790" lon="106.8030370">
    <ele>19.1</ele>
    <time>2025-08-23T00:17:08Z</time>
   </trkpt>
   <trkpt lat="-6.2260580" lon="106.8030640">
    <ele>19.1</ele>
    <time>2025-08-23T00:17:10Z</time>
   </trkpt>
   <trkpt lat="-6.2260510" lon="106.8030710">
    <ele>19.1</ele>
    <time>2025-08-23T00:17:11Z</time>
   </trkpt>
   <trkpt lat="-6.2260200" lon="106.8031090">
    <ele>19.1</ele>
    <time>2025-08-23T00:17:12Z</time>
   </trkpt>
   <trkpt lat="-6.2260040" lon="106.8031280">
    <ele>19.1</ele>
    <time>2025-08-23T00:17:14Z</time>
   </trkpt>
   <trkpt lat="-6.2259980" lon="106.8031340">
    <ele>19.1</ele>
    <time>2025-08-23T00:17:15Z</time>
   </trkpt>
   <trkpt lat="-6.2259910" lon="106.8031410">
    <ele>19.1</ele>
    <time>2025-08-23T00:17:16Z</time>
   </trkpt>
   <trkpt lat="-6.2259670" lon="106.8031640">
    <ele>19.1</ele>
    <time>2025-08-23T00:17:17Z</time>
   </trkpt>
   <trkpt lat="-6.2259410" lon="106.8031860">
    <ele>19.1</ele>
    <time>2025-08-23T00:17:18Z</time>
   </trkpt>
   <trkpt lat="-6.2259000" lon="106.8032190">
    <ele>19.1</ele>
    <time>2025-08-23T00:17:19Z</time>
   </trkpt>
   <trkpt lat="-6.2258820" lon="106.8032410">
    <ele>19.1</ele>
    <time>2025-08-23T00:17:20Z</time>
   </trkpt>
   <trkpt lat="-6.2258550" lon="106.8032890">
    <ele>19.1</ele>
    <time>2025-08-23T00:17:22Z</time>
   </trkpt>
   <trkpt lat="-6.2258440" lon="106.8033130">
    <ele>19.1</ele>
    <time>2025-08-23T00:17:23Z</time>
   </trkpt>
   <trkpt lat="-6.2258320" lon="106.8033370">
    <ele>19.1</ele>
    <time>2025-08-23T00:17:24Z</time>
   </trkpt>
   <trkpt lat="-6.2258210" lon="106.8033610">
    <ele>19.1</ele>
    <time>2025-08-23T00:17:25Z</time>
   </trkpt>
   <trkpt lat="-6.2258010" lon="106.8034000">
    <ele>19.1</ele>
    <time>2025-08-23T00:17:27Z</time>
   </trkpt>
   <trkpt lat="-6.2257880" lon="106.8034200">
    <ele>19.1</ele>
    <time>2025-08-23T00:17:28Z</time>
   </trkpt>
   <trkpt lat="-6.2257690" lon="106.8034460">
    <ele>19.1</ele>
    <time>2025-08-23T00:17:30Z</time>
   </trkpt>
   <trkpt lat="-6.2257620" lon="106.8034540">
    <ele>19.1</ele>
    <time>2025-08-23T00:17:31Z</time>
   </trkpt>
   <trkpt lat="-6.2257330" lon="106.8034870">
    <ele>19.1</ele>
    <time>2025-08-23T00:17:32Z</time>
   </trkpt>
   <trkpt lat="-6.2257190" lon="106.8035040">
    <ele>19.1</ele>
    <time>2025-08-23T00:17:33Z</time>
   </trkpt>
   <trkpt lat="-6.2257040" lon="106.8035190">
    <ele>19.1</ele>
    <time>2025-08-23T00:17:35Z</time>
   </trkpt>
   <trkpt lat="-6.2256740" lon="106.8035530">
    <ele>19.1</ele>
    <time>2025-08-23T00:17:36Z</time>
   </trkpt>
   <trkpt lat="-6.2256460" lon="106.8035910">
    <ele>19.1</ele>
    <time>2025-08-23T00:17:38Z</time>
   </trkpt>
   <trkpt lat="-6.2256300" lon="106.8036100">
    <ele>19.1</ele>
    <time>2025-08-23T00:17:39Z</time>
   </trkpt>
   <trkpt lat="-6.2256110" lon="106.8036310">
    <ele>19.1</ele>
    <time>2025-08-23T00:17:41Z</time>
   </trkpt>
   <trkpt lat="-6.2255930" lon="106.8036520">
    <ele>19.1</ele>
    <time>2025-08-23T00:17:42Z</time>
   </trkpt>
   <trkpt lat="-6.2255730" lon="106.8036780">
    <ele>19.1</ele>
    <time>2025-08-23T00:17:43Z</time>
   </trkpt>
   <trkpt lat="-6.2255660" lon="106.8036870">
    <ele>19.1</ele>
    <time>2025-08-23T00:17:44Z</time>
   </trkpt>
   <trkpt lat="-6.2255430" lon="106.8037160">
    <ele>19.1</ele>
    <time>2025-08-23T00:17:45Z</time>
   </trkpt>
   <trkpt lat="-6.2255320" lon="106.8037300">
    <ele>19.1</ele>
    <time>2025-08-23T00:17:46Z</time>
   </trkpt>
   <trkpt lat="-6.2255240" lon="106.8037420">
    <ele>19.1</ele>
    <time>2025-08-23T00:17:47Z</time>
   </trkpt>
   <trkpt lat="-6.2255170" lon="106.8037560">
    <ele>19.1</ele>
    <time>2025-08-23T00:17:48Z</time>
   </trkpt>
   <trkpt lat="-6.2255110" lon="106.8037690">
    <ele>19.1</ele>
    <time>2025-08-23T00:17:50Z</time>
   </trkpt>
   <trkpt lat="-6.2255040" lon="106.8037820">
    <ele>19.1</ele>
    <time>2025-08-23T00:17:51Z</time>
   </trkpt>
   <trkpt lat="-6.2254950" lon="106.8037930">
    <ele>19.1</ele>
    <time>2025-08-23T00:17:52Z</time>
   </trkpt>
   <trkpt lat="-6.2254870" lon="106.8038050">
    <ele>19.1</ele>
    <time>2025-08-23T00:17:53Z</time>
   </trkpt>
   <trkpt lat="-6.2254760" lon="106.8038160">
    <ele>19.1</ele>
    <time>2025-08-23T00:17:54Z</time>
   </trkpt>
   <trkpt lat="-6.2254640" lon="106.8038260">
    <ele>19.1</ele>
    <time>2025-08-23T00:17:55Z</time>
   </trkpt>
   <trkpt lat="-6.2254520" lon="106.8038320">
    <ele>19.1</ele>
    <time>2025-08-23T00:17:56Z</time>
   </trkpt>
   <trkpt lat="-6.2254410" lon="106.8038300">
    <ele>19.1</ele>
    <time>2025-08-23T00:17:57Z</time>
   </trkpt>
   <trkpt lat="-6.2254230" lon="106.8038310">
    <ele>19.1</ele>
    <time>2025-08-23T00:17:58Z</time>
   </trkpt>
   <trkpt lat="-6.2253900" lon="106.8038540">
    <ele>19.1</ele>
    <time>2025-08-23T00:17:59Z</time>
   </trkpt>
   <trkpt lat="-6.2253760" lon="106.8038690">
    <ele>19.1</ele>
    <time>2025-08-23T00:18:00Z</time>
   </trkpt>
   <trkpt lat="-6.2253690" lon="106.8038850">
    <ele>19.1</ele>
    <time>2025-08-23T00:18:02Z</time>
   </trkpt>
   <trkpt lat="-6.2253620" lon="106.8038970">
    <ele>19.1</ele>
    <time>2025-08-23T00:18:03Z</time>
   </trkpt>
   <trkpt lat="-6.2253390" lon="106.8039190">
    <ele>19.1</ele>
    <time>2025-08-23T00:18:04Z</time>
   </trkpt>
   <trkpt lat="-6.2253270" lon="106.8039320">
    <ele>19.1</ele>
    <time>2025-08-23T00:18:05Z</time>
   </trkpt>
   <trkpt lat="-6.2253180" lon="106.8039450">
    <ele>19.1</ele>
    <time>2025-08-23T00:18:06Z</time>
   </trkpt>
   <trkpt lat="-6.2253070" lon="106.8039710">
    <ele>19.1</ele>
    <time>2025-08-23T00:18:08Z</time>
   </trkpt>
   <trkpt lat="-6.2252910" lon="106.8040050">
    <ele>19.1</ele>
    <time>2025-08-23T00:18:10Z</time>
   </trkpt>
   <trkpt lat="-6.2252770" lon="106.8040270">
    <ele>19.1</ele>
    <time>2025-08-23T00:18:11Z</time>
   </trkpt>
   <trkpt lat="-6.2252620" lon="106.8040520">
    <ele>19.0</ele>
    <time>2025-08-23T00:18:13Z</time>
   </trkpt>
   <trkpt lat="-6.2252570" lon="106.8040600">
    <ele>19.0</ele>
    <time>2025-08-23T00:18:14Z</time>
   </trkpt>
   <trkpt lat="-6.2252360" lon="106.8040940">
    <ele>19.0</ele>
    <time>2025-08-23T00:18:15Z</time>
   </trkpt>
   <trkpt lat="-6.2252240" lon="106.8041060">
    <ele>19.0</ele>
    <time>2025-08-23T00:18:17Z</time>
   </trkpt>
   <trkpt lat="-6.2252040" lon="106.8041390">
    <ele>19.0</ele>
    <time>2025-08-23T00:18:18Z</time>
   </trkpt>
   <trkpt lat="-6.2251960" lon="106.8041580">
    <ele>19.0</ele>
    <time>2025-08-23T00:18:19Z</time>
   </trkpt>
   <trkpt lat="-6.2251870" lon="106.8041860">
    <ele>19.0</ele>
    <time>2025-08-23T00:18:21Z</time>
   </trkpt>
   <trkpt lat="-6.2251840" lon="106.8041950">
    <ele>19.0</ele>
    <time>2025-08-23T00:18:22Z</time>
   </trkpt>
   <trkpt lat="-6.2251630" lon="106.8042370">
    <ele>19.0</ele>
    <time>2025-08-23T00:18:23Z</time>
   </trkpt>
   <trkpt lat="-6.2251400" lon="106.8042600">
    <ele>19.0</ele>
    <time>2025-08-23T00:18:25Z</time>
   </trkpt>
   <trkpt lat="-6.2251270" lon="106.8042700">
    <ele>19.0</ele>
    <time>2025-08-23T00:18:26Z</time>
   </trkpt>
   <trkpt lat="-6.2251140" lon="106.8042790">
    <ele>19.0</ele>
    <time>2025-08-23T00:18:27Z</time>
   </trkpt>
   <trkpt lat="-6.2250880" lon="106.8043030">
    <ele>19.0</ele>
    <time>2025-08-23T00:18:29Z</time>
   </trkpt>
   <trkpt lat="-6.2250690" lon="106.8043260">
    <ele>19.0</ele>
    <time>2025-08-23T00:18:30Z</time>
   </trkpt>
   <trkpt lat="-6.2250550" lon="106.8043500">
    <ele>19.0</ele>
    <time>2025-08-23T00:18:31Z</time>
   </trkpt>
   <trkpt lat="-6.2250420" lon="106.8043770">
    <ele>19.0</ele>
    <time>2025-08-23T00:18:32Z</time>
   </trkpt>
   <trkpt lat="-6.2250280" lon="106.8044130">
    <ele>19.0</ele>
    <time>2025-08-23T00:18:33Z</time>
   </trkpt>
   <trkpt lat="-6.2250230" lon="106.8044240">
    <ele>19.0</ele>
    <time>2025-08-23T00:18:34Z</time>
   </trkpt>
   <trkpt lat="-6.2250000" lon="106.8044680">
    <ele>19.0</ele>
    <time>2025-08-23T00:18:35Z</time>
   </trkpt>
   <trkpt lat="-6.2249800" lon="106.8044970">
    <ele>19.0</ele>
    <time>2025-08-23T00:18:37Z</time>
   </trkpt>
   <trkpt lat="-6.2249730" lon="106.8045060">
    <ele>19.0</ele>
    <time>2025-08-23T00:18:38Z</time>
   </trkpt>
   <trkpt lat="-6.2249390" lon="106.8045500">
    <ele>19.0</ele>
    <time>2025-08-23T00:18:39Z</time>
   </trkpt>
   <trkpt lat="-6.2249230" lon="106.8045690">
    <ele>19.0</ele>
    <time>2025-08-23T00:18:41Z</time>
   </trkpt>
   <trkpt lat="-6.2249050" lon="106.8046000">
    <ele>19.0</ele>
    <time>2025-08-23T00:18:42Z</time>
   </trkpt>
   <trkpt lat="-6.2249000" lon="106.8046090">
    <ele>19.0</ele>
    <time>2025-08-23T00:18:43Z</time>
   </trkpt>
   <trkpt lat="-6.2248790" lon="106.8046370">
    <ele>19.0</ele>
    <time>2025-08-23T00:18:44Z</time>
   </trkpt>
   <trkpt lat="-6.2248720" lon="106.8046480">
    <ele>19.0</ele>
    <time>2025-08-23T00:18:45Z</time>
   </trkpt>
   <trkpt lat="-6.2248640" lon="106.8046570">
    <ele>19.0</ele>
    <time>2025-08-23T00:18:47Z</time>
   </trkpt>
   <trkpt lat="-6.2248570" lon="106.8046640">
    <ele>19.0</ele>
    <time>2025-08-23T00:18:48Z</time>
   </trkpt>
   <trkpt lat="-6.2248510" lon="106.8046720">
    <ele>19.0</ele>
    <time>2025-08-23T00:18:49Z</time>
   </trkpt>
   <trkpt lat="-6.2248450" lon="106.8046790">
    <ele>19.0</ele>
    <time>2025-08-23T00:18:50Z</time>
   </trkpt>
   <trkpt lat="-6.2248390" lon="106.8046860">
    <ele>19.0</ele>
    <time>2025-08-23T00:18:51Z</time>
   </trkpt>
   <trkpt lat="-6.2248300" lon="106.8046950">
    <ele>19.0</ele>
    <time>2025-08-23T00:18:52Z</time>
   </trkpt>
   <trkpt lat="-6.2248250" lon="106.8047060">
    <ele>19.0</ele>
    <time>2025-08-23T00:18:53Z</time>
   </trkpt>
   <trkpt lat="-6.2248120" lon="106.8047350">
    <ele>19.0</ele>
    <time>2025-08-23T00:18:55Z</time>
   </trkpt>
   <trkpt lat="-6.2248000" lon="106.8047450">
    <ele>19.0</ele>
    <time>2025-08-23T00:18:56Z</time>
   </trkpt>
   <trkpt lat="-6.2247840" lon="106.8047520">
    <ele>19.0</ele>
    <time>2025-08-23T00:18:57Z</time>
   </trkpt>
   <trkpt lat="-6.2247500" lon="106.8047500">
    <ele>19.0</ele>
    <time>2025-08-23T00:18:59Z</time>
   </trkpt>
   <trkpt lat="-6.2247180" lon="106.8047540">
    <ele>19.0</ele>
    <time>2025-08-23T00:19:01Z</time>
   </trkpt>
   <trkpt lat="-6.2247090" lon="106.8047650">
    <ele>19.0</ele>
    <time>2025-08-23T00:19:02Z</time>
   </trkpt>
   <trkpt lat="-6.2247030" lon="106.8047750">
    <ele>19.0</ele>
    <time>2025-08-23T00:19:03Z</time>
   </trkpt>
   <trkpt lat="-6.2246970" lon="106.8047840">
    <ele>19.0</ele>
    <time>2025-08-23T00:19:04Z</time>
   </trkpt>
   <trkpt lat="-6.2246860" lon="106.8047920">
    <ele>19.0</ele>
    <time>2025-08-23T00:19:05Z</time>
   </trkpt>
   <trkpt lat="-6.2246740" lon="106.8047940">
    <ele>19.0</ele>
    <time>2025-08-23T00:19:07Z</time>
   </trkpt>
   <trkpt lat="-6.2246680" lon="106.8047940">
    <ele>19.0</ele>
    <time>2025-08-23T00:19:08Z</time>
   </trkpt>
   <trkpt lat="-6.2246600" lon="106.8047980">
    <ele>19.0</ele>
    <time>2025-08-23T00:19:09Z</time>
   </trkpt>
   <trkpt lat="-6.2246480" lon="106.8048060">
    <ele>19.0</ele>
    <time>2025-08-23T00:19:10Z</time>
   </trkpt>
   <trkpt lat="-6.2246350" lon="106.8048150">
    <ele>19.0</ele>
    <time>2025-08-23T00:19:11Z</time>
   </trkpt>
   <trkpt lat="-6.2246130" lon="106.8048370">
    <ele>19.0</ele>
    <time>2025-08-23T00:19:12Z</time>
   </trkpt>
   <trkpt lat="-6.2245960" lon="106.8048610">
    <ele>19.0</ele>
    <time>2025-08-23T00:19:14Z</time>
   </trkpt>
   <trkpt lat="-6.2245850" lon="106.8048690">
    <ele>19.0</ele>
    <time>2025-08-23T00:19:15Z</time>
   </trkpt>
   <trkpt lat="-6.2245740" lon="106.8048790">
    <ele>19.0</ele>
    <time>2025-08-23T00:19:16Z</time>
   </trkpt>
   <trkpt lat="-6.2245530" lon="106.8049020">
    <ele>19.0</ele>
    <time>2025-08-23T00:19:18Z</time>
   </trkpt>
   <trkpt lat="-6.2245480" lon="106.8049060">
    <ele>19.0</ele>
    <time>2025-08-23T00:19:19Z</time>
   </trkpt>
   <trkpt lat="-6.2245380" lon="106.8049140">
    <ele>19.0</ele>
    <time>2025-08-23T00:19:21Z</time>
   </trkpt>
   <trkpt lat="-6.2245290" lon="106.8049210">
    <ele>19.0</ele>
    <time>2025-08-23T00:19:22Z</time>
   </trkpt>
   <trkpt lat="-6.2245220" lon="106.8049280">
    <ele>19.0</ele>
    <time>2025-08-23T00:19:23Z</time>
   </trkpt>
   <trkpt lat="-6.2245070" lon="106.8049420">
    <ele>19.0</ele>
    <time>2025-08-23T00:19:24Z</time>
   </trkpt>
   <trkpt lat="-6.2245010" lon="106.8049480">
    <ele>19.0</ele>
    <time>2025-08-23T00:19:25Z</time>
   </trkpt>
   <trkpt lat="-6.2244940" lon="106.8049530">
    <ele>19.0</ele>
    <time>2025-08-23T00:19:26Z</time>
   </trkpt>
   <trkpt lat="-6.2244770" lon="106.8049620">
    <ele>19.0</ele>
    <time>2025-08-23T00:19:27Z</time>
   </trkpt>
   <trkpt lat="-6.2244690" lon="106.8049710">
    <ele>19.0</ele>
    <time>2025-08-23T00:19:29Z</time>
   </trkpt>
   <trkpt lat="-6.2244530" lon="106.8049900">
    <ele>19.0</ele>
    <time>2025-08-23T00:19:30Z</time>
   </trkpt>
   <trkpt lat="-6.2244440" lon="106.8050010">
    <ele>19.1</ele>
    <time>2025-08-23T00:19:32Z</time>
   </trkpt>
   <trkpt lat="-6.2244310" lon="106.8050170">
    <ele>19.1</ele>
    <time>2025-08-23T00:19:33Z</time>
   </trkpt>
   <trkpt lat="-6.2244250" lon="106.8050240">
    <ele>19.1</ele>
    <time>2025-08-23T00:19:34Z</time>
   </trkpt>
   <trkpt lat="-6.2244200" lon="106.8050300">
    <ele>19.1</ele>
    <time>2025-08-23T00:19:35Z</time>
   </trkpt>
   <trkpt lat="-6.2243940" lon="106.8050520">
    <ele>19.1</ele>
    <time>2025-08-23T00:19:36Z</time>
   </trkpt>
   <trkpt lat="-6.2243880" lon="106.8050560">
    <ele>19.1</ele>
    <time>2025-08-23T00:19:37Z</time>
   </trkpt>
   <trkpt lat="-6.2243590" lon="106.8050750">
    <ele>19.1</ele>
    <time>2025-08-23T00:19:39Z</time>
   </trkpt>
   <trkpt lat="-6.2243500" lon="106.8050820">
    <ele>19.1</ele>
    <time>2025-08-23T00:19:40Z</time>
   </trkpt>
   <trkpt lat="-6.2243230" lon="106.8051190">
    <ele>19.1</ele>
    <time>2025-08-23T00:19:42Z</time>
   </trkpt>
   <trkpt lat="-6.2243090" lon="106.8051410">
    <ele>19.1</ele>
    <time>2025-08-23T00:19:43Z</time>
   </trkpt>
   <trkpt lat="-6.2242960" lon="106.8051660">
    <ele>19.1</ele>
    <time>2025-08-23T00:19:45Z</time>
   </trkpt>
   <trkpt lat="-6.2242950" lon="106.8051940">
    <ele>19.1</ele>
    <time>2025-08-23T00:19:46Z</time>
   </trkpt>
   <trkpt lat="-6.2243000" lon="106.8052050">
    <ele>19.1</ele>
    <time>2025-08-23T00:19:47Z</time>
   </trkpt>
   <trkpt lat="-6.2243000" lon="106.8052340">
    <ele>19.1</ele>
    <time>2025-08-23T00:19:49Z</time>
   </trkpt>
   <trkpt lat="-6.2242940" lon="106.8052540">
    <ele>19.1</ele>
    <time>2025-08-23T00:19:50Z</time>
   </trkpt>
   <trkpt lat="-6.2242660" lon="106.8052830">
    <ele>19.2</ele>
    <time>2025-08-23T00:19:51Z</time>
   </trkpt>
   <trkpt lat="-6.2242390" lon="106.8053100">
    <ele>19.2</ele>
    <time>2025-08-23T00:19:53Z</time>
   </trkpt>
   <trkpt lat="-6.2242160" lon="106.8053390">
    <ele>19.2</ele>
    <time>2025-08-23T00:19:54Z</time>
   </trkpt>
   <trkpt lat="-6.2241820" lon="106.8053820">
    <ele>19.2</ele>
    <time>2025-08-23T00:19:55Z</time>
   </trkpt>
   <trkpt lat="-6.2241570" lon="106.8054050">
    <ele>19.2</ele>
    <time>2025-08-23T00:19:56Z</time>
   </trkpt>
   <trkpt lat="-6.2241320" lon="106.8054240">
    <ele>19.3</ele>
    <time>2025-08-23T00:19:57Z</time>
   </trkpt>
   <trkpt lat="-6.2241080" lon="106.8054460">
    <ele>19.3</ele>
    <time>2025-08-23T00:19:58Z</time>
   </trkpt>
   <trkpt lat="-6.2240960" lon="106.8054750">
    <ele>19.3</ele>
    <time>2025-08-23T00:20:00Z</time>
   </trkpt>
   <trkpt lat="-6.2240940" lon="106.8054840">
    <ele>19.3</ele>
    <time>2025-08-23T00:20:01Z</time>
   </trkpt>
   <trkpt lat="-6.2240810" lon="106.8055370">
    <ele>19.3</ele>
    <time>2025-08-23T00:20:02Z</time>
   </trkpt>
   <trkpt lat="-6.2240700" lon="106.8055680">
    <ele>19.3</ele>
    <time>2025-08-23T00:20:03Z</time>
   </trkpt>
   <trkpt lat="-6.2240560" lon="106.8056130">
    <ele>19.3</ele>
    <time>2025-08-23T00:20:05Z</time>
   </trkpt>
   <trkpt lat="-6.2240380" lon="106.8056480">
    <ele>19.3</ele>
    <time>2025-08-23T00:20:07Z</time>
   </trkpt>
   <trkpt lat="-6.2240290" lon="106.8056650">
    <ele>19.4</ele>
    <time>2025-08-23T00:20:08Z</time>
   </trkpt>
   <trkpt lat="-6.2240200" lon="106.8056840">
    <ele>19.4</ele>
    <time>2025-08-23T00:20:09Z</time>
   </trkpt>
   <trkpt lat="-6.2240030" lon="106.8057170">
    <ele>19.4</ele>
    <time>2025-08-23T00:20:11Z</time>
   </trkpt>
   <trkpt lat="-6.2239950" lon="106.8057320">
    <ele>19.4</ele>
    <time>2025-08-23T00:20:13Z</time>
   </trkpt>
   <trkpt lat="-6.2239800" lon="106.8057570">
    <ele>19.4</ele>
    <time>2025-08-23T00:20:14Z</time>
   </trkpt>
   <trkpt lat="-6.2239650" lon="106.8057750">
    <ele>19.4</ele>
    <time>2025-08-23T00:20:16Z</time>
   </trkpt>
   <trkpt lat="-6.2239590" lon="106.8057830">
    <ele>19.4</ele>
    <time>2025-08-23T00:20:17Z</time>
   </trkpt>
   <trkpt lat="-6.2239520" lon="106.8057910">
    <ele>19.4</ele>
    <time>2025-08-23T00:20:18Z</time>
   </trkpt>
   <trkpt lat="-6.2239460" lon="106.8057990">
    <ele>19.4</ele>
    <time>2025-08-23T00:20:19Z</time>
   </trkpt>
   <trkpt lat="-6.2239290" lon="106.8058210">
    <ele>19.3</ele>
    <time>2025-08-23T00:20:20Z</time>
   </trkpt>
   <trkpt lat="-6.2239310" lon="106.8058330">
    <ele>19.3</ele>
    <time>2025-08-23T00:20:21Z</time>
   </trkpt>
   <trkpt lat="-6.2237200" lon="106.8061050">
    <ele>19.1</ele>
    <time>2025-08-23T00:25:37Z</time>
   </trkpt>
   <trkpt lat="-6.2237160" lon="106.8061160">
    <ele>19.1</ele>
    <time>2025-08-23T00:25:38Z</time>
   </trkpt>
   <trkpt lat="-6.2237110" lon="106.8061280">
    <ele>19.1</ele>
    <time>2025-08-23T00:25:39Z</time>
   </trkpt>
   <trkpt lat="-6.2237090" lon="106.8061360">
    <ele>19.1</ele>
    <time>2025-08-23T00:25:40Z</time>
   </trkpt>
   <trkpt lat="-6.2236990" lon="106.8061470">
    <ele>19.1</ele>
    <time>2025-08-23T00:25:41Z</time>
   </trkpt>
   <trkpt lat="-6.2236890" lon="106.8061590">
    <ele>19.1</ele>
    <time>2025-08-23T00:25:42Z</time>
   </trkpt>
   <trkpt lat="-6.2236790" lon="106.8061700">
    <ele>19.1</ele>
    <time>2025-08-23T00:25:43Z</time>
   </trkpt>
   <trkpt lat="-6.2236650" lon="106.8061800">
    <ele>19.1</ele>
    <time>2025-08-23T00:25:44Z</time>
   </trkpt>
   <trkpt lat="-6.2236460" lon="106.8062020">
    <ele>19.1</ele>
    <time>2025-08-23T00:25:45Z</time>
   </trkpt>
   <trkpt lat="-6.2236390" lon="106.8062110">
    <ele>19.1</ele>
    <time>2025-08-23T00:25:46Z</time>
   </trkpt>
   <trkpt lat="-6.2236230" lon="106.8062340">
    <ele>19.1</ele>
    <time>2025-08-23T00:25:47Z</time>
   </trkpt>
   <trkpt lat="-6.2236150" lon="106.8062460">
    <ele>19.1</ele>
    <time>2025-08-23T00:25:48Z</time>
   </trkpt>
   <trkpt lat="-6.2236060" lon="106.8062580">
    <ele>19.1</ele>
    <time>2025-08-23T00:25:49Z</time>
   </trkpt>
   <trkpt lat="-6.2235830" lon="106.8062880">
    <ele>19.1</ele>
    <time>2025-08-23T00:25:50Z</time>
   </trkpt>
   <trkpt lat="-6.2235660" lon="106.8063140">
    <ele>19.1</ele>
    <time>2025-08-23T00:25:51Z</time>
   </trkpt>
   <trkpt lat="-6.2235470" lon="106.8063410">
    <ele>19.1</ele>
    <time>2025-08-23T00:25:52Z</time>
   </trkpt>
   <trkpt lat="-6.2235140" lon="106.8063850">
    <ele>19.0</ele>
    <time>2025-08-23T00:25:53Z</time>
   </trkpt>
   <trkpt lat="-6.2234960" lon="106.8064070">
    <ele>19.0</ele>
    <time>2025-08-23T00:25:54Z</time>
   </trkpt>
   <trkpt lat="-6.2234600" lon="106.8064520">
    <ele>19.0</ele>
    <time>2025-08-23T00:25:56Z</time>
   </trkpt>
   <trkpt lat="-6.2234440" lon="106.8064740">
    <ele>19.0</ele>
    <time>2025-08-23T00:25:57Z</time>
   </trkpt>
   <trkpt lat="-6.2234280" lon="106.8064950">
    <ele>19.0</ele>
    <time>2025-08-23T00:25:58Z</time>
   </trkpt>
   <trkpt lat="-6.2234150" lon="106.8065200">
    <ele>19.0</ele>
    <time>2025-08-23T00:25:59Z</time>
   </trkpt>
   <trkpt lat="-6.2233970" lon="106.8065660">
    <ele>19.0</ele>
    <time>2025-08-23T00:26:01Z</time>
   </trkpt>
   <trkpt lat="-6.2233880" lon="106.8065890">
    <ele>19.0</ele>
    <time>2025-08-23T00:26:02Z</time>
   </trkpt>
   <trkpt lat="-6.2233800" lon="106.8066160">
    <ele>19.0</ele>
    <time>2025-08-23T00:26:04Z</time>
   </trkpt>
   <trkpt lat="-6.2233700" lon="106.8066520">
    <ele>19.0</ele>
    <time>2025-08-23T00:26:05Z</time>
   </trkpt>
   <trkpt lat="-6.2233660" lon="106.8066620">
    <ele>19.0</ele>
    <time>2025-08-23T00:26:06Z</time>
   </trkpt>
   <trkpt lat="-6.2233470" lon="106.8067060">
    <ele>19.0</ele>
    <time>2025-08-23T00:26:07Z</time>
   </trkpt>
   <trkpt lat="-6.2233350" lon="106.8067430">
    <ele>19.0</ele>
    <time>2025-08-23T00:26:09Z</time>
   </trkpt>
   <trkpt lat="-6.2233300" lon="106.8067540">
    <ele>19.0</ele>
    <time>2025-08-23T00:26:10Z</time>
   </trkpt>
   <trkpt lat="-6.2233090" lon="106.8068010">
    <ele>19.0</ele>
    <time>2025-08-23T00:26:11Z</time>
   </trkpt>
   <trkpt lat="-6.2232970" lon="106.8068240">
    <ele>19.0</ele>
    <time>2025-08-23T00:26:12Z</time>
   </trkpt>
   <trkpt lat="-6.2232830" lon="106.8068450">
    <ele>19.0</ele>
    <time>2025-08-23T00:26:14Z</time>
   </trkpt>
   <trkpt lat="-6.2232710" lon="106.8068750">
    <ele>19.0</ele>
    <time>2025-08-23T00:26:15Z</time>
   </trkpt>
   <trkpt lat="-6.2232670" lon="106.8068850">
    <ele>19.0</ele>
    <time>2025-08-23T00:26:16Z</time>
   </trkpt>
   <trkpt lat="-6.2232450" lon="106.8069200">
    <ele>19.0</ele>
    <time>2025-08-23T00:26:17Z</time>
   </trkpt>
   <trkpt lat="-6.2232340" lon="106.8069350">
    <ele>19.0</ele>
    <time>2025-08-23T00:26:19Z</time>
   </trkpt>
   <trkpt lat="-6.2232130" lon="106.8069570">
    <ele>19.0</ele>
    <time>2025-08-23T00:26:20Z</time>
   </trkpt>
   <trkpt lat="-6.2231970" lon="106.8069700">
    <ele>19.0</ele>
    <time>2025-08-23T00:26:21Z</time>
   </trkpt>
   <trkpt lat="-6.2231880" lon="106.8069780">
    <ele>19.0</ele>
    <time>2025-08-23T00:26:23Z</time>
   </trkpt>
   <trkpt lat="-6.2231740" lon="106.8069880">
    <ele>19.0</ele>
    <time>2025-08-23T00:26:24Z</time>
   </trkpt>
   <trkpt lat="-6.2231460" lon="106.8070110">
    <ele>19.0</ele>
    <time>2025-08-23T00:26:25Z</time>
   </trkpt>
   <trkpt lat="-6.2231250" lon="106.8070300">
    <ele>19.0</ele>
    <time>2025-08-23T00:26:27Z</time>
   </trkpt>
   <trkpt lat="-6.2231180" lon="106.8070360">
    <ele>19.0</ele>
    <time>2025-08-23T00:26:28Z</time>
   </trkpt>
   <trkpt lat="-6.2230930" lon="106.8070570">
    <ele>19.0</ele>
    <time>2025-08-23T00:26:29Z</time>
   </trkpt>
   <trkpt lat="-6.2230840" lon="106.8070650">
    <ele>19.0</ele>
    <time>2025-08-23T00:26:30Z</time>
   </trkpt>
   <trkpt lat="-6.2230490" lon="106.8071000">
    <ele>18.9</ele>
    <time>2025-08-23T00:26:31Z</time>
   </trkpt>
   <trkpt lat="-6.2230310" lon="106.8071190">
    <ele>18.9</ele>
    <time>2025-08-23T00:26:32Z</time>
   </trkpt>
   <trkpt lat="-6.2230140" lon="106.8071450">
    <ele>18.9</ele>
    <time>2025-08-23T00:26:33Z</time>
   </trkpt>
   <trkpt lat="-6.2229870" lon="106.8071970">
    <ele>18.9</ele>
    <time>2025-08-23T00:26:35Z</time>
   </trkpt>
   <trkpt lat="-6.2229730" lon="106.8072240">
    <ele>18.9</ele>
    <time>2025-08-23T00:26:36Z</time>
   </trkpt>
   <trkpt lat="-6.2229480" lon="106.8072660">
    <ele>18.9</ele>
    <time>2025-08-23T00:26:38Z</time>
   </trkpt>
   <trkpt lat="-6.2229380" lon="106.8072800">
    <ele>18.9</ele>
    <time>2025-08-23T00:26:39Z</time>
   </trkpt>
   <trkpt lat="-6.2229290" lon="106.8072950">
    <ele>18.9</ele>
    <time>2025-08-23T00:26:40Z</time>
   </trkpt>
   <trkpt lat="-6.2229140" lon="106.8073190">
    <ele>18.9</ele>
    <time>2025-08-23T00:26:41Z</time>
   </trkpt>
   <trkpt lat="-6.2228970" lon="106.8073450">
    <ele>18.9</ele>
    <time>2025-08-23T00:26:42Z</time>
   </trkpt>
   <trkpt lat="-6.2228550" lon="106.8074020">
    <ele>18.9</ele>
    <time>2025-08-23T00:26:43Z</time>
   </trkpt>
   <trkpt lat="-6.2228370" lon="106.8074250">
    <ele>18.9</ele>
    <time>2025-08-23T00:26:45Z</time>
   </trkpt>
   <trkpt lat="-6.2228190" lon="106.8074500">
    <ele>18.9</ele>
    <time>2025-08-23T00:26:46Z</time>
   </trkpt>
   <trkpt lat="-6.2227980" lon="106.8074770">
    <ele>18.8</ele>
    <time>2025-08-23T00:26:47Z</time>
   </trkpt>
   <trkpt lat="-6.2227560" lon="106.8075280">
    <ele>18.8</ele>
    <time>2025-08-23T00:26:48Z</time>
   </trkpt>
   <trkpt lat="-6.2227160" lon="106.8075870">
    <ele>18.8</ele>
    <time>2025-08-23T00:26:50Z</time>
   </trkpt>
   <trkpt lat="-6.2226960" lon="106.8076130">
    <ele>18.8</ele>
    <time>2025-08-23T00:26:52Z</time>
   </trkpt>
   <trkpt lat="-6.2226760" lon="106.8076390">
    <ele>18.8</ele>
    <time>2025-08-23T00:26:53Z</time>
   </trkpt>
   <trkpt lat="-6.2226390" lon="106.8076920">
    <ele>18.8</ele>
    <time>2025-08-23T00:26:54Z</time>
   </trkpt>
   <trkpt lat="-6.2226200" lon="106.8077200">
    <ele>18.8</ele>
    <time>2025-08-23T00:26:55Z</time>
   </trkpt>
   <trkpt lat="-6.2225840" lon="106.8077710">
    <ele>18.8</ele>
    <time>2025-08-23T00:26:57Z</time>
   </trkpt>
   <trkpt lat="-6.2225670" lon="106.8077940">
    <ele>18.8</ele>
    <time>2025-08-23T00:26:59Z</time>
   </trkpt>
   <trkpt lat="-6.2225560" lon="106.8078200">
    <ele>18.8</ele>
    <time>2025-08-23T00:27:00Z</time>
   </trkpt>
   <trkpt lat="-6.2225450" lon="106.8078470">
    <ele>18.8</ele>
    <time>2025-08-23T00:27:01Z</time>
   </trkpt>
   <trkpt lat="-6.2225330" lon="106.8078760">
    <ele>18.8</ele>
    <time>2025-08-23T00:27:02Z</time>
   </trkpt>
   <trkpt lat="-6.2225210" lon="106.8079080">
    <ele>18.8</ele>
    <time>2025-08-23T00:27:03Z</time>
   </trkpt>
   <trkpt lat="-6.2225030" lon="106.8079640">
    <ele>18.8</ele>
    <time>2025-08-23T00:27:04Z</time>
   </trkpt>
   <trkpt lat="-6.2224810" lon="106.8079970">
    <ele>18.8</ele>
    <time>2025-08-23T00:27:06Z</time>
   </trkpt>
   <trkpt lat="-6.2224720" lon="106.8080050">
    <ele>18.8</ele>
    <time>2025-08-23T00:27:07Z</time>
   </trkpt>
   <trkpt lat="-6.2224630" lon="106.8080130">
    <ele>18.7</ele>
    <time>2025-08-23T00:27:08Z</time>
   </trkpt>
   <trkpt lat="-6.2224500" lon="106.8080300">
    <ele>18.7</ele>
    <time>2025-08-23T00:27:09Z</time>
   </trkpt>
   <trkpt lat="-6.2224420" lon="106.8080400">
    <ele>18.7</ele>
    <time>2025-08-23T00:27:10Z</time>
   </trkpt>
   <trkpt lat="-6.2224280" lon="106.8080510">
    <ele>18.7</ele>
    <time>2025-08-23T00:27:11Z</time>
   </trkpt>
   <trkpt lat="-6.2224230" lon="106.8080570">
    <ele>18.7</ele>
    <time>2025-08-23T00:27:13Z</time>
   </trkpt>
   <trkpt lat="-6.2224190" lon="106.8080600">
    <ele>18.7</ele>
    <time>2025-08-23T00:27:14Z</time>
   </trkpt>
   <trkpt lat="-6.2224150" lon="106.8080640">
    <ele>18.7</ele>
    <time>2025-08-23T00:27:15Z</time>
   </trkpt>
   <trkpt lat="-6.2224110" lon="106.8080670">
    <ele>18.7</ele>
    <time>2025-08-23T00:27:16Z</time>
   </trkpt>
   <trkpt lat="-6.2224080" lon="106.8080710">
    <ele>18.7</ele>
    <time>2025-08-23T00:27:17Z</time>
   </trkpt>
   <trkpt lat="-6.2224000" lon="106.8080740">
    <ele>18.7</ele>
    <time>2025-08-23T00:27:18Z</time>
   </trkpt>
   <trkpt lat="-6.2223980" lon="106.8080750">
    <ele>18.7</ele>
    <time>2025-08-23T00:27:19Z</time>
   </trkpt>
   <trkpt lat="-6.2223970" lon="106.8080750">
    <ele>18.7</ele>
    <time>2025-08-23T00:27:21Z</time>
   </trkpt>
   <trkpt lat="-6.2223950" lon="106.8080760">
    <ele>18.7</ele>
    <time>2025-08-23T00:27:22Z</time>
   </trkpt>
   <trkpt lat="-6.2223910" lon="106.8080860">
    <ele>18.7</ele>
    <time>2025-08-23T00:27:23Z</time>
   </trkpt>
   <trkpt lat="-6.2223880" lon="106.8080950">
    <ele>18.7</ele>
    <time>2025-08-23T00:27:24Z</time>
   </trkpt>
   <trkpt lat="-6.2223840" lon="106.8081050">
    <ele>18.7</ele>
    <time>2025-08-23T00:27:25Z</time>
   </trkpt>
   <trkpt lat="-6.2223810" lon="106.8081140">
    <ele>18.7</ele>
    <time>2025-08-23T00:27:26Z</time>
   </trkpt>
   <trkpt lat="-6.2223770" lon="106.8081240">
    <ele>18.7</ele>
    <time>2025-08-23T00:27:27Z</time>
   </trkpt>
   <trkpt lat="-6.2223670" lon="106.8081490">
    <ele>18.7</ele>
    <time>2025-08-23T00:27:28Z</time>
   </trkpt>
   <trkpt lat="-6.2223350" lon="106.8081940">
    <ele>18.7</ele>
    <time>2025-08-23T00:27:29Z</time>
   </trkpt>
   <trkpt lat="-6.2223190" lon="106.8082180">
    <ele>18.7</ele>
    <time>2025-08-23T00:27:30Z</time>
   </trkpt>
   <trkpt lat="-6.2223030" lon="106.8082420">
    <ele>18.6</ele>
    <time>2025-08-23T00:27:31Z</time>
   </trkpt>
   <trkpt lat="-6.2222740" lon="106.8083030">
    <ele>18.6</ele>
    <time>2025-08-23T00:27:33Z</time>
   </trkpt>
   <trkpt lat="-6.2222520" lon="106.8083390">
    <ele>18.6</ele>
    <time>2025-08-23T00:27:35Z</time>
   </trkpt>
   <trkpt lat="-6.2222260" lon="106.8083790">
    <ele>18.6</ele>
    <time>2025-08-23T00:27:36Z</time>
   </trkpt>
   <trkpt lat="-6.2221910" lon="106.8084180">
    <ele>18.5</ele>
    <time>2025-08-23T00:27:37Z</time>
   </trkpt>
   <trkpt lat="-6.2221450" lon="106.8084760">
    <ele>18.5</ele>
    <time>2025-08-23T00:27:38Z</time>
   </trkpt>
   <trkpt lat="-6.2221190" lon="106.8085040">
    <ele>18.5</ele>
    <time>2025-08-23T00:27:39Z</time>
   </trkpt>
   <trkpt lat="-6.2220940" lon="106.8085280">
    <ele>18.5</ele>
    <time>2025-08-23T00:27:41Z</time>
   </trkpt>
   <trkpt lat="-6.2220740" lon="106.8085470">
    <ele>18.4</ele>
    <time>2025-08-23T00:27:42Z</time>
   </trkpt>
   <trkpt lat="-6.2220520" lon="106.8085800">
    <ele>18.4</ele>
    <time>2025-08-23T00:27:43Z</time>
   </trkpt>
   <trkpt lat="-6.2220450" lon="106.8085900">
    <ele>18.4</ele>
    <time>2025-08-23T00:27:44Z</time>
   </trkpt>
   <trkpt lat="-6.2220210" lon="106.8086140">
    <ele>18.4</ele>
    <time>2025-08-23T00:27:45Z</time>
   </trkpt>
   <trkpt lat="-6.2220130" lon="106.8086190">
    <ele>18.4</ele>
    <time>2025-08-23T00:27:46Z</time>
   </trkpt>
   <trkpt lat="-6.2220020" lon="106.8086240">
    <ele>18.4</ele>
    <time>2025-08-23T00:27:47Z</time>
   </trkpt>
   <trkpt lat="-6.2219960" lon="106.8086300">
    <ele>18.4</ele>
    <time>2025-08-23T00:27:48Z</time>
   </trkpt>
   <trkpt lat="-6.2219830" lon="106.8086370">
    <ele>18.4</ele>
    <time>2025-08-23T00:27:49Z</time>
   </trkpt>
   <trkpt lat="-6.2219650" lon="106.8086390">
    <ele>18.4</ele>
    <time>2025-08-23T00:27:50Z</time>
   </trkpt>
   <trkpt lat="-6.2219510" lon="106.8086400">
    <ele>18.3</ele>
    <time>2025-08-23T00:27:51Z</time>
   </trkpt>
   <trkpt lat="-6.2219250" lon="106.8086290">
    <ele>18.3</ele>
    <time>2025-08-23T00:27:52Z</time>
   </trkpt>
   <trkpt lat="-6.2219150" lon="106.8086180">
    <ele>18.3</ele>
    <time>2025-08-23T00:27:53Z</time>
   </trkpt>
   <trkpt lat="-6.2219010" lon="106.8086110">
    <ele>18.3</ele>
    <time>2025-08-23T00:27:55Z</time>
   </trkpt>
   <trkpt lat="-6.2218940" lon="106.8086010">
    <ele>18.3</ele>
    <time>2025-08-23T00:27:56Z</time>
   </trkpt>
   <trkpt lat="-6.2218760" lon="106.8086060">
    <ele>18.2</ele>
    <time>2025-08-23T00:27:57Z</time>
   </trkpt>
   <trkpt lat="-6.2218510" lon="106.8085920">
    <ele>18.2</ele>
    <time>2025-08-23T00:27:59Z</time>
   </trkpt>
   <trkpt lat="-6.2218300" lon="106.8085780">
    <ele>18.2</ele>
    <time>2025-08-23T00:28:01Z</time>
   </trkpt>
   <trkpt lat="-6.2218060" lon="106.8085640">
    <ele>18.2</ele>
    <time>2025-08-23T00:28:02Z</time>
   </trkpt>
   <trkpt lat="-6.2217570" lon="106.8085400">
    <ele>18.1</ele>
    <time>2025-08-23T00:28:03Z</time>
   </trkpt>
   <trkpt lat="-6.2217310" lon="106.8085230">
    <ele>18.1</ele>
    <time>2025-08-23T00:28:05Z</time>
   </trkpt>
   <trkpt lat="-6.2216790" lon="106.8084870">
    <ele>18.1</ele>
    <time>2025-08-23T00:28:06Z</time>
   </trkpt>
   <trkpt lat="-6.2216520" lon="106.8084690">
    <ele>18.0</ele>
    <time>2025-08-23T00:28:08Z</time>
   </trkpt>
   <trkpt lat="-6.2216210" lon="106.8084490">
    <ele>18.0</ele>
    <time>2025-08-23T00:28:09Z</time>
   </trkpt>
   <trkpt lat="-6.2215960" lon="106.8084330">
    <ele>18.0</ele>
    <time>2025-08-23T00:28:10Z</time>
   </trkpt>
   <trkpt lat="-6.2215680" lon="106.8084170">
    <ele>18.0</ele>
    <time>2025-08-23T00:28:11Z</time>
   </trkpt>
   <trkpt lat="-6.2215060" lon="106.8083880">
    <ele>17.9</ele>
    <time>2025-08-23T00:28:12Z</time>
   </trkpt>
   <trkpt lat="-6.2214700" lon="106.8083710">
    <ele>17.9</ele>
    <time>2025-08-23T00:28:13Z</time>
   </trkpt>
   <trkpt lat="-6.2214380" lon="106.8083520">
    <ele>17.9</ele>
    <time>2025-08-23T00:28:15Z</time>
   </trkpt>
   <trkpt lat="-6.2214100" lon="106.8083340">
    <ele>17.9</ele>
    <time>2025-08-23T00:28:16Z</time>
   </trkpt>
   <trkpt lat="-6.2213600" lon="106.8083020">
    <ele>17.8</ele>
    <time>2025-08-23T00:28:17Z</time>
   </trkpt>
   <trkpt lat="-6.2213350" lon="106.8082880">
    <ele>17.8</ele>
    <time>2025-08-23T00:28:18Z</time>
   </trkpt>
   <trkpt lat="-6.2213070" lon="106.8082690">
    <ele>17.8</ele>
    <time>2025-08-23T00:28:19Z</time>
   </trkpt>
   <trkpt lat="-6.2212890" lon="106.8082420">
    <ele>17.7</ele>
    <time>2025-08-23T00:28:21Z</time>
   </trkpt>
   <trkpt lat="-6.2212890" lon="106.8082320">
    <ele>17.7</ele>
    <time>2025-08-23T00:28:22Z</time>
   </trkpt>
   <trkpt lat="-6.2212900" lon="106.8082220">
    <ele>17.7</ele>
    <time>2025-08-23T00:28:23Z</time>
   </trkpt>
   <trkpt lat="-6.2212650" lon="106.8081610">
    <ele>17.7</ele>
    <time>2025-08-23T00:28:24Z</time>
   </trkpt>
   <trkpt lat="-6.2212690" lon="106.8081380">
    <ele>17.7</ele>
    <time>2025-08-23T00:28:25Z</time>
   </trkpt>
   <trkpt lat="-6.2212740" lon="106.8081170">
    <ele>17.7</ele>
    <time>2025-08-23T00:28:26Z</time>
   </trkpt>
   <trkpt lat="-6.2212770" lon="106.8081000">
    <ele>17.7</ele>
    <time>2025-08-23T00:28:28Z</time>
   </trkpt>
   <trkpt lat="-6.2212860" lon="106.8080700">
    <ele>17.7</ele>
    <time>2025-08-23T00:28:29Z</time>
   </trkpt>
   <trkpt lat="-6.2212880" lon="106.8080590">
    <ele>17.7</ele>
    <time>2025-08-23T00:28:30Z</time>
   </trkpt>
   <trkpt lat="-6.2212910" lon="106.8080160">
    <ele>17.7</ele>
    <time>2025-08-23T00:28:31Z</time>
   </trkpt>
   <trkpt lat="-6.2212910" lon="106.8079910">
    <ele>17.7</ele>
    <time>2025-08-23T00:28:32Z</time>
   </trkpt>
   <trkpt lat="-6.2212860" lon="106.8079660">
    <ele>17.7</ele>
    <time>2025-08-23T00:28:34Z</time>
   </trkpt>
   <trkpt lat="-6.2212780" lon="106.8079290">
    <ele>17.7</ele>
    <time>2025-08-23T00:28:35Z</time>
   </trkpt>
   <trkpt lat="-6.2212760" lon="106.8079180">
    <ele>17.7</ele>
    <time>2025-08-23T00:28:36Z</time>
   </trkpt>
   <trkpt lat="-6.2212680" lon="106.8078890">
    <ele>17.7</ele>
    <time>2025-08-23T00:28:37Z</time>
   </trkpt>
   <trkpt lat="-6.2212650" lon="106.8078800">
    <ele>17.7</ele>
    <time>2025-08-23T00:28:38Z</time>
   </trkpt>
   <trkpt lat="-6.2212610" lon="106.8078670">
    <ele>17.7</ele>
    <time>2025-08-23T00:28:39Z</time>
   </trkpt>
   <trkpt lat="-6.2212600" lon="106.8078590">
    <ele>17.7</ele>
    <time>2025-08-23T00:28:40Z</time>
   </trkpt>
   <trkpt lat="-6.2212600" lon="106.8078520">
    <ele>17.7</ele>
    <time>2025-08-23T00:28:41Z</time>
   </trkpt>
   <trkpt lat="-6.2212600" lon="106.8078420">
    <ele>17.7</ele>
    <time>2025-08-23T00:28:42Z</time>
   </trkpt>
   <trkpt lat="-6.2212550" lon="106.8078390">
    <ele>17.7</ele>
    <time>2025-08-23T00:28:43Z</time>
   </trkpt>
   <trkpt lat="-6.2212520" lon="106.8078370">
    <ele>17.7</ele>
    <time>2025-08-23T00:28:44Z</time>
   </trkpt>
   <trkpt lat="-6.2212610" lon="106.8078230">
    <ele>17.7</ele>
    <time>2025-08-23T00:28:45Z</time>
   </trkpt>
   <trkpt lat="-6.2212840" lon="106.8078020">
    <ele>17.7</ele>
    <time>2025-08-23T00:28:46Z</time>
   </trkpt>
   <trkpt lat="-6.2212900" lon="106.8077960">
    <ele>17.7</ele>
    <time>2025-08-23T00:28:47Z</time>
   </trkpt>
   <trkpt lat="-6.2212950" lon="106.8077830">
    <ele>17.7</ele>
    <time>2025-08-23T00:28:48Z</time>
   </trkpt>
   <trkpt lat="-6.2212980" lon="106.8077720">
    <ele>17.7</ele>
    <time>2025-08-23T00:28:49Z</time>
   </trkpt>
   <trkpt lat="-6.2213000" lon="106.8077610">
    <ele>17.7</ele>
    <time>2025-08-23T00:28:50Z</time>
   </trkpt>
   <trkpt lat="-6.2213040" lon="106.8077510">
    <ele>17.7</ele>
    <time>2025-08-23T00:28:51Z</time>
   </trkpt>
   <trkpt lat="-6.2213120" lon="106.8077450">
    <ele>17.8</ele>
    <time>2025-08-23T00:28:52Z</time>
   </trkpt>
   <trkpt lat="-6.2213120" lon="106.8077300">
    <ele>17.8</ele>
    <time>2025-08-23T00:28:53Z</time>
   </trkpt>
   <trkpt lat="-6.2213000" lon="106.8076970">
    <ele>17.8</ele>
    <time>2025-08-23T00:28:54Z</time>
   </trkpt>
   <trkpt lat="-6.2212990" lon="106.8076650">
    <ele>17.8</ele>
    <time>2025-08-23T00:28:55Z</time>
   </trkpt>
   <trkpt lat="-6.2212990" lon="106.8076530">
    <ele>17.8</ele>
    <time>2025-08-23T00:28:56Z</time>
   </trkpt>
   <trkpt lat="-6.2213010" lon="106.8076280">
    <ele>17.8</ele>
    <time>2025-08-23T00:28:57Z</time>
   </trkpt>
   <trkpt lat="-6.2213050" lon="106.8076020">
    <ele>17.8</ele>
    <time>2025-08-23T00:28:59Z</time>
   </trkpt>
   <trkpt lat="-6.2213110" lon="106.8075440">
    <ele>17.8</ele>
    <time>2025-08-23T00:29:00Z</time>
   </trkpt>
   <trkpt lat="-6.2213100" lon="106.8075040">
    <ele>17.8</ele>
    <time>2025-08-23T00:29:01Z</time>
   </trkpt>
   <trkpt lat="-6.2213080" lon="106.8074910">
    <ele>17.8</ele>
    <time>2025-08-23T00:29:02Z</time>
   </trkpt>
   <trkpt lat="-6.2213110" lon="106.8074400">
    <ele>17.8</ele>
    <time>2025-08-23T00:29:04Z</time>
   </trkpt>
   <trkpt lat="-6.2213130" lon="106.8074130">
    <ele>17.8</ele>
    <time>2025-08-23T00:29:05Z</time>
   </trkpt>
   <trkpt lat="-6.2213150" lon="106.8073790">
    <ele>17.8</ele>
    <time>2025-08-23T00:29:06Z</time>
   </trkpt>
   <trkpt lat="-6.2213120" lon="106.8073490">
    <ele>17.8</ele>
    <time>2025-08-23T00:29:07Z</time>
   </trkpt>
   <trkpt lat="-6.2213080" lon="106.8073190">
    <ele>17.8</ele>
    <time>2025-08-23T00:29:09Z</time>
   </trkpt>
   <trkpt lat="-6.2213020" lon="106.8072630">
    <ele>17.8</ele>
    <time>2025-08-23T00:29:10Z</time>
   </trkpt>
   <trkpt lat="-6.2212990" lon="106.8072500">
    <ele>17.8</ele>
    <time>2025-08-23T00:29:11Z</time>
   </trkpt>
   <trkpt lat="-6.2212970" lon="106.8072310">
    <ele>17.8</ele>
    <time>2025-08-23T00:29:12Z</time>
   </trkpt>
   <trkpt lat="-6.2212950" lon="106.8071930">
    <ele>17.8</ele>
    <time>2025-08-23T00:29:14Z</time>
   </trkpt>
   <trkpt lat="-6.2212930" lon="106.8071620">
    <ele>17.8</ele>
    <time>2025-08-23T00:29:15Z</time>
   </trkpt>
   <trkpt lat="-6.2212890" lon="106.8071060">
    <ele>17.8</ele>
    <time>2025-08-23T00:29:16Z</time>
   </trkpt>
   <trkpt lat="-6.2212850" lon="106.8070780">
    <ele>17.8</ele>
    <time>2025-08-23T00:29:17Z</time>
   </trkpt>
   <trkpt lat="-6.2212900" lon="106.8070420">
    <ele>17.8</ele>
    <time>2025-08-23T00:29:19Z</time>
   </trkpt>
   <trkpt lat="-6.2212930" lon="106.8070300">
    <ele>17.8</ele>
    <time>2025-08-23T00:29:20Z</time>
   </trkpt>
   <trkpt lat="-6.2213030" lon="106.8069930">
    <ele>17.8</ele>
    <time>2025-08-23T00:29:21Z</time>
   </trkpt>
   <trkpt lat="-6.2213030" lon="106.8069760">
    <ele>17.8</ele>
    <time>2025-08-23T00:29:22Z</time>
   </trkpt>
   <trkpt lat="-6.2212960" lon="106.8069610">
    <ele>17.8</ele>
    <time>2025-08-23T00:29:23Z</time>
   </trkpt>
   <trkpt lat="-6.2212910" lon="106.8069450">
    <ele>17.8</ele>
    <time>2025-08-23T00:29:25Z</time>
   </trkpt>
   <trkpt lat="-6.2212920" lon="106.8069330">
    <ele>17.8</ele>
    <time>2025-08-23T00:29:26Z</time>
   </trkpt>
   <trkpt lat="-6.2212920" lon="106.8069200">
    <ele>17.8</ele>
    <time>2025-08-23T00:29:27Z</time>
   </trkpt>
   <trkpt lat="-6.2212920" lon="106.8069060">
    <ele>17.8</ele>
    <time>2025-08-23T00:29:28Z</time>
   </trkpt>
   <trkpt lat="-6.2212890" lon="106.8068910">
    <ele>17.8</ele>
    <time>2025-08-23T00:29:29Z</time>
   </trkpt>
   <trkpt lat="-6.2212870" lon="106.8068770">
    <ele>17.8</ele>
    <time>2025-08-23T00:29:30Z</time>
   </trkpt>
   <trkpt lat="-6.2212850" lon="106.8068550">
    <ele>17.8</ele>
    <time>2025-08-23T00:29:31Z</time>
   </trkpt>
   <trkpt lat="-6.2212850" lon="106.8068470">
    <ele>17.8</ele>
    <time>2025-08-23T00:29:32Z</time>
   </trkpt>
   <trkpt lat="-6.2212840" lon="106.8068380">
    <ele>17.8</ele>
    <time>2025-08-23T00:29:33Z</time>
   </trkpt>
   <trkpt lat="-6.2212840" lon="106.8068180">
    <ele>17.8</ele>
    <time>2025-08-23T00:29:34Z</time>
   </trkpt>
   <trkpt lat="-6.2212860" lon="106.8068070">
    <ele>17.8</ele>
    <time>2025-08-23T00:29:35Z</time>
   </trkpt>
   <trkpt lat="-6.2212920" lon="106.8067860">
    <ele>17.8</ele>
    <time>2025-08-23T00:29:36Z</time>
   </trkpt>
   <trkpt lat="-6.2212950" lon="106.8067770">
    <ele>17.8</ele>
    <time>2025-08-23T00:29:38Z</time>
   </trkpt>
   <trkpt lat="-6.2212970" lon="106.8067680">
    <ele>17.8</ele>
    <time>2025-08-23T00:29:39Z</time>
   </trkpt>
   <trkpt lat="-6.2212990" lon="106.8067540">
    <ele>17.8</ele>
    <time>2025-08-23T00:29:40Z</time>
   </trkpt>
   <trkpt lat="-6.2213010" lon="106.8067400">
    <ele>17.8</ele>
    <time>2025-08-23T00:29:41Z</time>
   </trkpt>
   <trkpt lat="-6.2213020" lon="106.8067260">
    <ele>17.8</ele>
    <time>2025-08-23T00:29:42Z</time>
   </trkpt>
   <trkpt lat="-6.2212990" lon="106.8067110">
    <ele>17.8</ele>
    <time>2025-08-23T00:29:43Z</time>
   </trkpt>
   <trkpt lat="-6.2212970" lon="106.8066960">
    <ele>17.8</ele>
    <time>2025-08-23T00:29:44Z</time>
   </trkpt>
   <trkpt lat="-6.2212990" lon="106.8066800">
    <ele>17.8</ele>
    <time>2025-08-23T00:29:45Z</time>
   </trkpt>
   <trkpt lat="-6.2213160" lon="106.8066510">
    <ele>17.8</ele>
    <time>2025-08-23T00:29:46Z</time>
   </trkpt>
   <trkpt lat="-6.2213230" lon="106.8066340">
    <ele>17.8</ele>
    <time>2025-08-23T00:29:47Z</time>
   </trkpt>
   <trkpt lat="-6.2213300" lon="106.8066180">
    <ele>17.8</ele>
    <time>2025-08-23T00:29:49Z</time>
   </trkpt>
   <trkpt lat="-6.2213460" lon="106.8065780">
    <ele>17.8</ele>
    <time>2025-08-23T00:29:50Z</time>
   </trkpt>
   <trkpt lat="-6.2213620" lon="106.8065490">
    <ele>17.8</ele>
    <time>2025-08-23T00:29:52Z</time>
   </trkpt>
   <trkpt lat="-6.2213660" lon="106.8065410">
    <ele>17.8</ele>
    <time>2025-08-23T00:29:53Z</time>
   </trkpt>
   <trkpt lat="-6.2213830" lon="106.8065180">
    <ele>17.8</ele>
    <time>2025-08-23T00:29:54Z</time>
   </trkpt>
   <trkpt lat="-6.2213880" lon="106.8065100">
    <ele>17.8</ele>
    <time>2025-08-23T00:29:55Z</time>
   </trkpt>
   <trkpt lat="-6.2214130" lon="106.8064740">
    <ele>17.8</ele>
    <time>2025-08-23T00:29:56Z</time>
   </trkpt>
   <trkpt lat="-6.2214260" lon="106.8064560">
    <ele>17.8</ele>
    <time>2025-08-23T00:29:57Z</time>
   </trkpt>
   <trkpt lat="-6.2214400" lon="106.8064380">
    <ele>17.8</ele>
    <time>2025-08-23T00:29:59Z</time>
   </trkpt>
   <trkpt lat="-6.2214680" lon="106.8063990">
    <ele>17.8</ele>
    <time>2025-08-23T00:30:00Z</time>
   </trkpt>
   <trkpt lat="-6.2214830" lon="106.8063790">
    <ele>17.8</ele>
    <time>2025-08-23T00:30:01Z</time>
   </trkpt>
   <trkpt lat="-6.2215010" lon="106.8063590">
    <ele>17.8</ele>
    <time>2025-08-23T00:30:02Z</time>
   </trkpt>
   <trkpt lat="-6.2215360" lon="106.8063210">
    <ele>17.8</ele>
    <time>2025-08-23T00:30:04Z</time>
   </trkpt>
   <trkpt lat="-6.2215820" lon="106.8062690">
    <ele>17.9</ele>
    <time>2025-08-23T00:30:06Z</time>
   </trkpt>
   <trkpt lat="-6.2215900" lon="106.8062580">
    <ele>17.9</ele>
    <time>2025-08-23T00:30:07Z</time>
   </trkpt>
   <trkpt lat="-6.2216060" lon="106.8062360">
    <ele>17.9</ele>
    <time>2025-08-23T00:30:09Z</time>
   </trkpt>
   <trkpt lat="-6.2216250" lon="106.8062120">
    <ele>17.9</ele>
    <time>2025-08-23T00:30:10Z</time>
   </trkpt>
   <trkpt lat="-6.2216440" lon="106.8061900">
    <ele>17.9</ele>
    <time>2025-08-23T00:30:11Z</time>
   </trkpt>
   <trkpt lat="-6.2216770" lon="106.8061460">
    <ele>17.9</ele>
    <time>2025-08-23T00:30:12Z</time>
   </trkpt>
   <trkpt lat="-6.2216970" lon="106.8061140">
    <ele>17.9</ele>
    <time>2025-08-23T00:30:14Z</time>
   </trkpt>
   <trkpt lat="-6.2217040" lon="106.8061030">
    <ele>17.9</ele>
    <time>2025-08-23T00:30:15Z</time>
   </trkpt>
   <trkpt lat="-6.2217300" lon="106.8060690">
    <ele>18.0</ele>
    <time>2025-08-23T00:30:16Z</time>
   </trkpt>
   <trkpt lat="-6.2217390" lon="106.8060570">
    <ele>18.0</ele>
    <time>2025-08-23T00:30:17Z</time>
   </trkpt>
   <trkpt lat="-6.2217490" lon="106.8060430">
    <ele>18.0</ele>
    <time>2025-08-23T00:30:18Z</time>
   </trkpt>
   <trkpt lat="-6.2217580" lon="106.8060320">
    <ele>18.0</ele>
    <time>2025-08-23T00:30:20Z</time>
   </trkpt>
   <trkpt lat="-6.2217690" lon="106.8060230">
    <ele>18.0</ele>
    <time>2025-08-23T00:30:21Z</time>
   </trkpt>
   <trkpt lat="-6.2217820" lon="106.8060120">
    <ele>18.0</ele>
    <time>2025-08-23T00:30:22Z</time>
   </trkpt>
   <trkpt lat="-6.2217950" lon="106.8060000">
    <ele>18.0</ele>
    <time>2025-08-23T00:30:23Z</time>
   </trkpt>
   <trkpt lat="-6.2218260" lon="106.8059700">
    <ele>18.0</ele>
    <time>2025-08-23T00:30:24Z</time>
   </trkpt>
   <trkpt lat="-6.2218430" lon="106.8059550">
    <ele>18.0</ele>
    <time>2025-08-23T00:30:25Z</time>
   </trkpt>
   <trkpt lat="-6.2218640" lon="106.8059370">
    <ele>18.0</ele>
    <time>2025-08-23T00:30:27Z</time>
   </trkpt>
   <trkpt lat="-6.2218900" lon="106.8059170">
    <ele>18.1</ele>
    <time>2025-08-23T00:30:28Z</time>
   </trkpt>
   <trkpt lat="-6.2218980" lon="106.8059100">
    <ele>18.1</ele>
    <time>2025-08-23T00:30:29Z</time>
   </trkpt>
   <trkpt lat="-6.2219210" lon="106.8058910">
    <ele>18.1</ele>
    <time>2025-08-23T00:30:30Z</time>
   </trkpt>
   <trkpt lat="-6.2219480" lon="106.8058670">
    <ele>18.1</ele>
    <time>2025-08-23T00:30:31Z</time>
   </trkpt>
   <trkpt lat="-6.2219720" lon="106.8058280">
    <ele>18.1</ele>
    <time>2025-08-23T00:30:33Z</time>
   </trkpt>
   <trkpt lat="-6.2219630" lon="106.8058130">
    <ele>18.1</ele>
    <time>2025-08-23T00:30:35Z</time>
   </trkpt>
  </trkseg>
 </trk>
</gpx>
