<?xml version="1.0" encoding="UTF-8"?>
<gpx creator="StravaGPX" version="1.1" xmlns="http://www.topografix.com/GPX/1/1" xmlns:xsi="http://www.w3.org/2001/XMLSchema-instance" xsi:schemaLocation="http://www.topografix.com/GPX/1/1 http://www.topografix.com/GPX/1/1/gpx.xsd">
 <metadata>
  <time>2025-11-08T23:28:35Z</time>
 </metadata>
 <trk>
  <name>Sedikit kesiangan run</name>
  <type>running</type>
  <trkseg>
   <trkpt lat="-6.2582770" lon="106.7969150">
    <ele>31.4</ele>
    <time>2025-11-08T23:28:35Z</time>
   </trkpt>
   <trkpt lat="-6.2580420" lon="106.7968510">
    <ele>31.4</ele>
    <time>2025-11-08T23:28:37Z</time>
   </trkpt>
   <trkpt lat="-6.2579510" lon="106.7968360">
    <ele>31.3</ele>
    <time>2025-11-08T23:28:38Z</time>
   </trkpt>
   <trkpt lat="-6.2579050" lon="106.7968410">
    <ele>31.3</ele>
    <time>2025-11-08T23:28:39Z</time>
   </trkpt>
   <trkpt lat="-6.2578750" lon="106.7968490">
    <ele>31.3</ele>
    <time>2025-11-08T23:28:40Z</time>
   </trkpt>
   <trkpt lat="-6.2578480" lon="106.7968620">
    <ele>31.3</ele>
    <time>2025-11-08T23:28:41Z</time>
   </trkpt>
   <trkpt lat="-6.2578400" lon="106.7968680">
    <ele>31.3</ele>
    <time>2025-11-08T23:28:42Z</time>
   </trkpt>
   <trkpt lat="-6.2577490" lon="106.7969150">
    <ele>31.3</ele>
    <time>2025-11-08T23:28:43Z</time>
   </trkpt>
   <trkpt lat="-6.2576970" lon="106.7969430">
    <ele>31.3</ele>
    <time>2025-11-08T23:28:44Z</time>
   </trkpt>
   <trkpt lat="-6.2576500" lon="106.7969670">
    <ele>31.3</ele>
    <time>2025-11-08T23:28:45Z</time>
   </trkpt>
   <trkpt lat="-6.2576010" lon="106.7969860">
    <ele>31.3</ele>
    <time>2025-11-08T23:28:47Z</time>
   </trkpt>
   <trkpt lat="-6.2575620" lon="106.7970010">
    <ele>31.4</ele>
    <time>2025-11-08T23:28:48Z</time>
   </trkpt>
   <trkpt lat="-6.2575790" lon="106.7969430">
    <ele>31.4</ele>
    <time>2025-11-08T23:28:49Z</time>
   </trkpt>
   <trkpt lat="-6.2575910" lon="106.7969090">
    <ele>31.4</ele>
    <time>2025-11-08T23:28:50Z</time>
   </trkpt>
   <trkpt lat="-6.2575860" lon="106.7968890">
    <ele>31.4</ele>
    <time>2025-11-08T23:28:51Z</time>
   </trkpt>
   <trkpt lat="-6.2575710" lon="106.7968790">
    <ele>31.4</ele>
    <time>2025-11-08T23:28:52Z</time>
   </trkpt>
   <trkpt lat="-6.2575380" lon="106.7968840">
    <ele>31.4</ele>
    <time>2025-11-08T23:28:53Z</time>
   </trkpt>
   <trkpt lat="-6.2575250" lon="106.7968880">
    <ele>31.4</ele>
    <time>2025-11-08T23:28:54Z</time>
   </trkpt>
   <trkpt lat="-6.2575050" lon="106.7969420">
    <ele>31.4</ele>
    <time>2025-11-08T23:28:55Z</time>
   </trkpt>
   <trkpt lat="-6.2575000" lon="106.7969720">
    <ele>31.4</ele>
    <time>2025-11-08T23:28:56Z</time>
   </trkpt>
   <trkpt lat="-6.2574710" lon="106.7969730">
    <ele>31.5</ele>
    <time>2025-11-08T23:28:57Z</time>
   </trkpt>
   <trkpt lat="-6.2574560" lon="106.7969680">
    <ele>31.5</ele>
    <time>2025-11-08T23:28:59Z</time>
   </trkpt>
   <trkpt lat="-6.2574420" lon="106.7969620">
    <ele>31.5</ele>
    <time>2025-11-08T23:29:00Z</time>
   </trkpt>
   <trkpt lat="-6.2574270" lon="106.7969570">
    <ele>31.5</ele>
    <time>2025-11-08T23:29:01Z</time>
   </trkpt>
   <trkpt lat="-6.2573860" lon="106.7969370">
    <ele>31.5</ele>
    <time>2025-11-08T23:29:02Z</time>
   </trkpt>
   <trkpt lat="-6.2573690" lon="106.7969260">
    <ele>31.5</ele>
    <time>2025-11-08T23:29:03Z</time>
   </trkpt>
   <trkpt lat="-6.2573430" lon="106.7969180">
    <ele>31.5</ele>
    <time>2025-11-08T23:29:04Z</time>
   </trkpt>
   <trkpt lat="-6.2573070" lon="106.7969200">
    <ele>31.6</ele>
    <time>2025-11-08T23:29:05Z</time>
   </trkpt>
   <trkpt lat="-6.2572960" lon="106.7969220">
    <ele>31.6</ele>
    <time>2025-11-08T23:29:06Z</time>
   </trkpt>
   <trkpt lat="-6.2572500" lon="106.7969340">
    <ele>31.6</ele>
    <time>2025-11-08T23:29:07Z</time>
   </trkpt>
   <trkpt lat="-6.2572270" lon="106.7969390">
    <ele>31.6</ele>
    <time>2025-11-08T23:29:08Z</time>
   </trkpt>
   <trkpt lat="-6.2572040" lon="106.7969420">
    <ele>31.7</ele>
    <time>2025-11-08T23:29:10Z</time>
   </trkpt>
   <trkpt lat="-6.2571720" lon="106.7969470">
    <ele>31.7</ele>
    <time>2025-11-08T23:29:11Z</time>
   </trkpt>
   <trkpt lat="-6.2571610" lon="106.7969480">
    <ele>31.7</ele>
    <time>2025-11-08T23:29:12Z</time>
   </trkpt>
   <trkpt lat="-6.2571260" lon="106.7969500">
    <ele>31.7</ele>
    <time>2025-11-08T23:29:13Z</time>
   </trkpt>
   <trkpt lat="-6.2571150" lon="106.7969500">
    <ele>31.7</ele>
    <time>2025-11-08T23:29:14Z</time>
   </trkpt>
   <trkpt lat="-6.2571000" lon="106.7969450">
    <ele>31.8</ele>
    <time>2025-11-08T23:29:15Z</time>
   </trkpt>
   <trkpt lat="-6.2570930" lon="106.7969340">
    <ele>31.8</ele>
    <time>2025-11-08T23:29:16Z</time>
   </trkpt>
   <trkpt lat="-6.2570850" lon="106.7969400">
    <ele>31.8</ele>
    <time>2025-11-08T23:29:17Z</time>
   </trkpt>
   <trkpt lat="-6.2570530" lon="106.7969330">
    <ele>31.8</ele>
    <time>2025-11-08T23:29:18Z</time>
   </trkpt>
   <trkpt lat="-6.2570420" lon="106.7969290">
    <ele>31.8</ele>
    <time>2025-11-08T23:29:19Z</time>
   </trkpt>
   <trkpt lat="-6.2570020" lon="106.7969120">
    <ele>31.9</ele>
    <time>2025-11-08T23:29:20Z</time>
   </trkpt>
   <trkpt lat="-6.2569810" lon="106.7969070">
    <ele>31.9</ele>
    <time>2025-11-08T23:29:21Z</time>
   </trkpt>
   <trkpt lat="-6.2569570" lon="106.7969050">
    <ele>31.9</ele>
    <time>2025-11-08T23:29:23Z</time>
   </trkpt>
   <trkpt lat="-6.2569190" lon="106.7969170">
    <ele>32.0</ele>
    <time>2025-11-08T23:29:24Z</time>
   </trkpt>
   <trkpt lat="-6.2568760" lon="106.7969250">
    <ele>32.0</ele>
    <time>2025-11-08T23:29:26Z</time>
   </trkpt>
   <trkpt lat="-6.2568550" lon="106.7969300">
    <ele>32.1</ele>
    <time>2025-11-08T23:29:27Z</time>
   </trkpt>
   <trkpt lat="-6.2568340" lon="106.7969390">
    <ele>32.1</ele>
    <time>2025-11-08T23:29:29Z</time>
   </trkpt>
   <trkpt lat="-6.2567990" lon="106.7969810">
    <ele>32.2</ele>
    <time>2025-11-08T23:29:30Z</time>
   </trkpt>
   <trkpt lat="-6.2567590" lon="106.7969930">
    <ele>32.2</ele>
    <time>2025-11-08T23:29:32Z</time>
   </trkpt>
   <trkpt lat="-6.2567360" lon="106.7969940">
    <ele>32.2</ele>
    <time>2025-11-08T23:29:33Z</time>
   </trkpt>
   <trkpt lat="-6.2567090" lon="106.7969980">
    <ele>32.3</ele>
    <time>2025-11-08T23:29:35Z</time>
   </trkpt>
   <trkpt lat="-6.2566940" lon="106.7969980">
    <ele>32.3</ele>
    <time>2025-11-08T23:29:36Z</time>
   </trkpt>
   <trkpt lat="-6.2566580" lon="106.7969810">
    <ele>32.3</ele>
    <time>2025-11-08T23:29:38Z</time>
   </trkpt>
   <trkpt lat="-6.2566380" lon="106.7969680">
    <ele>32.3</ele>
    <time>2025-11-08T23:29:39Z</time>
   </trkpt>
   <trkpt lat="-6.2565960" lon="106.7969500">
    <ele>32.3</ele>
    <time>2025-11-08T23:29:41Z</time>
   </trkpt>
   <trkpt lat="-6.2565700" lon="106.7969660">
    <ele>32.4</ele>
    <time>2025-11-08T23:29:43Z</time>
   </trkpt>
   <trkpt lat="-6.2565600" lon="106.7969720">
    <ele>32.4</ele>
    <time>2025-11-08T23:29:44Z</time>
   </trkpt>
   <trkpt lat="-6.2565190" lon="106.7969740">
    <ele>32.4</ele>
    <time>2025-11-08T23:29:45Z</time>
   </trkpt>
   <trkpt lat="-6.2564980" lon="106.7969740">
    <ele>32.4</ele>
    <time>2025-11-08T23:29:46Z</time>
   </trkpt>
   <trkpt lat="-6.2564770" lon="106.7969740">
    <ele>32.4</ele>
    <time>2025-11-08T23:29:47Z</time>
   </trkpt>
   <trkpt lat="-6.2564550" lon="106.7969750">
    <ele>32.4</ele>
    <time>2025-11-08T23:29:48Z</time>
   </trkpt>
   <trkpt lat="-6.2564340" lon="106.7969760">
    <ele>32.4</ele>
    <time>2025-11-08T23:29:50Z</time>
   </trkpt>
   <trkpt lat="-6.2563890" lon="106.7969820">
    <ele>32.4</ele>
    <time>2025-11-08T23:29:51Z</time>
   </trkpt>
   <trkpt lat="-6.2563470" lon="106.7969820">
    <ele>32.4</ele>
    <time>2025-11-08T23:29:53Z</time>
   </trkpt>
   <trkpt lat="-6.2563330" lon="106.7969790">
    <ele>32.4</ele>
    <time>2025-11-08T23:29:55Z</time>
   </trkpt>
   <trkpt lat="-6.2563200" lon="106.7969890">
    <ele>32.4</ele>
    <time>2025-11-08T23:29:56Z</time>
   </trkpt>
   <trkpt lat="-6.2562780" lon="106.7970050">
    <ele>32.4</ele>
    <time>2025-11-08T23:29:57Z</time>
   </trkpt>
   <trkpt lat="-6.2562450" lon="106.7970340">
    <ele>32.4</ele>
    <time>2025-11-08T23:29:59Z</time>
   </trkpt>
   <trkpt lat="-6.2561980" lon="106.7970500">
    <ele>32.3</ele>
    <time>2025-11-08T23:30:01Z</time>
   </trkpt>
   <trkpt lat="-6.2561790" lon="106.7970490">
    <ele>32.3</ele>
    <time>2025-11-08T23:30:03Z</time>
   </trkpt>
   <trkpt lat="-6.2561610" lon="106.7970470">
    <ele>32.3</ele>
    <time>2025-11-08T23:30:04Z</time>
   </trkpt>
   <trkpt lat="-6.2561420" lon="106.7970460">
    <ele>32.2</ele>
    <time>2025-11-08T23:30:05Z</time>
   </trkpt>
   <trkpt lat="-6.2561100" lon="106.7970460">
    <ele>32.2</ele>
    <time>2025-11-08T23:30:07Z</time>
   </trkpt>
   <trkpt lat="-6.2560990" lon="106.7970460">
    <ele>32.2</ele>
    <time>2025-11-08T23:30:08Z</time>
   </trkpt>
   <trkpt lat="-6.2560680" lon="106.7970480">
    <ele>32.2</ele>
    <time>2025-11-08T23:30:09Z</time>
   </trkpt>
   <trkpt lat="-6.2560570" lon="106.7970490">
    <ele>32.1</ele>
    <time>2025-11-08T23:30:10Z</time>
   </trkpt>
   <trkpt lat="-6.2560130" lon="106.7970530">
    <ele>32.1</ele>
    <time>2025-11-08T23:30:11Z</time>
   </trkpt>
   <trkpt lat="-6.2559930" lon="106.7970590">
    <ele>32.1</ele>
    <time>2025-11-08T23:30:12Z</time>
   </trkpt>
   <trkpt lat="-6.2559770" lon="106.7970740">
    <ele>32.1</ele>
    <time>2025-11-08T23:30:14Z</time>
   </trkpt>
   <trkpt lat="-6.2559530" lon="106.7970660">
    <ele>32.1</ele>
    <time>2025-11-08T23:30:15Z</time>
   </trkpt>
   <trkpt lat="-6.2559430" lon="106.7970600">
    <ele>32.1</ele>
    <time>2025-11-08T23:30:16Z</time>
   </trkpt>
   <trkpt lat="-6.2559050" lon="106.7970500">
    <ele>32.0</ele>
    <time>2025-11-08T23:30:17Z</time>
   </trkpt>
   <trkpt lat="-6.2558840" lon="106.7970510">
    <ele>32.0</ele>
    <time>2025-11-08T23:30:18Z</time>
   </trkpt>
   <trkpt lat="-6.2558650" lon="106.7970530">
    <ele>32.0</ele>
    <time>2025-11-08T23:30:20Z</time>
   </trkpt>
   <trkpt lat="-6.2558360" lon="106.7970540">
    <ele>32.0</ele>
    <time>2025-11-08T23:30:21Z</time>
   </trkpt>
   <trkpt lat="-6.2558270" lon="106.7970540">
    <ele>32.0</ele>
    <time>2025-11-08T23:30:22Z</time>
   </trkpt>
   <trkpt lat="-6.2557880" lon="106.7970610">
    <ele>32.0</ele>
    <time>2025-11-08T23:30:23Z</time>
   </trkpt>
   <trkpt lat="-6.2557560" lon="106.7970690">
    <ele>32.0</ele>
    <time>2025-11-08T23:30:25Z</time>
   </trkpt>
   <trkpt lat="-6.2557460" lon="106.7970720">
    <ele>32.0</ele>
    <time>2025-11-08T23:30:26Z</time>
   </trkpt>
   <trkpt lat="-6.2557180" lon="106.7971180">
    <ele>32.0</ele>
    <time>2025-11-08T23:30:27Z</time>
   </trkpt>
   <trkpt lat="-6.2556910" lon="106.7971460">
    <ele>31.9</ele>
    <time>2025-11-08T23:30:29Z</time>
   </trkpt>
   <trkpt lat="-6.2556750" lon="106.7971540">
    <ele>31.9</ele>
    <time>2025-11-08T23:30:30Z</time>
   </trkpt>
   <trkpt lat="-6.2556530" lon="106.7971520">
    <ele>31.9</ele>
    <time>2025-11-08T23:30:32Z</time>
   </trkpt>
   <trkpt lat="-6.2556120" lon="106.7971250">
    <ele>31.9</ele>
    <time>2025-11-08T23:30:33Z</time>
   </trkpt>
   <trkpt lat="-6.2555830" lon="106.7971330">
    <ele>31.9</ele>
    <time>2025-11-08T23:30:35Z</time>
   </trkpt>
   <trkpt lat="-6.2555370" lon="106.7971330">
    <ele>31.9</ele>
    <time>2025-11-08T23:30:36Z</time>
   </trkpt>
   <trkpt lat="-6.2554880" lon="106.7971320">
    <ele>31.9</ele>
    <time>2025-11-08T23:30:38Z</time>
   </trkpt>
   <trkpt lat="-6.2554660" lon="106.7971310">
    <ele>31.8</ele>
    <time>2025-11-08T23:30:39Z</time>
   </trkpt>
   <trkpt lat="-6.2554480" lon="106.7971650">
    <ele>31.6</ele>
    <time>2025-11-08T23:30:41Z</time>
   </trkpt>
   <trkpt lat="-6.2554060" lon="106.7971910">
    <ele>31.2</ele>
    <time>2025-11-08T23:30:42Z</time>
   </trkpt>
   <trkpt lat="-6.2553800" lon="106.7971970">
    <ele>31.2</ele>
    <time>2025-11-08T23:30:43Z</time>
   </trkpt>
   <trkpt lat="-6.2553470" lon="106.7972010">
    <ele>31.2</ele>
    <time>2025-11-08T23:30:45Z</time>
   </trkpt>
   <trkpt lat="-6.2553350" lon="106.7972020">
    <ele>31.2</ele>
    <time>2025-11-08T23:30:46Z</time>
   </trkpt>
   <trkpt lat="-6.2553080" lon="106.7972200">
    <ele>31.2</ele>
    <time>2025-11-08T23:30:47Z</time>
   </trkpt>
   <trkpt lat="-6.2553000" lon="106.7972260">
    <ele>31.2</ele>
    <time>2025-11-08T23:30:48Z</time>
   </trkpt>
   <trkpt lat="-6.2552610" lon="106.7972390">
    <ele>31.2</ele>
    <time>2025-11-08T23:30:49Z</time>
   </trkpt>
   <trkpt lat="-6.2552250" lon="106.7972450">
    <ele>31.2</ele>
    <time>2025-11-08T23:30:50Z</time>
   </trkpt>
   <trkpt lat="-6.2552130" lon="106.7972470">
    <ele>31.2</ele>
    <time>2025-11-08T23:30:51Z</time>
   </trkpt>
   <trkpt lat="-6.2551710" lon="106.7972800">
    <ele>31.2</ele>
    <time>2025-11-08T23:30:53Z</time>
   </trkpt>
   <trkpt lat="-6.2551520" lon="106.7972890">
    <ele>31.2</ele>
    <time>2025-11-08T23:30:55Z</time>
   </trkpt>
   <trkpt lat="-6.2551340" lon="106.7972980">
    <ele>31.2</ele>
    <time>2025-11-08T23:30:56Z</time>
   </trkpt>
   <trkpt lat="-6.2551000" lon="106.7973230">
    <ele>31.2</ele>
    <time>2025-11-08T23:30:58Z</time>
   </trkpt>
   <trkpt lat="-6.2550940" lon="106.7973380">
    <ele>31.2</ele>
    <time>2025-11-08T23:30:59Z</time>
   </trkpt>
   <trkpt lat="-6.2551250" lon="106.7973890">
    <ele>31.2</ele>
    <time>2025-11-08T23:31:01Z</time>
   </trkpt>
   <trkpt lat="-6.2551200" lon="106.7974370">
    <ele>31.2</ele>
    <time>2025-11-08T23:31:02Z</time>
   </trkpt>
   <trkpt lat="-6.2551040" lon="106.7974500">
    <ele>31.2</ele>
    <time>2025-11-08T23:31:03Z</time>
   </trkpt>
   <trkpt lat="-6.2550530" lon="106.7974610">
    <ele>31.2</ele>
    <time>2025-11-08T23:31:05Z</time>
   </trkpt>
   <trkpt lat="-6.2550170" lon="106.7974770">
    <ele>31.2</ele>
    <time>2025-11-08T23:31:07Z</time>
   </trkpt>
   <trkpt lat="-6.2549910" lon="106.7974830">
    <ele>31.2</ele>
    <time>2025-11-08T23:31:08Z</time>
   </trkpt>
   <trkpt lat="-6.2549620" lon="106.7974850">
    <ele>31.2</ele>
    <time>2025-11-08T23:31:10Z</time>
   </trkpt>
   <trkpt lat="-6.2549070" lon="106.7974870">
    <ele>31.1</ele>
    <time>2025-11-08T23:31:11Z</time>
   </trkpt>
   <trkpt lat="-6.2548850" lon="106.7974950">
    <ele>31.1</ele>
    <time>2025-11-08T23:31:13Z</time>
   </trkpt>
   <trkpt lat="-6.2548560" lon="106.7975040">
    <ele>31.1</ele>
    <time>2025-11-08T23:31:14Z</time>
   </trkpt>
   <trkpt lat="-6.2548430" lon="106.7975040">
    <ele>31.1</ele>
    <time>2025-11-08T23:31:15Z</time>
   </trkpt>
   <trkpt lat="-6.2547780" lon="106.7974730">
    <ele>31.0</ele>
    <time>2025-11-08T23:31:16Z</time>
   </trkpt>
   <trkpt lat="-6.2547390" lon="106.7974440">
    <ele>31.0</ele>
    <time>2025-11-08T23:31:18Z</time>
   </trkpt>
   <trkpt lat="-6.2547030" lon="106.7974190">
    <ele>31.0</ele>
    <time>2025-11-08T23:31:19Z</time>
   </trkpt>
   <trkpt lat="-6.2546750" lon="106.7974040">
    <ele>31.0</ele>
    <time>2025-11-08T23:31:20Z</time>
   </trkpt>
   <trkpt lat="-6.2546470" lon="106.7973860">
    <ele>31.0</ele>
    <time>2025-11-08T23:31:21Z</time>
   </trkpt>
   <trkpt lat="-6.2546220" lon="106.7973580">
    <ele>31.0</ele>
    <time>2025-11-08T23:31:22Z</time>
   </trkpt>
   <trkpt lat="-6.2546020" lon="106.7973310">
    <ele>31.0</ele>
    <time>2025-11-08T23:31:23Z</time>
   </trkpt>
   <trkpt lat="-6.2545800" lon="106.7973150">
    <ele>31.0</ele>
    <time>2025-11-08T23:31:24Z</time>
   </trkpt>
   <trkpt lat="-6.2545460" lon="106.7973040">
    <ele>31.0</ele>
    <time>2025-11-08T23:31:25Z</time>
   </trkpt>
   <trkpt lat="-6.2545330" lon="106.7973040">
    <ele>31.0</ele>
    <time>2025-11-08T23:31:26Z</time>
   </trkpt>
   <trkpt lat="-6.2544980" lon="106.7973030">
    <ele>31.0</ele>
    <time>2025-11-08T23:31:28Z</time>
   </trkpt>
   <trkpt lat="-6.2544690" lon="106.7972960">
    <ele>31.0</ele>
    <time>2025-11-08T23:31:29Z</time>
   </trkpt>
   <trkpt lat="-6.2544590" lon="106.7972940">
    <ele>31.0</ele>
    <time>2025-11-08T23:31:30Z</time>
   </trkpt>
   <trkpt lat="-6.2544400" lon="106.7972910">
    <ele>31.0</ele>
    <time>2025-11-08T23:31:32Z</time>
   </trkpt>
   <trkpt lat="-6.2544140" lon="106.7973100">
    <ele>31.1</ele>
    <time>2025-11-08T23:31:33Z</time>
   </trkpt>
   <trkpt lat="-6.2543970" lon="106.7973130">
    <ele>31.1</ele>
    <time>2025-11-08T23:31:34Z</time>
   </trkpt>
   <trkpt lat="-6.2543580" lon="106.7973090">
    <ele>31.1</ele>
    <time>2025-11-08T23:31:36Z</time>
   </trkpt>
   <trkpt lat="-6.2543510" lon="106.7973090">
    <ele>31.1</ele>
    <time>2025-11-08T23:31:37Z</time>
   </trkpt>
   <trkpt lat="-6.2543440" lon="106.7973080">
    <ele>31.1</ele>
    <time>2025-11-08T23:31:39Z</time>
   </trkpt>
   <trkpt lat="-6.2543360" lon="106.7973080">
    <ele>31.1</ele>
    <time>2025-11-08T23:31:40Z</time>
   </trkpt>
   <trkpt lat="-6.2543290" lon="106.7973080">
    <ele>31.1</ele>
    <time>2025-11-08T23:31:42Z</time>
   </trkpt>
   <trkpt lat="-6.2543220" lon="106.7973080">
    <ele>31.1</ele>
    <time>2025-11-08T23:31:43Z</time>
   </trkpt>
   <trkpt lat="-6.2542940" lon="106.7972960">
    <ele>31.1</ele>
    <time>2025-11-08T23:31:44Z</time>
   </trkpt>
   <trkpt lat="-6.2542840" lon="106.7972920">
    <ele>31.1</ele>
    <time>2025-11-08T23:31:45Z</time>
   </trkpt>
   <trkpt lat="-6.2542570" lon="106.7972910">
    <ele>31.1</ele>
    <time>2025-11-08T23:31:46Z</time>
   </trkpt>
   <trkpt lat="-6.2542470" lon="106.7972890">
    <ele>31.1</ele>
    <time>2025-11-08T23:31:47Z</time>
   </trkpt>
   <trkpt lat="-6.2542130" lon="106.7972780">
    <ele>31.1</ele>
    <time>2025-11-08T23:31:48Z</time>
   </trkpt>
   <trkpt lat="-6.2542010" lon="106.7972750">
    <ele>31.2</ele>
    <time>2025-11-08T23:31:49Z</time>
   </trkpt>
   <trkpt lat="-6.2541590" lon="106.7972590">
    <ele>31.2</ele>
    <time>2025-11-08T23:31:50Z</time>
   </trkpt>
   <trkpt lat="-6.2541250" lon="106.7972870">
    <ele>31.2</ele>
    <time>2025-11-08T23:31:52Z</time>
   </trkpt>
   <trkpt lat="-6.2541040" lon="106.7972890">
    <ele>31.2</ele>
    <time>2025-11-08T23:31:53Z</time>
   </trkpt>
   <trkpt lat="-6.2540810" lon="106.7972880">
    <ele>31.2</ele>
    <time>2025-11-08T23:31:55Z</time>
   </trkpt>
   <trkpt lat="-6.2540380" lon="106.7972820">
    <ele>31.2</ele>
    <time>2025-11-08T23:31:56Z</time>
   </trkpt>
   <trkpt lat="-6.2540160" lon="106.7972790">
    <ele>31.2</ele>
    <time>2025-11-08T23:31:57Z</time>
   </trkpt>
   <trkpt lat="-6.2539780" lon="106.7972820">
    <ele>31.2</ele>
    <time>2025-11-08T23:31:59Z</time>
   </trkpt>
   <trkpt lat="-6.2539540" lon="106.7972830">
    <ele>31.2</ele>
    <time>2025-11-08T23:32:00Z</time>
   </trkpt>
   <trkpt lat="-6.2539070" lon="106.7972890">
    <ele>31.3</ele>
    <time>2025-11-08T23:32:02Z</time>
   </trkpt>
   <trkpt lat="-6.2538850" lon="106.7972920">
    <ele>31.3</ele>
    <time>2025-11-08T23:32:03Z</time>
   </trkpt>
   <trkpt lat="-6.2538730" lon="106.7973240">
    <ele>31.3</ele>
    <time>2025-11-08T23:32:05Z</time>
   </trkpt>
   <trkpt lat="-6.2538390" lon="106.7973470">
    <ele>31.3</ele>
    <time>2025-11-08T23:32:06Z</time>
   </trkpt>
   <trkpt lat="-6.2538040" lon="106.7973510">
    <ele>31.3</ele>
    <time>2025-11-08T23:32:08Z</time>
   </trkpt>
   <trkpt lat="-6.2537920" lon="106.7973520">
    <ele>31.3</ele>
    <time>2025-11-08T23:32:09Z</time>
   </trkpt>
   <trkpt lat="-6.2537590" lon="106.7973530">
    <ele>31.3</ele>
    <time>2025-11-08T23:32:10Z</time>
   </trkpt>
   <trkpt lat="-6.2537500" lon="106.7973550">
    <ele>31.3</ele>
    <time>2025-11-08T23:32:11Z</time>
   </trkpt>
   <trkpt lat="-6.2537220" lon="106.7973580">
    <ele>31.3</ele>
    <time>2025-11-08T23:32:12Z</time>
   </trkpt>
   <trkpt lat="-6.2537120" lon="106.7973590">
    <ele>31.3</ele>
    <time>2025-11-08T23:32:13Z</time>
   </trkpt>
   <trkpt lat="-6.2536680" lon="106.7973610">
    <ele>31.3</ele>
    <time>2025-11-08T23:32:14Z</time>
   </trkpt>
   <trkpt lat="-6.2536290" lon="106.7973680">
    <ele>31.3</ele>
    <time>2025-11-08T23:32:16Z</time>
   </trkpt>
   <trkpt lat="-6.2536110" lon="106.7973720">
    <ele>31.3</ele>
    <time>2025-11-08T23:32:17Z</time>
   </trkpt>
   <trkpt lat="-6.2535910" lon="106.7973750">
    <ele>31.3</ele>
    <time>2025-11-08T23:32:18Z</time>
   </trkpt>
   <trkpt lat="-6.2535450" lon="106.7973720">
    <ele>31.3</ele>
    <time>2025-11-08T23:32:20Z</time>
   </trkpt>
   <trkpt lat="-6.2535220" lon="106.7973710">
    <ele>31.3</ele>
    <time>2025-11-08T23:32:21Z</time>
   </trkpt>
   <trkpt lat="-6.2534970" lon="106.7973710">
    <ele>31.3</ele>
    <time>2025-11-08T23:32:23Z</time>
   </trkpt>
   <trkpt lat="-6.2534550" lon="106.7973730">
    <ele>31.3</ele>
    <time>2025-11-08T23:32:24Z</time>
   </trkpt>
   <trkpt lat="-6.2534310" lon="106.7973720">
    <ele>31.3</ele>
    <time>2025-11-08T23:32:25Z</time>
   </trkpt>
   <trkpt lat="-6.2534090" lon="106.7973690">
    <ele>31.2</ele>
    <time>2025-11-08T23:32:27Z</time>
   </trkpt>
   <trkpt lat="-6.2533650" lon="106.7973600">
    <ele>31.2</ele>
    <time>2025-11-08T23:32:28Z</time>
   </trkpt>
   <trkpt lat="-6.2533220" lon="106.7973510">
    <ele>31.2</ele>
    <time>2025-11-08T23:32:30Z</time>
   </trkpt>
   <trkpt lat="-6.2533010" lon="106.7973480">
    <ele>31.2</ele>
    <time>2025-11-08T23:32:31Z</time>
   </trkpt>
   <trkpt lat="-6.2532790" lon="106.7973450">
    <ele>31.1</ele>
    <time>2025-11-08T23:32:33Z</time>
   </trkpt>
   <trkpt lat="-6.2532380" lon="106.7973380">
    <ele>31.1</ele>
    <time>2025-11-08T23:32:34Z</time>
   </trkpt>
   <trkpt lat="-6.2531970" lon="106.7973170">
    <ele>31.1</ele>
    <time>2025-11-08T23:32:36Z</time>
   </trkpt>
   <trkpt lat="-6.2531780" lon="106.7973080">
    <ele>31.1</ele>
    <time>2025-11-08T23:32:37Z</time>
   </trkpt>
   <trkpt lat="-6.2531550" lon="106.7973040">
    <ele>31.1</ele>
    <time>2025-11-08T23:32:39Z</time>
   </trkpt>
   <trkpt lat="-6.2531120" lon="106.7972990">
    <ele>31.1</ele>
    <time>2025-11-08T23:32:40Z</time>
   </trkpt>
   <trkpt lat="-6.2530910" lon="106.7972960">
    <ele>31.2</ele>
    <time>2025-11-08T23:32:41Z</time>
   </trkpt>
   <trkpt lat="-6.2530690" lon="106.7972950">
    <ele>31.1</ele>
    <time>2025-11-08T23:32:43Z</time>
   </trkpt>
   <trkpt lat="-6.2530360" lon="106.7973240">
    <ele>31.1</ele>
    <time>2025-11-08T23:32:44Z</time>
   </trkpt>
   <trkpt lat="-6.2530010" lon="106.7973220">
    <ele>31.0</ele>
    <time>2025-11-08T23:32:46Z</time>
   </trkpt>
   <trkpt lat="-6.2529820" lon="106.7973200">
    <ele>31.0</ele>
    <time>2025-11-08T23:32:47Z</time>
   </trkpt>
   <trkpt lat="-6.2529530" lon="106.7973160">
    <ele>31.0</ele>
    <time>2025-11-08T23:32:49Z</time>
   </trkpt>
   <trkpt lat="-6.2529430" lon="106.7973140">
    <ele>31.0</ele>
    <time>2025-11-08T23:32:50Z</time>
   </trkpt>
   <trkpt lat="-6.2529030" lon="106.7973110">
    <ele>30.9</ele>
    <time>2025-11-08T23:32:51Z</time>
   </trkpt>
   <trkpt lat="-6.2528750" lon="106.7973120">
    <ele>30.9</ele>
    <time>2025-11-08T23:32:53Z</time>
   </trkpt>
   <trkpt lat="-6.2528650" lon="106.7973120">
    <ele>30.9</ele>
    <time>2025-11-08T23:32:54Z</time>
   </trkpt>
   <trkpt lat="-6.2528220" lon="106.7973140">
    <ele>30.8</ele>
    <time>2025-11-08T23:32:55Z</time>
   </trkpt>
   <trkpt lat="-6.2527900" lon="106.7973070">
    <ele>30.8</ele>
    <time>2025-11-08T23:32:57Z</time>
   </trkpt>
   <trkpt lat="-6.2527790" lon="106.7973040">
    <ele>30.8</ele>
    <time>2025-11-08T23:32:58Z</time>
   </trkpt>
   <trkpt lat="-6.2527820" lon="106.7973180">
    <ele>30.8</ele>
    <time>2025-11-08T23:32:59Z</time>
   </trkpt>
   <trkpt lat="-6.2527930" lon="106.7973300">
    <ele>30.7</ele>
    <time>2025-11-08T23:33:00Z</time>
   </trkpt>
   <trkpt lat="-6.2528030" lon="106.7973410">
    <ele>30.7</ele>
    <time>2025-11-08T23:33:01Z</time>
   </trkpt>
   <trkpt lat="-6.2527890" lon="106.7973550">
    <ele>30.7</ele>
    <time>2025-11-08T23:33:02Z</time>
   </trkpt>
   <trkpt lat="-6.2527800" lon="106.7973640">
    <ele>30.7</ele>
    <time>2025-11-08T23:33:03Z</time>
   </trkpt>
   <trkpt lat="-6.2527490" lon="106.7973770">
    <ele>30.6</ele>
    <time>2025-11-08T23:33:04Z</time>
   </trkpt>
   <trkpt lat="-6.2527310" lon="106.7973820">
    <ele>30.6</ele>
    <time>2025-11-08T23:33:06Z</time>
   </trkpt>
   <trkpt lat="-6.2527200" lon="106.7973830">
    <ele>30.6</ele>
    <time>2025-11-08T23:33:07Z</time>
   </trkpt>
   <trkpt lat="-6.2526870" lon="106.7973840">
    <ele>30.6</ele>
    <time>2025-11-08T23:33:08Z</time>
   </trkpt>
   <trkpt lat="-6.2526750" lon="106.7973860">
    <ele>30.5</ele>
    <time>2025-11-08T23:33:10Z</time>
   </trkpt>
   <trkpt lat="-6.2526300" lon="106.7973930">
    <ele>30.5</ele>
    <time>2025-11-08T23:33:11Z</time>
   </trkpt>
   <trkpt lat="-6.2526060" lon="106.7973940">
    <ele>30.4</ele>
    <time>2025-11-08T23:33:13Z</time>
   </trkpt>
   <trkpt lat="-6.2525710" lon="106.7973940">
    <ele>30.4</ele>
    <time>2025-11-08T23:33:14Z</time>
   </trkpt>
   <trkpt lat="-6.2525600" lon="106.7973940">
    <ele>30.4</ele>
    <time>2025-11-08T23:33:15Z</time>
   </trkpt>
   <trkpt lat="-6.2525340" lon="106.7974000">
    <ele>30.3</ele>
    <time>2025-11-08T23:33:16Z</time>
   </trkpt>
   <trkpt lat="-6.2525240" lon="106.7974010">
    <ele>30.3</ele>
    <time>2025-11-08T23:33:17Z</time>
   </trkpt>
   <trkpt lat="-6.2524820" lon="106.7974000">
    <ele>30.2</ele>
    <time>2025-11-08T23:33:18Z</time>
   </trkpt>
   <trkpt lat="-6.2524600" lon="106.7973980">
    <ele>30.2</ele>
    <time>2025-11-08T23:33:19Z</time>
   </trkpt>
   <trkpt lat="-6.2524380" lon="106.7973950">
    <ele>30.2</ele>
    <time>2025-11-08T23:33:21Z</time>
   </trkpt>
   <trkpt lat="-6.2524030" lon="106.7973870">
    <ele>30.1</ele>
    <time>2025-11-08T23:33:22Z</time>
   </trkpt>
   <trkpt lat="-6.2523910" lon="106.7973850">
    <ele>30.1</ele>
    <time>2025-11-08T23:33:23Z</time>
   </trkpt>
   <trkpt lat="-6.2523590" lon="106.7973770">
    <ele>30.0</ele>
    <time>2025-11-08T23:33:24Z</time>
   </trkpt>
   <trkpt lat="-6.2523470" lon="106.7973740">
    <ele>30.0</ele>
    <time>2025-11-08T23:33:25Z</time>
   </trkpt>
   <trkpt lat="-6.2523140" lon="106.7973620">
    <ele>29.9</ele>
    <time>2025-11-08T23:33:26Z</time>
   </trkpt>
   <trkpt lat="-6.2523020" lon="106.7973590">
    <ele>29.9</ele>
    <time>2025-11-08T23:33:27Z</time>
   </trkpt>
   <trkpt lat="-6.2522600" lon="106.7973400">
    <ele>29.8</ele>
    <time>2025-11-08T23:33:28Z</time>
   </trkpt>
   <trkpt lat="-6.2522390" lon="106.7973300">
    <ele>29.8</ele>
    <time>2025-11-08T23:33:29Z</time>
   </trkpt>
   <trkpt lat="-6.2522170" lon="106.7973200">
    <ele>29.8</ele>
    <time>2025-11-08T23:33:31Z</time>
   </trkpt>
   <trkpt lat="-6.2521750" lon="106.7973040">
    <ele>29.7</ele>
    <time>2025-11-08T23:33:32Z</time>
   </trkpt>
   <trkpt lat="-6.2521540" lon="106.7972930">
    <ele>29.6</ele>
    <time>2025-11-08T23:33:33Z</time>
   </trkpt>
   <trkpt lat="-6.2521340" lon="106.7972770">
    <ele>29.5</ele>
    <time>2025-11-08T23:33:35Z</time>
   </trkpt>
   <trkpt lat="-6.2521000" lon="106.7972460">
    <ele>29.4</ele>
    <time>2025-11-08T23:33:36Z</time>
   </trkpt>
   <trkpt lat="-6.2520800" lon="106.7972310">
    <ele>29.4</ele>
    <time>2025-11-08T23:33:37Z</time>
   </trkpt>
   <trkpt lat="-6.2520620" lon="106.7972130">
    <ele>29.3</ele>
    <time>2025-11-08T23:33:39Z</time>
   </trkpt>
   <trkpt lat="-6.2520320" lon="106.7971920">
    <ele>29.2</ele>
    <time>2025-11-08T23:33:40Z</time>
   </trkpt>
   <trkpt lat="-6.2520200" lon="106.7971850">
    <ele>29.2</ele>
    <time>2025-11-08T23:33:41Z</time>
   </trkpt>
   <trkpt lat="-6.2519730" lon="106.7972210">
    <ele>29.1</ele>
    <time>2025-11-08T23:33:43Z</time>
   </trkpt>
   <trkpt lat="-6.2519530" lon="106.7972180">
    <ele>29.0</ele>
    <time>2025-11-08T23:33:45Z</time>
   </trkpt>
   <trkpt lat="-6.2519140" lon="106.7972030">
    <ele>28.9</ele>
    <time>2025-11-08T23:33:46Z</time>
   </trkpt>
   <trkpt lat="-6.2518920" lon="106.7971950">
    <ele>28.9</ele>
    <time>2025-11-08T23:33:47Z</time>
   </trkpt>
   <trkpt lat="-6.2518710" lon="106.7972080">
    <ele>28.8</ele>
    <time>2025-11-08T23:33:49Z</time>
   </trkpt>
   <trkpt lat="-6.2518290" lon="106.7972120">
    <ele>28.7</ele>
    <time>2025-11-08T23:33:50Z</time>
   </trkpt>
   <trkpt lat="-6.2517950" lon="106.7972080">
    <ele>28.7</ele>
    <time>2025-11-08T23:33:52Z</time>
   </trkpt>
   <trkpt lat="-6.2517840" lon="106.7972060">
    <ele>28.6</ele>
    <time>2025-11-08T23:33:53Z</time>
   </trkpt>
   <trkpt lat="-6.2517390" lon="106.7972080">
    <ele>28.6</ele>
    <time>2025-11-08T23:33:54Z</time>
   </trkpt>
   <trkpt lat="-6.2517020" lon="106.7972150">
    <ele>28.5</ele>
    <time>2025-11-08T23:33:56Z</time>
   </trkpt>
   <trkpt lat="-6.2516910" lon="106.7972150">
    <ele>28.5</ele>
    <time>2025-11-08T23:33:57Z</time>
   </trkpt>
   <trkpt lat="-6.2516490" lon="106.7972150">
    <ele>28.4</ele>
    <time>2025-11-08T23:33:58Z</time>
   </trkpt>
   <trkpt lat="-6.2516090" lon="106.7972390">
    <ele>28.4</ele>
    <time>2025-11-08T23:34:00Z</time>
   </trkpt>
   <trkpt lat="-6.2515900" lon="106.7972600">
    <ele>28.4</ele>
    <time>2025-11-08T23:34:01Z</time>
   </trkpt>
   <trkpt lat="-6.2515690" lon="106.7972800">
    <ele>28.3</ele>
    <time>2025-11-08T23:34:02Z</time>
   </trkpt>
   <trkpt lat="-6.2515280" lon="106.7973000">
    <ele>28.3</ele>
    <time>2025-11-08T23:34:04Z</time>
   </trkpt>
   <trkpt lat="-6.2515070" lon="106.7973070">
    <ele>28.3</ele>
    <time>2025-11-08T23:34:05Z</time>
   </trkpt>
   <trkpt lat="-6.2514680" lon="106.7973300">
    <ele>28.2</ele>
    <time>2025-11-08T23:34:07Z</time>
   </trkpt>
   <trkpt lat="-6.2514520" lon="106.7973440">
    <ele>28.2</ele>
    <time>2025-11-08T23:34:08Z</time>
   </trkpt>
   <trkpt lat="-6.2514230" lon="106.7973620">
    <ele>28.2</ele>
    <time>2025-11-08T23:34:10Z</time>
   </trkpt>
   <trkpt lat="-6.2514140" lon="106.7973660">
    <ele>28.2</ele>
    <time>2025-11-08T23:34:11Z</time>
   </trkpt>
   <trkpt lat="-6.2513750" lon="106.7973860">
    <ele>28.1</ele>
    <time>2025-11-08T23:34:12Z</time>
   </trkpt>
   <trkpt lat="-6.2513520" lon="106.7974140">
    <ele>28.1</ele>
    <time>2025-11-08T23:34:14Z</time>
   </trkpt>
   <trkpt lat="-6.2513390" lon="106.7974280">
    <ele>28.1</ele>
    <time>2025-11-08T23:34:15Z</time>
   </trkpt>
   <trkpt lat="-6.2513230" lon="106.7974410">
    <ele>28.1</ele>
    <time>2025-11-08T23:34:17Z</time>
   </trkpt>
   <trkpt lat="-6.2512870" lon="106.7974610">
    <ele>28.1</ele>
    <time>2025-11-08T23:34:18Z</time>
   </trkpt>
   <trkpt lat="-6.2512640" lon="106.7974830">
    <ele>28.1</ele>
    <time>2025-11-08T23:34:20Z</time>
   </trkpt>
   <trkpt lat="-6.2512610" lon="106.7974930">
    <ele>28.1</ele>
    <time>2025-11-08T23:34:21Z</time>
   </trkpt>
   <trkpt lat="-6.2512370" lon="106.7975070">
    <ele>28.1</ele>
    <time>2025-11-08T23:34:22Z</time>
   </trkpt>
   <trkpt lat="-6.2512280" lon="106.7975120">
    <ele>28.1</ele>
    <time>2025-11-08T23:34:23Z</time>
   </trkpt>
   <trkpt lat="-6.2511970" lon="106.7975210">
    <ele>28.1</ele>
    <time>2025-11-08T23:34:24Z</time>
   </trkpt>
   <trkpt lat="-6.2511850" lon="106.7975220">
    <ele>28.1</ele>
    <time>2025-11-08T23:34:25Z</time>
   </trkpt>
   <trkpt lat="-6.2511510" lon="106.7975270">
    <ele>28.1</ele>
    <time>2025-11-08T23:34:26Z</time>
   </trkpt>
   <trkpt lat="-6.2511390" lon="106.7975280">
    <ele>28.1</ele>
    <time>2025-11-08T23:34:27Z</time>
   </trkpt>
   <trkpt lat="-6.2511230" lon="106.7975190">
    <ele>28.1</ele>
    <time>2025-11-08T23:34:28Z</time>
   </trkpt>
   <trkpt lat="-6.2511040" lon="106.7975220">
    <ele>28.1</ele>
    <time>2025-11-08T23:34:29Z</time>
   </trkpt>
   <trkpt lat="-6.2510630" lon="106.7975280">
    <ele>28.1</ele>
    <time>2025-11-08T23:34:30Z</time>
   </trkpt>
   <trkpt lat="-6.2510410" lon="106.7975290">
    <ele>28.1</ele>
    <time>2025-11-08T23:34:31Z</time>
   </trkpt>
   <trkpt lat="-6.2510160" lon="106.7975300">
    <ele>28.1</ele>
    <time>2025-11-08T23:34:33Z</time>
   </trkpt>
   <trkpt lat="-6.2509850" lon="106.7975370">
    <ele>28.1</ele>
    <time>2025-11-08T23:34:34Z</time>
   </trkpt>
   <trkpt lat="-6.2509750" lon="106.7975400">
    <ele>28.1</ele>
    <time>2025-11-08T23:34:35Z</time>
   </trkpt>
   <trkpt lat="-6.2509290" lon="106.7975400">
    <ele>28.1</ele>
    <time>2025-11-08T23:34:36Z</time>
   </trkpt>
   <trkpt lat="-6.2509060" lon="106.7975390">
    <ele>28.1</ele>
    <time>2025-11-08T23:34:37Z</time>
   </trkpt>
   <trkpt lat="-6.2508830" lon="106.7975370">
    <ele>28.1</ele>
    <time>2025-11-08T23:34:38Z</time>
   </trkpt>
   <trkpt lat="-6.2508460" lon="106.7975250">
    <ele>28.1</ele>
    <time>2025-11-08T23:34:40Z</time>
   </trkpt>
   <trkpt lat="-6.2508330" lon="106.7975220">
    <ele>28.1</ele>
    <time>2025-11-08T23:34:41Z</time>
   </trkpt>
   <trkpt lat="-6.2507970" lon="106.7975140">
    <ele>28.1</ele>
    <time>2025-11-08T23:34:42Z</time>
   </trkpt>
   <trkpt lat="-6.2507840" lon="106.7975110">
    <ele>28.1</ele>
    <time>2025-11-08T23:34:43Z</time>
   </trkpt>
   <trkpt lat="-6.2507390" lon="106.7974900">
    <ele>28.1</ele>
    <time>2025-11-08T23:34:44Z</time>
   </trkpt>
   <trkpt lat="-6.2507140" lon="106.7974790">
    <ele>28.1</ele>
    <time>2025-11-08T23:34:45Z</time>
   </trkpt>
   <trkpt lat="-6.2506970" lon="106.7974780">
    <ele>28.1</ele>
    <time>2025-11-08T23:34:47Z</time>
   </trkpt>
   <trkpt lat="-6.2506840" lon="106.7974880">
    <ele>28.1</ele>
    <time>2025-11-08T23:34:48Z</time>
   </trkpt>
   <trkpt lat="-6.2506560" lon="106.7974910">
    <ele>28.2</ele>
    <time>2025-11-08T23:34:49Z</time>
   </trkpt>
   <trkpt lat="-6.2506470" lon="106.7974910">
    <ele>28.2</ele>
    <time>2025-11-08T23:34:50Z</time>
   </trkpt>
   <trkpt lat="-6.2506180" lon="106.7974890">
    <ele>28.2</ele>
    <time>2025-11-08T23:34:51Z</time>
   </trkpt>
   <trkpt lat="-6.2506070" lon="106.7974880">
    <ele>28.2</ele>
    <time>2025-11-08T23:34:52Z</time>
   </trkpt>
   <trkpt lat="-6.2505720" lon="106.7975030">
    <ele>28.2</ele>
    <time>2025-11-08T23:34:53Z</time>
   </trkpt>
   <trkpt lat="-6.2505570" lon="106.7975140">
    <ele>28.2</ele>
    <time>2025-11-08T23:34:54Z</time>
   </trkpt>
   <trkpt lat="-6.2505380" lon="106.7975230">
    <ele>28.2</ele>
    <time>2025-11-08T23:34:56Z</time>
   </trkpt>
   <trkpt lat="-6.2505090" lon="106.7975330">
    <ele>28.2</ele>
    <time>2025-11-08T23:34:57Z</time>
   </trkpt>
   <trkpt lat="-6.2504990" lon="106.7975360">
    <ele>28.2</ele>
    <time>2025-11-08T23:34:58Z</time>
   </trkpt>
   <trkpt lat="-6.2504670" lon="106.7975450">
    <ele>28.3</ele>
    <time>2025-11-08T23:34:59Z</time>
   </trkpt>
   <trkpt lat="-6.2504560" lon="106.7975490">
    <ele>28.3</ele>
    <time>2025-11-08T23:35:00Z</time>
   </trkpt>
   <trkpt lat="-6.2504110" lon="106.7975780">
    <ele>28.3</ele>
    <time>2025-11-08T23:35:01Z</time>
   </trkpt>
   <trkpt lat="-6.2503890" lon="106.7975880">
    <ele>28.3</ele>
    <time>2025-11-08T23:35:03Z</time>
   </trkpt>
   <trkpt lat="-6.2503590" lon="106.7976010">
    <ele>28.3</ele>
    <time>2025-11-08T23:35:04Z</time>
   </trkpt>
   <trkpt lat="-6.2503490" lon="106.7976050">
    <ele>28.3</ele>
    <time>2025-11-08T23:35:05Z</time>
   </trkpt>
   <trkpt lat="-6.2503140" lon="106.7976040">
    <ele>28.3</ele>
    <time>2025-11-08T23:35:06Z</time>
   </trkpt>
   <trkpt lat="-6.2502980" lon="106.7975950">
    <ele>28.3</ele>
    <time>2025-11-08T23:35:07Z</time>
   </trkpt>
   <trkpt lat="-6.2502680" lon="106.7975810">
    <ele>28.3</ele>
    <time>2025-11-08T23:35:08Z</time>
   </trkpt>
   <trkpt lat="-6.2502320" lon="106.7975800">
    <ele>28.3</ele>
    <time>2025-11-08T23:35:09Z</time>
   </trkpt>
   <trkpt lat="-6.2502210" lon="106.7975810">
    <ele>28.3</ele>
    <time>2025-11-08T23:35:10Z</time>
   </trkpt>
   <trkpt lat="-6.2501920" lon="106.7975950">
    <ele>28.3</ele>
    <time>2025-11-08T23:35:11Z</time>
   </trkpt>
   <trkpt lat="-6.2501810" lon="106.7976000">
    <ele>28.3</ele>
    <time>2025-11-08T23:35:12Z</time>
   </trkpt>
   <trkpt lat="-6.2501420" lon="106.7975840">
    <ele>28.3</ele>
    <time>2025-11-08T23:35:13Z</time>
   </trkpt>
   <trkpt lat="-6.2501220" lon="106.7975810">
    <ele>28.3</ele>
    <time>2025-11-08T23:35:14Z</time>
   </trkpt>
   <trkpt lat="-6.2501030" lon="106.7975910">
    <ele>28.5</ele>
    <time>2025-11-08T23:35:16Z</time>
   </trkpt>
   <trkpt lat="-6.2500810" lon="106.7976160">
    <ele>28.5</ele>
    <time>2025-11-08T23:35:17Z</time>
   </trkpt>
   <trkpt lat="-6.2500730" lon="106.7976250">
    <ele>28.9</ele>
    <time>2025-11-08T23:35:18Z</time>
   </trkpt>
   <trkpt lat="-6.2500500" lon="106.7976520">
    <ele>28.9</ele>
    <time>2025-11-08T23:35:19Z</time>
   </trkpt>
   <trkpt lat="-6.2500430" lon="106.7976650">
    <ele>28.9</ele>
    <time>2025-11-08T23:35:20Z</time>
   </trkpt>
   <trkpt lat="-6.2500180" lon="106.7977080">
    <ele>29.2</ele>
    <time>2025-11-08T23:35:21Z</time>
   </trkpt>
   <trkpt lat="-6.2499970" lon="106.7977490">
    <ele>29.4</ele>
    <time>2025-11-08T23:35:23Z</time>
   </trkpt>
   <trkpt lat="-6.2499890" lon="106.7977650">
    <ele>29.5</ele>
    <time>2025-11-08T23:35:24Z</time>
   </trkpt>
   <trkpt lat="-6.2499810" lon="106.7977800">
    <ele>29.5</ele>
    <time>2025-11-08T23:35:25Z</time>
   </trkpt>
   <trkpt lat="-6.2499610" lon="106.7978060">
    <ele>29.8</ele>
    <time>2025-11-08T23:35:26Z</time>
   </trkpt>
   <trkpt lat="-6.2499540" lon="106.7978140">
    <ele>29.8</ele>
    <time>2025-11-08T23:35:27Z</time>
   </trkpt>
   <trkpt lat="-6.2499320" lon="106.7978350">
    <ele>29.8</ele>
    <time>2025-11-08T23:35:28Z</time>
   </trkpt>
   <trkpt lat="-6.2499240" lon="106.7978420">
    <ele>30.1</ele>
    <time>2025-11-08T23:35:29Z</time>
   </trkpt>
   <trkpt lat="-6.2499010" lon="106.7978590">
    <ele>30.2</ele>
    <time>2025-11-08T23:35:30Z</time>
   </trkpt>
   <trkpt lat="-6.2498930" lon="106.7978640">
    <ele>30.2</ele>
    <time>2025-11-08T23:35:31Z</time>
   </trkpt>
   <trkpt lat="-6.2498680" lon="106.7978800">
    <ele>30.2</ele>
    <time>2025-11-08T23:35:32Z</time>
   </trkpt>
   <trkpt lat="-6.2498600" lon="106.7978850">
    <ele>30.5</ele>
    <time>2025-11-08T23:35:33Z</time>
   </trkpt>
   <trkpt lat="-6.2498310" lon="106.7979020">
    <ele>30.5</ele>
    <time>2025-11-08T23:35:34Z</time>
   </trkpt>
   <trkpt lat="-6.2498030" lon="106.7979260">
    <ele>30.7</ele>
    <time>2025-11-08T23:35:36Z</time>
   </trkpt>
   <trkpt lat="-6.2497890" lon="106.7979390">
    <ele>30.7</ele>
    <time>2025-11-08T23:35:37Z</time>
   </trkpt>
   <trkpt lat="-6.2497760" lon="106.7979530">
    <ele>30.3</ele>
    <time>2025-11-08T23:35:38Z</time>
   </trkpt>
   <trkpt lat="-6.2497660" lon="106.7979680">
    <ele>30.4</ele>
    <time>2025-11-08T23:35:40Z</time>
   </trkpt>
   <trkpt lat="-6.2497530" lon="106.7979790">
    <ele>30.4</ele>
    <time>2025-11-08T23:35:41Z</time>
   </trkpt>
   <trkpt lat="-6.2497390" lon="106.7979910">
    <ele>30.4</ele>
    <time>2025-11-08T23:35:42Z</time>
   </trkpt>
   <trkpt lat="-6.2497240" lon="106.7980000">
    <ele>30.2</ele>
    <time>2025-11-08T23:35:43Z</time>
   </trkpt>
   <trkpt lat="-6.2497090" lon="106.7980080">
    <ele>30.2</ele>
    <time>2025-11-08T23:35:44Z</time>
   </trkpt>
   <trkpt lat="-6.2496750" lon="106.7980230">
    <ele>30.0</ele>
    <time>2025-11-08T23:35:45Z</time>
   </trkpt>
   <trkpt lat="-6.2496540" lon="106.7980240">
    <ele>30.0</ele>
    <time>2025-11-08T23:35:47Z</time>
   </trkpt>
   <trkpt lat="-6.2496070" lon="106.7980120">
    <ele>30.0</ele>
    <time>2025-11-08T23:35:48Z</time>
   </trkpt>
   <trkpt lat="-6.2495750" lon="106.7979850">
    <ele>30.3</ele>
    <time>2025-11-08T23:35:50Z</time>
   </trkpt>
   <trkpt lat="-6.2495060" lon="106.7979060">
    <ele>31.1</ele>
    <time>2025-11-08T23:35:51Z</time>
   </trkpt>
   <trkpt lat="-6.2494330" lon="106.7977110">
    <ele>30.7</ele>
    <time>2025-11-08T23:35:53Z</time>
   </trkpt>
   <trkpt lat="-6.2494190" lon="106.7976870">
    <ele>30.2</ele>
    <time>2025-11-08T23:35:54Z</time>
   </trkpt>
   <trkpt lat="-6.2493860" lon="106.7976660">
    <ele>29.6</ele>
    <time>2025-11-08T23:35:55Z</time>
   </trkpt>
   <trkpt lat="-6.2493750" lon="106.7976610">
    <ele>29.6</ele>
    <time>2025-11-08T23:35:56Z</time>
   </trkpt>
   <trkpt lat="-6.2493350" lon="106.7976500">
    <ele>29.6</ele>
    <time>2025-11-08T23:35:57Z</time>
   </trkpt>
   <trkpt lat="-6.2493160" lon="106.7976460">
    <ele>29.6</ele>
    <time>2025-11-08T23:35:58Z</time>
   </trkpt>
   <trkpt lat="-6.2493000" lon="106.7976330">
    <ele>29.6</ele>
    <time>2025-11-08T23:35:59Z</time>
   </trkpt>
   <trkpt lat="-6.2492700" lon="106.7976240">
    <ele>29.6</ele>
    <time>2025-11-08T23:36:01Z</time>
   </trkpt>
   <trkpt lat="-6.2492600" lon="106.7976230">
    <ele>28.8</ele>
    <time>2025-11-08T23:36:02Z</time>
   </trkpt>
   <trkpt lat="-6.2492300" lon="106.7976240">
    <ele>29.6</ele>
    <time>2025-11-08T23:36:03Z</time>
   </trkpt>
   <trkpt lat="-6.2492200" lon="106.7976230">
    <ele>28.9</ele>
    <time>2025-11-08T23:36:04Z</time>
   </trkpt>
   <trkpt lat="-6.2491940" lon="106.7976220">
    <ele>28.9</ele>
    <time>2025-11-08T23:36:05Z</time>
   </trkpt>
   <trkpt lat="-6.2491880" lon="106.7976210">
    <ele>28.9</ele>
    <time>2025-11-08T23:36:06Z</time>
   </trkpt>
   <trkpt lat="-6.2491820" lon="106.7976190">
    <ele>28.9</ele>
    <time>2025-11-08T23:36:07Z</time>
   </trkpt>
   <trkpt lat="-6.2491690" lon="106.7976120">
    <ele>29.0</ele>
    <time>2025-11-08T23:36:08Z</time>
   </trkpt>
   <trkpt lat="-6.2491340" lon="106.7975980">
    <ele>29.1</ele>
    <time>2025-11-08T23:36:09Z</time>
   </trkpt>
   <trkpt lat="-6.2491140" lon="106.7975900">
    <ele>29.1</ele>
    <time>2025-11-08T23:36:11Z</time>
   </trkpt>
   <trkpt lat="-6.2490760" lon="106.7975740">
    <ele>28.6</ele>
    <time>2025-11-08T23:36:12Z</time>
   </trkpt>
   <trkpt lat="-6.2490550" lon="106.7975650">
    <ele>28.6</ele>
    <time>2025-11-08T23:36:13Z</time>
   </trkpt>
   <trkpt lat="-6.2490320" lon="106.7975570">
    <ele>28.8</ele>
    <time>2025-11-08T23:36:15Z</time>
   </trkpt>
   <trkpt lat="-6.2490010" lon="106.7975490">
    <ele>28.9</ele>
    <time>2025-11-08T23:36:16Z</time>
   </trkpt>
   <trkpt lat="-6.2489900" lon="106.7975480">
    <ele>28.9</ele>
    <time>2025-11-08T23:36:17Z</time>
   </trkpt>
   <trkpt lat="-6.2489460" lon="106.7975430">
    <ele>28.9</ele>
    <time>2025-11-08T23:36:18Z</time>
   </trkpt>
   <trkpt lat="-6.2489240" lon="106.7975410">
    <ele>28.9</ele>
    <time>2025-11-08T23:36:19Z</time>
   </trkpt>
   <trkpt lat="-6.2489000" lon="106.7975450">
    <ele>28.9</ele>
    <time>2025-11-08T23:36:21Z</time>
   </trkpt>
   <trkpt lat="-6.2488670" lon="106.7975540">
    <ele>28.8</ele>
    <time>2025-11-08T23:36:22Z</time>
   </trkpt>
   <trkpt lat="-6.2488560" lon="106.7975560">
    <ele>28.8</ele>
    <time>2025-11-08T23:36:23Z</time>
   </trkpt>
   <trkpt lat="-6.2488160" lon="106.7975730">
    <ele>28.6</ele>
    <time>2025-11-08T23:36:24Z</time>
   </trkpt>
   <trkpt lat="-6.2487930" lon="106.7975880">
    <ele>29.0</ele>
    <time>2025-11-08T23:36:25Z</time>
   </trkpt>
   <trkpt lat="-6.2487710" lon="106.7976030">
    <ele>29.0</ele>
    <time>2025-11-08T23:36:27Z</time>
   </trkpt>
   <trkpt lat="-6.2487260" lon="106.7976350">
    <ele>29.6</ele>
    <time>2025-11-08T23:36:28Z</time>
   </trkpt>
   <trkpt lat="-6.2487010" lon="106.7976610">
    <ele>29.5</ele>
    <time>2025-11-08T23:36:30Z</time>
   </trkpt>
   <trkpt lat="-6.2486540" lon="106.7977120">
    <ele>31.0</ele>
    <time>2025-11-08T23:36:31Z</time>
   </trkpt>
   <trkpt lat="-6.2486300" lon="106.7977420">
    <ele>31.0</ele>
    <time>2025-11-08T23:36:33Z</time>
   </trkpt>
   <trkpt lat="-6.2485870" lon="106.7977820">
    <ele>31.1</ele>
    <time>2025-11-08T23:36:34Z</time>
   </trkpt>
   <trkpt lat="-6.2485470" lon="106.7978200">
    <ele>30.8</ele>
    <time>2025-11-08T23:36:36Z</time>
   </trkpt>
   <trkpt lat="-6.2485280" lon="106.7978360">
    <ele>30.1</ele>
    <time>2025-11-08T23:36:37Z</time>
   </trkpt>
   <trkpt lat="-6.2484900" lon="106.7978520">
    <ele>29.9</ele>
    <time>2025-11-08T23:36:39Z</time>
   </trkpt>
   <trkpt lat="-6.2484710" lon="106.7978580">
    <ele>29.9</ele>
    <time>2025-11-08T23:36:40Z</time>
   </trkpt>
   <trkpt lat="-6.2484500" lon="106.7978630">
    <ele>29.7</ele>
    <time>2025-11-08T23:36:42Z</time>
   </trkpt>
   <trkpt lat="-6.2484110" lon="106.7978720">
    <ele>29.5</ele>
    <time>2025-11-08T23:36:43Z</time>
   </trkpt>
   <trkpt lat="-6.2483720" lon="106.7978810">
    <ele>29.5</ele>
    <time>2025-11-08T23:36:45Z</time>
   </trkpt>
   <trkpt lat="-6.2483520" lon="106.7978860">
    <ele>30.0</ele>
    <time>2025-11-08T23:36:46Z</time>
   </trkpt>
   <trkpt lat="-6.2483310" lon="106.7978940">
    <ele>30.0</ele>
    <time>2025-11-08T23:36:48Z</time>
   </trkpt>
   <trkpt lat="-6.2483050" lon="106.7979110">
    <ele>29.8</ele>
    <time>2025-11-08T23:36:49Z</time>
   </trkpt>
   <trkpt lat="-6.2482970" lon="106.7979170">
    <ele>29.8</ele>
    <time>2025-11-08T23:36:50Z</time>
   </trkpt>
   <trkpt lat="-6.2482730" lon="106.7979400">
    <ele>29.9</ele>
    <time>2025-11-08T23:36:51Z</time>
   </trkpt>
   <trkpt lat="-6.2482650" lon="106.7979490">
    <ele>29.9</ele>
    <time>2025-11-08T23:36:52Z</time>
   </trkpt>
   <trkpt lat="-6.2482410" lon="106.7979690">
    <ele>30.3</ele>
    <time>2025-11-08T23:36:53Z</time>
   </trkpt>
   <trkpt lat="-6.2482310" lon="106.7979740">
    <ele>29.8</ele>
    <time>2025-11-08T23:36:54Z</time>
   </trkpt>
   <trkpt lat="-6.2481900" lon="106.7979750">
    <ele>29.2</ele>
    <time>2025-11-08T23:36:55Z</time>
   </trkpt>
   <trkpt lat="-6.2481710" lon="106.7979390">
    <ele>28.9</ele>
    <time>2025-11-08T23:36:57Z</time>
   </trkpt>
   <trkpt lat="-6.2481460" lon="106.7978990">
    <ele>28.2</ele>
    <time>2025-11-08T23:36:58Z</time>
   </trkpt>
   <trkpt lat="-6.2481300" lon="106.7979000">
    <ele>28.2</ele>
    <time>2025-11-08T23:37:00Z</time>
   </trkpt>
   <trkpt lat="-6.2481150" lon="106.7979070">
    <ele>28.2</ele>
    <time>2025-11-08T23:37:01Z</time>
   </trkpt>
   <trkpt lat="-6.2480990" lon="106.7979140">
    <ele>27.9</ele>
    <time>2025-11-08T23:37:02Z</time>
   </trkpt>
   <trkpt lat="-6.2480830" lon="106.7979180">
    <ele>27.9</ele>
    <time>2025-11-08T23:37:03Z</time>
   </trkpt>
   <trkpt lat="-6.2480500" lon="106.7979270">
    <ele>27.6</ele>
    <time>2025-11-08T23:37:04Z</time>
   </trkpt>
   <trkpt lat="-6.2480360" lon="106.7979300">
    <ele>27.6</ele>
    <time>2025-11-08T23:37:06Z</time>
   </trkpt>
   <trkpt lat="-6.2480200" lon="106.7979340">
    <ele>27.2</ele>
    <time>2025-11-08T23:37:07Z</time>
   </trkpt>
   <trkpt lat="-6.2480130" lon="106.7979470">
    <ele>27.2</ele>
    <time>2025-11-08T23:37:08Z</time>
   </trkpt>
   <trkpt lat="-6.2479950" lon="106.7979560">
    <ele>27.2</ele>
    <time>2025-11-08T23:37:09Z</time>
   </trkpt>
   <trkpt lat="-6.2480010" lon="106.7979720">
    <ele>27.2</ele>
    <time>2025-11-08T23:37:10Z</time>
   </trkpt>
   <trkpt lat="-6.2479950" lon="106.7979810">
    <ele>27.2</ele>
    <time>2025-11-08T23:37:11Z</time>
   </trkpt>
   <trkpt lat="-6.2479720" lon="106.7979830">
    <ele>27.0</ele>
    <time>2025-11-08T23:37:12Z</time>
   </trkpt>
   <trkpt lat="-6.2479360" lon="106.7979880">
    <ele>26.9</ele>
    <time>2025-11-08T23:37:13Z</time>
   </trkpt>
   <trkpt lat="-6.2478920" lon="106.7979990">
    <ele>26.9</ele>
    <time>2025-11-08T23:37:15Z</time>
   </trkpt>
   <trkpt lat="-6.2478720" lon="106.7980040">
    <ele>26.9</ele>
    <time>2025-11-08T23:37:16Z</time>
   </trkpt>
   <trkpt lat="-6.2478490" lon="106.7980080">
    <ele>26.8</ele>
    <time>2025-11-08T23:37:18Z</time>
   </trkpt>
   <trkpt lat="-6.2478060" lon="106.7980150">
    <ele>27.2</ele>
    <time>2025-11-08T23:37:19Z</time>
   </trkpt>
   <trkpt lat="-6.2477620" lon="106.7980150">
    <ele>27.0</ele>
    <time>2025-11-08T23:37:21Z</time>
   </trkpt>
   <trkpt lat="-6.2477410" lon="106.7980130">
    <ele>27.0</ele>
    <time>2025-11-08T23:37:22Z</time>
   </trkpt>
   <trkpt lat="-6.2477180" lon="106.7980080">
    <ele>26.2</ele>
    <time>2025-11-08T23:37:24Z</time>
   </trkpt>
   <trkpt lat="-6.2476930" lon="106.7979820">
    <ele>26.2</ele>
    <time>2025-11-08T23:37:25Z</time>
   </trkpt>
   <trkpt lat="-6.2476710" lon="106.7979650">
    <ele>25.3</ele>
    <time>2025-11-08T23:37:26Z</time>
   </trkpt>
   <trkpt lat="-6.2476280" lon="106.7979560">
    <ele>25.1</ele>
    <time>2025-11-08T23:37:27Z</time>
   </trkpt>
   <trkpt lat="-6.2476070" lon="106.7979520">
    <ele>25.1</ele>
    <time>2025-11-08T23:37:28Z</time>
   </trkpt>
   <trkpt lat="-6.2475830" lon="106.7979460">
    <ele>24.9</ele>
    <time>2025-11-08T23:37:30Z</time>
   </trkpt>
   <trkpt lat="-6.2475440" lon="106.7979000">
    <ele>24.5</ele>
    <time>2025-11-08T23:37:31Z</time>
   </trkpt>
   <trkpt lat="-6.2475210" lon="106.7978820">
    <ele>24.5</ele>
    <time>2025-11-08T23:37:33Z</time>
   </trkpt>
   <trkpt lat="-6.2474830" lon="106.7978540">
    <ele>24.2</ele>
    <time>2025-11-08T23:37:34Z</time>
   </trkpt>
   <trkpt lat="-6.2474470" lon="106.7978180">
    <ele>24.2</ele>
    <time>2025-11-08T23:37:36Z</time>
   </trkpt>
   <trkpt lat="-6.2474300" lon="106.7978000">
    <ele>24.2</ele>
    <time>2025-11-08T23:37:37Z</time>
   </trkpt>
   <trkpt lat="-6.2474130" lon="106.7977770">
    <ele>24.2</ele>
    <time>2025-11-08T23:37:39Z</time>
   </trkpt>
   <trkpt lat="-6.2473920" lon="106.7977410">
    <ele>24.3</ele>
    <time>2025-11-08T23:37:40Z</time>
   </trkpt>
   <trkpt lat="-6.2473860" lon="106.7977280">
    <ele>24.3</ele>
    <time>2025-11-08T23:37:41Z</time>
   </trkpt>
   <trkpt lat="-6.2473670" lon="106.7976940">
    <ele>24.3</ele>
    <time>2025-11-08T23:37:42Z</time>
   </trkpt>
   <trkpt lat="-6.2473600" lon="106.7976830">
    <ele>24.3</ele>
    <time>2025-11-08T23:37:43Z</time>
   </trkpt>
   <trkpt lat="-6.2473410" lon="106.7976520">
    <ele>24.1</ele>
    <time>2025-11-08T23:37:44Z</time>
   </trkpt>
   <trkpt lat="-6.2473330" lon="106.7976430">
    <ele>24.1</ele>
    <time>2025-11-08T23:37:45Z</time>
   </trkpt>
   <trkpt lat="-6.2473120" lon="106.7976130">
    <ele>23.7</ele>
    <time>2025-11-08T23:37:46Z</time>
   </trkpt>
   <trkpt lat="-6.2473050" lon="106.7976030">
    <ele>23.7</ele>
    <time>2025-11-08T23:37:47Z</time>
   </trkpt>
   <trkpt lat="-6.2472870" lon="106.7975750">
    <ele>23.3</ele>
    <time>2025-11-08T23:37:48Z</time>
   </trkpt>
   <trkpt lat="-6.2472810" lon="106.7975660">
    <ele>23.3</ele>
    <time>2025-11-08T23:37:49Z</time>
   </trkpt>
   <trkpt lat="-6.2472690" lon="106.7975490">
    <ele>23.3</ele>
    <time>2025-11-08T23:37:50Z</time>
   </trkpt>
   <trkpt lat="-6.2472520" lon="106.7975500">
    <ele>23.2</ele>
    <time>2025-11-08T23:37:51Z</time>
   </trkpt>
   <trkpt lat="-6.2472160" lon="106.7975470">
    <ele>23.1</ele>
    <time>2025-11-08T23:37:52Z</time>
   </trkpt>
   <trkpt lat="-6.2471800" lon="106.7975440">
    <ele>23.1</ele>
    <time>2025-11-08T23:37:54Z</time>
   </trkpt>
   <trkpt lat="-6.2471680" lon="106.7975440">
    <ele>23.1</ele>
    <time>2025-11-08T23:37:55Z</time>
   </trkpt>
   <trkpt lat="-6.2471350" lon="106.7975390">
    <ele>23.1</ele>
    <time>2025-11-08T23:37:56Z</time>
   </trkpt>
   <trkpt lat="-6.2471230" lon="106.7975360">
    <ele>23.2</ele>
    <time>2025-11-08T23:37:57Z</time>
   </trkpt>
   <trkpt lat="-6.2470820" lon="106.7975290">
    <ele>23.2</ele>
    <time>2025-11-08T23:37:58Z</time>
   </trkpt>
   <trkpt lat="-6.2470380" lon="106.7975240">
    <ele>23.2</ele>
    <time>2025-11-08T23:38:00Z</time>
   </trkpt>
   <trkpt lat="-6.2470160" lon="106.7975230">
    <ele>23.2</ele>
    <time>2025-11-08T23:38:01Z</time>
   </trkpt>
   <trkpt lat="-6.2469910" lon="106.7975260">
    <ele>23.2</ele>
    <time>2025-11-08T23:38:03Z</time>
   </trkpt>
   <trkpt lat="-6.2469370" lon="106.7976210">
    <ele>23.1</ele>
    <time>2025-11-08T23:38:04Z</time>
   </trkpt>
   <trkpt lat="-6.2469070" lon="106.7976770">
    <ele>22.8</ele>
    <time>2025-11-08T23:38:06Z</time>
   </trkpt>
   <trkpt lat="-6.2468570" lon="106.7977620">
    <ele>22.3</ele>
    <time>2025-11-08T23:38:07Z</time>
   </trkpt>
   <trkpt lat="-6.2468310" lon="106.7977960">
    <ele>22.1</ele>
    <time>2025-11-08T23:38:09Z</time>
   </trkpt>
   <trkpt lat="-6.2467880" lon="106.7978360">
    <ele>21.9</ele>
    <time>2025-11-08T23:38:10Z</time>
   </trkpt>
   <trkpt lat="-6.2467660" lon="106.7978560">
    <ele>22.2</ele>
    <time>2025-11-08T23:38:12Z</time>
   </trkpt>
   <trkpt lat="-6.2467260" lon="106.7978870">
    <ele>22.6</ele>
    <time>2025-11-08T23:38:13Z</time>
   </trkpt>
   <trkpt lat="-6.2466890" lon="106.7979140">
    <ele>22.6</ele>
    <time>2025-11-08T23:38:15Z</time>
   </trkpt>
   <trkpt lat="-6.2466840" lon="106.7979410">
    <ele>23.2</ele>
    <time>2025-11-08T23:38:17Z</time>
   </trkpt>
   <trkpt lat="-6.2466800" lon="106.7979490">
    <ele>23.2</ele>
    <time>2025-11-08T23:38:18Z</time>
   </trkpt>
   <trkpt lat="-6.2466510" lon="106.7979740">
    <ele>23.8</ele>
    <time>2025-11-08T23:38:19Z</time>
   </trkpt>
   <trkpt lat="-6.2466160" lon="106.7979980">
    <ele>23.8</ele>
    <time>2025-11-08T23:38:21Z</time>
   </trkpt>
   <trkpt lat="-6.2465980" lon="106.7980090">
    <ele>23.8</ele>
    <time>2025-11-08T23:38:22Z</time>
   </trkpt>
   <trkpt lat="-6.2465840" lon="106.7979900">
    <ele>23.8</ele>
    <time>2025-11-08T23:38:24Z</time>
   </trkpt>
   <trkpt lat="-6.2465460" lon="106.7980040">
    <ele>23.8</ele>
    <time>2025-11-08T23:38:25Z</time>
   </trkpt>
   <trkpt lat="-6.2465050" lon="106.7980200">
    <ele>24.2</ele>
    <time>2025-11-08T23:38:27Z</time>
   </trkpt>
   <trkpt lat="-6.2464850" lon="106.7980280">
    <ele>24.2</ele>
    <time>2025-11-08T23:38:28Z</time>
   </trkpt>
   <trkpt lat="-6.2464690" lon="106.7980320">
    <ele>24.2</ele>
    <time>2025-11-08T23:38:30Z</time>
   </trkpt>
   <trkpt lat="-6.2464340" lon="106.7980420">
    <ele>24.4</ele>
    <time>2025-11-08T23:38:31Z</time>
   </trkpt>
   <trkpt lat="-6.2463920" lon="106.7980530">
    <ele>25.2</ele>
    <time>2025-11-08T23:38:33Z</time>
   </trkpt>
   <trkpt lat="-6.2463710" lon="106.7980590">
    <ele>25.2</ele>
    <time>2025-11-08T23:38:34Z</time>
   </trkpt>
   <trkpt lat="-6.2463550" lon="106.7980670">
    <ele>25.5</ele>
    <time>2025-11-08T23:38:35Z</time>
   </trkpt>
   <trkpt lat="-6.2463310" lon="106.7980830">
    <ele>25.5</ele>
    <time>2025-11-08T23:38:36Z</time>
   </trkpt>
   <trkpt lat="-6.2463200" lon="106.7980880">
    <ele>25.7</ele>
    <time>2025-11-08T23:38:37Z</time>
   </trkpt>
   <trkpt lat="-6.2462780" lon="106.7981050">
    <ele>26.5</ele>
    <time>2025-11-08T23:38:39Z</time>
   </trkpt>
   <trkpt lat="-6.2462580" lon="106.7981140">
    <ele>26.5</ele>
    <time>2025-11-08T23:38:40Z</time>
   </trkpt>
   <trkpt lat="-6.2462350" lon="106.7981230">
    <ele>26.3</ele>
    <time>2025-11-08T23:38:42Z</time>
   </trkpt>
   <trkpt lat="-6.2461970" lon="106.7980990">
    <ele>26.3</ele>
    <time>2025-11-08T23:38:43Z</time>
   </trkpt>
   <trkpt lat="-6.2461740" lon="106.7981020">
    <ele>26.0</ele>
    <time>2025-11-08T23:38:45Z</time>
   </trkpt>
   <trkpt lat="-6.2461300" lon="106.7981110">
    <ele>25.7</ele>
    <time>2025-11-08T23:38:46Z</time>
   </trkpt>
   <trkpt lat="-6.2460860" lon="106.7981190">
    <ele>25.6</ele>
    <time>2025-11-08T23:38:48Z</time>
   </trkpt>
   <trkpt lat="-6.2460610" lon="106.7981230">
    <ele>25.7</ele>
    <time>2025-11-08T23:38:49Z</time>
   </trkpt>
   <trkpt lat="-6.2460400" lon="106.7981280">
    <ele>25.7</ele>
    <time>2025-11-08T23:38:51Z</time>
   </trkpt>
   <trkpt lat="-6.2460000" lon="106.7981380">
    <ele>25.8</ele>
    <time>2025-11-08T23:38:52Z</time>
   </trkpt>
   <trkpt lat="-6.2459580" lon="106.7981450">
    <ele>26.2</ele>
    <time>2025-11-08T23:38:54Z</time>
   </trkpt>
   <trkpt lat="-6.2459370" lon="106.7981480">
    <ele>26.1</ele>
    <time>2025-11-08T23:38:55Z</time>
   </trkpt>
   <trkpt lat="-6.2459140" lon="106.7981510">
    <ele>26.1</ele>
    <time>2025-11-08T23:38:57Z</time>
   </trkpt>
   <trkpt lat="-6.2458720" lon="106.7981530">
    <ele>25.9</ele>
    <time>2025-11-08T23:38:58Z</time>
   </trkpt>
   <trkpt lat="-6.2458270" lon="106.7981560">
    <ele>25.6</ele>
    <time>2025-11-08T23:39:00Z</time>
   </trkpt>
   <trkpt lat="-6.2458050" lon="106.7981580">
    <ele>25.3</ele>
    <time>2025-11-08T23:39:01Z</time>
   </trkpt>
   <trkpt lat="-6.2457840" lon="106.7981620">
    <ele>25.3</ele>
    <time>2025-11-08T23:39:03Z</time>
   </trkpt>
   <trkpt lat="-6.2457530" lon="106.7981650">
    <ele>25.1</ele>
    <time>2025-11-08T23:39:04Z</time>
   </trkpt>
   <trkpt lat="-6.2457420" lon="106.7981650">
    <ele>25.1</ele>
    <time>2025-11-08T23:39:05Z</time>
   </trkpt>
   <trkpt lat="-6.2457050" lon="106.7981630">
    <ele>24.9</ele>
    <time>2025-11-08T23:39:06Z</time>
   </trkpt>
   <trkpt lat="-6.2456870" lon="106.7981590">
    <ele>24.9</ele>
    <time>2025-11-08T23:39:07Z</time>
   </trkpt>
   <trkpt lat="-6.2456700" lon="106.7981480">
    <ele>24.9</ele>
    <time>2025-11-08T23:39:09Z</time>
   </trkpt>
   <trkpt lat="-6.2456420" lon="106.7981300">
    <ele>24.8</ele>
    <time>2025-11-08T23:39:10Z</time>
   </trkpt>
   <trkpt lat="-6.2456330" lon="106.7981200">
    <ele>24.9</ele>
    <time>2025-11-08T23:39:11Z</time>
   </trkpt>
   <trkpt lat="-6.2456180" lon="106.7980950">
    <ele>25.0</ele>
    <time>2025-11-08T23:39:12Z</time>
   </trkpt>
   <trkpt lat="-6.2456070" lon="106.7980620">
    <ele>25.0</ele>
    <time>2025-11-08T23:39:13Z</time>
   </trkpt>
   <trkpt lat="-6.2455900" lon="106.7980310">
    <ele>25.3</ele>
    <time>2025-11-08T23:39:14Z</time>
   </trkpt>
   <trkpt lat="-6.2455860" lon="106.7980180">
    <ele>25.3</ele>
    <time>2025-11-08T23:39:15Z</time>
   </trkpt>
   <trkpt lat="-6.2455800" lon="106.7979900">
    <ele>25.5</ele>
    <time>2025-11-08T23:39:16Z</time>
   </trkpt>
   <trkpt lat="-6.2455760" lon="106.7979860">
    <ele>25.5</ele>
    <time>2025-11-08T23:39:17Z</time>
   </trkpt>
   <trkpt lat="-6.2455730" lon="106.7979810">
    <ele>25.5</ele>
    <time>2025-11-08T23:39:18Z</time>
   </trkpt>
   <trkpt lat="-6.2455670" lon="106.7979420">
    <ele>25.8</ele>
    <time>2025-11-08T23:39:19Z</time>
   </trkpt>
   <trkpt lat="-6.2455490" lon="106.7978400">
    <ele>26.3</ele>
    <time>2025-11-08T23:39:20Z</time>
   </trkpt>
   <trkpt lat="-6.2455360" lon="106.7977870">
    <ele>26.5</ele>
    <time>2025-11-08T23:39:21Z</time>
   </trkpt>
   <trkpt lat="-6.2455240" lon="106.7977440">
    <ele>26.5</ele>
    <time>2025-11-08T23:39:23Z</time>
   </trkpt>
   <trkpt lat="-6.2455130" lon="106.7977090">
    <ele>26.4</ele>
    <time>2025-11-08T23:39:24Z</time>
   </trkpt>
   <trkpt lat="-6.2454990" lon="106.7976840">
    <ele>26.4</ele>
    <time>2025-11-08T23:39:25Z</time>
   </trkpt>
   <trkpt lat="-6.2454780" lon="106.7976540">
    <ele>26.3</ele>
    <time>2025-11-08T23:39:26Z</time>
   </trkpt>
   <trkpt lat="-6.2454710" lon="106.7976440">
    <ele>26.3</ele>
    <time>2025-11-08T23:39:27Z</time>
   </trkpt>
   <trkpt lat="-6.2454360" lon="106.7976190">
    <ele>26.2</ele>
    <time>2025-11-08T23:39:28Z</time>
   </trkpt>
   <trkpt lat="-6.2454080" lon="106.7976150">
    <ele>26.2</ele>
    <time>2025-11-08T23:39:30Z</time>
   </trkpt>
   <trkpt lat="-6.2453990" lon="106.7976150">
    <ele>26.2</ele>
    <time>2025-11-08T23:39:31Z</time>
   </trkpt>
   <trkpt lat="-6.2453850" lon="106.7976200">
    <ele>26.2</ele>
    <time>2025-11-08T23:39:32Z</time>
   </trkpt>
   <trkpt lat="-6.2453710" lon="106.7976330">
    <ele>26.1</ele>
    <time>2025-11-08T23:39:33Z</time>
   </trkpt>
   <trkpt lat="-6.2453470" lon="106.7976680">
    <ele>26.1</ele>
    <time>2025-11-08T23:39:34Z</time>
   </trkpt>
   <trkpt lat="-6.2453380" lon="106.7976810">
    <ele>25.8</ele>
    <time>2025-11-08T23:39:35Z</time>
   </trkpt>
   <trkpt lat="-6.2453120" lon="106.7977050">
    <ele>25.8</ele>
    <time>2025-11-08T23:39:36Z</time>
   </trkpt>
   <trkpt lat="-6.2453020" lon="106.7977120">
    <ele>25.7</ele>
    <time>2025-11-08T23:39:37Z</time>
   </trkpt>
   <trkpt lat="-6.2452750" lon="106.7977330">
    <ele>25.3</ele>
    <time>2025-11-08T23:39:38Z</time>
   </trkpt>
   <trkpt lat="-6.2452610" lon="106.7977410">
    <ele>25.3</ele>
    <time>2025-11-08T23:39:39Z</time>
   </trkpt>
   <trkpt lat="-6.2452470" lon="106.7977470">
    <ele>24.7</ele>
    <time>2025-11-08T23:39:40Z</time>
   </trkpt>
   <trkpt lat="-6.2452310" lon="106.7977520">
    <ele>24.7</ele>
    <time>2025-11-08T23:39:42Z</time>
   </trkpt>
   <trkpt lat="-6.2452070" lon="106.7977590">
    <ele>24.0</ele>
    <time>2025-11-08T23:39:43Z</time>
   </trkpt>
   <trkpt lat="-6.2451920" lon="106.7977640">
    <ele>24.0</ele>
    <time>2025-11-08T23:39:45Z</time>
   </trkpt>
   <trkpt lat="-6.2451800" lon="106.7977650">
    <ele>24.0</ele>
    <time>2025-11-08T23:39:46Z</time>
   </trkpt>
   <trkpt lat="-6.2451690" lon="106.7977650">
    <ele>23.3</ele>
    <time>2025-11-08T23:39:47Z</time>
   </trkpt>
   <trkpt lat="-6.2451560" lon="106.7977690">
    <ele>23.3</ele>
    <time>2025-11-08T23:39:48Z</time>
   </trkpt>
   <trkpt lat="-6.2451310" lon="106.7977740">
    <ele>23.3</ele>
    <time>2025-11-08T23:39:49Z</time>
   </trkpt>
   <trkpt lat="-6.2451170" lon="106.7977790">
    <ele>22.7</ele>
    <time>2025-11-08T23:39:51Z</time>
   </trkpt>
   <trkpt lat="-6.2451060" lon="106.7977880">
    <ele>22.7</ele>
    <time>2025-11-08T23:39:52Z</time>
   </trkpt>
   <trkpt lat="-6.2450930" lon="106.7977960">
    <ele>23.0</ele>
    <time>2025-11-08T23:39:53Z</time>
   </trkpt>
   <trkpt lat="-6.2450760" lon="106.7978070">
    <ele>22.6</ele>
    <time>2025-11-08T23:39:54Z</time>
   </trkpt>
   <trkpt lat="-6.2450710" lon="106.7978100">
    <ele>22.6</ele>
    <time>2025-11-08T23:39:55Z</time>
   </trkpt>
   <trkpt lat="-6.2450650" lon="106.7978120">
    <ele>22.6</ele>
    <time>2025-11-08T23:39:56Z</time>
   </trkpt>
   <trkpt lat="-6.2450590" lon="106.7978140">
    <ele>22.6</ele>
    <time>2025-11-08T23:39:57Z</time>
   </trkpt>
   <trkpt lat="-6.2450460" lon="106.7978200">
    <ele>22.6</ele>
    <time>2025-11-08T23:39:58Z</time>
   </trkpt>
   <trkpt lat="-6.2450330" lon="106.7978250">
    <ele>22.4</ele>
    <time>2025-11-08T23:39:59Z</time>
   </trkpt>
   <trkpt lat="-6.2450110" lon="106.7978290">
    <ele>22.4</ele>
    <time>2025-11-08T23:40:00Z</time>
   </trkpt>
   <trkpt lat="-6.2450040" lon="106.7978270">
    <ele>22.4</ele>
    <time>2025-11-08T23:40:01Z</time>
   </trkpt>
   <trkpt lat="-6.2449960" lon="106.7978250">
    <ele>22.2</ele>
    <time>2025-11-08T23:40:02Z</time>
   </trkpt>
   <trkpt lat="-6.2449850" lon="106.7978270">
    <ele>22.2</ele>
    <time>2025-11-08T23:40:04Z</time>
   </trkpt>
   <trkpt lat="-6.2449740" lon="106.7978300">
    <ele>22.2</ele>
    <time>2025-11-08T23:40:05Z</time>
   </trkpt>
   <trkpt lat="-6.2449620" lon="106.7978320">
    <ele>22.2</ele>
    <time>2025-11-08T23:40:06Z</time>
   </trkpt>
   <trkpt lat="-6.2449420" lon="106.7978370">
    <ele>22.0</ele>
    <time>2025-11-08T23:40:07Z</time>
   </trkpt>
   <trkpt lat="-6.2449340" lon="106.7978400">
    <ele>22.5</ele>
    <time>2025-11-08T23:40:08Z</time>
   </trkpt>
   <trkpt lat="-6.2449260" lon="106.7978420">
    <ele>22.5</ele>
    <time>2025-11-08T23:40:09Z</time>
   </trkpt>
   <trkpt lat="-6.2449020" lon="106.7978460">
    <ele>22.2</ele>
    <time>2025-11-08T23:40:10Z</time>
   </trkpt>
   <trkpt lat="-6.2448910" lon="106.7978480">
    <ele>22.2</ele>
    <time>2025-11-08T23:40:11Z</time>
   </trkpt>
   <trkpt lat="-6.2448790" lon="106.7978500">
    <ele>22.2</ele>
    <time>2025-11-08T23:40:12Z</time>
   </trkpt>
   <trkpt lat="-6.2448590" lon="106.7978600">
    <ele>21.9</ele>
    <time>2025-11-08T23:40:14Z</time>
   </trkpt>
   <trkpt lat="-6.2448530" lon="106.7978650">
    <ele>21.9</ele>
    <time>2025-11-08T23:40:15Z</time>
   </trkpt>
   <trkpt lat="-6.2448410" lon="106.7978700">
    <ele>21.9</ele>
    <time>2025-11-08T23:40:16Z</time>
   </trkpt>
   <trkpt lat="-6.2448280" lon="106.7978740">
    <ele>21.9</ele>
    <time>2025-11-08T23:40:17Z</time>
   </trkpt>
   <trkpt lat="-6.2448180" lon="106.7978760">
    <ele>21.7</ele>
    <time>2025-11-08T23:40:18Z</time>
   </trkpt>
   <trkpt lat="-6.2448010" lon="106.7978910">
    <ele>22.0</ele>
    <time>2025-11-08T23:40:19Z</time>
   </trkpt>
   <trkpt lat="-6.2447940" lon="106.7979050">
    <ele>22.0</ele>
    <time>2025-11-08T23:40:20Z</time>
   </trkpt>
   <trkpt lat="-6.2447870" lon="106.7979180">
    <ele>22.0</ele>
    <time>2025-11-08T23:40:21Z</time>
   </trkpt>
   <trkpt lat="-6.2447670" lon="106.7979550">
    <ele>22.3</ele>
    <time>2025-11-08T23:40:22Z</time>
   </trkpt>
   <trkpt lat="-6.2447460" lon="106.7979760">
    <ele>22.8</ele>
    <time>2025-11-08T23:40:24Z</time>
   </trkpt>
   <trkpt lat="-6.2447380" lon="106.7979820">
    <ele>22.7</ele>
    <time>2025-11-08T23:40:25Z</time>
   </trkpt>
   <trkpt lat="-6.2447210" lon="106.7980110">
    <ele>23.4</ele>
    <time>2025-11-08T23:40:26Z</time>
   </trkpt>
   <trkpt lat="-6.2447210" lon="106.7980310">
    <ele>23.4</ele>
    <time>2025-11-08T23:40:27Z</time>
   </trkpt>
   <trkpt lat="-6.2447070" lon="106.7980600">
    <ele>24.1</ele>
    <time>2025-11-08T23:40:28Z</time>
   </trkpt>
   <trkpt lat="-6.2447000" lon="106.7980650">
    <ele>24.1</ele>
    <time>2025-11-08T23:40:29Z</time>
   </trkpt>
   <trkpt lat="-6.2446860" lon="106.7980740">
    <ele>24.2</ele>
    <time>2025-11-08T23:40:30Z</time>
   </trkpt>
   <trkpt lat="-6.2446720" lon="106.7980830">
    <ele>24.2</ele>
    <time>2025-11-08T23:40:31Z</time>
   </trkpt>
   <trkpt lat="-6.2446570" lon="106.7980900">
    <ele>24.2</ele>
    <time>2025-11-08T23:40:32Z</time>
   </trkpt>
   <trkpt lat="-6.2446770" lon="106.7981700">
    <ele>26.1</ele>
    <time>2025-11-08T23:40:34Z</time>
   </trkpt>
   <trkpt lat="-6.2446790" lon="106.7982070">
    <ele>26.7</ele>
    <time>2025-11-08T23:40:35Z</time>
   </trkpt>
   <trkpt lat="-6.2446710" lon="106.7982250">
    <ele>27.2</ele>
    <time>2025-11-08T23:40:36Z</time>
   </trkpt>
   <trkpt lat="-6.2446600" lon="106.7982370">
    <ele>27.2</ele>
    <time>2025-11-08T23:40:37Z</time>
   </trkpt>
   <trkpt lat="-6.2446470" lon="106.7982450">
    <ele>27.1</ele>
    <time>2025-11-08T23:40:38Z</time>
   </trkpt>
   <trkpt lat="-6.2446300" lon="106.7982490">
    <ele>27.1</ele>
    <time>2025-11-08T23:40:39Z</time>
   </trkpt>
   <trkpt lat="-6.2446280" lon="106.7982650">
    <ele>27.1</ele>
    <time>2025-11-08T23:40:40Z</time>
   </trkpt>
   <trkpt lat="-6.2446220" lon="106.7982770">
    <ele>27.3</ele>
    <time>2025-11-08T23:40:41Z</time>
   </trkpt>
   <trkpt lat="-6.2446110" lon="106.7982870">
    <ele>27.2</ele>
    <time>2025-11-08T23:40:42Z</time>
   </trkpt>
   <trkpt lat="-6.2445990" lon="106.7982950">
    <ele>27.2</ele>
    <time>2025-11-08T23:40:43Z</time>
   </trkpt>
   <trkpt lat="-6.2445860" lon="106.7983030">
    <ele>27.2</ele>
    <time>2025-11-08T23:40:45Z</time>
   </trkpt>
   <trkpt lat="-6.2445720" lon="106.7983090">
    <ele>27.2</ele>
    <time>2025-11-08T23:40:46Z</time>
   </trkpt>
   <trkpt lat="-6.2445650" lon="106.7983280">
    <ele>27.2</ele>
    <time>2025-11-08T23:40:47Z</time>
   </trkpt>
   <trkpt lat="-6.2445610" lon="106.7983350">
    <ele>27.2</ele>
    <time>2025-11-08T23:40:48Z</time>
   </trkpt>
   <trkpt lat="-6.2445560" lon="106.7983420">
    <ele>27.2</ele>
    <time>2025-11-08T23:40:49Z</time>
   </trkpt>
   <trkpt lat="-6.2445440" lon="106.7983500">
    <ele>27.2</ele>
    <time>2025-11-08T23:40:50Z</time>
   </trkpt>
   <trkpt lat="-6.2445290" lon="106.7983560">
    <ele>27.1</ele>
    <time>2025-11-08T23:40:51Z</time>
   </trkpt>
   <trkpt lat="-6.2445170" lon="106.7983490">
    <ele>27.0</ele>
    <time>2025-11-08T23:40:52Z</time>
   </trkpt>
   <trkpt lat="-6.2445070" lon="106.7983420">
    <ele>27.0</ele>
    <time>2025-11-08T23:40:53Z</time>
   </trkpt>
   <trkpt lat="-6.2444940" lon="106.7983370">
    <ele>27.0</ele>
    <time>2025-11-08T23:40:55Z</time>
   </trkpt>
   <trkpt lat="-6.2444800" lon="106.7983320">
    <ele>27.0</ele>
    <time>2025-11-08T23:40:56Z</time>
   </trkpt>
   <trkpt lat="-6.2444640" lon="106.7983310">
    <ele>27.0</ele>
    <time>2025-11-08T23:40:57Z</time>
   </trkpt>
   <trkpt lat="-6.2444490" lon="106.7983310">
    <ele>27.0</ele>
    <time>2025-11-08T23:40:58Z</time>
   </trkpt>
   <trkpt lat="-6.2444350" lon="106.7983120">
    <ele>27.1</ele>
    <time>2025-11-08T23:40:59Z</time>
   </trkpt>
   <trkpt lat="-6.2444200" lon="106.7983040">
    <ele>27.0</ele>
    <time>2025-11-08T23:41:00Z</time>
   </trkpt>
   <trkpt lat="-6.2444070" lon="106.7983020">
    <ele>27.0</ele>
    <time>2025-11-08T23:41:01Z</time>
   </trkpt>
   <trkpt lat="-6.2443940" lon="106.7983050">
    <ele>27.3</ele>
    <time>2025-11-08T23:41:02Z</time>
   </trkpt>
   <trkpt lat="-6.2443790" lon="106.7983080">
    <ele>27.3</ele>
    <time>2025-11-08T23:41:04Z</time>
   </trkpt>
   <trkpt lat="-6.2443620" lon="106.7983120">
    <ele>27.5</ele>
    <time>2025-11-08T23:41:05Z</time>
   </trkpt>
   <trkpt lat="-6.2443450" lon="106.7983050">
    <ele>27.8</ele>
    <time>2025-11-08T23:41:06Z</time>
   </trkpt>
   <trkpt lat="-6.2443290" lon="106.7983000">
    <ele>27.8</ele>
    <time>2025-11-08T23:41:07Z</time>
   </trkpt>
   <trkpt lat="-6.2443130" lon="106.7982940">
    <ele>28.3</ele>
    <time>2025-11-08T23:41:08Z</time>
   </trkpt>
   <trkpt lat="-6.2442960" lon="106.7982930">
    <ele>28.3</ele>
    <time>2025-11-08T23:41:09Z</time>
   </trkpt>
   <trkpt lat="-6.2442830" lon="106.7982960">
    <ele>28.3</ele>
    <time>2025-11-08T23:41:10Z</time>
   </trkpt>
   <trkpt lat="-6.2442480" lon="106.7982840">
    <ele>28.7</ele>
    <time>2025-11-08T23:41:12Z</time>
   </trkpt>
   <trkpt lat="-6.2442300" lon="106.7982680">
    <ele>28.9</ele>
    <time>2025-11-08T23:41:13Z</time>
   </trkpt>
   <trkpt lat="-6.2441940" lon="106.7982510">
    <ele>28.5</ele>
    <time>2025-11-08T23:41:14Z</time>
   </trkpt>
   <trkpt lat="-6.2441810" lon="106.7982470">
    <ele>28.5</ele>
    <time>2025-11-08T23:41:15Z</time>
   </trkpt>
   <trkpt lat="-6.2441540" lon="106.7982420">
    <ele>28.5</ele>
    <time>2025-11-08T23:41:16Z</time>
   </trkpt>
   <trkpt lat="-6.2441230" lon="106.7982380">
    <ele>28.3</ele>
    <time>2025-11-08T23:41:17Z</time>
   </trkpt>
   <trkpt lat="-6.2440830" lon="106.7982340">
    <ele>28.2</ele>
    <time>2025-11-08T23:41:18Z</time>
   </trkpt>
   <trkpt lat="-6.2440670" lon="106.7982320">
    <ele>28.2</ele>
    <time>2025-11-08T23:41:19Z</time>
   </trkpt>
   <trkpt lat="-6.2440380" lon="106.7982290">
    <ele>28.1</ele>
    <time>2025-11-08T23:41:20Z</time>
   </trkpt>
   <trkpt lat="-6.2440120" lon="106.7982250">
    <ele>28.1</ele>
    <time>2025-11-08T23:41:21Z</time>
   </trkpt>
   <trkpt lat="-6.2439820" lon="106.7982230">
    <ele>27.8</ele>
    <time>2025-11-08T23:41:23Z</time>
   </trkpt>
   <trkpt lat="-6.2439500" lon="106.7982220">
    <ele>28.0</ele>
    <time>2025-11-08T23:41:24Z</time>
   </trkpt>
   <trkpt lat="-6.2439290" lon="106.7982040">
    <ele>28.2</ele>
    <time>2025-11-08T23:41:25Z</time>
   </trkpt>
   <trkpt lat="-6.2439080" lon="106.7981670">
    <ele>28.2</ele>
    <time>2025-11-08T23:41:26Z</time>
   </trkpt>
   <trkpt lat="-6.2438760" lon="106.7981410">
    <ele>28.4</ele>
    <time>2025-11-08T23:41:27Z</time>
   </trkpt>
   <trkpt lat="-6.2438320" lon="106.7981200">
    <ele>28.6</ele>
    <time>2025-11-08T23:41:29Z</time>
   </trkpt>
   <trkpt lat="-6.2438160" lon="106.7981130">
    <ele>28.6</ele>
    <time>2025-11-08T23:41:30Z</time>
   </trkpt>
   <trkpt lat="-6.2437990" lon="106.7981060">
    <ele>28.8</ele>
    <time>2025-11-08T23:41:31Z</time>
   </trkpt>
   <trkpt lat="-6.2438060" lon="106.7980350">
    <ele>29.2</ele>
    <time>2025-11-08T23:41:32Z</time>
   </trkpt>
   <trkpt lat="-6.2438070" lon="106.7979850">
    <ele>29.5</ele>
    <time>2025-11-08T23:41:33Z</time>
   </trkpt>
   <trkpt lat="-6.2433740" lon="106.7979200">
    <ele>29.2</ele>
    <time>2025-11-08T23:42:08Z</time>
   </trkpt>
   <trkpt lat="-6.2433390" lon="106.7979700">
    <ele>28.6</ele>
    <time>2025-11-08T23:42:14Z</time>
   </trkpt>
   <trkpt lat="-6.2433030" lon="106.7980210">
    <ele>28.0</ele>
    <time>2025-11-08T23:42:15Z</time>
   </trkpt>
   <trkpt lat="-6.2432870" lon="106.7980280">
    <ele>28.0</ele>
    <time>2025-11-08T23:42:16Z</time>
   </trkpt>
   <trkpt lat="-6.2432710" lon="106.7980270">
    <ele>28.0</ele>
    <time>2025-11-08T23:42:18Z</time>
   </trkpt>
   <trkpt lat="-6.2432590" lon="106.7980250">
    <ele>28.0</ele>
    <time>2025-11-08T23:42:19Z</time>
   </trkpt>
   <trkpt lat="-6.2432410" lon="106.7980220">
    <ele>28.1</ele>
    <time>2025-11-08T23:42:20Z</time>
   </trkpt>
   <trkpt lat="-6.2432410" lon="106.7980490">
    <ele>28.1</ele>
    <time>2025-11-08T23:42:21Z</time>
   </trkpt>
   <trkpt lat="-6.2432330" lon="106.7980760">
    <ele>27.6</ele>
    <time>2025-11-08T23:42:22Z</time>
   </trkpt>
   <trkpt lat="-6.2432070" lon="106.7981090">
    <ele>26.8</ele>
    <time>2025-11-08T23:42:24Z</time>
   </trkpt>
   <trkpt lat="-6.2431990" lon="106.7981180">
    <ele>27.0</ele>
    <time>2025-11-08T23:42:25Z</time>
   </trkpt>
   <trkpt lat="-6.2431900" lon="106.7981260">
    <ele>27.0</ele>
    <time>2025-11-08T23:42:26Z</time>
   </trkpt>
   <trkpt lat="-6.2431750" lon="106.7981360">
    <ele>27.0</ele>
    <time>2025-11-08T23:42:27Z</time>
   </trkpt>
   <trkpt lat="-6.2431610" lon="106.7981320">
    <ele>27.3</ele>
    <time>2025-11-08T23:42:28Z</time>
   </trkpt>
   <trkpt lat="-6.2431470" lon="106.7981350">
    <ele>27.3</ele>
    <time>2025-11-08T23:42:29Z</time>
   </trkpt>
   <trkpt lat="-6.2431310" lon="106.7981430">
    <ele>26.7</ele>
    <time>2025-11-08T23:42:30Z</time>
   </trkpt>
   <trkpt lat="-6.2431070" lon="106.7981570">
    <ele>26.9</ele>
    <time>2025-11-08T23:42:31Z</time>
   </trkpt>
   <trkpt lat="-6.2430990" lon="106.7981630">
    <ele>26.9</ele>
    <time>2025-11-08T23:42:32Z</time>
   </trkpt>
   <trkpt lat="-6.2430850" lon="106.7981750">
    <ele>26.9</ele>
    <time>2025-11-08T23:42:33Z</time>
   </trkpt>
   <trkpt lat="-6.2431410" lon="106.7982710">
    <ele>24.8</ele>
    <time>2025-11-08T23:42:35Z</time>
   </trkpt>
   <trkpt lat="-6.2431490" lon="106.7983110">
    <ele>24.4</ele>
    <time>2025-11-08T23:42:36Z</time>
   </trkpt>
   <trkpt lat="-6.2431280" lon="106.7983600">
    <ele>24.2</ele>
    <time>2025-11-08T23:42:37Z</time>
   </trkpt>
   <trkpt lat="-6.2431200" lon="106.7983820">
    <ele>24.4</ele>
    <time>2025-11-08T23:42:39Z</time>
   </trkpt>
   <trkpt lat="-6.2430840" lon="106.7984050">
    <ele>24.5</ele>
    <time>2025-11-08T23:42:40Z</time>
   </trkpt>
   <trkpt lat="-6.2430930" lon="106.7984350">
    <ele>24.5</ele>
    <time>2025-11-08T23:42:41Z</time>
   </trkpt>
   <trkpt lat="-6.2430280" lon="106.7984440">
    <ele>25.5</ele>
    <time>2025-11-08T23:42:43Z</time>
   </trkpt>
   <trkpt lat="-6.2429940" lon="106.7984450">
    <ele>25.5</ele>
    <time>2025-11-08T23:42:44Z</time>
   </trkpt>
   <trkpt lat="-6.2429600" lon="106.7984460">
    <ele>26.1</ele>
    <time>2025-11-08T23:42:45Z</time>
   </trkpt>
   <trkpt lat="-6.2429250" lon="106.7984610">
    <ele>26.8</ele>
    <time>2025-11-08T23:42:46Z</time>
   </trkpt>
   <trkpt lat="-6.2429090" lon="106.7984690">
    <ele>26.8</ele>
    <time>2025-11-08T23:42:47Z</time>
   </trkpt>
   <trkpt lat="-6.2428830" lon="106.7984760">
    <ele>27.3</ele>
    <time>2025-11-08T23:42:49Z</time>
   </trkpt>
   <trkpt lat="-6.2428550" lon="106.7984810">
    <ele>27.7</ele>
    <time>2025-11-08T23:42:50Z</time>
   </trkpt>
   <trkpt lat="-6.2427970" lon="106.7984900">
    <ele>27.5</ele>
    <time>2025-11-08T23:42:51Z</time>
   </trkpt>
   <trkpt lat="-6.2427450" lon="106.7984770">
    <ele>27.8</ele>
    <time>2025-11-08T23:42:53Z</time>
   </trkpt>
   <trkpt lat="-6.2426860" lon="106.7984560">
    <ele>27.8</ele>
    <time>2025-11-08T23:42:54Z</time>
   </trkpt>
   <trkpt lat="-6.2426030" lon="106.7984380">
    <ele>28.5</ele>
    <time>2025-11-08T23:42:55Z</time>
   </trkpt>
   <trkpt lat="-6.2425620" lon="106.7984310">
    <ele>28.5</ele>
    <time>2025-11-08T23:42:57Z</time>
   </trkpt>
   <trkpt lat="-6.2425300" lon="106.7984300">
    <ele>28.5</ele>
    <time>2025-11-08T23:42:58Z</time>
   </trkpt>
   <trkpt lat="-6.2424810" lon="106.7984330">
    <ele>28.0</ele>
    <time>2025-11-08T23:42:59Z</time>
   </trkpt>
   <trkpt lat="-6.2424460" lon="106.7984180">
    <ele>28.0</ele>
    <time>2025-11-08T23:43:01Z</time>
   </trkpt>
   <trkpt lat="-6.2423910" lon="106.7984040">
    <ele>27.4</ele>
    <time>2025-11-08T23:43:02Z</time>
   </trkpt>
   <trkpt lat="-6.2423680" lon="106.7983960">
    <ele>27.3</ele>
    <time>2025-11-08T23:43:03Z</time>
   </trkpt>
   <trkpt lat="-6.2423270" lon="106.7983760">
    <ele>27.3</ele>
    <time>2025-11-08T23:43:05Z</time>
   </trkpt>
   <trkpt lat="-6.2423070" lon="106.7983680">
    <ele>27.3</ele>
    <time>2025-11-08T23:43:06Z</time>
   </trkpt>
   <trkpt lat="-6.2422840" lon="106.7983660">
    <ele>27.3</ele>
    <time>2025-11-08T23:43:08Z</time>
   </trkpt>
   <trkpt lat="-6.2422430" lon="106.7983430">
    <ele>27.3</ele>
    <time>2025-11-08T23:43:09Z</time>
   </trkpt>
   <trkpt lat="-6.2422230" lon="106.7983280">
    <ele>27.3</ele>
    <time>2025-11-08T23:43:10Z</time>
   </trkpt>
   <trkpt lat="-6.2422030" lon="106.7983090">
    <ele>27.3</ele>
    <time>2025-11-08T23:43:11Z</time>
   </trkpt>
   <trkpt lat="-6.2421860" lon="106.7982860">
    <ele>27.3</ele>
    <time>2025-11-08T23:43:13Z</time>
   </trkpt>
   <trkpt lat="-6.2421570" lon="106.7983330">
    <ele>27.3</ele>
    <time>2025-11-08T23:43:14Z</time>
   </trkpt>
   <trkpt lat="-6.2421380" lon="106.7983380">
    <ele>27.3</ele>
    <time>2025-11-08T23:43:16Z</time>
   </trkpt>
   <trkpt lat="-6.2420990" lon="106.7983180">
    <ele>27.3</ele>
    <time>2025-11-08T23:43:17Z</time>
   </trkpt>
   <trkpt lat="-6.2420790" lon="106.7983060">
    <ele>27.3</ele>
    <time>2025-11-08T23:43:18Z</time>
   </trkpt>
   <trkpt lat="-6.2420590" lon="106.7982830">
    <ele>27.3</ele>
    <time>2025-11-08T23:43:20Z</time>
   </trkpt>
   <trkpt lat="-6.2420560" lon="106.7983510">
    <ele>27.3</ele>
    <time>2025-11-08T23:43:21Z</time>
   </trkpt>
   <trkpt lat="-6.2420250" lon="106.7984060">
    <ele>27.3</ele>
    <time>2025-11-08T23:43:22Z</time>
   </trkpt>
   <trkpt lat="-6.2420000" lon="106.7984040">
    <ele>27.3</ele>
    <time>2025-11-08T23:43:24Z</time>
   </trkpt>
   <trkpt lat="-6.2419680" lon="106.7983850">
    <ele>27.3</ele>
    <time>2025-11-08T23:43:25Z</time>
   </trkpt>
   <trkpt lat="-6.2419570" lon="106.7983780">
    <ele>27.3</ele>
    <time>2025-11-08T23:43:26Z</time>
   </trkpt>
   <trkpt lat="-6.2419350" lon="106.7984150">
    <ele>27.3</ele>
    <time>2025-11-08T23:43:27Z</time>
   </trkpt>
   <trkpt lat="-6.2419270" lon="106.7984300">
    <ele>27.2</ele>
    <time>2025-11-08T23:43:28Z</time>
   </trkpt>
   <trkpt lat="-6.2418870" lon="106.7984160">
    <ele>27.2</ele>
    <time>2025-11-08T23:43:29Z</time>
   </trkpt>
   <trkpt lat="-6.2418660" lon="106.7984010">
    <ele>27.2</ele>
    <time>2025-11-08T23:43:30Z</time>
   </trkpt>
   <trkpt lat="-6.2418430" lon="106.7983850">
    <ele>27.2</ele>
    <time>2025-11-08T23:43:32Z</time>
   </trkpt>
   <trkpt lat="-6.2418240" lon="106.7983670">
    <ele>27.2</ele>
    <time>2025-11-08T23:43:33Z</time>
   </trkpt>
   <trkpt lat="-6.2417960" lon="106.7984080">
    <ele>27.2</ele>
    <time>2025-11-08T23:43:34Z</time>
   </trkpt>
   <trkpt lat="-6.2417790" lon="106.7984090">
    <ele>27.2</ele>
    <time>2025-11-08T23:43:36Z</time>
   </trkpt>
   <trkpt lat="-6.2417500" lon="106.7983920">
    <ele>27.2</ele>
    <time>2025-11-08T23:43:37Z</time>
   </trkpt>
   <trkpt lat="-6.2417400" lon="106.7983850">
    <ele>27.2</ele>
    <time>2025-11-08T23:43:38Z</time>
   </trkpt>
   <trkpt lat="-6.2417100" lon="106.7983680">
    <ele>27.2</ele>
    <time>2025-11-08T23:43:39Z</time>
   </trkpt>
   <trkpt lat="-6.2417000" lon="106.7983640">
    <ele>27.2</ele>
    <time>2025-11-08T23:43:40Z</time>
   </trkpt>
   <trkpt lat="-6.2416760" lon="106.7983970">
    <ele>27.2</ele>
    <time>2025-11-08T23:43:41Z</time>
   </trkpt>
   <trkpt lat="-6.2416330" lon="106.7983980">
    <ele>27.2</ele>
    <time>2025-11-08T23:43:42Z</time>
   </trkpt>
   <trkpt lat="-6.2416010" lon="106.7983840">
    <ele>27.2</ele>
    <time>2025-11-08T23:43:44Z</time>
   </trkpt>
   <trkpt lat="-6.2415900" lon="106.7983800">
    <ele>27.2</ele>
    <time>2025-11-08T23:43:45Z</time>
   </trkpt>
   <trkpt lat="-6.2415490" lon="106.7983700">
    <ele>27.1</ele>
    <time>2025-11-08T23:43:46Z</time>
   </trkpt>
   <trkpt lat="-6.2415280" lon="106.7983700">
    <ele>27.1</ele>
    <time>2025-11-08T23:43:47Z</time>
   </trkpt>
   <trkpt lat="-6.2415070" lon="106.7983660">
    <ele>27.1</ele>
    <time>2025-11-08T23:43:49Z</time>
   </trkpt>
   <trkpt lat="-6.2414700" lon="106.7983520">
    <ele>27.1</ele>
    <time>2025-11-08T23:43:50Z</time>
   </trkpt>
   <trkpt lat="-6.2414500" lon="106.7983420">
    <ele>27.1</ele>
    <time>2025-11-08T23:43:51Z</time>
   </trkpt>
   <trkpt lat="-6.2414320" lon="106.7983310">
    <ele>27.1</ele>
    <time>2025-11-08T23:43:53Z</time>
   </trkpt>
   <trkpt lat="-6.2414040" lon="106.7983170">
    <ele>27.1</ele>
    <time>2025-11-08T23:43:54Z</time>
   </trkpt>
   <trkpt lat="-6.2413950" lon="106.7983120">
    <ele>27.1</ele>
    <time>2025-11-08T23:43:55Z</time>
   </trkpt>
   <trkpt lat="-6.2413680" lon="106.7982970">
    <ele>27.1</ele>
    <time>2025-11-08T23:43:56Z</time>
   </trkpt>
   <trkpt lat="-6.2413580" lon="106.7982920">
    <ele>27.1</ele>
    <time>2025-11-08T23:43:57Z</time>
   </trkpt>
   <trkpt lat="-6.2413220" lon="106.7982810">
    <ele>27.1</ele>
    <time>2025-11-08T23:43:58Z</time>
   </trkpt>
   <trkpt lat="-6.2413050" lon="106.7982800">
    <ele>27.1</ele>
    <time>2025-11-08T23:43:59Z</time>
   </trkpt>
   <trkpt lat="-6.2412800" lon="106.7982990">
    <ele>27.1</ele>
    <time>2025-11-08T23:44:01Z</time>
   </trkpt>
   <trkpt lat="-6.2412480" lon="106.7982990">
    <ele>27.1</ele>
    <time>2025-11-08T23:44:02Z</time>
   </trkpt>
   <trkpt lat="-6.2412380" lon="106.7982970">
    <ele>27.1</ele>
    <time>2025-11-08T23:44:03Z</time>
   </trkpt>
   <trkpt lat="-6.2412060" lon="106.7982880">
    <ele>27.1</ele>
    <time>2025-11-08T23:44:04Z</time>
   </trkpt>
   <trkpt lat="-6.2411950" lon="106.7982850">
    <ele>27.1</ele>
    <time>2025-11-08T23:44:05Z</time>
   </trkpt>
   <trkpt lat="-6.2411570" lon="106.7983100">
    <ele>27.1</ele>
    <time>2025-11-08T23:44:06Z</time>
   </trkpt>
   <trkpt lat="-6.2411400" lon="106.7983430">
    <ele>27.1</ele>
    <time>2025-11-08T23:44:07Z</time>
   </trkpt>
   <trkpt lat="-6.2411120" lon="106.7983710">
    <ele>27.1</ele>
    <time>2025-11-08T23:44:08Z</time>
   </trkpt>
   <trkpt lat="-6.2410870" lon="106.7983820">
    <ele>27.1</ele>
    <time>2025-11-08T23:44:09Z</time>
   </trkpt>
   <trkpt lat="-6.2410530" lon="106.7983760">
    <ele>27.1</ele>
    <time>2025-11-08T23:44:10Z</time>
   </trkpt>
   <trkpt lat="-6.2410410" lon="106.7983730">
    <ele>27.1</ele>
    <time>2025-11-08T23:44:11Z</time>
   </trkpt>
   <trkpt lat="-6.2410100" lon="106.7983770">
    <ele>27.1</ele>
    <time>2025-11-08T23:44:12Z</time>
   </trkpt>
   <trkpt lat="-6.2409990" lon="106.7983920">
    <ele>27.1</ele>
    <time>2025-11-08T23:44:13Z</time>
   </trkpt>
   <trkpt lat="-6.2409780" lon="106.7983990">
    <ele>27.1</ele>
    <time>2025-11-08T23:44:14Z</time>
   </trkpt>
   <trkpt lat="-6.2409630" lon="106.7983940">
    <ele>27.1</ele>
    <time>2025-11-08T23:44:15Z</time>
   </trkpt>
   <trkpt lat="-6.2409420" lon="106.7983770">
    <ele>27.1</ele>
    <time>2025-11-08T23:44:16Z</time>
   </trkpt>
   <trkpt lat="-6.2409320" lon="106.7983630">
    <ele>27.1</ele>
    <time>2025-11-08T23:44:18Z</time>
   </trkpt>
   <trkpt lat="-6.2409210" lon="106.7983510">
    <ele>27.1</ele>
    <time>2025-11-08T23:44:19Z</time>
   </trkpt>
   <trkpt lat="-6.2409100" lon="106.7983400">
    <ele>27.1</ele>
    <time>2025-11-08T23:44:20Z</time>
   </trkpt>
   <trkpt lat="-6.2408990" lon="106.7983310">
    <ele>27.1</ele>
    <time>2025-11-08T23:44:21Z</time>
   </trkpt>
   <trkpt lat="-6.2408870" lon="106.7983230">
    <ele>27.1</ele>
    <time>2025-11-08T23:44:22Z</time>
   </trkpt>
   <trkpt lat="-6.2408750" lon="106.7983170">
    <ele>27.1</ele>
    <time>2025-11-08T23:44:23Z</time>
   </trkpt>
   <trkpt lat="-6.2408520" lon="106.7983260">
    <ele>27.1</ele>
    <time>2025-11-08T23:44:24Z</time>
   </trkpt>
   <trkpt lat="-6.2408420" lon="106.7983360">
    <ele>27.1</ele>
    <time>2025-11-08T23:44:25Z</time>
   </trkpt>
   <trkpt lat="-6.2408320" lon="106.7983470">
    <ele>27.1</ele>
    <time>2025-11-08T23:44:26Z</time>
   </trkpt>
   <trkpt lat="-6.2408460" lon="106.7983730">
    <ele>27.1</ele>
    <time>2025-11-08T23:44:27Z</time>
   </trkpt>
   <trkpt lat="-6.2408430" lon="106.7983730">
    <ele>27.1</ele>
    <time>2025-11-08T23:44:28Z</time>
   </trkpt>
   <trkpt lat="-6.2408260" lon="106.7983670">
    <ele>27.1</ele>
    <time>2025-11-08T23:44:29Z</time>
   </trkpt>
   <trkpt lat="-6.2408160" lon="106.7983710">
    <ele>27.1</ele>
    <time>2025-11-08T23:44:31Z</time>
   </trkpt>
   <trkpt lat="-6.2408040" lon="106.7983760">
    <ele>27.1</ele>
    <time>2025-11-08T23:44:32Z</time>
   </trkpt>
   <trkpt lat="-6.2407930" lon="106.7983950">
    <ele>27.1</ele>
    <time>2025-11-08T23:44:33Z</time>
   </trkpt>
   <trkpt lat="-6.2407710" lon="106.7983980">
    <ele>27.1</ele>
    <time>2025-11-08T23:44:34Z</time>
   </trkpt>
   <trkpt lat="-6.2407620" lon="106.7983960">
    <ele>27.1</ele>
    <time>2025-11-08T23:44:35Z</time>
   </trkpt>
   <trkpt lat="-6.2407530" lon="106.7983940">
    <ele>27.1</ele>
    <time>2025-11-08T23:44:36Z</time>
   </trkpt>
   <trkpt lat="-6.2407390" lon="106.7983900">
    <ele>27.1</ele>
    <time>2025-11-08T23:44:37Z</time>
   </trkpt>
   <trkpt lat="-6.2407260" lon="106.7983850">
    <ele>27.1</ele>
    <time>2025-11-08T23:44:38Z</time>
   </trkpt>
   <trkpt lat="-6.2407050" lon="106.7983780">
    <ele>27.1</ele>
    <time>2025-11-08T23:44:39Z</time>
   </trkpt>
   <trkpt lat="-6.2406960" lon="106.7983730">
    <ele>27.1</ele>
    <time>2025-11-08T23:44:40Z</time>
   </trkpt>
   <trkpt lat="-6.2406750" lon="106.7983650">
    <ele>27.1</ele>
    <time>2025-11-08T23:44:41Z</time>
   </trkpt>
   <trkpt lat="-6.2406660" lon="106.7983620">
    <ele>27.1</ele>
    <time>2025-11-08T23:44:42Z</time>
   </trkpt>
   <trkpt lat="-6.2406570" lon="106.7983600">
    <ele>27.1</ele>
    <time>2025-11-08T23:44:43Z</time>
   </trkpt>
   <trkpt lat="-6.2406430" lon="106.7983580">
    <ele>27.1</ele>
    <time>2025-11-08T23:44:44Z</time>
   </trkpt>
   <trkpt lat="-6.2406290" lon="106.7983630">
    <ele>27.1</ele>
    <time>2025-11-08T23:44:45Z</time>
   </trkpt>
   <trkpt lat="-6.2406120" lon="106.7983720">
    <ele>27.1</ele>
    <time>2025-11-08T23:44:46Z</time>
   </trkpt>
   <trkpt lat="-6.2406030" lon="106.7983780">
    <ele>27.1</ele>
    <time>2025-11-08T23:44:47Z</time>
   </trkpt>
   <trkpt lat="-6.2405920" lon="106.7983820">
    <ele>27.1</ele>
    <time>2025-11-08T23:44:48Z</time>
   </trkpt>
   <trkpt lat="-6.2405690" lon="106.7983840">
    <ele>27.1</ele>
    <time>2025-11-08T23:44:49Z</time>
   </trkpt>
   <trkpt lat="-6.2405610" lon="106.7983870">
    <ele>27.1</ele>
    <time>2025-11-08T23:44:51Z</time>
   </trkpt>
   <trkpt lat="-6.2405590" lon="106.7983900">
    <ele>27.2</ele>
    <time>2025-11-08T23:44:52Z</time>
   </trkpt>
   <trkpt lat="-6.2405580" lon="106.7984000">
    <ele>27.2</ele>
    <time>2025-11-08T23:44:53Z</time>
   </trkpt>
   <trkpt lat="-6.2405520" lon="106.7983980">
    <ele>27.2</ele>
    <time>2025-11-08T23:44:54Z</time>
   </trkpt>
   <trkpt lat="-6.2405430" lon="106.7983940">
    <ele>27.2</ele>
    <time>2025-11-08T23:44:55Z</time>
   </trkpt>
   <trkpt lat="-6.2405280" lon="106.7983920">
    <ele>27.2</ele>
    <time>2025-11-08T23:44:56Z</time>
   </trkpt>
   <trkpt lat="-6.2405090" lon="106.7983940">
    <ele>27.2</ele>
    <time>2025-11-08T23:44:57Z</time>
   </trkpt>
   <trkpt lat="-6.2404950" lon="106.7983950">
    <ele>27.2</ele>
    <time>2025-11-08T23:44:58Z</time>
   </trkpt>
   <trkpt lat="-6.2404780" lon="106.7983940">
    <ele>27.2</ele>
    <time>2025-11-08T23:44:59Z</time>
   </trkpt>
   <trkpt lat="-6.2404480" lon="106.7983900">
    <ele>27.2</ele>
    <time>2025-11-08T23:45:00Z</time>
   </trkpt>
   <trkpt lat="-6.2404240" lon="106.7983850">
    <ele>27.2</ele>
    <time>2025-11-08T23:45:01Z</time>
   </trkpt>
   <trkpt lat="-6.2404130" lon="106.7983840">
    <ele>27.2</ele>
    <time>2025-11-08T23:45:03Z</time>
   </trkpt>
   <trkpt lat="-6.2404020" lon="106.7983820">
    <ele>27.2</ele>
    <time>2025-11-08T23:45:04Z</time>
   </trkpt>
   <trkpt lat="-6.2403910" lon="106.7983810">
    <ele>27.2</ele>
    <time>2025-11-08T23:45:05Z</time>
   </trkpt>
   <trkpt lat="-6.2403800" lon="106.7983790">
    <ele>27.2</ele>
    <time>2025-11-08T23:45:06Z</time>
   </trkpt>
   <trkpt lat="-6.2403670" lon="106.7983800">
    <ele>27.2</ele>
    <time>2025-11-08T23:45:07Z</time>
   </trkpt>
   <trkpt lat="-6.2403530" lon="106.7983800">
    <ele>27.2</ele>
    <time>2025-11-08T23:45:08Z</time>
   </trkpt>
   <trkpt lat="-6.2403320" lon="106.7983780">
    <ele>27.3</ele>
    <time>2025-11-08T23:45:09Z</time>
   </trkpt>
   <trkpt lat="-6.2403230" lon="106.7983770">
    <ele>27.3</ele>
    <time>2025-11-08T23:45:10Z</time>
   </trkpt>
   <trkpt lat="-6.2403140" lon="106.7983760">
    <ele>27.3</ele>
    <time>2025-11-08T23:45:11Z</time>
   </trkpt>
   <trkpt lat="-6.2402950" lon="106.7983790">
    <ele>27.3</ele>
    <time>2025-11-08T23:45:12Z</time>
   </trkpt>
   <trkpt lat="-6.2402870" lon="106.7983800">
    <ele>27.3</ele>
    <time>2025-11-08T23:45:13Z</time>
   </trkpt>
   <trkpt lat="-6.2402790" lon="106.7983810">
    <ele>27.3</ele>
    <time>2025-11-08T23:45:14Z</time>
   </trkpt>
   <trkpt lat="-6.2402580" lon="106.7983820">
    <ele>27.3</ele>
    <time>2025-11-08T23:45:15Z</time>
   </trkpt>
   <trkpt lat="-6.2402490" lon="106.7983810">
    <ele>27.3</ele>
    <time>2025-11-08T23:45:16Z</time>
   </trkpt>
   <trkpt lat="-6.2402410" lon="106.7983810">
    <ele>27.3</ele>
    <time>2025-11-08T23:45:17Z</time>
   </trkpt>
   <trkpt lat="-6.2402280" lon="106.7983790">
    <ele>27.3</ele>
    <time>2025-11-08T23:45:18Z</time>
   </trkpt>
   <trkpt lat="-6.2402100" lon="106.7983870">
    <ele>27.3</ele>
    <time>2025-11-08T23:45:19Z</time>
   </trkpt>
   <trkpt lat="-6.2401950" lon="106.7983910">
    <ele>27.3</ele>
    <time>2025-11-08T23:45:20Z</time>
   </trkpt>
   <trkpt lat="-6.2401810" lon="106.7983910">
    <ele>27.3</ele>
    <time>2025-11-08T23:45:21Z</time>
   </trkpt>
   <trkpt lat="-6.2401560" lon="106.7983870">
    <ele>27.3</ele>
    <time>2025-11-08T23:45:22Z</time>
   </trkpt>
   <trkpt lat="-6.2401420" lon="106.7983850">
    <ele>27.3</ele>
    <time>2025-11-08T23:45:24Z</time>
   </trkpt>
   <trkpt lat="-6.2401080" lon="106.7984080">
    <ele>27.3</ele>
    <time>2025-11-08T23:45:25Z</time>
   </trkpt>
   <trkpt lat="-6.2400940" lon="106.7984120">
    <ele>27.3</ele>
    <time>2025-11-08T23:45:26Z</time>
   </trkpt>
   <trkpt lat="-6.2400780" lon="106.7984110">
    <ele>27.3</ele>
    <time>2025-11-08T23:45:28Z</time>
   </trkpt>
   <trkpt lat="-6.2400630" lon="106.7984120">
    <ele>27.3</ele>
    <time>2025-11-08T23:45:29Z</time>
   </trkpt>
   <trkpt lat="-6.2400460" lon="106.7984170">
    <ele>27.3</ele>
    <time>2025-11-08T23:45:30Z</time>
   </trkpt>
   <trkpt lat="-6.2400140" lon="106.7984230">
    <ele>27.3</ele>
    <time>2025-11-08T23:45:31Z</time>
   </trkpt>
   <trkpt lat="-6.2400010" lon="106.7984260">
    <ele>27.3</ele>
    <time>2025-11-08T23:45:32Z</time>
   </trkpt>
   <trkpt lat="-6.2399510" lon="106.7984310">
    <ele>27.3</ele>
    <time>2025-11-08T23:45:33Z</time>
   </trkpt>
   <trkpt lat="-6.2399270" lon="106.7984260">
    <ele>27.3</ele>
    <time>2025-11-08T23:45:34Z</time>
   </trkpt>
   <trkpt lat="-6.2399060" lon="106.7984120">
    <ele>27.3</ele>
    <time>2025-11-08T23:45:36Z</time>
   </trkpt>
   <trkpt lat="-6.2398820" lon="106.7983440">
    <ele>27.4</ele>
    <time>2025-11-08T23:45:37Z</time>
   </trkpt>
   <trkpt lat="-6.2398890" lon="106.7982780">
    <ele>27.4</ele>
    <time>2025-11-08T23:45:39Z</time>
   </trkpt>
   <trkpt lat="-6.2398930" lon="106.7982410">
    <ele>27.4</ele>
    <time>2025-11-08T23:45:40Z</time>
   </trkpt>
   <trkpt lat="-6.2399040" lon="106.7981900">
    <ele>27.2</ele>
    <time>2025-11-08T23:45:41Z</time>
   </trkpt>
   <trkpt lat="-6.2399050" lon="106.7981650">
    <ele>27.2</ele>
    <time>2025-11-08T23:45:43Z</time>
   </trkpt>
   <trkpt lat="-6.2398910" lon="106.7981350">
    <ele>27.1</ele>
    <time>2025-11-08T23:45:44Z</time>
   </trkpt>
   <trkpt lat="-6.2398860" lon="106.7981240">
    <ele>27.1</ele>
    <time>2025-11-08T23:45:45Z</time>
   </trkpt>
   <trkpt lat="-6.2398660" lon="106.7980940">
    <ele>26.4</ele>
    <time>2025-11-08T23:45:46Z</time>
   </trkpt>
   <trkpt lat="-6.2398570" lon="106.7980870">
    <ele>26.4</ele>
    <time>2025-11-08T23:45:47Z</time>
   </trkpt>
   <trkpt lat="-6.2398270" lon="106.7980710">
    <ele>26.3</ele>
    <time>2025-11-08T23:45:48Z</time>
   </trkpt>
   <trkpt lat="-6.2398170" lon="106.7980660">
    <ele>26.4</ele>
    <time>2025-11-08T23:45:49Z</time>
   </trkpt>
   <trkpt lat="-6.2397870" lon="106.7980570">
    <ele>26.3</ele>
    <time>2025-11-08T23:45:50Z</time>
   </trkpt>
   <trkpt lat="-6.2397780" lon="106.7980550">
    <ele>26.3</ele>
    <time>2025-11-08T23:45:51Z</time>
   </trkpt>
   <trkpt lat="-6.2397430" lon="106.7980430">
    <ele>26.1</ele>
    <time>2025-11-08T23:45:52Z</time>
   </trkpt>
   <trkpt lat="-6.2397330" lon="106.7980450">
    <ele>26.1</ele>
    <time>2025-11-08T23:45:53Z</time>
   </trkpt>
   <trkpt lat="-6.2397150" lon="106.7980460">
    <ele>26.1</ele>
    <time>2025-11-08T23:45:54Z</time>
   </trkpt>
   <trkpt lat="-6.2396830" lon="106.7980520">
    <ele>26.1</ele>
    <time>2025-11-08T23:45:55Z</time>
   </trkpt>
   <trkpt lat="-6.2396720" lon="106.7980550">
    <ele>26.4</ele>
    <time>2025-11-08T23:45:56Z</time>
   </trkpt>
   <trkpt lat="-6.2396470" lon="106.7981100">
    <ele>26.8</ele>
    <time>2025-11-08T23:45:57Z</time>
   </trkpt>
   <trkpt lat="-6.2396420" lon="106.7981460">
    <ele>27.1</ele>
    <time>2025-11-08T23:45:59Z</time>
   </trkpt>
   <trkpt lat="-6.2396230" lon="106.7981880">
    <ele>27.6</ele>
    <time>2025-11-08T23:46:00Z</time>
   </trkpt>
   <trkpt lat="-6.2396090" lon="106.7982050">
    <ele>27.7</ele>
    <time>2025-11-08T23:46:02Z</time>
   </trkpt>
   <trkpt lat="-6.2395950" lon="106.7982360">
    <ele>28.0</ele>
    <time>2025-11-08T23:46:03Z</time>
   </trkpt>
   <trkpt lat="-6.2395900" lon="106.7982450">
    <ele>28.0</ele>
    <time>2025-11-08T23:46:04Z</time>
   </trkpt>
   <trkpt lat="-6.2395820" lon="106.7982610">
    <ele>28.0</ele>
    <time>2025-11-08T23:46:05Z</time>
   </trkpt>
   <trkpt lat="-6.2395820" lon="106.7982750">
    <ele>28.3</ele>
    <time>2025-11-08T23:46:06Z</time>
   </trkpt>
   <trkpt lat="-6.2396170" lon="106.7982800">
    <ele>28.3</ele>
    <time>2025-11-08T23:46:07Z</time>
   </trkpt>
   <trkpt lat="-6.2396470" lon="106.7982730">
    <ele>28.2</ele>
    <time>2025-11-08T23:46:08Z</time>
   </trkpt>
   <trkpt lat="-6.2396730" lon="106.7982660">
    <ele>27.9</ele>
    <time>2025-11-08T23:46:09Z</time>
   </trkpt>
   <trkpt lat="-6.2397010" lon="106.7982600">
    <ele>27.9</ele>
    <time>2025-11-08T23:46:10Z</time>
   </trkpt>
   <trkpt lat="-6.2397500" lon="106.7982600">
    <ele>27.9</ele>
    <time>2025-11-08T23:46:11Z</time>
   </trkpt>
   <trkpt lat="-6.2397670" lon="106.7982630">
    <ele>28.1</ele>
    <time>2025-11-08T23:46:13Z</time>
   </trkpt>
   <trkpt lat="-6.2397600" lon="106.7982450">
    <ele>28.1</ele>
    <time>2025-11-08T23:46:14Z</time>
   </trkpt>
   <trkpt lat="-6.2397430" lon="106.7982220">
    <ele>27.8</ele>
    <time>2025-11-08T23:46:15Z</time>
   </trkpt>
   <trkpt lat="-6.2397260" lon="106.7981990">
    <ele>27.8</ele>
    <time>2025-11-08T23:46:17Z</time>
   </trkpt>
   <trkpt lat="-6.2397090" lon="106.7981760">
    <ele>27.6</ele>
    <time>2025-11-08T23:46:18Z</time>
   </trkpt>
   <trkpt lat="-6.2396130" lon="106.7980870">
    <ele>27.1</ele>
    <time>2025-11-08T23:46:20Z</time>
   </trkpt>
   <trkpt lat="-6.2395790" lon="106.7980820">
    <ele>27.4</ele>
    <time>2025-11-08T23:46:21Z</time>
   </trkpt>
   <trkpt lat="-6.2395500" lon="106.7980950">
    <ele>27.4</ele>
    <time>2025-11-08T23:46:22Z</time>
   </trkpt>
   <trkpt lat="-6.2395250" lon="106.7981100">
    <ele>27.3</ele>
    <time>2025-11-08T23:46:23Z</time>
   </trkpt>
   <trkpt lat="-6.2394770" lon="106.7981210">
    <ele>27.3</ele>
    <time>2025-11-08T23:46:24Z</time>
   </trkpt>
   <trkpt lat="-6.2394460" lon="106.7981360">
    <ele>27.3</ele>
    <time>2025-11-08T23:46:25Z</time>
   </trkpt>
   <trkpt lat="-6.2394140" lon="106.7981600">
    <ele>27.3</ele>
    <time>2025-11-08T23:46:26Z</time>
   </trkpt>
   <trkpt lat="-6.2394030" lon="106.7981690">
    <ele>27.2</ele>
    <time>2025-11-08T23:46:27Z</time>
   </trkpt>
   <trkpt lat="-6.2393640" lon="106.7981980">
    <ele>27.2</ele>
    <time>2025-11-08T23:46:28Z</time>
   </trkpt>
   <trkpt lat="-6.2393400" lon="106.7982110">
    <ele>27.2</ele>
    <time>2025-11-08T23:46:29Z</time>
   </trkpt>
   <trkpt lat="-6.2392880" lon="106.7982320">
    <ele>27.2</ele>
    <time>2025-11-08T23:46:31Z</time>
   </trkpt>
   <trkpt lat="-6.2392580" lon="106.7982460">
    <ele>27.2</ele>
    <time>2025-11-08T23:46:32Z</time>
   </trkpt>
   <trkpt lat="-6.2392320" lon="106.7982580">
    <ele>27.2</ele>
    <time>2025-11-08T23:46:33Z</time>
   </trkpt>
   <trkpt lat="-6.2391980" lon="106.7982730">
    <ele>27.2</ele>
    <time>2025-11-08T23:46:34Z</time>
   </trkpt>
   <trkpt lat="-6.2391850" lon="106.7982770">
    <ele>27.2</ele>
    <time>2025-11-08T23:46:35Z</time>
   </trkpt>
   <trkpt lat="-6.2391520" lon="106.7982890">
    <ele>27.2</ele>
    <time>2025-11-08T23:46:36Z</time>
   </trkpt>
   <trkpt lat="-6.2391420" lon="106.7982930">
    <ele>27.2</ele>
    <time>2025-11-08T23:46:37Z</time>
   </trkpt>
   <trkpt lat="-6.2391250" lon="106.7982990">
    <ele>27.2</ele>
    <time>2025-11-08T23:46:38Z</time>
   </trkpt>
   <trkpt lat="-6.2391110" lon="106.7983000">
    <ele>27.2</ele>
    <time>2025-11-08T23:46:39Z</time>
   </trkpt>
   <trkpt lat="-6.2390870" lon="106.7983040">
    <ele>27.2</ele>
    <time>2025-11-08T23:46:40Z</time>
   </trkpt>
   <trkpt lat="-6.2390730" lon="106.7983050">
    <ele>27.2</ele>
    <time>2025-11-08T23:46:42Z</time>
   </trkpt>
   <trkpt lat="-6.2390460" lon="106.7982960">
    <ele>27.2</ele>
    <time>2025-11-08T23:46:43Z</time>
   </trkpt>
   <trkpt lat="-6.2390330" lon="106.7982850">
    <ele>27.2</ele>
    <time>2025-11-08T23:46:44Z</time>
   </trkpt>
   <trkpt lat="-6.2390030" lon="106.7982680">
    <ele>27.2</ele>
    <time>2025-11-08T23:46:45Z</time>
   </trkpt>
   <trkpt lat="-6.2389950" lon="106.7982660">
    <ele>27.2</ele>
    <time>2025-11-08T23:46:46Z</time>
   </trkpt>
   <trkpt lat="-6.2389820" lon="106.7982620">
    <ele>27.2</ele>
    <time>2025-11-08T23:46:47Z</time>
   </trkpt>
   <trkpt lat="-6.2389690" lon="106.7982600">
    <ele>27.2</ele>
    <time>2025-11-08T23:46:48Z</time>
   </trkpt>
   <trkpt lat="-6.2389440" lon="106.7982510">
    <ele>27.2</ele>
    <time>2025-11-08T23:46:49Z</time>
   </trkpt>
   <trkpt lat="-6.2389320" lon="106.7982440">
    <ele>27.2</ele>
    <time>2025-11-08T23:46:50Z</time>
   </trkpt>
   <trkpt lat="-6.2389150" lon="106.7982370">
    <ele>27.2</ele>
    <time>2025-11-08T23:46:51Z</time>
   </trkpt>
   <trkpt lat="-6.2388990" lon="106.7982330">
    <ele>27.2</ele>
    <time>2025-11-08T23:46:52Z</time>
   </trkpt>
   <trkpt lat="-6.2388760" lon="106.7982320">
    <ele>27.2</ele>
    <time>2025-11-08T23:46:53Z</time>
   </trkpt>
   <trkpt lat="-6.2388680" lon="106.7982320">
    <ele>27.2</ele>
    <time>2025-11-08T23:46:54Z</time>
   </trkpt>
   <trkpt lat="-6.2388590" lon="106.7982320">
    <ele>27.2</ele>
    <time>2025-11-08T23:46:55Z</time>
   </trkpt>
   <trkpt lat="-6.2388330" lon="106.7982270">
    <ele>27.2</ele>
    <time>2025-11-08T23:46:56Z</time>
   </trkpt>
   <trkpt lat="-6.2388190" lon="106.7982270">
    <ele>27.2</ele>
    <time>2025-11-08T23:46:57Z</time>
   </trkpt>
   <trkpt lat="-6.2388040" lon="106.7982270">
    <ele>27.2</ele>
    <time>2025-11-08T23:46:58Z</time>
   </trkpt>
   <trkpt lat="-6.2387900" lon="106.7982270">
    <ele>27.2</ele>
    <time>2025-11-08T23:46:59Z</time>
   </trkpt>
   <trkpt lat="-6.2387780" lon="106.7982270">
    <ele>27.2</ele>
    <time>2025-11-08T23:47:00Z</time>
   </trkpt>
   <trkpt lat="-6.2387670" lon="106.7982280">
    <ele>27.2</ele>
    <time>2025-11-08T23:47:01Z</time>
   </trkpt>
   <trkpt lat="-6.2387550" lon="106.7982290">
    <ele>27.2</ele>
    <time>2025-11-08T23:47:02Z</time>
   </trkpt>
   <trkpt lat="-6.2387500" lon="106.7982200">
    <ele>27.1</ele>
    <time>2025-11-08T23:47:03Z</time>
   </trkpt>
   <trkpt lat="-6.2387440" lon="106.7982110">
    <ele>27.1</ele>
    <time>2025-11-08T23:47:04Z</time>
   </trkpt>
   <trkpt lat="-6.2387330" lon="106.7982070">
    <ele>27.1</ele>
    <time>2025-11-08T23:47:05Z</time>
   </trkpt>
   <trkpt lat="-6.2387220" lon="106.7982060">
    <ele>27.1</ele>
    <time>2025-11-08T23:47:06Z</time>
   </trkpt>
   <trkpt lat="-6.2387160" lon="106.7982080">
    <ele>27.1</ele>
    <time>2025-11-08T23:47:07Z</time>
   </trkpt>
   <trkpt lat="-6.2387090" lon="106.7982020">
    <ele>27.1</ele>
    <time>2025-11-08T23:47:08Z</time>
   </trkpt>
   <trkpt lat="-6.2386990" lon="106.7981990">
    <ele>27.1</ele>
    <time>2025-11-08T23:47:09Z</time>
   </trkpt>
   <trkpt lat="-6.2386850" lon="106.7981870">
    <ele>27.1</ele>
    <time>2025-11-08T23:47:10Z</time>
   </trkpt>
   <trkpt lat="-6.2386760" lon="106.7981820">
    <ele>27.1</ele>
    <time>2025-11-08T23:47:11Z</time>
   </trkpt>
   <trkpt lat="-6.2386670" lon="106.7981770">
    <ele>27.1</ele>
    <time>2025-11-08T23:47:12Z</time>
   </trkpt>
   <trkpt lat="-6.2386520" lon="106.7981710">
    <ele>27.1</ele>
    <time>2025-11-08T23:47:14Z</time>
   </trkpt>
   <trkpt lat="-6.2386360" lon="106.7981690">
    <ele>27.1</ele>
    <time>2025-11-08T23:47:15Z</time>
   </trkpt>
   <trkpt lat="-6.2386200" lon="106.7981560">
    <ele>27.1</ele>
    <time>2025-11-08T23:47:16Z</time>
   </trkpt>
   <trkpt lat="-6.2386130" lon="106.7981510">
    <ele>27.1</ele>
    <time>2025-11-08T23:47:17Z</time>
   </trkpt>
   <trkpt lat="-6.2386050" lon="106.7981470">
    <ele>27.1</ele>
    <time>2025-11-08T23:47:18Z</time>
   </trkpt>
   <trkpt lat="-6.2385900" lon="106.7981450">
    <ele>27.0</ele>
    <time>2025-11-08T23:47:19Z</time>
   </trkpt>
   <trkpt lat="-6.2385750" lon="106.7981440">
    <ele>27.0</ele>
    <time>2025-11-08T23:47:20Z</time>
   </trkpt>
   <trkpt lat="-6.2385600" lon="106.7981460">
    <ele>27.0</ele>
    <time>2025-11-08T23:47:21Z</time>
   </trkpt>
   <trkpt lat="-6.2385460" lon="106.7981500">
    <ele>27.0</ele>
    <time>2025-11-08T23:47:22Z</time>
   </trkpt>
   <trkpt lat="-6.2385320" lon="106.7981510">
    <ele>27.0</ele>
    <time>2025-11-08T23:47:23Z</time>
   </trkpt>
   <trkpt lat="-6.2385180" lon="106.7981510">
    <ele>27.0</ele>
    <time>2025-11-08T23:47:24Z</time>
   </trkpt>
   <trkpt lat="-6.2385040" lon="106.7981480">
    <ele>27.0</ele>
    <time>2025-11-08T23:47:25Z</time>
   </trkpt>
   <trkpt lat="-6.2384910" lon="106.7981440">
    <ele>27.0</ele>
    <time>2025-11-08T23:47:26Z</time>
   </trkpt>
   <trkpt lat="-6.2384780" lon="106.7981420">
    <ele>27.0</ele>
    <time>2025-11-08T23:47:27Z</time>
   </trkpt>
   <trkpt lat="-6.2384650" lon="106.7981630">
    <ele>27.0</ele>
    <time>2025-11-08T23:47:28Z</time>
   </trkpt>
   <trkpt lat="-6.2384530" lon="106.7981890">
    <ele>27.0</ele>
    <time>2025-11-08T23:47:29Z</time>
   </trkpt>
   <trkpt lat="-6.2384290" lon="106.7982580">
    <ele>26.9</ele>
    <time>2025-11-08T23:47:30Z</time>
   </trkpt>
   <trkpt lat="-6.2384090" lon="106.7982850">
    <ele>26.9</ele>
    <time>2025-11-08T23:47:31Z</time>
   </trkpt>
   <trkpt lat="-6.2384020" lon="106.7982910">
    <ele>26.9</ele>
    <time>2025-11-08T23:47:32Z</time>
   </trkpt>
   <trkpt lat="-6.2383910" lon="106.7983020">
    <ele>26.9</ele>
    <time>2025-11-08T23:47:33Z</time>
   </trkpt>
   <trkpt lat="-6.2383800" lon="106.7983110">
    <ele>26.9</ele>
    <time>2025-11-08T23:47:34Z</time>
   </trkpt>
   <trkpt lat="-6.2383670" lon="106.7983160">
    <ele>26.9</ele>
    <time>2025-11-08T23:47:35Z</time>
   </trkpt>
   <trkpt lat="-6.2383460" lon="106.7983180">
    <ele>26.9</ele>
    <time>2025-11-08T23:47:36Z</time>
   </trkpt>
   <trkpt lat="-6.2383300" lon="106.7983180">
    <ele>26.9</ele>
    <time>2025-11-08T23:47:37Z</time>
   </trkpt>
   <trkpt lat="-6.2383160" lon="106.7983170">
    <ele>26.9</ele>
    <time>2025-11-08T23:47:38Z</time>
   </trkpt>
   <trkpt lat="-6.2383030" lon="106.7983180">
    <ele>26.9</ele>
    <time>2025-11-08T23:47:39Z</time>
   </trkpt>
   <trkpt lat="-6.2382890" lon="106.7983160">
    <ele>26.9</ele>
    <time>2025-11-08T23:47:40Z</time>
   </trkpt>
   <trkpt lat="-6.2382750" lon="106.7983150">
    <ele>26.8</ele>
    <time>2025-11-08T23:47:41Z</time>
   </trkpt>
   <trkpt lat="-6.2382620" lon="106.7983130">
    <ele>26.8</ele>
    <time>2025-11-08T23:47:42Z</time>
   </trkpt>
   <trkpt lat="-6.2382610" lon="106.7983320">
    <ele>26.8</ele>
    <time>2025-11-08T23:47:43Z</time>
   </trkpt>
   <trkpt lat="-6.2382410" lon="106.7983470">
    <ele>26.8</ele>
    <time>2025-11-08T23:47:44Z</time>
   </trkpt>
   <trkpt lat="-6.2382230" lon="106.7983510">
    <ele>26.8</ele>
    <time>2025-11-08T23:47:46Z</time>
   </trkpt>
   <trkpt lat="-6.2381830" lon="106.7983490">
    <ele>26.8</ele>
    <time>2025-11-08T23:47:47Z</time>
   </trkpt>
   <trkpt lat="-6.2381590" lon="106.7983600">
    <ele>26.8</ele>
    <time>2025-11-08T23:47:48Z</time>
   </trkpt>
   <trkpt lat="-6.2381360" lon="106.7983680">
    <ele>26.8</ele>
    <time>2025-11-08T23:47:50Z</time>
   </trkpt>
   <trkpt lat="-6.2380870" lon="106.7983600">
    <ele>26.8</ele>
    <time>2025-11-08T23:47:51Z</time>
   </trkpt>
   <trkpt lat="-6.2380490" lon="106.7983510">
    <ele>26.8</ele>
    <time>2025-11-08T23:47:53Z</time>
   </trkpt>
   <trkpt lat="-6.2380370" lon="106.7983470">
    <ele>26.8</ele>
    <time>2025-11-08T23:47:54Z</time>
   </trkpt>
   <trkpt lat="-6.2379930" lon="106.7983350">
    <ele>26.8</ele>
    <time>2025-11-08T23:47:55Z</time>
   </trkpt>
   <trkpt lat="-6.2379700" lon="106.7983290">
    <ele>26.8</ele>
    <time>2025-11-08T23:47:56Z</time>
   </trkpt>
   <trkpt lat="-6.2379260" lon="106.7983230">
    <ele>26.8</ele>
    <time>2025-11-08T23:47:58Z</time>
   </trkpt>
   <trkpt lat="-6.2379050" lon="106.7983190">
    <ele>26.9</ele>
    <time>2025-11-08T23:48:00Z</time>
   </trkpt>
   <trkpt lat="-6.2378910" lon="106.7983140">
    <ele>26.9</ele>
    <time>2025-11-08T23:48:01Z</time>
   </trkpt>
   <trkpt lat="-6.2378700" lon="106.7983150">
    <ele>26.9</ele>
    <time>2025-11-08T23:48:02Z</time>
   </trkpt>
   <trkpt lat="-6.2378410" lon="106.7983210">
    <ele>26.9</ele>
    <time>2025-11-08T23:48:03Z</time>
   </trkpt>
   <trkpt lat="-6.2378070" lon="106.7983200">
    <ele>26.9</ele>
    <time>2025-11-08T23:48:04Z</time>
   </trkpt>
   <trkpt lat="-6.2377960" lon="106.7983200">
    <ele>26.9</ele>
    <time>2025-11-08T23:48:05Z</time>
   </trkpt>
   <trkpt lat="-6.2377630" lon="106.7983170">
    <ele>26.8</ele>
    <time>2025-11-08T23:48:06Z</time>
   </trkpt>
   <trkpt lat="-6.2377520" lon="106.7983160">
    <ele>26.8</ele>
    <time>2025-11-08T23:48:07Z</time>
   </trkpt>
   <trkpt lat="-6.2377130" lon="106.7983170">
    <ele>26.8</ele>
    <time>2025-11-08T23:48:08Z</time>
   </trkpt>
   <trkpt lat="-6.2376980" lon="106.7983190">
    <ele>26.8</ele>
    <time>2025-11-08T23:48:09Z</time>
   </trkpt>
   <trkpt lat="-6.2376520" lon="106.7983180">
    <ele>26.8</ele>
    <time>2025-11-08T23:48:10Z</time>
   </trkpt>
   <trkpt lat="-6.2376170" lon="106.7983160">
    <ele>26.8</ele>
    <time>2025-11-08T23:48:12Z</time>
   </trkpt>
   <trkpt lat="-6.2376060" lon="106.7983160">
    <ele>26.8</ele>
    <time>2025-11-08T23:48:13Z</time>
   </trkpt>
   <trkpt lat="-6.2375730" lon="106.7983270">
    <ele>26.8</ele>
    <time>2025-11-08T23:48:14Z</time>
   </trkpt>
   <trkpt lat="-6.2375610" lon="106.7983380">
    <ele>26.8</ele>
    <time>2025-11-08T23:48:15Z</time>
   </trkpt>
   <trkpt lat="-6.2375370" lon="106.7983750">
    <ele>26.8</ele>
    <time>2025-11-08T23:48:16Z</time>
   </trkpt>
   <trkpt lat="-6.2374920" lon="106.7983920">
    <ele>26.7</ele>
    <time>2025-11-08T23:48:17Z</time>
   </trkpt>
   <trkpt lat="-6.2374700" lon="106.7983940">
    <ele>26.7</ele>
    <time>2025-11-08T23:48:18Z</time>
   </trkpt>
   <trkpt lat="-6.2374460" lon="106.7983910">
    <ele>26.7</ele>
    <time>2025-11-08T23:48:20Z</time>
   </trkpt>
   <trkpt lat="-6.2374040" lon="106.7983890">
    <ele>26.7</ele>
    <time>2025-11-08T23:48:21Z</time>
   </trkpt>
   <trkpt lat="-6.2373840" lon="106.7983900">
    <ele>26.7</ele>
    <time>2025-11-08T23:48:22Z</time>
   </trkpt>
   <trkpt lat="-6.2373620" lon="106.7983890">
    <ele>26.7</ele>
    <time>2025-11-08T23:48:24Z</time>
   </trkpt>
   <trkpt lat="-6.2373300" lon="106.7983830">
    <ele>26.7</ele>
    <time>2025-11-08T23:48:25Z</time>
   </trkpt>
   <trkpt lat="-6.2373190" lon="106.7983810">
    <ele>26.7</ele>
    <time>2025-11-08T23:48:26Z</time>
   </trkpt>
   <trkpt lat="-6.2372870" lon="106.7983710">
    <ele>26.7</ele>
    <time>2025-11-08T23:48:27Z</time>
   </trkpt>
   <trkpt lat="-6.2372760" lon="106.7983680">
    <ele>26.6</ele>
    <time>2025-11-08T23:48:28Z</time>
   </trkpt>
   <trkpt lat="-6.2372430" lon="106.7983520">
    <ele>26.6</ele>
    <time>2025-11-08T23:48:29Z</time>
   </trkpt>
   <trkpt lat="-6.2372310" lon="106.7983470">
    <ele>26.6</ele>
    <time>2025-11-08T23:48:30Z</time>
   </trkpt>
   <trkpt lat="-6.2371980" lon="106.7983340">
    <ele>26.6</ele>
    <time>2025-11-08T23:48:31Z</time>
   </trkpt>
   <trkpt lat="-6.2371870" lon="106.7983300">
    <ele>26.6</ele>
    <time>2025-11-08T23:48:32Z</time>
   </trkpt>
   <trkpt lat="-6.2371460" lon="106.7983190">
    <ele>26.6</ele>
    <time>2025-11-08T23:48:33Z</time>
   </trkpt>
   <trkpt lat="-6.2371240" lon="106.7983150">
    <ele>26.6</ele>
    <time>2025-11-08T23:48:34Z</time>
   </trkpt>
   <trkpt lat="-6.2371010" lon="106.7983130">
    <ele>26.6</ele>
    <time>2025-11-08T23:48:36Z</time>
   </trkpt>
   <trkpt lat="-6.2370680" lon="106.7983150">
    <ele>26.5</ele>
    <time>2025-11-08T23:48:37Z</time>
   </trkpt>
   <trkpt lat="-6.2370580" lon="106.7983160">
    <ele>26.5</ele>
    <time>2025-11-08T23:48:38Z</time>
   </trkpt>
   <trkpt lat="-6.2370280" lon="106.7983150">
    <ele>26.5</ele>
    <time>2025-11-08T23:48:39Z</time>
   </trkpt>
   <trkpt lat="-6.2370180" lon="106.7983150">
    <ele>26.5</ele>
    <time>2025-11-08T23:48:40Z</time>
   </trkpt>
   <trkpt lat="-6.2370010" lon="106.7983220">
    <ele>26.5</ele>
    <time>2025-11-08T23:48:41Z</time>
   </trkpt>
   <trkpt lat="-6.2369880" lon="106.7983220">
    <ele>26.5</ele>
    <time>2025-11-08T23:48:42Z</time>
   </trkpt>
   <trkpt lat="-6.2369760" lon="106.7983230">
    <ele>26.5</ele>
    <time>2025-11-08T23:48:43Z</time>
   </trkpt>
   <trkpt lat="-6.2369450" lon="106.7983210">
    <ele>26.5</ele>
    <time>2025-11-08T23:48:44Z</time>
   </trkpt>
   <trkpt lat="-6.2369330" lon="106.7983200">
    <ele>26.5</ele>
    <time>2025-11-08T23:48:45Z</time>
   </trkpt>
   <trkpt lat="-6.2368880" lon="106.7983170">
    <ele>26.4</ele>
    <time>2025-11-08T23:48:46Z</time>
   </trkpt>
   <trkpt lat="-6.2368410" lon="106.7983100">
    <ele>26.4</ele>
    <time>2025-11-08T23:48:48Z</time>
   </trkpt>
   <trkpt lat="-6.2368180" lon="106.7983060">
    <ele>26.3</ele>
    <time>2025-11-08T23:48:49Z</time>
   </trkpt>
   <trkpt lat="-6.2367920" lon="106.7983060">
    <ele>26.3</ele>
    <time>2025-11-08T23:48:51Z</time>
   </trkpt>
   <trkpt lat="-6.2367550" lon="106.7983090">
    <ele>26.3</ele>
    <time>2025-11-08T23:48:52Z</time>
   </trkpt>
   <trkpt lat="-6.2367430" lon="106.7983100">
    <ele>26.3</ele>
    <time>2025-11-08T23:48:53Z</time>
   </trkpt>
   <trkpt lat="-6.2367030" lon="106.7983290">
    <ele>26.3</ele>
    <time>2025-11-08T23:48:54Z</time>
   </trkpt>
   <trkpt lat="-6.2366870" lon="106.7983420">
    <ele>26.3</ele>
    <time>2025-11-08T23:48:55Z</time>
   </trkpt>
   <trkpt lat="-6.2366610" lon="106.7983620">
    <ele>26.3</ele>
    <time>2025-11-08T23:48:56Z</time>
   </trkpt>
   <trkpt lat="-6.2366160" lon="106.7983570">
    <ele>26.3</ele>
    <time>2025-11-08T23:48:57Z</time>
   </trkpt>
   <trkpt lat="-6.2365930" lon="106.7983480">
    <ele>26.3</ele>
    <time>2025-11-08T23:48:58Z</time>
   </trkpt>
   <trkpt lat="-6.2365720" lon="106.7983360">
    <ele>26.3</ele>
    <time>2025-11-08T23:49:00Z</time>
   </trkpt>
   <trkpt lat="-6.2365170" lon="106.7983370">
    <ele>26.3</ele>
    <time>2025-11-08T23:49:01Z</time>
   </trkpt>
   <trkpt lat="-6.2364800" lon="106.7983320">
    <ele>26.2</ele>
    <time>2025-11-08T23:49:03Z</time>
   </trkpt>
   <trkpt lat="-6.2364700" lon="106.7983290">
    <ele>26.2</ele>
    <time>2025-11-08T23:49:04Z</time>
   </trkpt>
   <trkpt lat="-6.2364390" lon="106.7983200">
    <ele>26.2</ele>
    <time>2025-11-08T23:49:05Z</time>
   </trkpt>
   <trkpt lat="-6.2364280" lon="106.7983180">
    <ele>26.2</ele>
    <time>2025-11-08T23:49:06Z</time>
   </trkpt>
   <trkpt lat="-6.2363990" lon="106.7983360">
    <ele>26.2</ele>
    <time>2025-11-08T23:49:07Z</time>
   </trkpt>
   <trkpt lat="-6.2363880" lon="106.7983590">
    <ele>26.2</ele>
    <time>2025-11-08T23:49:08Z</time>
   </trkpt>
   <trkpt lat="-6.2363580" lon="106.7983520">
    <ele>26.2</ele>
    <time>2025-11-08T23:49:09Z</time>
   </trkpt>
   <trkpt lat="-6.2363480" lon="106.7983490">
    <ele>26.2</ele>
    <time>2025-11-08T23:49:10Z</time>
   </trkpt>
   <trkpt lat="-6.2363180" lon="106.7983430">
    <ele>26.2</ele>
    <time>2025-11-08T23:49:11Z</time>
   </trkpt>
   <trkpt lat="-6.2363080" lon="106.7983410">
    <ele>26.2</ele>
    <time>2025-11-08T23:49:12Z</time>
   </trkpt>
   <trkpt lat="-6.2362800" lon="106.7983270">
    <ele>26.2</ele>
    <time>2025-11-08T23:49:13Z</time>
   </trkpt>
   <trkpt lat="-6.2362720" lon="106.7983180">
    <ele>26.2</ele>
    <time>2025-11-08T23:49:14Z</time>
   </trkpt>
   <trkpt lat="-6.2362450" lon="106.7982950">
    <ele>26.2</ele>
    <time>2025-11-08T23:49:15Z</time>
   </trkpt>
   <trkpt lat="-6.2362340" lon="106.7982900">
    <ele>26.2</ele>
    <time>2025-11-08T23:49:16Z</time>
   </trkpt>
   <trkpt lat="-6.2362030" lon="106.7982790">
    <ele>26.2</ele>
    <time>2025-11-08T23:49:17Z</time>
   </trkpt>
   <trkpt lat="-6.2361930" lon="106.7982750">
    <ele>26.2</ele>
    <time>2025-11-08T23:49:18Z</time>
   </trkpt>
   <trkpt lat="-6.2361520" lon="106.7982600">
    <ele>26.2</ele>
    <time>2025-11-08T23:49:19Z</time>
   </trkpt>
   <trkpt lat="-6.2361250" lon="106.7982670">
    <ele>26.2</ele>
    <time>2025-11-08T23:49:21Z</time>
   </trkpt>
   <trkpt lat="-6.2361170" lon="106.7982730">
    <ele>26.2</ele>
    <time>2025-11-08T23:49:22Z</time>
   </trkpt>
   <trkpt lat="-6.2360890" lon="106.7982820">
    <ele>26.2</ele>
    <time>2025-11-08T23:49:23Z</time>
   </trkpt>
   <trkpt lat="-6.2360790" lon="106.7982820">
    <ele>26.2</ele>
    <time>2025-11-08T23:49:24Z</time>
   </trkpt>
   <trkpt lat="-6.2360480" lon="106.7982810">
    <ele>26.2</ele>
    <time>2025-11-08T23:49:25Z</time>
   </trkpt>
   <trkpt lat="-6.2360370" lon="106.7982810">
    <ele>26.2</ele>
    <time>2025-11-08T23:49:26Z</time>
   </trkpt>
   <trkpt lat="-6.2360080" lon="106.7982900">
    <ele>26.2</ele>
    <time>2025-11-08T23:49:27Z</time>
   </trkpt>
   <trkpt lat="-6.2359990" lon="106.7983020">
    <ele>26.1</ele>
    <time>2025-11-08T23:49:28Z</time>
   </trkpt>
   <trkpt lat="-6.2359580" lon="106.7983130">
    <ele>26.1</ele>
    <time>2025-11-08T23:49:29Z</time>
   </trkpt>
   <trkpt lat="-6.2359370" lon="106.7983130">
    <ele>26.1</ele>
    <time>2025-11-08T23:49:30Z</time>
   </trkpt>
   <trkpt lat="-6.2359140" lon="106.7983110">
    <ele>26.1</ele>
    <time>2025-11-08T23:49:31Z</time>
   </trkpt>
   <trkpt lat="-6.2358660" lon="106.7983060">
    <ele>26.1</ele>
    <time>2025-11-08T23:49:33Z</time>
   </trkpt>
   <trkpt lat="-6.2358400" lon="106.7983050">
    <ele>26.1</ele>
    <time>2025-11-08T23:49:34Z</time>
   </trkpt>
   <trkpt lat="-6.2358050" lon="106.7982990">
    <ele>26.1</ele>
    <time>2025-11-08T23:49:36Z</time>
   </trkpt>
   <trkpt lat="-6.2357910" lon="106.7982950">
    <ele>26.1</ele>
    <time>2025-11-08T23:49:37Z</time>
   </trkpt>
   <trkpt lat="-6.2357770" lon="106.7982910">
    <ele>26.0</ele>
    <time>2025-11-08T23:49:38Z</time>
   </trkpt>
   <trkpt lat="-6.2357430" lon="106.7982840">
    <ele>26.0</ele>
    <time>2025-11-08T23:49:39Z</time>
   </trkpt>
   <trkpt lat="-6.2357310" lon="106.7982810">
    <ele>26.0</ele>
    <time>2025-11-08T23:49:40Z</time>
   </trkpt>
   <trkpt lat="-6.2357040" lon="106.7982700">
    <ele>26.0</ele>
    <time>2025-11-08T23:49:41Z</time>
   </trkpt>
   <trkpt lat="-6.2356600" lon="106.7982700">
    <ele>26.0</ele>
    <time>2025-11-08T23:49:42Z</time>
   </trkpt>
   <trkpt lat="-6.2356190" lon="106.7982670">
    <ele>26.0</ele>
    <time>2025-11-08T23:49:44Z</time>
   </trkpt>
   <trkpt lat="-6.2356050" lon="106.7982670">
    <ele>26.0</ele>
    <time>2025-11-08T23:49:45Z</time>
   </trkpt>
   <trkpt lat="-6.2355530" lon="106.7982670">
    <ele>25.9</ele>
    <time>2025-11-08T23:49:46Z</time>
   </trkpt>
   <trkpt lat="-6.2355090" lon="106.7982620">
    <ele>25.9</ele>
    <time>2025-11-08T23:49:48Z</time>
   </trkpt>
   <trkpt lat="-6.2354910" lon="106.7982610">
    <ele>25.9</ele>
    <time>2025-11-08T23:49:49Z</time>
   </trkpt>
   <trkpt lat="-6.2354740" lon="106.7982590">
    <ele>25.9</ele>
    <time>2025-11-08T23:49:50Z</time>
   </trkpt>
   <trkpt lat="-6.2354390" lon="106.7982630">
    <ele>25.9</ele>
    <time>2025-11-08T23:49:51Z</time>
   </trkpt>
   <trkpt lat="-6.2354280" lon="106.7982650">
    <ele>25.9</ele>
    <time>2025-11-08T23:49:52Z</time>
   </trkpt>
   <trkpt lat="-6.2354110" lon="106.7982650">
    <ele>25.9</ele>
    <time>2025-11-08T23:49:53Z</time>
   </trkpt>
   <trkpt lat="-6.2353970" lon="106.7982640">
    <ele>25.9</ele>
    <time>2025-11-08T23:49:54Z</time>
   </trkpt>
   <trkpt lat="-6.2353760" lon="106.7982600">
    <ele>25.9</ele>
    <time>2025-11-08T23:49:55Z</time>
   </trkpt>
   <trkpt lat="-6.2353660" lon="106.7982590">
    <ele>25.9</ele>
    <time>2025-11-08T23:49:56Z</time>
   </trkpt>
   <trkpt lat="-6.2353570" lon="106.7982570">
    <ele>25.9</ele>
    <time>2025-11-08T23:49:57Z</time>
   </trkpt>
   <trkpt lat="-6.2353420" lon="106.7982550">
    <ele>25.9</ele>
    <time>2025-11-08T23:49:58Z</time>
   </trkpt>
   <trkpt lat="-6.2353130" lon="106.7982510">
    <ele>25.8</ele>
    <time>2025-11-08T23:49:59Z</time>
   </trkpt>
   <trkpt lat="-6.2352980" lon="106.7982470">
    <ele>25.8</ele>
    <time>2025-11-08T23:50:01Z</time>
   </trkpt>
   <trkpt lat="-6.2352830" lon="106.7982440">
    <ele>25.8</ele>
    <time>2025-11-08T23:50:02Z</time>
   </trkpt>
   <trkpt lat="-6.2352680" lon="106.7982430">
    <ele>25.8</ele>
    <time>2025-11-08T23:50:03Z</time>
   </trkpt>
   <trkpt lat="-6.2352530" lon="106.7982420">
    <ele>25.8</ele>
    <time>2025-11-08T23:50:04Z</time>
   </trkpt>
   <trkpt lat="-6.2352370" lon="106.7982440">
    <ele>25.8</ele>
    <time>2025-11-08T23:50:05Z</time>
   </trkpt>
   <trkpt lat="-6.2352220" lon="106.7982480">
    <ele>25.8</ele>
    <time>2025-11-08T23:50:06Z</time>
   </trkpt>
   <trkpt lat="-6.2352060" lon="106.7982500">
    <ele>25.8</ele>
    <time>2025-11-08T23:50:07Z</time>
   </trkpt>
   <trkpt lat="-6.2351910" lon="106.7982500">
    <ele>25.8</ele>
    <time>2025-11-08T23:50:08Z</time>
   </trkpt>
   <trkpt lat="-6.2351760" lon="106.7982500">
    <ele>25.8</ele>
    <time>2025-11-08T23:50:09Z</time>
   </trkpt>
   <trkpt lat="-6.2351620" lon="106.7982490">
    <ele>25.8</ele>
    <time>2025-11-08T23:50:10Z</time>
   </trkpt>
   <trkpt lat="-6.2351490" lon="106.7982470">
    <ele>25.8</ele>
    <time>2025-11-08T23:50:11Z</time>
   </trkpt>
   <trkpt lat="-6.2351350" lon="106.7982450">
    <ele>25.8</ele>
    <time>2025-11-08T23:50:12Z</time>
   </trkpt>
   <trkpt lat="-6.2351210" lon="106.7982440">
    <ele>25.8</ele>
    <time>2025-11-08T23:50:13Z</time>
   </trkpt>
   <trkpt lat="-6.2350950" lon="106.7982400">
    <ele>25.7</ele>
    <time>2025-11-08T23:50:14Z</time>
   </trkpt>
   <trkpt lat="-6.2350840" lon="106.7982370">
    <ele>25.7</ele>
    <time>2025-11-08T23:50:16Z</time>
   </trkpt>
   <trkpt lat="-6.2350730" lon="106.7982370">
    <ele>25.7</ele>
    <time>2025-11-08T23:50:17Z</time>
   </trkpt>
   <trkpt lat="-6.2350610" lon="106.7982360">
    <ele>25.7</ele>
    <time>2025-11-08T23:50:18Z</time>
   </trkpt>
   <trkpt lat="-6.2350350" lon="106.7982350">
    <ele>25.7</ele>
    <time>2025-11-08T23:50:19Z</time>
   </trkpt>
   <trkpt lat="-6.2350210" lon="106.7982330">
    <ele>25.7</ele>
    <time>2025-11-08T23:50:21Z</time>
   </trkpt>
   <trkpt lat="-6.2350090" lon="106.7982280">
    <ele>25.7</ele>
    <time>2025-11-08T23:50:22Z</time>
   </trkpt>
   <trkpt lat="-6.2349990" lon="106.7982230">
    <ele>25.7</ele>
    <time>2025-11-08T23:50:23Z</time>
   </trkpt>
   <trkpt lat="-6.2349870" lon="106.7982200">
    <ele>25.7</ele>
    <time>2025-11-08T23:50:24Z</time>
   </trkpt>
   <trkpt lat="-6.2349650" lon="106.7982120">
    <ele>25.7</ele>
    <time>2025-11-08T23:50:25Z</time>
   </trkpt>
   <trkpt lat="-6.2349550" lon="106.7982080">
    <ele>25.7</ele>
    <time>2025-11-08T23:50:26Z</time>
   </trkpt>
   <trkpt lat="-6.2349450" lon="106.7982030">
    <ele>25.7</ele>
    <time>2025-11-08T23:50:27Z</time>
   </trkpt>
   <trkpt lat="-6.2349310" lon="106.7982020">
    <ele>25.7</ele>
    <time>2025-11-08T23:50:28Z</time>
   </trkpt>
   <trkpt lat="-6.2349060" lon="106.7982130">
    <ele>25.7</ele>
    <time>2025-11-08T23:50:29Z</time>
   </trkpt>
   <trkpt lat="-6.2348970" lon="106.7982260">
    <ele>25.7</ele>
    <time>2025-11-08T23:50:31Z</time>
   </trkpt>
   <trkpt lat="-6.2348890" lon="106.7982380">
    <ele>25.7</ele>
    <time>2025-11-08T23:50:32Z</time>
   </trkpt>
   <trkpt lat="-6.2348770" lon="106.7982490">
    <ele>25.7</ele>
    <time>2025-11-08T23:50:33Z</time>
   </trkpt>
   <trkpt lat="-6.2348500" lon="106.7982560">
    <ele>25.7</ele>
    <time>2025-11-08T23:50:34Z</time>
   </trkpt>
   <trkpt lat="-6.2348410" lon="106.7982560">
    <ele>25.7</ele>
    <time>2025-11-08T23:50:35Z</time>
   </trkpt>
   <trkpt lat="-6.2347950" lon="106.7982640">
    <ele>25.7</ele>
    <time>2025-11-08T23:50:36Z</time>
   </trkpt>
   <trkpt lat="-6.2347710" lon="106.7982660">
    <ele>25.7</ele>
    <time>2025-11-08T23:50:37Z</time>
   </trkpt>
   <trkpt lat="-6.2347520" lon="106.7982800">
    <ele>25.6</ele>
    <time>2025-11-08T23:50:39Z</time>
   </trkpt>
   <trkpt lat="-6.2347240" lon="106.7982970">
    <ele>25.6</ele>
    <time>2025-11-08T23:50:40Z</time>
   </trkpt>
   <trkpt lat="-6.2347150" lon="106.7983010">
    <ele>25.6</ele>
    <time>2025-11-08T23:50:41Z</time>
   </trkpt>
   <trkpt lat="-6.2346860" lon="106.7983110">
    <ele>25.6</ele>
    <time>2025-11-08T23:50:42Z</time>
   </trkpt>
   <trkpt lat="-6.2346750" lon="106.7983130">
    <ele>25.6</ele>
    <time>2025-11-08T23:50:43Z</time>
   </trkpt>
   <trkpt lat="-6.2346330" lon="106.7983200">
    <ele>25.6</ele>
    <time>2025-11-08T23:50:44Z</time>
   </trkpt>
   <trkpt lat="-6.2346000" lon="106.7983270">
    <ele>25.6</ele>
    <time>2025-11-08T23:50:46Z</time>
   </trkpt>
   <trkpt lat="-6.2345880" lon="106.7983280">
    <ele>25.6</ele>
    <time>2025-11-08T23:50:47Z</time>
   </trkpt>
   <trkpt lat="-6.2345450" lon="106.7983320">
    <ele>25.5</ele>
    <time>2025-11-08T23:50:48Z</time>
   </trkpt>
   <trkpt lat="-6.2345230" lon="106.7983320">
    <ele>25.5</ele>
    <time>2025-11-08T23:50:49Z</time>
   </trkpt>
   <trkpt lat="-6.2344980" lon="106.7983330">
    <ele>25.5</ele>
    <time>2025-11-08T23:50:51Z</time>
   </trkpt>
   <trkpt lat="-6.2344640" lon="106.7983340">
    <ele>25.5</ele>
    <time>2025-11-08T23:50:52Z</time>
   </trkpt>
   <trkpt lat="-6.2344520" lon="106.7983340">
    <ele>25.4</ele>
    <time>2025-11-08T23:50:53Z</time>
   </trkpt>
   <trkpt lat="-6.2344090" lon="106.7983360">
    <ele>25.4</ele>
    <time>2025-11-08T23:50:54Z</time>
   </trkpt>
   <trkpt lat="-6.2343870" lon="106.7983360">
    <ele>25.4</ele>
    <time>2025-11-08T23:50:55Z</time>
   </trkpt>
   <trkpt lat="-6.2343640" lon="106.7983330">
    <ele>25.4</ele>
    <time>2025-11-08T23:50:56Z</time>
   </trkpt>
   <trkpt lat="-6.2343270" lon="106.7983340">
    <ele>25.3</ele>
    <time>2025-11-08T23:50:58Z</time>
   </trkpt>
   <trkpt lat="-6.2343140" lon="106.7983350">
    <ele>25.3</ele>
    <time>2025-11-08T23:50:59Z</time>
   </trkpt>
   <trkpt lat="-6.2342660" lon="106.7983370">
    <ele>25.3</ele>
    <time>2025-11-08T23:51:00Z</time>
   </trkpt>
   <trkpt lat="-6.2342390" lon="106.7983360">
    <ele>25.3</ele>
    <time>2025-11-08T23:51:02Z</time>
   </trkpt>
   <trkpt lat="-6.2341900" lon="106.7983330">
    <ele>25.2</ele>
    <time>2025-11-08T23:51:03Z</time>
   </trkpt>
   <trkpt lat="-6.2341640" lon="106.7983340">
    <ele>25.2</ele>
    <time>2025-11-08T23:51:04Z</time>
   </trkpt>
   <trkpt lat="-6.2341350" lon="106.7983360">
    <ele>25.2</ele>
    <time>2025-11-08T23:51:06Z</time>
   </trkpt>
   <trkpt lat="-6.2340990" lon="106.7983370">
    <ele>25.2</ele>
    <time>2025-11-08T23:51:07Z</time>
   </trkpt>
   <trkpt lat="-6.2340860" lon="106.7983370">
    <ele>25.2</ele>
    <time>2025-11-08T23:51:08Z</time>
   </trkpt>
   <trkpt lat="-6.2340400" lon="106.7983380">
    <ele>25.2</ele>
    <time>2025-11-08T23:51:09Z</time>
   </trkpt>
   <trkpt lat="-6.2339960" lon="106.7983460">
    <ele>25.1</ele>
    <time>2025-11-08T23:51:11Z</time>
   </trkpt>
   <trkpt lat="-6.2339790" lon="106.7983480">
    <ele>25.1</ele>
    <time>2025-11-08T23:51:12Z</time>
   </trkpt>
   <trkpt lat="-6.2339630" lon="106.7983510">
    <ele>25.1</ele>
    <time>2025-11-08T23:51:13Z</time>
   </trkpt>
   <trkpt lat="-6.2339160" lon="106.7983650">
    <ele>25.1</ele>
    <time>2025-11-08T23:51:14Z</time>
   </trkpt>
   <trkpt lat="-6.2338790" lon="106.7983770">
    <ele>25.1</ele>
    <time>2025-11-08T23:51:16Z</time>
   </trkpt>
   <trkpt lat="-6.2338670" lon="106.7983800">
    <ele>25.1</ele>
    <time>2025-11-08T23:51:17Z</time>
   </trkpt>
   <trkpt lat="-6.2338320" lon="106.7983820">
    <ele>25.1</ele>
    <time>2025-11-08T23:51:18Z</time>
   </trkpt>
   <trkpt lat="-6.2338200" lon="106.7983820">
    <ele>25.1</ele>
    <time>2025-11-08T23:51:19Z</time>
   </trkpt>
   <trkpt lat="-6.2337730" lon="106.7983780">
    <ele>25.0</ele>
    <time>2025-11-08T23:51:20Z</time>
   </trkpt>
   <trkpt lat="-6.2337510" lon="106.7983760">
    <ele>25.0</ele>
    <time>2025-11-08T23:51:21Z</time>
   </trkpt>
   <trkpt lat="-6.2337280" lon="106.7983750">
    <ele>25.0</ele>
    <time>2025-11-08T23:51:22Z</time>
   </trkpt>
   <trkpt lat="-6.2336910" lon="106.7983740">
    <ele>25.0</ele>
    <time>2025-11-08T23:51:24Z</time>
   </trkpt>
   <trkpt lat="-6.2336790" lon="106.7983740">
    <ele>25.0</ele>
    <time>2025-11-08T23:51:25Z</time>
   </trkpt>
   <trkpt lat="-6.2336450" lon="106.7983750">
    <ele>25.0</ele>
    <time>2025-11-08T23:51:26Z</time>
   </trkpt>
   <trkpt lat="-6.2336330" lon="106.7983750">
    <ele>25.0</ele>
    <time>2025-11-08T23:51:27Z</time>
   </trkpt>
   <trkpt lat="-6.2336000" lon="106.7983780">
    <ele>24.9</ele>
    <time>2025-11-08T23:51:28Z</time>
   </trkpt>
   <trkpt lat="-6.2335890" lon="106.7983790">
    <ele>24.9</ele>
    <time>2025-11-08T23:51:29Z</time>
   </trkpt>
   <trkpt lat="-6.2335470" lon="106.7983820">
    <ele>24.9</ele>
    <time>2025-11-08T23:51:30Z</time>
   </trkpt>
   <trkpt lat="-6.2335130" lon="106.7983860">
    <ele>24.9</ele>
    <time>2025-11-08T23:51:32Z</time>
   </trkpt>
   <trkpt lat="-6.2335030" lon="106.7983870">
    <ele>24.9</ele>
    <time>2025-11-08T23:51:33Z</time>
   </trkpt>
   <trkpt lat="-6.2334620" lon="106.7983910">
    <ele>24.8</ele>
    <time>2025-11-08T23:51:34Z</time>
   </trkpt>
   <trkpt lat="-6.2334290" lon="106.7983970">
    <ele>24.8</ele>
    <time>2025-11-08T23:51:36Z</time>
   </trkpt>
   <trkpt lat="-6.2334180" lon="106.7983980">
    <ele>24.8</ele>
    <time>2025-11-08T23:51:37Z</time>
   </trkpt>
   <trkpt lat="-6.2333830" lon="106.7984010">
    <ele>24.8</ele>
    <time>2025-11-08T23:51:38Z</time>
   </trkpt>
   <trkpt lat="-6.2333710" lon="106.7984010">
    <ele>24.8</ele>
    <time>2025-11-08T23:51:39Z</time>
   </trkpt>
   <trkpt lat="-6.2333270" lon="106.7984040">
    <ele>24.8</ele>
    <time>2025-11-08T23:51:40Z</time>
   </trkpt>
   <trkpt lat="-6.2332900" lon="106.7984060">
    <ele>24.7</ele>
    <time>2025-11-08T23:51:42Z</time>
   </trkpt>
   <trkpt lat="-6.2332770" lon="106.7984060">
    <ele>24.7</ele>
    <time>2025-11-08T23:51:43Z</time>
   </trkpt>
   <trkpt lat="-6.2332400" lon="106.7984090">
    <ele>24.7</ele>
    <time>2025-11-08T23:51:44Z</time>
   </trkpt>
   <trkpt lat="-6.2332270" lon="106.7984100">
    <ele>24.7</ele>
    <time>2025-11-08T23:51:45Z</time>
   </trkpt>
   <trkpt lat="-6.2331880" lon="106.7984100">
    <ele>24.7</ele>
    <time>2025-11-08T23:51:46Z</time>
   </trkpt>
   <trkpt lat="-6.2331750" lon="106.7984100">
    <ele>24.7</ele>
    <time>2025-11-08T23:51:47Z</time>
   </trkpt>
   <trkpt lat="-6.2331390" lon="106.7984110">
    <ele>24.7</ele>
    <time>2025-11-08T23:51:48Z</time>
   </trkpt>
   <trkpt lat="-6.2331270" lon="106.7984110">
    <ele>24.7</ele>
    <time>2025-11-08T23:51:49Z</time>
   </trkpt>
   <trkpt lat="-6.2330920" lon="106.7984090">
    <ele>24.6</ele>
    <time>2025-11-08T23:51:50Z</time>
   </trkpt>
   <trkpt lat="-6.2330800" lon="106.7984090">
    <ele>24.6</ele>
    <time>2025-11-08T23:51:51Z</time>
   </trkpt>
   <trkpt lat="-6.2330350" lon="106.7984060">
    <ele>24.6</ele>
    <time>2025-11-08T23:51:52Z</time>
   </trkpt>
   <trkpt lat="-6.2330110" lon="106.7984050">
    <ele>24.6</ele>
    <time>2025-11-08T23:51:53Z</time>
   </trkpt>
   <trkpt lat="-6.2329860" lon="106.7984020">
    <ele>24.6</ele>
    <time>2025-11-08T23:51:55Z</time>
   </trkpt>
   <trkpt lat="-6.2329520" lon="106.7984000">
    <ele>24.5</ele>
    <time>2025-11-08T23:51:56Z</time>
   </trkpt>
   <trkpt lat="-6.2329400" lon="106.7984000">
    <ele>24.5</ele>
    <time>2025-11-08T23:51:57Z</time>
   </trkpt>
   <trkpt lat="-6.2329040" lon="106.7984010">
    <ele>24.5</ele>
    <time>2025-11-08T23:51:58Z</time>
   </trkpt>
   <trkpt lat="-6.2328920" lon="106.7984010">
    <ele>24.5</ele>
    <time>2025-11-08T23:51:59Z</time>
   </trkpt>
   <trkpt lat="-6.2328560" lon="106.7984020">
    <ele>24.4</ele>
    <time>2025-11-08T23:52:00Z</time>
   </trkpt>
   <trkpt lat="-6.2328440" lon="106.7984020">
    <ele>24.4</ele>
    <time>2025-11-08T23:52:01Z</time>
   </trkpt>
   <trkpt lat="-6.2328080" lon="106.7984040">
    <ele>24.3</ele>
    <time>2025-11-08T23:52:02Z</time>
   </trkpt>
   <trkpt lat="-6.2327960" lon="106.7984040">
    <ele>24.3</ele>
    <time>2025-11-08T23:52:03Z</time>
   </trkpt>
   <trkpt lat="-6.2327600" lon="106.7984060">
    <ele>24.3</ele>
    <time>2025-11-08T23:52:04Z</time>
   </trkpt>
   <trkpt lat="-6.2327470" lon="106.7984070">
    <ele>24.3</ele>
    <time>2025-11-08T23:52:05Z</time>
   </trkpt>
   <trkpt lat="-6.2326980" lon="106.7984100">
    <ele>24.2</ele>
    <time>2025-11-08T23:52:06Z</time>
   </trkpt>
   <trkpt lat="-6.2326600" lon="106.7984100">
    <ele>24.1</ele>
    <time>2025-11-08T23:52:08Z</time>
   </trkpt>
   <trkpt lat="-6.2326470" lon="106.7984100">
    <ele>24.1</ele>
    <time>2025-11-08T23:52:09Z</time>
   </trkpt>
   <trkpt lat="-6.2326010" lon="106.7984110">
    <ele>24.1</ele>
    <time>2025-11-08T23:52:10Z</time>
   </trkpt>
   <trkpt lat="-6.2325620" lon="106.7984090">
    <ele>24.1</ele>
    <time>2025-11-08T23:52:12Z</time>
   </trkpt>
   <trkpt lat="-6.2325510" lon="106.7984090">
    <ele>24.0</ele>
    <time>2025-11-08T23:52:13Z</time>
   </trkpt>
   <trkpt lat="-6.2325150" lon="106.7984060">
    <ele>24.0</ele>
    <time>2025-11-08T23:52:14Z</time>
   </trkpt>
   <trkpt lat="-6.2325030" lon="106.7984050">
    <ele>24.0</ele>
    <time>2025-11-08T23:52:15Z</time>
   </trkpt>
   <trkpt lat="-6.2324650" lon="106.7984040">
    <ele>24.0</ele>
    <time>2025-11-08T23:52:16Z</time>
   </trkpt>
   <trkpt lat="-6.2324530" lon="106.7984030">
    <ele>24.0</ele>
    <time>2025-11-08T23:52:17Z</time>
   </trkpt>
   <trkpt lat="-6.2324070" lon="106.7984040">
    <ele>23.9</ele>
    <time>2025-11-08T23:52:18Z</time>
   </trkpt>
   <trkpt lat="-6.2323830" lon="106.7984050">
    <ele>23.9</ele>
    <time>2025-11-08T23:52:19Z</time>
   </trkpt>
   <trkpt lat="-6.2323570" lon="106.7984060">
    <ele>23.9</ele>
    <time>2025-11-08T23:52:21Z</time>
   </trkpt>
   <trkpt lat="-6.2323130" lon="106.7984060">
    <ele>23.8</ele>
    <time>2025-11-08T23:52:22Z</time>
   </trkpt>
   <trkpt lat="-6.2322910" lon="106.7984060">
    <ele>23.8</ele>
    <time>2025-11-08T23:52:23Z</time>
   </trkpt>
   <trkpt lat="-6.2322660" lon="106.7984060">
    <ele>23.8</ele>
    <time>2025-11-08T23:52:25Z</time>
   </trkpt>
   <trkpt lat="-6.2322310" lon="106.7984050">
    <ele>23.7</ele>
    <time>2025-11-08T23:52:26Z</time>
   </trkpt>
   <trkpt lat="-6.2322200" lon="106.7984050">
    <ele>23.7</ele>
    <time>2025-11-08T23:52:27Z</time>
   </trkpt>
   <trkpt lat="-6.2321860" lon="106.7984020">
    <ele>23.7</ele>
    <time>2025-11-08T23:52:28Z</time>
   </trkpt>
   <trkpt lat="-6.2321750" lon="106.7984020">
    <ele>23.6</ele>
    <time>2025-11-08T23:52:29Z</time>
   </trkpt>
   <trkpt lat="-6.2321310" lon="106.7984010">
    <ele>23.6</ele>
    <time>2025-11-08T23:52:30Z</time>
   </trkpt>
   <trkpt lat="-6.2321090" lon="106.7984000">
    <ele>23.6</ele>
    <time>2025-11-08T23:52:31Z</time>
   </trkpt>
   <trkpt lat="-6.2320880" lon="106.7983890">
    <ele>23.5</ele>
    <time>2025-11-08T23:52:33Z</time>
   </trkpt>
   <trkpt lat="-6.2320500" lon="106.7983730">
    <ele>23.4</ele>
    <time>2025-11-08T23:52:34Z</time>
   </trkpt>
   <trkpt lat="-6.2320290" lon="106.7983670">
    <ele>23.4</ele>
    <time>2025-11-08T23:52:35Z</time>
   </trkpt>
   <trkpt lat="-6.2320090" lon="106.7983630">
    <ele>23.3</ele>
    <time>2025-11-08T23:52:37Z</time>
   </trkpt>
   <trkpt lat="-6.2319800" lon="106.7983590">
    <ele>23.3</ele>
    <time>2025-11-08T23:52:38Z</time>
   </trkpt>
   <trkpt lat="-6.2319720" lon="106.7983570">
    <ele>23.3</ele>
    <time>2025-11-08T23:52:39Z</time>
   </trkpt>
   <trkpt lat="-6.2319470" lon="106.7983480">
    <ele>23.2</ele>
    <time>2025-11-08T23:52:40Z</time>
   </trkpt>
   <trkpt lat="-6.2319360" lon="106.7983440">
    <ele>23.2</ele>
    <time>2025-11-08T23:52:41Z</time>
   </trkpt>
   <trkpt lat="-6.2319140" lon="106.7983430">
    <ele>23.1</ele>
    <time>2025-11-08T23:52:43Z</time>
   </trkpt>
   <trkpt lat="-6.2319050" lon="106.7983430">
    <ele>23.1</ele>
    <time>2025-11-08T23:52:44Z</time>
   </trkpt>
   <trkpt lat="-6.2318960" lon="106.7983430">
    <ele>23.1</ele>
    <time>2025-11-08T23:52:45Z</time>
   </trkpt>
   <trkpt lat="-6.2318830" lon="106.7983430">
    <ele>23.1</ele>
    <time>2025-11-08T23:52:46Z</time>
   </trkpt>
   <trkpt lat="-6.2318710" lon="106.7983430">
    <ele>23.1</ele>
    <time>2025-11-08T23:52:47Z</time>
   </trkpt>
   <trkpt lat="-6.2318620" lon="106.7983330">
    <ele>23.1</ele>
    <time>2025-11-08T23:52:48Z</time>
   </trkpt>
   <trkpt lat="-6.2318520" lon="106.7983250">
    <ele>23.0</ele>
    <time>2025-11-08T23:52:49Z</time>
   </trkpt>
   <trkpt lat="-6.2318400" lon="106.7983220">
    <ele>23.0</ele>
    <time>2025-11-08T23:52:50Z</time>
   </trkpt>
   <trkpt lat="-6.2318280" lon="106.7983210">
    <ele>23.0</ele>
    <time>2025-11-08T23:52:51Z</time>
   </trkpt>
   <trkpt lat="-6.2318140" lon="106.7983200">
    <ele>23.0</ele>
    <time>2025-11-08T23:52:52Z</time>
   </trkpt>
   <trkpt lat="-6.2318020" lon="106.7983200">
    <ele>22.9</ele>
    <time>2025-11-08T23:52:53Z</time>
   </trkpt>
   <trkpt lat="-6.2317940" lon="106.7983260">
    <ele>22.8</ele>
    <time>2025-11-08T23:52:54Z</time>
   </trkpt>
   <trkpt lat="-6.2317540" lon="106.7975850">
    <ele>20.8</ele>
    <time>2025-11-08T23:59:35Z</time>
   </trkpt>
   <trkpt lat="-6.2317680" lon="106.7975910">
    <ele>20.8</ele>
    <time>2025-11-08T23:59:41Z</time>
   </trkpt>
   <trkpt lat="-6.2317820" lon="106.7975980">
    <ele>20.8</ele>
    <time>2025-11-08T23:59:42Z</time>
   </trkpt>
   <trkpt lat="-6.2317920" lon="106.7975990">
    <ele>20.8</ele>
    <time>2025-11-08T23:59:43Z</time>
   </trkpt>
   <trkpt lat="-6.2318020" lon="106.7976000">
    <ele>20.8</ele>
    <time>2025-11-08T23:59:44Z</time>
   </trkpt>
   <trkpt lat="-6.2318110" lon="106.7976020">
    <ele>20.9</ele>
    <time>2025-11-08T23:59:45Z</time>
   </trkpt>
   <trkpt lat="-6.2318440" lon="106.7976090">
    <ele>20.9</ele>
    <time>2025-11-08T23:59:46Z</time>
   </trkpt>
   <trkpt lat="-6.2318650" lon="106.7976110">
    <ele>20.9</ele>
    <time>2025-11-08T23:59:48Z</time>
   </trkpt>
   <trkpt lat="-6.2318870" lon="106.7976120">
    <ele>20.9</ele>
    <time>2025-11-08T23:59:49Z</time>
   </trkpt>
   <trkpt lat="-6.2319220" lon="106.7976170">
    <ele>20.9</ele>
    <time>2025-11-08T23:59:50Z</time>
   </trkpt>
   <trkpt lat="-6.2319530" lon="106.7976230">
    <ele>21.0</ele>
    <time>2025-11-08T23:59:51Z</time>
   </trkpt>
   <trkpt lat="-6.2319810" lon="106.7976280">
    <ele>21.0</ele>
    <time>2025-11-08T23:59:52Z</time>
   </trkpt>
   <trkpt lat="-6.2320090" lon="106.7976440">
    <ele>21.0</ele>
    <time>2025-11-08T23:59:53Z</time>
   </trkpt>
   <trkpt lat="-6.2320570" lon="106.7976500">
    <ele>21.1</ele>
    <time>2025-11-08T23:59:54Z</time>
   </trkpt>
   <trkpt lat="-6.2320790" lon="106.7976550">
    <ele>21.1</ele>
    <time>2025-11-08T23:59:55Z</time>
   </trkpt>
   <trkpt lat="-6.2321080" lon="106.7976530">
    <ele>21.2</ele>
    <time>2025-11-08T23:59:56Z</time>
   </trkpt>
   <trkpt lat="-6.2321450" lon="106.7976450">
    <ele>21.2</ele>
    <time>2025-11-08T23:59:58Z</time>
   </trkpt>
   <trkpt lat="-6.2321740" lon="106.7976310">
    <ele>21.3</ele>
    <time>2025-11-08T23:59:59Z</time>
   </trkpt>
   <trkpt lat="-6.2322040" lon="106.7976130">
    <ele>21.3</ele>
    <time>2025-11-09T00:00:00Z</time>
   </trkpt>
   <trkpt lat="-6.2322300" lon="106.7975990">
    <ele>21.4</ele>
    <time>2025-11-09T00:00:01Z</time>
   </trkpt>
   <trkpt lat="-6.2322680" lon="106.7975860">
    <ele>21.4</ele>
    <time>2025-11-09T00:00:02Z</time>
   </trkpt>
   <trkpt lat="-6.2322820" lon="106.7975810">
    <ele>21.5</ele>
    <time>2025-11-09T00:00:03Z</time>
   </trkpt>
   <trkpt lat="-6.2323200" lon="106.7975750">
    <ele>21.5</ele>
    <time>2025-11-09T00:00:04Z</time>
   </trkpt>
   <trkpt lat="-6.2323330" lon="106.7975740">
    <ele>21.6</ele>
    <time>2025-11-09T00:00:05Z</time>
   </trkpt>
   <trkpt lat="-6.2323670" lon="106.7975550">
    <ele>21.6</ele>
    <time>2025-11-09T00:00:06Z</time>
   </trkpt>
   <trkpt lat="-6.2324010" lon="106.7975430">
    <ele>21.7</ele>
    <time>2025-11-09T00:00:07Z</time>
   </trkpt>
   <trkpt lat="-6.2324110" lon="106.7975390">
    <ele>21.7</ele>
    <time>2025-11-09T00:00:08Z</time>
   </trkpt>
   <trkpt lat="-6.2324290" lon="106.7975360">
    <ele>21.7</ele>
    <time>2025-11-09T00:00:09Z</time>
   </trkpt>
   <trkpt lat="-6.2324430" lon="106.7975360">
    <ele>21.7</ele>
    <time>2025-11-09T00:00:10Z</time>
   </trkpt>
   <trkpt lat="-6.2324550" lon="106.7975370">
    <ele>21.7</ele>
    <time>2025-11-09T00:00:11Z</time>
   </trkpt>
   <trkpt lat="-6.2324620" lon="106.7975290">
    <ele>21.7</ele>
    <time>2025-11-09T00:00:12Z</time>
   </trkpt>
   <trkpt lat="-6.2324710" lon="106.7975220">
    <ele>21.7</ele>
    <time>2025-11-09T00:00:13Z</time>
   </trkpt>
   <trkpt lat="-6.2324820" lon="106.7975190">
    <ele>21.8</ele>
    <time>2025-11-09T00:00:14Z</time>
   </trkpt>
   <trkpt lat="-6.2324940" lon="106.7975170">
    <ele>21.8</ele>
    <time>2025-11-09T00:00:15Z</time>
   </trkpt>
   <trkpt lat="-6.2325070" lon="106.7975170">
    <ele>21.8</ele>
    <time>2025-11-09T00:00:16Z</time>
   </trkpt>
   <trkpt lat="-6.2325200" lon="106.7975170">
    <ele>21.8</ele>
    <time>2025-11-09T00:00:17Z</time>
   </trkpt>
   <trkpt lat="-6.2325420" lon="106.7975130">
    <ele>21.8</ele>
    <time>2025-11-09T00:00:18Z</time>
   </trkpt>
   <trkpt lat="-6.2325620" lon="106.7975080">
    <ele>21.9</ele>
    <time>2025-11-09T00:00:20Z</time>
   </trkpt>
   <trkpt lat="-6.2325690" lon="106.7975050">
    <ele>21.9</ele>
    <time>2025-11-09T00:00:21Z</time>
   </trkpt>
   <trkpt lat="-6.2325770" lon="106.7975010">
    <ele>21.9</ele>
    <time>2025-11-09T00:00:22Z</time>
   </trkpt>
   <trkpt lat="-6.2325890" lon="106.7975010">
    <ele>21.9</ele>
    <time>2025-11-09T00:00:23Z</time>
   </trkpt>
   <trkpt lat="-6.2326040" lon="106.7975020">
    <ele>21.9</ele>
    <time>2025-11-09T00:00:24Z</time>
   </trkpt>
   <trkpt lat="-6.2326230" lon="106.7974950">
    <ele>21.9</ele>
    <time>2025-11-09T00:00:25Z</time>
   </trkpt>
   <trkpt lat="-6.2326320" lon="106.7974940">
    <ele>22.0</ele>
    <time>2025-11-09T00:00:26Z</time>
   </trkpt>
   <trkpt lat="-6.2326400" lon="106.7974930">
    <ele>22.0</ele>
    <time>2025-11-09T00:00:27Z</time>
   </trkpt>
   <trkpt lat="-6.2326770" lon="106.7975010">
    <ele>22.0</ele>
    <time>2025-11-09T00:00:28Z</time>
   </trkpt>
   <trkpt lat="-6.2327060" lon="106.7975100">
    <ele>22.0</ele>
    <time>2025-11-09T00:00:30Z</time>
   </trkpt>
   <trkpt lat="-6.2327330" lon="106.7975210">
    <ele>22.1</ele>
    <time>2025-11-09T00:00:31Z</time>
   </trkpt>
   <trkpt lat="-6.2327660" lon="106.7974710">
    <ele>22.2</ele>
    <time>2025-11-09T00:00:32Z</time>
   </trkpt>
   <trkpt lat="-6.2327910" lon="106.7974710">
    <ele>22.2</ele>
    <time>2025-11-09T00:00:33Z</time>
   </trkpt>
   <trkpt lat="-6.2328340" lon="106.7974810">
    <ele>22.3</ele>
    <time>2025-11-09T00:00:35Z</time>
   </trkpt>
   <trkpt lat="-6.2328510" lon="106.7974870">
    <ele>22.3</ele>
    <time>2025-11-09T00:00:36Z</time>
   </trkpt>
   <trkpt lat="-6.2328670" lon="106.7974930">
    <ele>22.4</ele>
    <time>2025-11-09T00:00:37Z</time>
   </trkpt>
   <trkpt lat="-6.2329040" lon="106.7974960">
    <ele>22.5</ele>
    <time>2025-11-09T00:00:38Z</time>
   </trkpt>
   <trkpt lat="-6.2329160" lon="106.7974970">
    <ele>22.5</ele>
    <time>2025-11-09T00:00:39Z</time>
   </trkpt>
   <trkpt lat="-6.2329620" lon="106.7975130">
    <ele>22.6</ele>
    <time>2025-11-09T00:00:40Z</time>
   </trkpt>
   <trkpt lat="-6.2330070" lon="106.7975430">
    <ele>22.8</ele>
    <time>2025-11-09T00:00:42Z</time>
   </trkpt>
   <trkpt lat="-6.2330260" lon="106.7975590">
    <ele>22.8</ele>
    <time>2025-11-09T00:00:43Z</time>
   </trkpt>
   <trkpt lat="-6.2330460" lon="106.7975740">
    <ele>22.9</ele>
    <time>2025-11-09T00:00:44Z</time>
   </trkpt>
   <trkpt lat="-6.2330620" lon="106.7975950">
    <ele>23.0</ele>
    <time>2025-11-09T00:00:46Z</time>
   </trkpt>
   <trkpt lat="-6.2330660" lon="106.7976220">
    <ele>23.1</ele>
    <time>2025-11-09T00:00:47Z</time>
   </trkpt>
   <trkpt lat="-6.2330640" lon="106.7976490">
    <ele>23.2</ele>
    <time>2025-11-09T00:00:48Z</time>
   </trkpt>
   <trkpt lat="-6.2330550" lon="106.7976890">
    <ele>23.4</ele>
    <time>2025-11-09T00:00:49Z</time>
   </trkpt>
   <trkpt lat="-6.2330490" lon="106.7977010">
    <ele>23.4</ele>
    <time>2025-11-09T00:00:50Z</time>
   </trkpt>
   <trkpt lat="-6.2330350" lon="106.7977260">
    <ele>23.4</ele>
    <time>2025-11-09T00:00:51Z</time>
   </trkpt>
   <trkpt lat="-6.2330190" lon="106.7977500">
    <ele>23.5</ele>
    <time>2025-11-09T00:00:52Z</time>
   </trkpt>
   <trkpt lat="-6.2330020" lon="106.7977920">
    <ele>23.5</ele>
    <time>2025-11-09T00:00:53Z</time>
   </trkpt>
   <trkpt lat="-6.2329960" lon="106.7978160">
    <ele>23.5</ele>
    <time>2025-11-09T00:00:54Z</time>
   </trkpt>
   <trkpt lat="-6.2329910" lon="106.7978410">
    <ele>23.6</ele>
    <time>2025-11-09T00:00:56Z</time>
   </trkpt>
   <trkpt lat="-6.2329860" lon="106.7978850">
    <ele>23.6</ele>
    <time>2025-11-09T00:00:57Z</time>
   </trkpt>
   <trkpt lat="-6.2329860" lon="106.7979060">
    <ele>23.7</ele>
    <time>2025-11-09T00:00:59Z</time>
   </trkpt>
   <trkpt lat="-6.2329970" lon="106.7979130">
    <ele>23.7</ele>
    <time>2025-11-09T00:01:00Z</time>
   </trkpt>
   <trkpt lat="-6.2330060" lon="106.7979220">
    <ele>23.7</ele>
    <time>2025-11-09T00:01:01Z</time>
   </trkpt>
   <trkpt lat="-6.2330120" lon="106.7979420">
    <ele>23.8</ele>
    <time>2025-11-09T00:01:02Z</time>
   </trkpt>
   <trkpt lat="-6.2330050" lon="106.7979810">
    <ele>23.8</ele>
    <time>2025-11-09T00:01:03Z</time>
   </trkpt>
   <trkpt lat="-6.2330020" lon="106.7980350">
    <ele>24.0</ele>
    <time>2025-11-09T00:01:04Z</time>
   </trkpt>
   <trkpt lat="-6.2330030" lon="106.7980610">
    <ele>24.0</ele>
    <time>2025-11-09T00:01:06Z</time>
   </trkpt>
   <trkpt lat="-6.2330080" lon="106.7980950">
    <ele>24.1</ele>
    <time>2025-11-09T00:01:07Z</time>
   </trkpt>
   <trkpt lat="-6.2330090" lon="106.7981060">
    <ele>24.1</ele>
    <time>2025-11-09T00:01:08Z</time>
   </trkpt>
   <trkpt lat="-6.2330100" lon="106.7981400">
    <ele>24.2</ele>
    <time>2025-11-09T00:01:09Z</time>
   </trkpt>
   <trkpt lat="-6.2330110" lon="106.7981530">
    <ele>24.2</ele>
    <time>2025-11-09T00:01:10Z</time>
   </trkpt>
   <trkpt lat="-6.2330120" lon="106.7981860">
    <ele>24.3</ele>
    <time>2025-11-09T00:01:11Z</time>
   </trkpt>
   <trkpt lat="-6.2330110" lon="106.7981970">
    <ele>24.4</ele>
    <time>2025-11-09T00:01:12Z</time>
   </trkpt>
   <trkpt lat="-6.2330080" lon="106.7982320">
    <ele>24.5</ele>
    <time>2025-11-09T00:01:13Z</time>
   </trkpt>
   <trkpt lat="-6.2330050" lon="106.7982430">
    <ele>24.5</ele>
    <time>2025-11-09T00:01:14Z</time>
   </trkpt>
   <trkpt lat="-6.2329650" lon="106.7982720">
    <ele>24.4</ele>
    <time>2025-11-09T00:01:15Z</time>
   </trkpt>
   <trkpt lat="-6.2329390" lon="106.7982800">
    <ele>24.4</ele>
    <time>2025-11-09T00:01:17Z</time>
   </trkpt>
   <trkpt lat="-6.2329110" lon="106.7982800">
    <ele>24.4</ele>
    <time>2025-11-09T00:01:18Z</time>
   </trkpt>
   <trkpt lat="-6.2328830" lon="106.7982760">
    <ele>24.3</ele>
    <time>2025-11-09T00:01:19Z</time>
   </trkpt>
   <trkpt lat="-6.2328430" lon="106.7982690">
    <ele>24.3</ele>
    <time>2025-11-09T00:01:20Z</time>
   </trkpt>
   <trkpt lat="-6.2328300" lon="106.7982670">
    <ele>24.3</ele>
    <time>2025-11-09T00:01:21Z</time>
   </trkpt>
   <trkpt lat="-6.2327940" lon="106.7982660">
    <ele>24.2</ele>
    <time>2025-11-09T00:01:22Z</time>
   </trkpt>
   <trkpt lat="-6.2327830" lon="106.7982650">
    <ele>24.2</ele>
    <time>2025-11-09T00:01:23Z</time>
   </trkpt>
   <trkpt lat="-6.2327740" lon="106.7982770">
    <ele>24.2</ele>
    <time>2025-11-09T00:01:24Z</time>
   </trkpt>
   <trkpt lat="-6.2327600" lon="106.7982860">
    <ele>24.2</ele>
    <time>2025-11-09T00:01:25Z</time>
   </trkpt>
   <trkpt lat="-6.2327010" lon="106.7982900">
    <ele>24.1</ele>
    <time>2025-11-09T00:01:26Z</time>
   </trkpt>
   <trkpt lat="-6.2326660" lon="106.7982900">
    <ele>24.0</ele>
    <time>2025-11-09T00:01:27Z</time>
   </trkpt>
   <trkpt lat="-6.2326350" lon="106.7982880">
    <ele>24.0</ele>
    <time>2025-11-09T00:01:29Z</time>
   </trkpt>
   <trkpt lat="-6.2326070" lon="106.7982920">
    <ele>24.0</ele>
    <time>2025-11-09T00:01:30Z</time>
   </trkpt>
   <trkpt lat="-6.2325790" lon="106.7982950">
    <ele>24.0</ele>
    <time>2025-11-09T00:01:31Z</time>
   </trkpt>
   <trkpt lat="-6.2325390" lon="106.7982970">
    <ele>23.9</ele>
    <time>2025-11-09T00:01:32Z</time>
   </trkpt>
   <trkpt lat="-6.2325250" lon="106.7982970">
    <ele>23.9</ele>
    <time>2025-11-09T00:01:33Z</time>
   </trkpt>
   <trkpt lat="-6.2325050" lon="106.7982970">
    <ele>23.9</ele>
    <time>2025-11-09T00:01:34Z</time>
   </trkpt>
   <trkpt lat="-6.2324970" lon="106.7983100">
    <ele>23.9</ele>
    <time>2025-11-09T00:01:35Z</time>
   </trkpt>
   <trkpt lat="-6.2324690" lon="106.7983020">
    <ele>23.9</ele>
    <time>2025-11-09T00:01:37Z</time>
   </trkpt>
   <trkpt lat="-6.2324380" lon="106.7982970">
    <ele>23.8</ele>
    <time>2025-11-09T00:01:38Z</time>
   </trkpt>
   <trkpt lat="-6.2324100" lon="106.7983000">
    <ele>23.8</ele>
    <time>2025-11-09T00:01:39Z</time>
   </trkpt>
   <trkpt lat="-6.2323710" lon="106.7983000">
    <ele>23.8</ele>
    <time>2025-11-09T00:01:40Z</time>
   </trkpt>
   <trkpt lat="-6.2323570" lon="106.7982990">
    <ele>23.7</ele>
    <time>2025-11-09T00:01:41Z</time>
   </trkpt>
   <trkpt lat="-6.2323180" lon="106.7983050">
    <ele>23.7</ele>
    <time>2025-11-09T00:01:42Z</time>
   </trkpt>
   <trkpt lat="-6.2323050" lon="106.7983080">
    <ele>23.7</ele>
    <time>2025-11-09T00:01:43Z</time>
   </trkpt>
   <trkpt lat="-6.2322660" lon="106.7983120">
    <ele>23.7</ele>
    <time>2025-11-09T00:01:44Z</time>
   </trkpt>
   <trkpt lat="-6.2322510" lon="106.7983120">
    <ele>23.6</ele>
    <time>2025-11-09T00:01:45Z</time>
   </trkpt>
   <trkpt lat="-6.2322130" lon="106.7983160">
    <ele>23.6</ele>
    <time>2025-11-09T00:01:46Z</time>
   </trkpt>
   <trkpt lat="-6.2322000" lon="106.7983180">
    <ele>23.6</ele>
    <time>2025-11-09T00:01:47Z</time>
   </trkpt>
   <trkpt lat="-6.2321620" lon="106.7983240">
    <ele>23.6</ele>
    <time>2025-11-09T00:01:48Z</time>
   </trkpt>
   <trkpt lat="-6.2321490" lon="106.7983250">
    <ele>23.5</ele>
    <time>2025-11-09T00:01:49Z</time>
   </trkpt>
   <trkpt lat="-6.2321230" lon="106.7983340">
    <ele>23.5</ele>
    <time>2025-11-09T00:01:50Z</time>
   </trkpt>
   <trkpt lat="-6.2320850" lon="106.7983440">
    <ele>23.5</ele>
    <time>2025-11-09T00:01:51Z</time>
   </trkpt>
   <trkpt lat="-6.2320710" lon="106.7983470">
    <ele>23.4</ele>
    <time>2025-11-09T00:01:52Z</time>
   </trkpt>
   <trkpt lat="-6.2320180" lon="106.7983630">
    <ele>23.4</ele>
    <time>2025-11-09T00:01:53Z</time>
   </trkpt>
   <trkpt lat="-6.2319910" lon="106.7983700">
    <ele>23.3</ele>
    <time>2025-11-09T00:01:54Z</time>
   </trkpt>
   <trkpt lat="-6.2319470" lon="106.7983780">
    <ele>23.3</ele>
    <time>2025-11-09T00:01:56Z</time>
   </trkpt>
   <trkpt lat="-6.2319310" lon="106.7983810">
    <ele>23.3</ele>
    <time>2025-11-09T00:01:57Z</time>
   </trkpt>
   <trkpt lat="-6.2319140" lon="106.7983830">
    <ele>23.2</ele>
    <time>2025-11-09T00:01:58Z</time>
   </trkpt>
   <trkpt lat="-6.2318780" lon="106.7983860">
    <ele>23.2</ele>
    <time>2025-11-09T00:01:59Z</time>
   </trkpt>
   <trkpt lat="-6.2318660" lon="106.7983860">
    <ele>23.2</ele>
    <time>2025-11-09T00:02:00Z</time>
   </trkpt>
   <trkpt lat="-6.2318280" lon="106.7983870">
    <ele>23.1</ele>
    <time>2025-11-09T00:02:01Z</time>
   </trkpt>
   <trkpt lat="-6.2318160" lon="106.7983880">
    <ele>23.1</ele>
    <time>2025-11-09T00:02:02Z</time>
   </trkpt>
   <trkpt lat="-6.2317820" lon="106.7983990">
    <ele>23.1</ele>
    <time>2025-11-09T00:02:03Z</time>
   </trkpt>
   <trkpt lat="-6.2317700" lon="106.7984030">
    <ele>23.0</ele>
    <time>2025-11-09T00:02:04Z</time>
   </trkpt>
   <trkpt lat="-6.2317350" lon="106.7984030">
    <ele>23.0</ele>
    <time>2025-11-09T00:02:05Z</time>
   </trkpt>
   <trkpt lat="-6.2317230" lon="106.7984040">
    <ele>23.0</ele>
    <time>2025-11-09T00:02:06Z</time>
   </trkpt>
   <trkpt lat="-6.2316870" lon="106.7983990">
    <ele>22.9</ele>
    <time>2025-11-09T00:02:07Z</time>
   </trkpt>
   <trkpt lat="-6.2316750" lon="106.7983980">
    <ele>22.9</ele>
    <time>2025-11-09T00:02:08Z</time>
   </trkpt>
   <trkpt lat="-6.2316390" lon="106.7983960">
    <ele>22.9</ele>
    <time>2025-11-09T00:02:09Z</time>
   </trkpt>
   <trkpt lat="-6.2316270" lon="106.7983950">
    <ele>22.9</ele>
    <time>2025-11-09T00:02:10Z</time>
   </trkpt>
   <trkpt lat="-6.2315890" lon="106.7983880">
    <ele>22.8</ele>
    <time>2025-11-09T00:02:11Z</time>
   </trkpt>
   <trkpt lat="-6.2315770" lon="106.7983850">
    <ele>22.8</ele>
    <time>2025-11-09T00:02:12Z</time>
   </trkpt>
   <trkpt lat="-6.2315440" lon="106.7983810">
    <ele>22.8</ele>
    <time>2025-11-09T00:02:13Z</time>
   </trkpt>
   <trkpt lat="-6.2315310" lon="106.7983800">
    <ele>22.7</ele>
    <time>2025-11-09T00:02:14Z</time>
   </trkpt>
   <trkpt lat="-6.2314840" lon="106.7983800">
    <ele>22.7</ele>
    <time>2025-11-09T00:02:15Z</time>
   </trkpt>
   <trkpt lat="-6.2314590" lon="106.7983840">
    <ele>22.7</ele>
    <time>2025-11-09T00:02:16Z</time>
   </trkpt>
   <trkpt lat="-6.2314320" lon="106.7983880">
    <ele>22.6</ele>
    <time>2025-11-09T00:02:18Z</time>
   </trkpt>
   <trkpt lat="-6.2313980" lon="106.7983970">
    <ele>22.6</ele>
    <time>2025-11-09T00:02:19Z</time>
   </trkpt>
   <trkpt lat="-6.2313870" lon="106.7984000">
    <ele>22.6</ele>
    <time>2025-11-09T00:02:20Z</time>
   </trkpt>
   <trkpt lat="-6.2313520" lon="106.7984090">
    <ele>22.6</ele>
    <time>2025-11-09T00:02:21Z</time>
   </trkpt>
   <trkpt lat="-6.2313420" lon="106.7984120">
    <ele>22.6</ele>
    <time>2025-11-09T00:02:22Z</time>
   </trkpt>
   <trkpt lat="-6.2312970" lon="106.7984210">
    <ele>22.5</ele>
    <time>2025-11-09T00:02:23Z</time>
   </trkpt>
   <trkpt lat="-6.2312630" lon="106.7984320">
    <ele>22.5</ele>
    <time>2025-11-09T00:02:25Z</time>
   </trkpt>
   <trkpt lat="-6.2312520" lon="106.7984360">
    <ele>22.5</ele>
    <time>2025-11-09T00:02:26Z</time>
   </trkpt>
   <trkpt lat="-6.2312210" lon="106.7984460">
    <ele>22.5</ele>
    <time>2025-11-09T00:02:27Z</time>
   </trkpt>
   <trkpt lat="-6.2312110" lon="106.7984480">
    <ele>22.5</ele>
    <time>2025-11-09T00:02:28Z</time>
   </trkpt>
   <trkpt lat="-6.2311940" lon="106.7984500">
    <ele>22.5</ele>
    <time>2025-11-09T00:02:29Z</time>
   </trkpt>
   <trkpt lat="-6.2311770" lon="106.7984530">
    <ele>22.4</ele>
    <time>2025-11-09T00:02:30Z</time>
   </trkpt>
   <trkpt lat="-6.2311640" lon="106.7984560">
    <ele>22.4</ele>
    <time>2025-11-09T00:02:31Z</time>
   </trkpt>
   <trkpt lat="-6.2311530" lon="106.7984590">
    <ele>22.4</ele>
    <time>2025-11-09T00:02:32Z</time>
   </trkpt>
   <trkpt lat="-6.2311450" lon="106.7984600">
    <ele>22.4</ele>
    <time>2025-11-09T00:02:33Z</time>
   </trkpt>
   <trkpt lat="-6.2311360" lon="106.7984620">
    <ele>22.4</ele>
    <time>2025-11-09T00:02:34Z</time>
   </trkpt>
   <trkpt lat="-6.2311260" lon="106.7984660">
    <ele>22.4</ele>
    <time>2025-11-09T00:02:35Z</time>
   </trkpt>
   <trkpt lat="-6.2311140" lon="106.7984690">
    <ele>22.4</ele>
    <time>2025-11-09T00:02:36Z</time>
   </trkpt>
   <trkpt lat="-6.2311030" lon="106.7984700">
    <ele>22.4</ele>
    <time>2025-11-09T00:02:37Z</time>
   </trkpt>
   <trkpt lat="-6.2310930" lon="106.7984710">
    <ele>22.4</ele>
    <time>2025-11-09T00:02:38Z</time>
   </trkpt>
   <trkpt lat="-6.2310800" lon="106.7984730">
    <ele>22.4</ele>
    <time>2025-11-09T00:02:39Z</time>
   </trkpt>
   <trkpt lat="-6.2310700" lon="106.7984740">
    <ele>22.4</ele>
    <time>2025-11-09T00:02:40Z</time>
   </trkpt>
   <trkpt lat="-6.2310590" lon="106.7984770">
    <ele>22.4</ele>
    <time>2025-11-09T00:02:41Z</time>
   </trkpt>
   <trkpt lat="-6.2310450" lon="106.7984800">
    <ele>22.4</ele>
    <time>2025-11-09T00:02:42Z</time>
   </trkpt>
   <trkpt lat="-6.2310260" lon="106.7984860">
    <ele>22.4</ele>
    <time>2025-11-09T00:02:43Z</time>
   </trkpt>
   <trkpt lat="-6.2310180" lon="106.7984880">
    <ele>22.4</ele>
    <time>2025-11-09T00:02:44Z</time>
   </trkpt>
   <trkpt lat="-6.2310100" lon="106.7984910">
    <ele>22.4</ele>
    <time>2025-11-09T00:02:45Z</time>
   </trkpt>
   <trkpt lat="-6.2309870" lon="106.7984970">
    <ele>22.3</ele>
    <time>2025-11-09T00:02:46Z</time>
   </trkpt>
   <trkpt lat="-6.2309780" lon="106.7985000">
    <ele>22.3</ele>
    <time>2025-11-09T00:02:47Z</time>
   </trkpt>
   <trkpt lat="-6.2309690" lon="106.7985020">
    <ele>22.3</ele>
    <time>2025-11-09T00:02:48Z</time>
   </trkpt>
   <trkpt lat="-6.2309410" lon="106.7985090">
    <ele>22.3</ele>
    <time>2025-11-09T00:02:49Z</time>
   </trkpt>
   <trkpt lat="-6.2309310" lon="106.7985110">
    <ele>22.3</ele>
    <time>2025-11-09T00:02:50Z</time>
   </trkpt>
   <trkpt lat="-6.2309040" lon="106.7985160">
    <ele>22.3</ele>
    <time>2025-11-09T00:02:51Z</time>
   </trkpt>
   <trkpt lat="-6.2308540" lon="106.7985290">
    <ele>22.3</ele>
    <time>2025-11-09T00:02:52Z</time>
   </trkpt>
   <trkpt lat="-6.2308290" lon="106.7985420">
    <ele>22.3</ele>
    <time>2025-11-09T00:02:54Z</time>
   </trkpt>
   <trkpt lat="-6.2307960" lon="106.7985620">
    <ele>22.3</ele>
    <time>2025-11-09T00:02:55Z</time>
   </trkpt>
   <trkpt lat="-6.2307840" lon="106.7985680">
    <ele>22.3</ele>
    <time>2025-11-09T00:02:56Z</time>
   </trkpt>
   <trkpt lat="-6.2307500" lon="106.7985850">
    <ele>22.2</ele>
    <time>2025-11-09T00:02:57Z</time>
   </trkpt>
   <trkpt lat="-6.2307380" lon="106.7985900">
    <ele>22.2</ele>
    <time>2025-11-09T00:02:58Z</time>
   </trkpt>
   <trkpt lat="-6.2306980" lon="106.7986020">
    <ele>22.2</ele>
    <time>2025-11-09T00:02:59Z</time>
   </trkpt>
   <trkpt lat="-6.2306780" lon="106.7986050">
    <ele>22.2</ele>
    <time>2025-11-09T00:03:00Z</time>
   </trkpt>
   <trkpt lat="-6.2306580" lon="106.7986080">
    <ele>22.2</ele>
    <time>2025-11-09T00:03:01Z</time>
   </trkpt>
   <trkpt lat="-6.2306460" lon="106.7986140">
    <ele>22.2</ele>
    <time>2025-11-09T00:03:03Z</time>
   </trkpt>
   <trkpt lat="-6.2306480" lon="106.7986200">
    <ele>22.2</ele>
    <time>2025-11-09T00:03:04Z</time>
   </trkpt>
   <trkpt lat="-6.2306700" lon="106.7986350">
    <ele>22.2</ele>
    <time>2025-11-09T00:03:05Z</time>
   </trkpt>
   <trkpt lat="-6.2306090" lon="106.7986240">
    <ele>22.2</ele>
    <time>2025-11-09T00:03:07Z</time>
   </trkpt>
   <trkpt lat="-6.2305690" lon="106.7986010">
    <ele>22.1</ele>
    <time>2025-11-09T00:03:08Z</time>
   </trkpt>
   <trkpt lat="-6.2305370" lon="106.7985840">
    <ele>22.1</ele>
    <time>2025-11-09T00:03:09Z</time>
   </trkpt>
   <trkpt lat="-6.2304890" lon="106.7985880">
    <ele>22.1</ele>
    <time>2025-11-09T00:03:10Z</time>
   </trkpt>
   <trkpt lat="-6.2304510" lon="106.7986120">
    <ele>22.1</ele>
    <time>2025-11-09T00:03:12Z</time>
   </trkpt>
   <trkpt lat="-6.2304370" lon="106.7986260">
    <ele>22.1</ele>
    <time>2025-11-09T00:03:13Z</time>
   </trkpt>
   <trkpt lat="-6.2304240" lon="106.7986390">
    <ele>22.1</ele>
    <time>2025-11-09T00:03:14Z</time>
   </trkpt>
   <trkpt lat="-6.2304190" lon="106.7986720">
    <ele>22.1</ele>
    <time>2025-11-09T00:03:15Z</time>
   </trkpt>
   <trkpt lat="-6.2304180" lon="106.7986810">
    <ele>22.1</ele>
    <time>2025-11-09T00:03:16Z</time>
   </trkpt>
   <trkpt lat="-6.2304150" lon="106.7986960">
    <ele>22.1</ele>
    <time>2025-11-09T00:03:17Z</time>
   </trkpt>
   <trkpt lat="-6.2304030" lon="106.7987090">
    <ele>22.1</ele>
    <time>2025-11-09T00:03:18Z</time>
   </trkpt>
   <trkpt lat="-6.2303760" lon="106.7987300">
    <ele>22.1</ele>
    <time>2025-11-09T00:03:19Z</time>
   </trkpt>
   <trkpt lat="-6.2303630" lon="106.7987380">
    <ele>22.1</ele>
    <time>2025-11-09T00:03:20Z</time>
   </trkpt>
   <trkpt lat="-6.2303150" lon="106.7987630">
    <ele>22.1</ele>
    <time>2025-11-09T00:03:21Z</time>
   </trkpt>
   <trkpt lat="-6.2302900" lon="106.7987830">
    <ele>22.1</ele>
    <time>2025-11-09T00:03:22Z</time>
   </trkpt>
   <trkpt lat="-6.2302640" lon="106.7988010">
    <ele>22.1</ele>
    <time>2025-11-09T00:03:23Z</time>
   </trkpt>
   <trkpt lat="-6.2302550" lon="106.7988070">
    <ele>22.1</ele>
    <time>2025-11-09T00:03:24Z</time>
   </trkpt>
   <trkpt lat="-6.2302140" lon="106.7988260">
    <ele>22.0</ele>
    <time>2025-11-09T00:03:25Z</time>
   </trkpt>
   <trkpt lat="-6.2301920" lon="106.7988340">
    <ele>22.0</ele>
    <time>2025-11-09T00:03:26Z</time>
   </trkpt>
   <trkpt lat="-6.2301660" lon="106.7988420">
    <ele>22.0</ele>
    <time>2025-11-09T00:03:28Z</time>
   </trkpt>
   <trkpt lat="-6.2301300" lon="106.7988480">
    <ele>22.0</ele>
    <time>2025-11-09T00:03:29Z</time>
   </trkpt>
   <trkpt lat="-6.2301180" lon="106.7988510">
    <ele>22.0</ele>
    <time>2025-11-09T00:03:30Z</time>
   </trkpt>
   <trkpt lat="-6.2300850" lon="106.7988660">
    <ele>22.0</ele>
    <time>2025-11-09T00:03:31Z</time>
   </trkpt>
   <trkpt lat="-6.2300740" lon="106.7988710">
    <ele>22.0</ele>
    <time>2025-11-09T00:03:32Z</time>
   </trkpt>
   <trkpt lat="-6.2300470" lon="106.7988910">
    <ele>22.0</ele>
    <time>2025-11-09T00:03:33Z</time>
   </trkpt>
   <trkpt lat="-6.2300390" lon="106.7988960">
    <ele>22.0</ele>
    <time>2025-11-09T00:03:34Z</time>
   </trkpt>
   <trkpt lat="-6.2300040" lon="106.7989200">
    <ele>22.0</ele>
    <time>2025-11-09T00:03:35Z</time>
   </trkpt>
   <trkpt lat="-6.2299760" lon="106.7989350">
    <ele>22.0</ele>
    <time>2025-11-09T00:03:37Z</time>
   </trkpt>
   <trkpt lat="-6.2299670" lon="106.7989390">
    <ele>22.0</ele>
    <time>2025-11-09T00:03:38Z</time>
   </trkpt>
   <trkpt lat="-6.2299380" lon="106.7989500">
    <ele>22.0</ele>
    <time>2025-11-09T00:03:39Z</time>
   </trkpt>
   <trkpt lat="-6.2299270" lon="106.7989530">
    <ele>22.0</ele>
    <time>2025-11-09T00:03:40Z</time>
   </trkpt>
   <trkpt lat="-6.2298980" lon="106.7989690">
    <ele>21.9</ele>
    <time>2025-11-09T00:03:41Z</time>
   </trkpt>
   <trkpt lat="-6.2298890" lon="106.7989730">
    <ele>21.9</ele>
    <time>2025-11-09T00:03:42Z</time>
   </trkpt>
   <trkpt lat="-6.2298600" lon="106.7989860">
    <ele>21.9</ele>
    <time>2025-11-09T00:03:43Z</time>
   </trkpt>
   <trkpt lat="-6.2298510" lon="106.7989890">
    <ele>21.9</ele>
    <time>2025-11-09T00:03:44Z</time>
   </trkpt>
   <trkpt lat="-6.2298130" lon="106.7990060">
    <ele>21.9</ele>
    <time>2025-11-09T00:03:45Z</time>
   </trkpt>
   <trkpt lat="-6.2297820" lon="106.7990160">
    <ele>21.9</ele>
    <time>2025-11-09T00:03:47Z</time>
   </trkpt>
   <trkpt lat="-6.2297710" lon="106.7990180">
    <ele>21.9</ele>
    <time>2025-11-09T00:03:48Z</time>
   </trkpt>
   <trkpt lat="-6.2297430" lon="106.7990320">
    <ele>21.9</ele>
    <time>2025-11-09T00:03:49Z</time>
   </trkpt>
   <trkpt lat="-6.2297340" lon="106.7990360">
    <ele>21.9</ele>
    <time>2025-11-09T00:03:50Z</time>
   </trkpt>
   <trkpt lat="-6.2297050" lon="106.7990490">
    <ele>21.8</ele>
    <time>2025-11-09T00:03:51Z</time>
   </trkpt>
   <trkpt lat="-6.2296940" lon="106.7990520">
    <ele>21.8</ele>
    <time>2025-11-09T00:03:52Z</time>
   </trkpt>
   <trkpt lat="-6.2296560" lon="106.7990660">
    <ele>21.8</ele>
    <time>2025-11-09T00:03:53Z</time>
   </trkpt>
   <trkpt lat="-6.2296390" lon="106.7990740">
    <ele>21.8</ele>
    <time>2025-11-09T00:03:54Z</time>
   </trkpt>
   <trkpt lat="-6.2296310" lon="106.7990770">
    <ele>21.8</ele>
    <time>2025-11-09T00:03:56Z</time>
   </trkpt>
   <trkpt lat="-6.2296280" lon="106.7990770">
    <ele>21.8</ele>
    <time>2025-11-09T00:03:57Z</time>
   </trkpt>
   <trkpt lat="-6.2296070" lon="106.7990840">
    <ele>21.8</ele>
    <time>2025-11-09T00:03:58Z</time>
   </trkpt>
   <trkpt lat="-6.2295950" lon="106.7990880">
    <ele>21.8</ele>
    <time>2025-11-09T00:04:00Z</time>
   </trkpt>
   <trkpt lat="-6.2295820" lon="106.7990930">
    <ele>21.8</ele>
    <time>2025-11-09T00:04:01Z</time>
   </trkpt>
   <trkpt lat="-6.2295680" lon="106.7990980">
    <ele>21.8</ele>
    <time>2025-11-09T00:04:02Z</time>
   </trkpt>
   <trkpt lat="-6.2295540" lon="106.7991040">
    <ele>21.8</ele>
    <time>2025-11-09T00:04:03Z</time>
   </trkpt>
   <trkpt lat="-6.2295400" lon="106.7991100">
    <ele>21.7</ele>
    <time>2025-11-09T00:04:04Z</time>
   </trkpt>
   <trkpt lat="-6.2295200" lon="106.7991180">
    <ele>21.7</ele>
    <time>2025-11-09T00:04:05Z</time>
   </trkpt>
   <trkpt lat="-6.2295120" lon="106.7991210">
    <ele>21.7</ele>
    <time>2025-11-09T00:04:06Z</time>
   </trkpt>
   <trkpt lat="-6.2295040" lon="106.7991240">
    <ele>21.7</ele>
    <time>2025-11-09T00:04:07Z</time>
   </trkpt>
   <trkpt lat="-6.2294840" lon="106.7991300">
    <ele>21.7</ele>
    <time>2025-11-09T00:04:08Z</time>
   </trkpt>
   <trkpt lat="-6.2294760" lon="106.7991310">
    <ele>21.7</ele>
    <time>2025-11-09T00:04:09Z</time>
   </trkpt>
   <trkpt lat="-6.2294680" lon="106.7991330">
    <ele>21.7</ele>
    <time>2025-11-09T00:04:10Z</time>
   </trkpt>
   <trkpt lat="-6.2294540" lon="106.7991340">
    <ele>21.7</ele>
    <time>2025-11-09T00:04:11Z</time>
   </trkpt>
   <trkpt lat="-6.2294470" lon="106.7991340">
    <ele>21.7</ele>
    <time>2025-11-09T00:04:12Z</time>
   </trkpt>
   <trkpt lat="-6.2294420" lon="106.7991350">
    <ele>21.7</ele>
    <time>2025-11-09T00:04:13Z</time>
   </trkpt>
   <trkpt lat="-6.2294320" lon="106.7991400">
    <ele>21.7</ele>
    <time>2025-11-09T00:04:14Z</time>
   </trkpt>
   <trkpt lat="-6.2294140" lon="106.7991480">
    <ele>21.7</ele>
    <time>2025-11-09T00:04:15Z</time>
   </trkpt>
   <trkpt lat="-6.2294050" lon="106.7991520">
    <ele>21.7</ele>
    <time>2025-11-09T00:04:16Z</time>
   </trkpt>
   <trkpt lat="-6.2293950" lon="106.7991550">
    <ele>21.6</ele>
    <time>2025-11-09T00:04:17Z</time>
   </trkpt>
   <trkpt lat="-6.2293690" lon="106.7991640">
    <ele>21.6</ele>
    <time>2025-11-09T00:04:18Z</time>
   </trkpt>
   <trkpt lat="-6.2293600" lon="106.7991660">
    <ele>21.6</ele>
    <time>2025-11-09T00:04:19Z</time>
   </trkpt>
   <trkpt lat="-6.2293430" lon="106.7991710">
    <ele>21.6</ele>
    <time>2025-11-09T00:04:20Z</time>
   </trkpt>
   <trkpt lat="-6.2293280" lon="106.7991750">
    <ele>21.6</ele>
    <time>2025-11-09T00:04:21Z</time>
   </trkpt>
   <trkpt lat="-6.2293140" lon="106.7991830">
    <ele>21.6</ele>
    <time>2025-11-09T00:04:22Z</time>
   </trkpt>
   <trkpt lat="-6.2293000" lon="106.7991910">
    <ele>21.5</ele>
    <time>2025-11-09T00:04:23Z</time>
   </trkpt>
   <trkpt lat="-6.2292640" lon="106.7992030">
    <ele>21.5</ele>
    <time>2025-11-09T00:04:24Z</time>
   </trkpt>
   <trkpt lat="-6.2292440" lon="106.7992090">
    <ele>21.5</ele>
    <time>2025-11-09T00:04:25Z</time>
   </trkpt>
   <trkpt lat="-6.2292220" lon="106.7992200">
    <ele>21.5</ele>
    <time>2025-11-09T00:04:27Z</time>
   </trkpt>
   <trkpt lat="-6.2292030" lon="106.7992410">
    <ele>21.5</ele>
    <time>2025-11-09T00:04:28Z</time>
   </trkpt>
   <trkpt lat="-6.2291800" lon="106.7992810">
    <ele>21.4</ele>
    <time>2025-11-09T00:04:29Z</time>
   </trkpt>
   <trkpt lat="-6.2291730" lon="106.7992980">
    <ele>21.4</ele>
    <time>2025-11-09T00:04:31Z</time>
   </trkpt>
   <trkpt lat="-6.2291800" lon="106.7993020">
    <ele>21.4</ele>
    <time>2025-11-09T00:04:32Z</time>
   </trkpt>
   <trkpt lat="-6.2291760" lon="106.7993170">
    <ele>21.4</ele>
    <time>2025-11-09T00:04:33Z</time>
   </trkpt>
   <trkpt lat="-6.2291550" lon="106.7993450">
    <ele>21.4</ele>
    <time>2025-11-09T00:04:34Z</time>
   </trkpt>
   <trkpt lat="-6.2291430" lon="106.7993560">
    <ele>21.4</ele>
    <time>2025-11-09T00:04:35Z</time>
   </trkpt>
   <trkpt lat="-6.2291140" lon="106.7993690">
    <ele>21.4</ele>
    <time>2025-11-09T00:04:36Z</time>
   </trkpt>
   <trkpt lat="-6.2291090" lon="106.7993720">
    <ele>21.4</ele>
    <time>2025-11-09T00:04:37Z</time>
   </trkpt>
   <trkpt lat="-6.2287740" lon="106.8000300">
    <ele>20.8</ele>
    <time>2025-11-09T00:07:46Z</time>
   </trkpt>
   <trkpt lat="-6.2285560" lon="106.7998940">
    <ele>20.8</ele>
    <time>2025-11-09T00:07:53Z</time>
   </trkpt>
   <trkpt lat="-6.2286100" lon="106.7999430">
    <ele>20.8</ele>
    <time>2025-11-09T00:07:59Z</time>
   </trkpt>
   <trkpt lat="-6.2286270" lon="106.7999870">
    <ele>20.7</ele>
    <time>2025-11-09T00:08:00Z</time>
   </trkpt>
   <trkpt lat="-6.2286030" lon="106.7999940">
    <ele>20.7</ele>
    <time>2025-11-09T00:08:01Z</time>
   </trkpt>
   <trkpt lat="-6.2285850" lon="106.7999840">
    <ele>20.7</ele>
    <time>2025-11-09T00:08:02Z</time>
   </trkpt>
   <trkpt lat="-6.2285250" lon="106.7999620">
    <ele>20.7</ele>
    <time>2025-11-09T00:08:04Z</time>
   </trkpt>
   <trkpt lat="-6.2284950" lon="106.7999560">
    <ele>20.7</ele>
    <time>2025-11-09T00:08:05Z</time>
   </trkpt>
   <trkpt lat="-6.2284590" lon="106.7999590">
    <ele>20.6</ele>
    <time>2025-11-09T00:08:07Z</time>
   </trkpt>
   <trkpt lat="-6.2284270" lon="106.7999690">
    <ele>20.6</ele>
    <time>2025-11-09T00:08:08Z</time>
   </trkpt>
   <trkpt lat="-6.2283760" lon="106.7999920">
    <ele>20.6</ele>
    <time>2025-11-09T00:08:09Z</time>
   </trkpt>
   <trkpt lat="-6.2283480" lon="106.8000090">
    <ele>20.6</ele>
    <time>2025-11-09T00:08:11Z</time>
   </trkpt>
   <trkpt lat="-6.2283280" lon="106.8000370">
    <ele>20.5</ele>
    <time>2025-11-09T00:08:12Z</time>
   </trkpt>
   <trkpt lat="-6.2283050" lon="106.8001000">
    <ele>20.5</ele>
    <time>2025-11-09T00:08:13Z</time>
   </trkpt>
   <trkpt lat="-6.2282950" lon="106.8001310">
    <ele>20.5</ele>
    <time>2025-11-09T00:08:15Z</time>
   </trkpt>
   <trkpt lat="-6.2282850" lon="106.8001580">
    <ele>20.5</ele>
    <time>2025-11-09T00:08:16Z</time>
   </trkpt>
   <trkpt lat="-6.2282480" lon="106.8001920">
    <ele>20.5</ele>
    <time>2025-11-09T00:08:17Z</time>
   </trkpt>
   <trkpt lat="-6.2282310" lon="106.8002180">
    <ele>20.5</ele>
    <time>2025-11-09T00:08:19Z</time>
   </trkpt>
   <trkpt lat="-6.2282170" lon="106.8002430">
    <ele>20.4</ele>
    <time>2025-11-09T00:08:20Z</time>
   </trkpt>
   <trkpt lat="-6.2282050" lon="106.8002720">
    <ele>20.4</ele>
    <time>2025-11-09T00:08:21Z</time>
   </trkpt>
   <trkpt lat="-6.2281950" lon="106.8002970">
    <ele>20.4</ele>
    <time>2025-11-09T00:08:22Z</time>
   </trkpt>
   <trkpt lat="-6.2281840" lon="106.8003260">
    <ele>20.4</ele>
    <time>2025-11-09T00:08:23Z</time>
   </trkpt>
   <trkpt lat="-6.2281610" lon="106.8003720">
    <ele>20.3</ele>
    <time>2025-11-09T00:08:24Z</time>
   </trkpt>
   <trkpt lat="-6.2281460" lon="106.8003980">
    <ele>20.3</ele>
    <time>2025-11-09T00:08:26Z</time>
   </trkpt>
   <trkpt lat="-6.2281330" lon="106.8004250">
    <ele>20.3</ele>
    <time>2025-11-09T00:08:27Z</time>
   </trkpt>
   <trkpt lat="-6.2281210" lon="106.8004520">
    <ele>20.3</ele>
    <time>2025-11-09T00:08:28Z</time>
   </trkpt>
   <trkpt lat="-6.2281000" lon="106.8005050">
    <ele>20.2</ele>
    <time>2025-11-09T00:08:29Z</time>
   </trkpt>
   <trkpt lat="-6.2280920" lon="106.8005380">
    <ele>20.2</ele>
    <time>2025-11-09T00:08:31Z</time>
   </trkpt>
   <trkpt lat="-6.2280750" lon="106.8005660">
    <ele>20.2</ele>
    <time>2025-11-09T00:08:32Z</time>
   </trkpt>
   <trkpt lat="-6.2280290" lon="106.8005980">
    <ele>20.3</ele>
    <time>2025-11-09T00:08:33Z</time>
   </trkpt>
   <trkpt lat="-6.2280040" lon="106.8006040">
    <ele>20.3</ele>
    <time>2025-11-09T00:08:35Z</time>
   </trkpt>
   <trkpt lat="-6.2279560" lon="106.8006060">
    <ele>20.2</ele>
    <time>2025-11-09T00:08:36Z</time>
   </trkpt>
   <trkpt lat="-6.2279220" lon="106.8006250">
    <ele>20.2</ele>
    <time>2025-11-09T00:08:38Z</time>
   </trkpt>
   <trkpt lat="-6.2279120" lon="106.8006330">
    <ele>20.2</ele>
    <time>2025-11-09T00:08:39Z</time>
   </trkpt>
   <trkpt lat="-6.2278830" lon="106.8006670">
    <ele>20.1</ele>
    <time>2025-11-09T00:08:40Z</time>
   </trkpt>
   <trkpt lat="-6.2278640" lon="106.8006920">
    <ele>20.1</ele>
    <time>2025-11-09T00:08:42Z</time>
   </trkpt>
   <trkpt lat="-6.2278580" lon="106.8006950">
    <ele>20.1</ele>
    <time>2025-11-09T00:08:43Z</time>
   </trkpt>
   <trkpt lat="-6.2278460" lon="106.8006920">
    <ele>20.0</ele>
    <time>2025-11-09T00:08:44Z</time>
   </trkpt>
   <trkpt lat="-6.2278300" lon="106.8006910">
    <ele>20.0</ele>
    <time>2025-11-09T00:08:45Z</time>
   </trkpt>
   <trkpt lat="-6.2278000" lon="106.8007010">
    <ele>20.0</ele>
    <time>2025-11-09T00:08:46Z</time>
   </trkpt>
   <trkpt lat="-6.2277890" lon="106.8007050">
    <ele>20.0</ele>
    <time>2025-11-09T00:08:47Z</time>
   </trkpt>
   <trkpt lat="-6.2277440" lon="106.8007370">
    <ele>20.4</ele>
    <time>2025-11-09T00:08:48Z</time>
   </trkpt>
   <trkpt lat="-6.2277200" lon="106.8007650">
    <ele>20.5</ele>
    <time>2025-11-09T00:08:49Z</time>
   </trkpt>
   <trkpt lat="-6.2276990" lon="106.8007890">
    <ele>20.5</ele>
    <time>2025-11-09T00:08:50Z</time>
   </trkpt>
   <trkpt lat="-6.2276730" lon="106.8008130">
    <ele>20.5</ele>
    <time>2025-11-09T00:08:52Z</time>
   </trkpt>
   <trkpt lat="-6.2276500" lon="106.8008360">
    <ele>20.5</ele>
    <time>2025-11-09T00:08:53Z</time>
   </trkpt>
   <trkpt lat="-6.2276480" lon="106.8008740">
    <ele>20.5</ele>
    <time>2025-11-09T00:08:54Z</time>
   </trkpt>
   <trkpt lat="-6.2276420" lon="106.8008920">
    <ele>20.5</ele>
    <time>2025-11-09T00:08:55Z</time>
   </trkpt>
   <trkpt lat="-6.2276300" lon="106.8009010">
    <ele>20.5</ele>
    <time>2025-11-09T00:08:56Z</time>
   </trkpt>
   <trkpt lat="-6.2276170" lon="106.8009090">
    <ele>20.5</ele>
    <time>2025-11-09T00:08:57Z</time>
   </trkpt>
   <trkpt lat="-6.2275920" lon="106.8009180">
    <ele>20.4</ele>
    <time>2025-11-09T00:08:58Z</time>
   </trkpt>
   <trkpt lat="-6.2275750" lon="106.8009170">
    <ele>20.4</ele>
    <time>2025-11-09T00:09:00Z</time>
   </trkpt>
   <trkpt lat="-6.2275600" lon="106.8009130">
    <ele>20.3</ele>
    <time>2025-11-09T00:09:01Z</time>
   </trkpt>
   <trkpt lat="-6.2275480" lon="106.8009100">
    <ele>20.3</ele>
    <time>2025-11-09T00:09:02Z</time>
   </trkpt>
   <trkpt lat="-6.2275330" lon="106.8009070">
    <ele>20.3</ele>
    <time>2025-11-09T00:09:03Z</time>
   </trkpt>
   <trkpt lat="-6.2275290" lon="106.8009070">
    <ele>20.3</ele>
    <time>2025-11-09T00:09:04Z</time>
   </trkpt>
   <trkpt lat="-6.2275240" lon="106.8009060">
    <ele>20.3</ele>
    <time>2025-11-09T00:09:05Z</time>
   </trkpt>
   <trkpt lat="-6.2275200" lon="106.8009060">
    <ele>20.3</ele>
    <time>2025-11-09T00:09:06Z</time>
   </trkpt>
   <trkpt lat="-6.2275150" lon="106.8009060">
    <ele>20.3</ele>
    <time>2025-11-09T00:09:07Z</time>
   </trkpt>
   <trkpt lat="-6.2275100" lon="106.8009060">
    <ele>20.2</ele>
    <time>2025-11-09T00:09:08Z</time>
   </trkpt>
   <trkpt lat="-6.2275060" lon="106.8009060">
    <ele>20.2</ele>
    <time>2025-11-09T00:09:09Z</time>
   </trkpt>
   <trkpt lat="-6.2275010" lon="106.8009050">
    <ele>20.2</ele>
    <time>2025-11-09T00:09:10Z</time>
   </trkpt>
   <trkpt lat="-6.2274970" lon="106.8009050">
    <ele>20.2</ele>
    <time>2025-11-09T00:09:11Z</time>
   </trkpt>
   <trkpt lat="-6.2274920" lon="106.8009050">
    <ele>20.2</ele>
    <time>2025-11-09T00:09:12Z</time>
   </trkpt>
   <trkpt lat="-6.2274200" lon="106.8009150">
    <ele>20.2</ele>
    <time>2025-11-09T00:09:13Z</time>
   </trkpt>
   <trkpt lat="-6.2273840" lon="106.8009180">
    <ele>20.2</ele>
    <time>2025-11-09T00:09:14Z</time>
   </trkpt>
   <trkpt lat="-6.2273340" lon="106.8009290">
    <ele>20.2</ele>
    <time>2025-11-09T00:09:15Z</time>
   </trkpt>
   <trkpt lat="-6.2273080" lon="106.8009390">
    <ele>20.2</ele>
    <time>2025-11-09T00:09:17Z</time>
   </trkpt>
   <trkpt lat="-6.2272760" lon="106.8009550">
    <ele>20.2</ele>
    <time>2025-11-09T00:09:18Z</time>
   </trkpt>
   <trkpt lat="-6.2272690" lon="106.8009630">
    <ele>20.2</ele>
    <time>2025-11-09T00:09:19Z</time>
   </trkpt>
   <trkpt lat="-6.2272510" lon="106.8009970">
    <ele>20.2</ele>
    <time>2025-11-09T00:09:20Z</time>
   </trkpt>
   <trkpt lat="-6.2272430" lon="106.8010070">
    <ele>20.2</ele>
    <time>2025-11-09T00:09:21Z</time>
   </trkpt>
   <trkpt lat="-6.2272150" lon="106.8010320">
    <ele>20.2</ele>
    <time>2025-11-09T00:09:22Z</time>
   </trkpt>
   <trkpt lat="-6.2272060" lon="106.8010400">
    <ele>20.2</ele>
    <time>2025-11-09T00:09:23Z</time>
   </trkpt>
   <trkpt lat="-6.2271810" lon="106.8010670">
    <ele>20.2</ele>
    <time>2025-11-09T00:09:24Z</time>
   </trkpt>
   <trkpt lat="-6.2271720" lon="106.8010750">
    <ele>20.2</ele>
    <time>2025-11-09T00:09:25Z</time>
   </trkpt>
   <trkpt lat="-6.2271400" lon="106.8011090">
    <ele>20.2</ele>
    <time>2025-11-09T00:09:26Z</time>
   </trkpt>
   <trkpt lat="-6.2271230" lon="106.8011250">
    <ele>20.2</ele>
    <time>2025-11-09T00:09:27Z</time>
   </trkpt>
   <trkpt lat="-6.2271060" lon="106.8011440">
    <ele>20.2</ele>
    <time>2025-11-09T00:09:29Z</time>
   </trkpt>
   <trkpt lat="-6.2270820" lon="106.8011730">
    <ele>20.2</ele>
    <time>2025-11-09T00:09:30Z</time>
   </trkpt>
   <trkpt lat="-6.2270740" lon="106.8011810">
    <ele>20.2</ele>
    <time>2025-11-09T00:09:31Z</time>
   </trkpt>
   <trkpt lat="-6.2270700" lon="106.8012090">
    <ele>20.2</ele>
    <time>2025-11-09T00:09:32Z</time>
   </trkpt>
   <trkpt lat="-6.2271620" lon="106.8013360">
    <ele>20.1</ele>
    <time>2025-11-09T00:09:33Z</time>
   </trkpt>
   <trkpt lat="-6.2271660" lon="106.8013540">
    <ele>20.1</ele>
    <time>2025-11-09T00:09:34Z</time>
   </trkpt>
   <trkpt lat="-6.2271620" lon="106.8013830">
    <ele>20.1</ele>
    <time>2025-11-09T00:09:35Z</time>
   </trkpt>
   <trkpt lat="-6.2271600" lon="106.8013910">
    <ele>20.1</ele>
    <time>2025-11-09T00:09:36Z</time>
   </trkpt>
   <trkpt lat="-6.2271530" lon="106.8014100">
    <ele>20.1</ele>
    <time>2025-11-09T00:09:37Z</time>
   </trkpt>
   <trkpt lat="-6.2271520" lon="106.8014190">
    <ele>20.1</ele>
    <time>2025-11-09T00:09:38Z</time>
   </trkpt>
   <trkpt lat="-6.2271510" lon="106.8014280">
    <ele>20.1</ele>
    <time>2025-11-09T00:09:39Z</time>
   </trkpt>
   <trkpt lat="-6.2271520" lon="106.8014440">
    <ele>20.1</ele>
    <time>2025-11-09T00:09:40Z</time>
   </trkpt>
   <trkpt lat="-6.2271440" lon="106.8014530">
    <ele>20.1</ele>
    <time>2025-11-09T00:09:41Z</time>
   </trkpt>
   <trkpt lat="-6.2271340" lon="106.8014580">
    <ele>20.1</ele>
    <time>2025-11-09T00:09:42Z</time>
   </trkpt>
   <trkpt lat="-6.2271120" lon="106.8014660">
    <ele>20.1</ele>
    <time>2025-11-09T00:09:43Z</time>
   </trkpt>
   <trkpt lat="-6.2271020" lon="106.8014670">
    <ele>20.1</ele>
    <time>2025-11-09T00:09:44Z</time>
   </trkpt>
   <trkpt lat="-6.2270900" lon="106.8014710">
    <ele>20.1</ele>
    <time>2025-11-09T00:09:46Z</time>
   </trkpt>
   <trkpt lat="-6.2270810" lon="106.8014750">
    <ele>20.1</ele>
    <time>2025-11-09T00:09:47Z</time>
   </trkpt>
   <trkpt lat="-6.2270700" lon="106.8014770">
    <ele>20.1</ele>
    <time>2025-11-09T00:09:48Z</time>
   </trkpt>
   <trkpt lat="-6.2270600" lon="106.8014790">
    <ele>20.1</ele>
    <time>2025-11-09T00:09:49Z</time>
   </trkpt>
   <trkpt lat="-6.2270510" lon="106.8014840">
    <ele>20.1</ele>
    <time>2025-11-09T00:09:50Z</time>
   </trkpt>
   <trkpt lat="-6.2270460" lon="106.8014810">
    <ele>20.1</ele>
    <time>2025-11-09T00:09:51Z</time>
   </trkpt>
   <trkpt lat="-6.2270250" lon="106.8014750">
    <ele>20.1</ele>
    <time>2025-11-09T00:09:52Z</time>
   </trkpt>
   <trkpt lat="-6.2270020" lon="106.8014810">
    <ele>20.0</ele>
    <time>2025-11-09T00:09:53Z</time>
   </trkpt>
   <trkpt lat="-6.2269680" lon="106.8014870">
    <ele>20.0</ele>
    <time>2025-11-09T00:09:55Z</time>
   </trkpt>
   <trkpt lat="-6.2269580" lon="106.8014890">
    <ele>20.0</ele>
    <time>2025-11-09T00:09:56Z</time>
   </trkpt>
   <trkpt lat="-6.2269260" lon="106.8014940">
    <ele>20.1</ele>
    <time>2025-11-09T00:09:57Z</time>
   </trkpt>
   <trkpt lat="-6.2269150" lon="106.8014960">
    <ele>20.1</ele>
    <time>2025-11-09T00:09:58Z</time>
   </trkpt>
   <trkpt lat="-6.2268750" lon="106.8015090">
    <ele>20.1</ele>
    <time>2025-11-09T00:09:59Z</time>
   </trkpt>
   <trkpt lat="-6.2268570" lon="106.8015200">
    <ele>20.1</ele>
    <time>2025-11-09T00:10:00Z</time>
   </trkpt>
   <trkpt lat="-6.2268550" lon="106.8015460">
    <ele>20.1</ele>
    <time>2025-11-09T00:10:02Z</time>
   </trkpt>
   <trkpt lat="-6.2268510" lon="106.8015820">
    <ele>20.1</ele>
    <time>2025-11-09T00:10:03Z</time>
   </trkpt>
   <trkpt lat="-6.2268480" lon="106.8015940">
    <ele>20.1</ele>
    <time>2025-11-09T00:10:04Z</time>
   </trkpt>
   <trkpt lat="-6.2268720" lon="106.8016330">
    <ele>20.1</ele>
    <time>2025-11-09T00:10:05Z</time>
   </trkpt>
   <trkpt lat="-6.2268590" lon="106.8016700">
    <ele>20.1</ele>
    <time>2025-11-09T00:10:06Z</time>
   </trkpt>
   <trkpt lat="-6.2268510" lon="106.8016800">
    <ele>20.1</ele>
    <time>2025-11-09T00:10:07Z</time>
   </trkpt>
   <trkpt lat="-6.2268310" lon="106.8017140">
    <ele>20.1</ele>
    <time>2025-11-09T00:10:08Z</time>
   </trkpt>
   <trkpt lat="-6.2268240" lon="106.8017260">
    <ele>20.1</ele>
    <time>2025-11-09T00:10:09Z</time>
   </trkpt>
   <trkpt lat="-6.2267940" lon="106.8017650">
    <ele>20.0</ele>
    <time>2025-11-09T00:10:10Z</time>
   </trkpt>
   <trkpt lat="-6.2267820" lon="106.8017850">
    <ele>20.0</ele>
    <time>2025-11-09T00:10:11Z</time>
   </trkpt>
   <trkpt lat="-6.2267960" lon="106.8018000">
    <ele>19.8</ele>
    <time>2025-11-09T00:10:13Z</time>
   </trkpt>
   <trkpt lat="-6.2268080" lon="106.8018030">
    <ele>19.8</ele>
    <time>2025-11-09T00:10:14Z</time>
   </trkpt>
   <trkpt lat="-6.2268210" lon="106.8018050">
    <ele>19.8</ele>
    <time>2025-11-09T00:10:15Z</time>
   </trkpt>
   <trkpt lat="-6.2268360" lon="106.8018200">
    <ele>20.0</ele>
    <time>2025-11-09T00:10:16Z</time>
   </trkpt>
   <trkpt lat="-6.2268420" lon="106.8018310">
    <ele>19.7</ele>
    <time>2025-11-09T00:10:17Z</time>
   </trkpt>
   <trkpt lat="-6.2268490" lon="106.8018410">
    <ele>19.7</ele>
    <time>2025-11-09T00:10:18Z</time>
   </trkpt>
   <trkpt lat="-6.2268530" lon="106.8018690">
    <ele>19.7</ele>
    <time>2025-11-09T00:10:19Z</time>
   </trkpt>
   <trkpt lat="-6.2268590" lon="106.8018900">
    <ele>19.4</ele>
    <time>2025-11-09T00:10:20Z</time>
   </trkpt>
   <trkpt lat="-6.2263560" lon="106.8030190">
    <ele>12.4</ele>
    <time>2025-11-09T00:15:40Z</time>
   </trkpt>
   <trkpt lat="-6.2267470" lon="106.8033070">
    <ele>13.2</ele>
    <time>2025-11-09T00:15:47Z</time>
   </trkpt>
   <trkpt lat="-6.2267790" lon="106.8033310">
    <ele>13.2</ele>
    <time>2025-11-09T00:15:53Z</time>
   </trkpt>
   <trkpt lat="-6.2267690" lon="106.8033470">
    <ele>14.4</ele>
    <time>2025-11-09T00:15:54Z</time>
   </trkpt>
   <trkpt lat="-6.2267760" lon="106.8033570">
    <ele>14.4</ele>
    <time>2025-11-09T00:15:55Z</time>
   </trkpt>
   <trkpt lat="-6.2267890" lon="106.8033670">
    <ele>14.1</ele>
    <time>2025-11-09T00:15:56Z</time>
   </trkpt>
   <trkpt lat="-6.2268020" lon="106.8033710">
    <ele>14.1</ele>
    <time>2025-11-09T00:15:57Z</time>
   </trkpt>
   <trkpt lat="-6.2268200" lon="106.8033750">
    <ele>15.6</ele>
    <time>2025-11-09T00:15:59Z</time>
   </trkpt>
   <trkpt lat="-6.2268310" lon="106.8033820">
    <ele>15.3</ele>
    <time>2025-11-09T00:16:00Z</time>
   </trkpt>
   <trkpt lat="-6.2268390" lon="106.8033970">
    <ele>15.3</ele>
    <time>2025-11-09T00:16:01Z</time>
   </trkpt>
   <trkpt lat="-6.2266930" lon="106.8034470">
    <ele>17.7</ele>
    <time>2025-11-09T00:16:02Z</time>
   </trkpt>
   <trkpt lat="-6.2266380" lon="106.8034560">
    <ele>17.5</ele>
    <time>2025-11-09T00:16:03Z</time>
   </trkpt>
   <trkpt lat="-6.2262940" lon="106.8033900">
    <ele>16.3</ele>
    <time>2025-11-09T00:16:04Z</time>
   </trkpt>
   <trkpt lat="-6.2262200" lon="106.8033680">
    <ele>17.1</ele>
    <time>2025-11-09T00:16:05Z</time>
   </trkpt>
   <trkpt lat="-6.2261800" lon="106.8033450">
    <ele>18.2</ele>
    <time>2025-11-09T00:16:06Z</time>
   </trkpt>
   <trkpt lat="-6.2261580" lon="106.8033260">
    <ele>17.6</ele>
    <time>2025-11-09T00:16:07Z</time>
   </trkpt>
   <trkpt lat="-6.2261400" lon="106.8033050">
    <ele>18.8</ele>
    <time>2025-11-09T00:16:08Z</time>
   </trkpt>
   <trkpt lat="-6.2261170" lon="106.8032580">
    <ele>18.3</ele>
    <time>2025-11-09T00:16:09Z</time>
   </trkpt>
   <trkpt lat="-6.2261070" lon="106.8032350">
    <ele>17.7</ele>
    <time>2025-11-09T00:16:10Z</time>
   </trkpt>
   <trkpt lat="-6.2260970" lon="106.8032120">
    <ele>19.1</ele>
    <time>2025-11-09T00:16:12Z</time>
   </trkpt>
   <trkpt lat="-6.2260600" lon="106.8031910">
    <ele>18.6</ele>
    <time>2025-11-09T00:16:13Z</time>
   </trkpt>
   <trkpt lat="-6.2260420" lon="106.8031860">
    <ele>20.1</ele>
    <time>2025-11-09T00:16:14Z</time>
   </trkpt>
   <trkpt lat="-6.2260140" lon="106.8031610">
    <ele>21.8</ele>
    <time>2025-11-09T00:16:15Z</time>
   </trkpt>
   <trkpt lat="-6.2260050" lon="106.8031540">
    <ele>21.5</ele>
    <time>2025-11-09T00:16:16Z</time>
   </trkpt>
   <trkpt lat="-6.2259830" lon="106.8031370">
    <ele>21.5</ele>
    <time>2025-11-09T00:16:17Z</time>
   </trkpt>
   <trkpt lat="-6.2259760" lon="106.8031310">
    <ele>21.5</ele>
    <time>2025-11-09T00:16:18Z</time>
   </trkpt>
   <trkpt lat="-6.2259500" lon="106.8031030">
    <ele>23.6</ele>
    <time>2025-11-09T00:16:19Z</time>
   </trkpt>
   <trkpt lat="-6.2259410" lon="106.8030950">
    <ele>23.6</ele>
    <time>2025-11-09T00:16:20Z</time>
   </trkpt>
   <trkpt lat="-6.2259110" lon="106.8030710">
    <ele>26.5</ele>
    <time>2025-11-09T00:16:21Z</time>
   </trkpt>
   <trkpt lat="-6.2259000" lon="106.8030630">
    <ele>26.5</ele>
    <time>2025-11-09T00:16:22Z</time>
   </trkpt>
   <trkpt lat="-6.2258660" lon="106.8030550">
    <ele>29.4</ele>
    <time>2025-11-09T00:16:23Z</time>
   </trkpt>
   <trkpt lat="-6.2258540" lon="106.8030520">
    <ele>29.4</ele>
    <time>2025-11-09T00:16:24Z</time>
   </trkpt>
   <trkpt lat="-6.2258170" lon="106.8030420">
    <ele>32.3</ele>
    <time>2025-11-09T00:16:25Z</time>
   </trkpt>
   <trkpt lat="-6.2258040" lon="106.8030390">
    <ele>32.3</ele>
    <time>2025-11-09T00:16:26Z</time>
   </trkpt>
   <trkpt lat="-6.2257720" lon="106.8030460">
    <ele>35.2</ele>
    <time>2025-11-09T00:16:27Z</time>
   </trkpt>
   <trkpt lat="-6.2257420" lon="106.8030520">
    <ele>37.8</ele>
    <time>2025-11-09T00:16:28Z</time>
   </trkpt>
   <trkpt lat="-6.2257040" lon="106.8030760">
    <ele>39.3</ele>
    <time>2025-11-09T00:16:29Z</time>
   </trkpt>
   <trkpt lat="-6.2256740" lon="106.8030850">
    <ele>39.3</ele>
    <time>2025-11-09T00:16:30Z</time>
   </trkpt>
   <trkpt lat="-6.2256430" lon="106.8031040">
    <ele>41.4</ele>
    <time>2025-11-09T00:16:31Z</time>
   </trkpt>
   <trkpt lat="-6.2256150" lon="106.8031210">
    <ele>42.2</ele>
    <time>2025-11-09T00:16:32Z</time>
   </trkpt>
   <trkpt lat="-6.2255880" lon="106.8031390">
    <ele>42.2</ele>
    <time>2025-11-09T00:16:33Z</time>
   </trkpt>
   <trkpt lat="-6.2255630" lon="106.8031530">
    <ele>43.8</ele>
    <time>2025-11-09T00:16:34Z</time>
   </trkpt>
   <trkpt lat="-6.2255260" lon="106.8031600">
    <ele>43.4</ele>
    <time>2025-11-09T00:16:35Z</time>
   </trkpt>
   <trkpt lat="-6.2255120" lon="106.8031620">
    <ele>43.4</ele>
    <time>2025-11-09T00:16:36Z</time>
   </trkpt>
   <trkpt lat="-6.2254880" lon="106.8031870">
    <ele>44.1</ele>
    <time>2025-11-09T00:16:37Z</time>
   </trkpt>
   <trkpt lat="-6.2254650" lon="106.8032090">
    <ele>42.0</ele>
    <time>2025-11-09T00:16:38Z</time>
   </trkpt>
   <trkpt lat="-6.2254400" lon="106.8032260">
    <ele>42.3</ele>
    <time>2025-11-09T00:16:39Z</time>
   </trkpt>
   <trkpt lat="-6.2254170" lon="106.8032450">
    <ele>42.3</ele>
    <time>2025-11-09T00:16:40Z</time>
   </trkpt>
   <trkpt lat="-6.2253940" lon="106.8032600">
    <ele>39.8</ele>
    <time>2025-11-09T00:16:41Z</time>
   </trkpt>
   <trkpt lat="-6.2253700" lon="106.8032830">
    <ele>39.3</ele>
    <time>2025-11-09T00:16:42Z</time>
   </trkpt>
   <trkpt lat="-6.2253480" lon="106.8033160">
    <ele>37.0</ele>
    <time>2025-11-09T00:16:43Z</time>
   </trkpt>
   <trkpt lat="-6.2253260" lon="106.8033440">
    <ele>34.5</ele>
    <time>2025-11-09T00:16:44Z</time>
   </trkpt>
   <trkpt lat="-6.2253050" lon="106.8033670">
    <ele>34.5</ele>
    <time>2025-11-09T00:16:45Z</time>
   </trkpt>
   <trkpt lat="-6.2252930" lon="106.8034030">
    <ele>32.7</ele>
    <time>2025-11-09T00:16:46Z</time>
   </trkpt>
   <trkpt lat="-6.2252840" lon="106.8034490">
    <ele>30.7</ele>
    <time>2025-11-09T00:16:47Z</time>
   </trkpt>
   <trkpt lat="-6.2252730" lon="106.8034880">
    <ele>29.4</ele>
    <time>2025-11-09T00:16:48Z</time>
   </trkpt>
   <trkpt lat="-6.2252600" lon="106.8035240">
    <ele>28.4</ele>
    <time>2025-11-09T00:16:49Z</time>
   </trkpt>
   <trkpt lat="-6.2252480" lon="106.8035520">
    <ele>27.5</ele>
    <time>2025-11-09T00:16:50Z</time>
   </trkpt>
   <trkpt lat="-6.2252380" lon="106.8035840">
    <ele>26.9</ele>
    <time>2025-11-09T00:16:51Z</time>
   </trkpt>
   <trkpt lat="-6.2252300" lon="106.8036200">
    <ele>26.2</ele>
    <time>2025-11-09T00:16:52Z</time>
   </trkpt>
   <trkpt lat="-6.2252220" lon="106.8036530">
    <ele>25.7</ele>
    <time>2025-11-09T00:16:53Z</time>
   </trkpt>
   <trkpt lat="-6.2252030" lon="106.8037150">
    <ele>24.8</ele>
    <time>2025-11-09T00:16:54Z</time>
   </trkpt>
   <trkpt lat="-6.2251960" lon="106.8037580">
    <ele>24.4</ele>
    <time>2025-11-09T00:16:56Z</time>
   </trkpt>
   <trkpt lat="-6.2251900" lon="106.8037920">
    <ele>24.1</ele>
    <time>2025-11-09T00:16:57Z</time>
   </trkpt>
   <trkpt lat="-6.2251870" lon="106.8038290">
    <ele>23.7</ele>
    <time>2025-11-09T00:16:58Z</time>
   </trkpt>
   <trkpt lat="-6.2251830" lon="106.8038630">
    <ele>23.3</ele>
    <time>2025-11-09T00:16:59Z</time>
   </trkpt>
   <trkpt lat="-6.2251830" lon="106.8038970">
    <ele>22.9</ele>
    <time>2025-11-09T00:17:00Z</time>
   </trkpt>
   <trkpt lat="-6.2251850" lon="106.8039590">
    <ele>22.3</ele>
    <time>2025-11-09T00:17:01Z</time>
   </trkpt>
   <trkpt lat="-6.2251650" lon="106.8039900">
    <ele>21.7</ele>
    <time>2025-11-09T00:17:03Z</time>
   </trkpt>
   <trkpt lat="-6.2251590" lon="106.8040220">
    <ele>20.1</ele>
    <time>2025-11-09T00:17:04Z</time>
   </trkpt>
   <trkpt lat="-6.2251640" lon="106.8040530">
    <ele>20.9</ele>
    <time>2025-11-09T00:17:05Z</time>
   </trkpt>
   <trkpt lat="-6.2251710" lon="106.8041140">
    <ele>19.1</ele>
    <time>2025-11-09T00:17:06Z</time>
   </trkpt>
   <trkpt lat="-6.2251720" lon="106.8041450">
    <ele>19.1</ele>
    <time>2025-11-09T00:17:07Z</time>
   </trkpt>
   <trkpt lat="-6.2251470" lon="106.8041720">
    <ele>17.8</ele>
    <time>2025-11-09T00:17:08Z</time>
   </trkpt>
   <trkpt lat="-6.2251380" lon="106.8042050">
    <ele>17.0</ele>
    <time>2025-11-09T00:17:10Z</time>
   </trkpt>
   <trkpt lat="-6.2251390" lon="106.8042350">
    <ele>16.1</ele>
    <time>2025-11-09T00:17:11Z</time>
   </trkpt>
   <trkpt lat="-6.2251390" lon="106.8042960">
    <ele>15.3</ele>
    <time>2025-11-09T00:17:12Z</time>
   </trkpt>
   <trkpt lat="-6.2251410" lon="106.8043310">
    <ele>14.5</ele>
    <time>2025-11-09T00:17:14Z</time>
   </trkpt>
   <trkpt lat="-6.2251440" lon="106.8043630">
    <ele>13.8</ele>
    <time>2025-11-09T00:17:15Z</time>
   </trkpt>
   <trkpt lat="-6.2251440" lon="106.8043950">
    <ele>13.8</ele>
    <time>2025-11-09T00:17:16Z</time>
   </trkpt>
   <trkpt lat="-6.2251420" lon="106.8044260">
    <ele>13.2</ele>
    <time>2025-11-09T00:17:17Z</time>
   </trkpt>
   <trkpt lat="-6.2251390" lon="106.8044580">
    <ele>12.7</ele>
    <time>2025-11-09T00:17:18Z</time>
   </trkpt>
   <trkpt lat="-6.2251360" lon="106.8044910">
    <ele>12.2</ele>
    <time>2025-11-09T00:17:19Z</time>
   </trkpt>
   <trkpt lat="-6.2251310" lon="106.8045220">
    <ele>12.2</ele>
    <time>2025-11-09T00:17:20Z</time>
   </trkpt>
   <trkpt lat="-6.2251230" lon="106.8045510">
    <ele>11.8</ele>
    <time>2025-11-09T00:17:21Z</time>
   </trkpt>
   <trkpt lat="-6.2250900" lon="106.8045980">
    <ele>11.9</ele>
    <time>2025-11-09T00:17:22Z</time>
   </trkpt>
   <trkpt lat="-6.2250660" lon="106.8046290">
    <ele>11.7</ele>
    <time>2025-11-09T00:17:23Z</time>
   </trkpt>
   <trkpt lat="-6.2250470" lon="106.8046540">
    <ele>11.7</ele>
    <time>2025-11-09T00:17:24Z</time>
   </trkpt>
   <trkpt lat="-6.2250260" lon="106.8046750">
    <ele>11.6</ele>
    <time>2025-11-09T00:17:25Z</time>
   </trkpt>
   <trkpt lat="-6.2250010" lon="106.8047020">
    <ele>11.6</ele>
    <time>2025-11-09T00:17:26Z</time>
   </trkpt>
   <trkpt lat="-6.2249940" lon="106.8047120">
    <ele>10.9</ele>
    <time>2025-11-09T00:17:27Z</time>
   </trkpt>
   <trkpt lat="-6.2249700" lon="106.8047370">
    <ele>11.6</ele>
    <time>2025-11-09T00:17:28Z</time>
   </trkpt>
   <trkpt lat="-6.2249600" lon="106.8047460">
    <ele>11.6</ele>
    <time>2025-11-09T00:17:29Z</time>
   </trkpt>
   <trkpt lat="-6.2249360" lon="106.8047790">
    <ele>11.8</ele>
    <time>2025-11-09T00:17:30Z</time>
   </trkpt>
   <trkpt lat="-6.2249260" lon="106.8047950">
    <ele>10.9</ele>
    <time>2025-11-09T00:17:31Z</time>
   </trkpt>
   <trkpt lat="-6.2249130" lon="106.8048120">
    <ele>10.9</ele>
    <time>2025-11-09T00:17:32Z</time>
   </trkpt>
   <trkpt lat="-6.2248830" lon="106.8048400">
    <ele>10.3</ele>
    <time>2025-11-09T00:17:34Z</time>
   </trkpt>
   <trkpt lat="-6.2248700" lon="106.8048490">
    <ele>10.3</ele>
    <time>2025-11-09T00:17:35Z</time>
   </trkpt>
   <trkpt lat="-6.2248440" lon="106.8048790">
    <ele>9.1</ele>
    <time>2025-11-09T00:17:36Z</time>
   </trkpt>
   <trkpt lat="-6.2248290" lon="106.8048960">
    <ele>9.1</ele>
    <time>2025-11-09T00:17:37Z</time>
   </trkpt>
   <trkpt lat="-6.2248090" lon="106.8049130">
    <ele>9.2</ele>
    <time>2025-11-09T00:17:39Z</time>
   </trkpt>
   <trkpt lat="-6.2247710" lon="106.8049390">
    <ele>7.7</ele>
    <time>2025-11-09T00:17:40Z</time>
   </trkpt>
   <trkpt lat="-6.2247520" lon="106.8049570">
    <ele>7.7</ele>
    <time>2025-11-09T00:17:41Z</time>
   </trkpt>
   <trkpt lat="-6.2247320" lon="106.8049740">
    <ele>6.2</ele>
    <time>2025-11-09T00:17:43Z</time>
   </trkpt>
   <trkpt lat="-6.2247010" lon="106.8050040">
    <ele>6.2</ele>
    <time>2025-11-09T00:17:44Z</time>
   </trkpt>
   <trkpt lat="-6.2246870" lon="106.8050210">
    <ele>4.9</ele>
    <time>2025-11-09T00:17:45Z</time>
   </trkpt>
   <trkpt lat="-6.2246770" lon="106.8050420">
    <ele>4.9</ele>
    <time>2025-11-09T00:17:47Z</time>
   </trkpt>
   <trkpt lat="-6.2246520" lon="106.8050690">
    <ele>3.2</ele>
    <time>2025-11-09T00:17:48Z</time>
   </trkpt>
   <trkpt lat="-6.2246430" lon="106.8050780">
    <ele>4.1</ele>
    <time>2025-11-09T00:17:49Z</time>
   </trkpt>
   <trkpt lat="-6.2246180" lon="106.8051080">
    <ele>2.9</ele>
    <time>2025-11-09T00:17:50Z</time>
   </trkpt>
   <trkpt lat="-6.2246090" lon="106.8051170">
    <ele>2.9</ele>
    <time>2025-11-09T00:17:51Z</time>
   </trkpt>
   <trkpt lat="-6.2245870" lon="106.8051480">
    <ele>3.6</ele>
    <time>2025-11-09T00:17:52Z</time>
   </trkpt>
   <trkpt lat="-6.2245800" lon="106.8051590">
    <ele>3.6</ele>
    <time>2025-11-09T00:17:53Z</time>
   </trkpt>
   <trkpt lat="-6.2245740" lon="106.8051860">
    <ele>3.2</ele>
    <time>2025-11-09T00:17:54Z</time>
   </trkpt>
   <trkpt lat="-6.2245810" lon="106.8052170">
    <ele>3.2</ele>
    <time>2025-11-09T00:17:55Z</time>
   </trkpt>
   <trkpt lat="-6.2245660" lon="106.8052520">
    <ele>3.2</ele>
    <time>2025-11-09T00:17:56Z</time>
   </trkpt>
   <trkpt lat="-6.2245600" lon="106.8052620">
    <ele>4.8</ele>
    <time>2025-11-09T00:17:57Z</time>
   </trkpt>
   <trkpt lat="-6.2245420" lon="106.8053070">
    <ele>5.6</ele>
    <time>2025-11-09T00:17:58Z</time>
   </trkpt>
   <trkpt lat="-6.2245240" lon="106.8053300">
    <ele>5.6</ele>
    <time>2025-11-09T00:18:00Z</time>
   </trkpt>
   <trkpt lat="-6.2245380" lon="106.8053640">
    <ele>6.4</ele>
    <time>2025-11-09T00:18:01Z</time>
   </trkpt>
   <trkpt lat="-6.2245170" lon="106.8054060">
    <ele>8.9</ele>
    <time>2025-11-09T00:18:02Z</time>
   </trkpt>
   <trkpt lat="-6.2245020" lon="106.8054240">
    <ele>8.9</ele>
    <time>2025-11-09T00:18:03Z</time>
   </trkpt>
   <trkpt lat="-6.2244780" lon="106.8054400">
    <ele>11.2</ele>
    <time>2025-11-09T00:18:05Z</time>
   </trkpt>
   <trkpt lat="-6.2244330" lon="106.8054670">
    <ele>12.1</ele>
    <time>2025-11-09T00:18:06Z</time>
   </trkpt>
   <trkpt lat="-6.2244110" lon="106.8054800">
    <ele>13.2</ele>
    <time>2025-11-09T00:18:07Z</time>
   </trkpt>
   <trkpt lat="-6.2243840" lon="106.8054920">
    <ele>13.6</ele>
    <time>2025-11-09T00:18:09Z</time>
   </trkpt>
   <trkpt lat="-6.2243560" lon="106.8054980">
    <ele>13.6</ele>
    <time>2025-11-09T00:18:10Z</time>
   </trkpt>
   <trkpt lat="-6.2243280" lon="106.8055040">
    <ele>13.9</ele>
    <time>2025-11-09T00:18:11Z</time>
   </trkpt>
   <trkpt lat="-6.2242970" lon="106.8055220">
    <ele>14.8</ele>
    <time>2025-11-09T00:18:12Z</time>
   </trkpt>
   <trkpt lat="-6.2242880" lon="106.8055300">
    <ele>14.8</ele>
    <time>2025-11-09T00:18:13Z</time>
   </trkpt>
   <trkpt lat="-6.2242610" lon="106.8055510">
    <ele>14.7</ele>
    <time>2025-11-09T00:18:14Z</time>
   </trkpt>
   <trkpt lat="-6.2242510" lon="106.8055570">
    <ele>14.7</ele>
    <time>2025-11-09T00:18:15Z</time>
   </trkpt>
   <trkpt lat="-6.2242190" lon="106.8055700">
    <ele>15.0</ele>
    <time>2025-11-09T00:18:16Z</time>
   </trkpt>
   <trkpt lat="-6.2242060" lon="106.8055720">
    <ele>15.0</ele>
    <time>2025-11-09T00:18:17Z</time>
   </trkpt>
   <trkpt lat="-6.2241710" lon="106.8055830">
    <ele>14.7</ele>
    <time>2025-11-09T00:18:18Z</time>
   </trkpt>
   <trkpt lat="-6.2241600" lon="106.8055880">
    <ele>14.7</ele>
    <time>2025-11-09T00:18:19Z</time>
   </trkpt>
   <trkpt lat="-6.2241210" lon="106.8056130">
    <ele>14.7</ele>
    <time>2025-11-09T00:18:20Z</time>
   </trkpt>
   <trkpt lat="-6.2241020" lon="106.8056250">
    <ele>14.7</ele>
    <time>2025-11-09T00:18:21Z</time>
   </trkpt>
   <trkpt lat="-6.2240820" lon="106.8056380">
    <ele>14.5</ele>
    <time>2025-11-09T00:18:23Z</time>
   </trkpt>
   <trkpt lat="-6.2240440" lon="106.8056600">
    <ele>14.6</ele>
    <time>2025-11-09T00:18:24Z</time>
   </trkpt>
   <trkpt lat="-6.2240250" lon="106.8056710">
    <ele>14.6</ele>
    <time>2025-11-09T00:18:25Z</time>
   </trkpt>
   <trkpt lat="-6.2240100" lon="106.8056890">
    <ele>14.6</ele>
    <time>2025-11-09T00:18:26Z</time>
   </trkpt>
   <trkpt lat="-6.2239890" lon="106.8057170">
    <ele>15.0</ele>
    <time>2025-11-09T00:18:28Z</time>
   </trkpt>
   <trkpt lat="-6.2239810" lon="106.8057250">
    <ele>15.0</ele>
    <time>2025-11-09T00:18:29Z</time>
   </trkpt>
   <trkpt lat="-6.2239590" lon="106.8057500">
    <ele>15.3</ele>
    <time>2025-11-09T00:18:30Z</time>
   </trkpt>
   <trkpt lat="-6.2239510" lon="106.8057580">
    <ele>15.3</ele>
    <time>2025-11-09T00:18:31Z</time>
   </trkpt>
   <trkpt lat="-6.2239370" lon="106.8057710">
    <ele>15.3</ele>
    <time>2025-11-09T00:18:32Z</time>
   </trkpt>
   <trkpt lat="-6.2239410" lon="106.8057840">
    <ele>15.4</ele>
    <time>2025-11-09T00:18:33Z</time>
   </trkpt>
   <trkpt lat="-6.2239330" lon="106.8057750">
    <ele>15.3</ele>
    <time>2025-11-09T00:18:34Z</time>
   </trkpt>
   <trkpt lat="-6.2239270" lon="106.8057660">
    <ele>15.3</ele>
    <time>2025-11-09T00:18:35Z</time>
   </trkpt>
   <trkpt lat="-6.2239190" lon="106.8057630">
    <ele>15.2</ele>
    <time>2025-11-09T00:18:36Z</time>
   </trkpt>
   <trkpt lat="-6.2239080" lon="106.8057620">
    <ele>15.2</ele>
    <time>2025-11-09T00:18:37Z</time>
   </trkpt>
   <trkpt lat="-6.2233730" lon="106.8085660">
    <ele>33.8</ele>
    <time>2025-11-09T00:23:31Z</time>
   </trkpt>
   <trkpt lat="-6.2228080" lon="106.8088990">
    <ele>13.4</ele>
    <time>2025-11-09T00:23:37Z</time>
   </trkpt>
   <trkpt lat="-6.2232120" lon="106.8092790">
    <ele>15.4</ele>
    <time>2025-11-09T00:23:43Z</time>
   </trkpt>
   <trkpt lat="-6.2229410" lon="106.8091120">
    <ele>12.2</ele>
    <time>2025-11-09T00:23:50Z</time>
   </trkpt>
   <trkpt lat="-6.2222550" lon="106.8086890">
    <ele>16.4</ele>
    <time>2025-11-09T00:23:54Z</time>
   </trkpt>
   <trkpt lat="-6.2220550" lon="106.8085840">
    <ele>16.3</ele>
    <time>2025-11-09T00:23:55Z</time>
   </trkpt>
   <trkpt lat="-6.2220210" lon="106.8085700">
    <ele>16.6</ele>
    <time>2025-11-09T00:23:56Z</time>
   </trkpt>
   <trkpt lat="-6.2220060" lon="106.8085380">
    <ele>16.4</ele>
    <time>2025-11-09T00:23:57Z</time>
   </trkpt>
   <trkpt lat="-6.2220010" lon="106.8085260">
    <ele>16.8</ele>
    <time>2025-11-09T00:23:58Z</time>
   </trkpt>
   <trkpt lat="-6.2219760" lon="106.8085040">
    <ele>17.0</ele>
    <time>2025-11-09T00:23:59Z</time>
   </trkpt>
   <trkpt lat="-6.2219650" lon="106.8084990">
    <ele>17.0</ele>
    <time>2025-11-09T00:24:00Z</time>
   </trkpt>
   <trkpt lat="-6.2219380" lon="106.8084930">
    <ele>17.5</ele>
    <time>2025-11-09T00:24:01Z</time>
   </trkpt>
   <trkpt lat="-6.2219290" lon="106.8084920">
    <ele>17.5</ele>
    <time>2025-11-09T00:24:02Z</time>
   </trkpt>
   <trkpt lat="-6.2219120" lon="106.8084930">
    <ele>17.9</ele>
    <time>2025-11-09T00:24:03Z</time>
   </trkpt>
   <trkpt lat="-6.2219040" lon="106.8085070">
    <ele>17.9</ele>
    <time>2025-11-09T00:24:04Z</time>
   </trkpt>
  </trkseg>
 </trk>
</gpx>
